//! Generated by tools/fontgen/gen_bitmap_fonts.py; do not edit by hand.
//!
//! UI text strikes.
//! Printable ASCII plus Latin-1 and the Windows-1252 typographic
//! characters. Rasterized from Inter (SIL Open Font License 1.1,
//! see docs/licenses/FONT_NOTICES.md); the font files themselves are
//! not distributed.

use super::{g, BitmapFont, Glyph};

// INTER_COMPACT_DETAIL: Inter Medium 11 px, line-height 16
const INTER_COMPACT_DETAIL_GLYPHS: [Glyph; 95] = [
    g(0, 0, 0, 3, 0, 0),
    g(0, 1, 8, 4, 1, -8),
    g(8, 3, 3, 6, 1, -8),
    g(11, 7, 8, 8, 0, -8),
    g(19, 6, 10, 8, 1, -9),
    g(29, 9, 8, 11, 1, -8),
    g(45, 6, 8, 8, 1, -8),
    g(53, 1, 3, 4, 1, -8),
    g(56, 2, 10, 5, 1, -9),
    g(66, 2, 10, 5, 1, -9),
    g(76, 4, 4, 6, 1, -8),
    g(80, 5, 5, 8, 1, -6),
    g(85, 1, 3, 4, 1, -1),
    g(88, 4, 1, 6, 1, -4),
    g(89, 1, 1, 4, 1, -1),
    g(90, 4, 9, 5, 0, -8),
    g(99, 6, 8, 8, 1, -8),
    g(107, 3, 8, 5, 1, -8),
    g(115, 5, 8, 7, 1, -8),
    g(123, 5, 8, 7, 1, -8),
    g(131, 6, 8, 8, 1, -8),
    g(139, 5, 8, 7, 1, -8),
    g(147, 6, 8, 7, 1, -8),
    g(155, 5, 8, 7, 1, -8),
    g(163, 5, 8, 7, 1, -8),
    g(171, 6, 8, 7, 1, -8),
    g(179, 1, 5, 4, 1, -5),
    g(184, 1, 6, 4, 1, -5),
    g(190, 5, 6, 8, 1, -6),
    g(196, 5, 3, 8, 1, -4),
    g(199, 5, 6, 8, 1, -6),
    g(205, 5, 8, 6, 0, -8),
    g(213, 10, 10, 11, 1, -8),
    g(233, 6, 8, 8, 1, -8),
    g(241, 6, 8, 8, 1, -8),
    g(249, 6, 8, 9, 1, -8),
    g(257, 6, 8, 8, 1, -8),
    g(265, 5, 8, 7, 1, -8),
    g(273, 5, 8, 7, 1, -8),
    g(281, 7, 8, 9, 1, -8),
    g(289, 6, 8, 9, 1, -8),
    g(297, 1, 8, 3, 1, -8),
    g(305, 5, 8, 7, 1, -8),
    g(313, 6, 8, 8, 1, -8),
    g(321, 5, 8, 7, 1, -8),
    g(329, 8, 8, 11, 1, -8),
    g(337, 6, 8, 9, 1, -8),
    g(345, 7, 8, 9, 1, -8),
    g(353, 5, 8, 8, 1, -8),
    g(361, 7, 8, 9, 1, -8),
    g(369, 5, 8, 8, 1, -8),
    g(377, 6, 8, 8, 1, -8),
    g(385, 6, 8, 8, 1, -8),
    g(393, 6, 8, 9, 1, -8),
    g(401, 7, 8, 8, 0, -8),
    g(409, 11, 8, 12, 0, -8),
    g(425, 6, 8, 8, 1, -8),
    g(433, 7, 8, 8, 0, -8),
    g(441, 6, 8, 8, 1, -8),
    g(449, 2, 10, 5, 1, -8),
    g(459, 4, 9, 5, 0, -8),
    g(468, 2, 10, 5, 1, -8),
    g(478, 4, 4, 6, 1, -8),
    g(482, 5, 1, 6, 0, 0),
    g(483, 1, 1, 4, 1, -8),
    g(484, 5, 6, 7, 1, -6),
    g(490, 5, 8, 7, 1, -8),
    g(498, 5, 6, 7, 1, -6),
    g(504, 5, 8, 7, 1, -8),
    g(512, 5, 6, 7, 1, -6),
    g(518, 3, 8, 5, 0, -8),
    g(526, 5, 8, 7, 1, -6),
    g(534, 5, 8, 7, 1, -8),
    g(542, 1, 8, 3, 1, -8),
    g(550, 2, 10, 3, 0, -8),
    g(560, 5, 8, 7, 1, -8),
    g(568, 1, 8, 3, 1, -8),
    g(576, 7, 6, 10, 1, -6),
    g(582, 5, 6, 7, 1, -6),
    g(588, 5, 6, 7, 1, -6),
    g(594, 5, 8, 7, 1, -6),
    g(602, 5, 8, 7, 1, -6),
    g(610, 3, 6, 5, 1, -6),
    g(616, 5, 6, 6, 1, -6),
    g(622, 3, 8, 4, 0, -8),
    g(630, 5, 6, 7, 1, -6),
    g(636, 6, 6, 7, 0, -6),
    g(642, 9, 6, 10, 0, -6),
    g(654, 4, 6, 7, 1, -6),
    g(660, 6, 8, 7, 0, -6),
    g(668, 5, 6, 7, 1, -6),
    g(674, 3, 10, 5, 1, -8),
    g(684, 1, 13, 4, 2, -10),
    g(697, 3, 10, 5, 1, -8),
    g(707, 5, 2, 8, 1, -4),
];
const INTER_COMPACT_DETAIL_EXTRA: [(char, Glyph); 123] = [
    ('\u{a0}', g(0, 0, 0, 3, 0, 0)),
    ('\u{a1}', g(709, 1, 7, 4, 1, -6)),
    ('\u{a2}', g(716, 5, 8, 7, 1, -8)),
    ('\u{a3}', g(724, 6, 8, 7, 1, -8)),
    ('\u{a4}', g(732, 6, 7, 9, 1, -7)),
    ('\u{a5}', g(739, 5, 8, 7, 1, -8)),
    ('\u{a6}', g(747, 1, 10, 4, 1, -8)),
    ('\u{a7}', g(757, 5, 10, 7, 0, -8)),
    ('\u{a8}', g(767, 3, 1, 7, 2, -8)),
    ('\u{a9}', g(768, 8, 8, 11, 1, -8)),
    ('\u{aa}', g(776, 4, 5, 6, 1, -8)),
    ('\u{ab}', g(781, 5, 5, 7, 1, -6)),
    ('\u{ac}', g(786, 5, 2, 8, 1, -4)),
    ('\u{ad}', g(0, 0, 0, 0, 0, 0)),
    ('\u{ae}', g(788, 6, 6, 8, 1, -8)),
    ('\u{af}', g(794, 3, 1, 6, 1, -8)),
    ('\u{b0}', g(795, 3, 4, 6, 1, -8)),
    ('\u{b1}', g(799, 5, 6, 8, 1, -6)),
    ('\u{b2}', g(805, 3, 4, 5, 1, -9)),
    ('\u{b3}', g(809, 3, 4, 5, 1, -9)),
    ('\u{b4}', g(813, 1, 1, 4, 1, -8)),
    ('\u{b5}', g(814, 6, 8, 7, 1, -6)),
    ('\u{b6}', g(822, 5, 8, 7, 1, -8)),
    ('\u{b7}', g(830, 1, 1, 4, 1, -4)),
    ('\u{b8}', g(831, 2, 3, 4, 1, -1)),
    ('\u{b9}', g(834, 2, 4, 4, 1, -9)),
    ('\u{ba}', g(838, 5, 5, 6, 1, -8)),
    ('\u{bb}', g(843, 5, 5, 7, 1, -6)),
    ('\u{bc}', g(848, 9, 8, 9, 1, -8)),
    ('\u{bd}', g(864, 8, 7, 10, 1, -7)),
    ('\u{be}', g(871, 9, 8, 10, 1, -8)),
    ('\u{bf}', g(887, 5, 8, 6, 1, -6)),
    ('\u{c0}', g(895, 6, 10, 8, 1, -10)),
    ('\u{c1}', g(905, 6, 10, 8, 1, -10)),
    ('\u{c2}', g(915, 6, 10, 8, 1, -10)),
    ('\u{c3}', g(925, 6, 11, 8, 1, -11)),
    ('\u{c4}', g(936, 6, 10, 8, 1, -10)),
    ('\u{c5}', g(946, 6, 12, 8, 1, -12)),
    ('\u{c6}', g(958, 10, 8, 12, 1, -8)),
    ('\u{c7}', g(974, 6, 10, 9, 1, -8)),
    ('\u{c8}', g(984, 5, 10, 7, 1, -10)),
    ('\u{c9}', g(994, 5, 10, 7, 1, -10)),
    ('\u{ca}', g(1004, 5, 10, 7, 1, -10)),
    ('\u{cb}', g(1014, 5, 10, 7, 1, -10)),
    ('\u{cc}', g(1024, 2, 10, 3, 0, -10)),
    ('\u{cd}', g(1034, 1, 10, 3, 1, -10)),
    ('\u{ce}', g(1044, 3, 10, 3, 0, -10)),
    ('\u{cf}', g(1054, 3, 10, 3, 0, -10)),
    ('\u{d0}', g(1064, 7, 8, 9, 0, -8)),
    ('\u{d1}', g(1072, 6, 11, 9, 1, -11)),
    ('\u{d2}', g(1083, 7, 10, 9, 1, -10)),
    ('\u{d3}', g(1093, 7, 10, 9, 1, -10)),
    ('\u{d4}', g(1103, 7, 10, 9, 1, -10)),
    ('\u{d5}', g(1113, 7, 11, 9, 1, -11)),
    ('\u{d6}', g(1124, 7, 10, 9, 1, -10)),
    ('\u{d7}', g(1134, 5, 4, 8, 1, -5)),
    ('\u{d8}', g(1138, 7, 8, 9, 1, -8)),
    ('\u{d9}', g(1146, 6, 10, 9, 1, -10)),
    ('\u{da}', g(1156, 6, 10, 9, 1, -10)),
    ('\u{db}', g(1166, 6, 10, 9, 1, -10)),
    ('\u{dc}', g(1176, 6, 10, 9, 1, -10)),
    ('\u{dd}', g(1186, 7, 10, 8, 0, -10)),
    ('\u{de}', g(1196, 5, 8, 8, 1, -8)),
    ('\u{df}', g(1204, 5, 8, 7, 1, -8)),
    ('\u{e0}', g(1212, 5, 8, 7, 1, -8)),
    ('\u{e1}', g(1220, 5, 8, 7, 1, -8)),
    ('\u{e2}', g(1228, 5, 9, 7, 1, -9)),
    ('\u{e3}', g(1237, 5, 9, 7, 1, -9)),
    ('\u{e4}', g(1246, 5, 8, 7, 1, -8)),
    ('\u{e5}', g(1254, 5, 10, 7, 1, -10)),
    ('\u{e6}', g(1264, 9, 6, 11, 1, -6)),
    ('\u{e7}', g(1276, 5, 8, 7, 1, -6)),
    ('\u{e8}', g(1284, 5, 8, 7, 1, -8)),
    ('\u{e9}', g(1292, 5, 8, 7, 1, -8)),
    ('\u{ea}', g(1300, 5, 8, 7, 1, -8)),
    ('\u{eb}', g(1308, 5, 8, 7, 1, -8)),
    ('\u{ec}', g(1316, 2, 8, 3, 0, -8)),
    ('\u{ed}', g(1324, 1, 8, 3, 1, -8)),
    ('\u{ee}', g(1332, 3, 8, 3, 0, -8)),
    ('\u{ef}', g(1340, 3, 8, 3, 0, -8)),
    ('\u{f0}', g(1348, 5, 9, 7, 1, -9)),
    ('\u{f1}', g(1357, 5, 9, 7, 1, -9)),
    ('\u{f2}', g(1366, 5, 6, 7, 1, -6)),
    ('\u{f3}', g(1372, 5, 8, 7, 1, -8)),
    ('\u{f4}', g(1380, 5, 8, 7, 1, -8)),
    ('\u{f5}', g(1388, 5, 9, 7, 1, -9)),
    ('\u{f6}', g(1397, 5, 8, 7, 1, -8)),
    ('\u{f7}', g(1405, 5, 5, 8, 1, -6)),
    ('\u{f8}', g(1410, 5, 6, 7, 1, -6)),
    ('\u{f9}', g(1416, 5, 8, 7, 1, -8)),
    ('\u{fa}', g(1424, 5, 8, 7, 1, -8)),
    ('\u{fb}', g(1432, 5, 8, 7, 1, -8)),
    ('\u{fc}', g(1440, 5, 8, 7, 1, -8)),
    ('\u{fd}', g(1448, 6, 10, 7, 0, -8)),
    ('\u{fe}', g(1458, 5, 10, 7, 1, -8)),
    ('\u{ff}', g(1468, 6, 10, 7, 0, -8)),
    ('\u{152}', g(1478, 10, 8, 12, 1, -8)),
    ('\u{153}', g(1494, 10, 6, 11, 1, -6)),
    ('\u{160}', g(1506, 6, 10, 8, 1, -10)),
    ('\u{161}', g(1516, 5, 8, 6, 1, -8)),
    ('\u{178}', g(1524, 7, 10, 8, 0, -10)),
    ('\u{17d}', g(1534, 6, 10, 8, 1, -10)),
    ('\u{17e}', g(1544, 5, 8, 7, 1, -8)),
    ('\u{192}', g(1552, 3, 10, 5, 1, -8)),
    ('\u{2c6}', g(1562, 3, 1, 5, 1, -8)),
    ('\u{2dc}', g(1563, 3, 1, 6, 1, -8)),
    ('\u{2013}', g(1564, 6, 1, 6, 0, -4)),
    ('\u{2014}', g(1565, 11, 1, 11, 0, -4)),
    ('\u{2018}', g(1567, 2, 3, 4, 1, -8)),
    ('\u{2019}', g(1570, 1, 3, 4, 1, -8)),
    ('\u{201a}', g(1573, 1, 3, 3, 1, -1)),
    ('\u{201c}', g(1576, 4, 3, 6, 1, -8)),
    ('\u{201d}', g(1579, 4, 3, 6, 1, -8)),
    ('\u{201e}', g(1582, 3, 3, 5, 1, -1)),
    ('\u{2020}', g(1585, 5, 6, 6, 0, -8)),
    ('\u{2021}', g(1591, 5, 8, 6, 0, -8)),
    ('\u{2022}', g(1599, 3, 3, 6, 1, -4)),
    ('\u{2026}', g(1602, 9, 1, 11, 1, -1)),
    ('\u{2030}', g(1604, 13, 8, 15, 1, -8)),
    ('\u{2039}', g(1620, 3, 5, 5, 1, -6)),
    ('\u{203a}', g(1625, 3, 5, 5, 1, -6)),
    ('\u{20ac}', g(1630, 6, 8, 8, 0, -8)),
    ('\u{2122}', g(1638, 6, 3, 7, 1, -8)),
];
const INTER_COMPACT_DETAIL_BITMAP: [u8; 1641] = [
    0x80, 0x80, 0x80, 0x80, 0x80, 0x00, 0x00, 0x80, 0xA0, 0xA0, 0xA0, 0x24, 0x24, 0x7E, 0x20, 0x08,
    0xFC, 0x48, 0x48, 0x20, 0x78, 0xEC, 0xA0, 0xE0, 0x38, 0x24, 0xEC, 0x78, 0x20, 0xC2, 0x00, 0xA4,
    0x00, 0xA4, 0x00, 0xC8, 0x00, 0x13, 0x00, 0x04, 0x80, 0x24, 0x80, 0x47, 0x00, 0x70, 0x40, 0x50,
    0x60, 0x74, 0x9C, 0x9C, 0x7C, 0x80, 0x80, 0x80, 0x40, 0x40, 0x80, 0x80, 0x80, 0x80, 0x80, 0x80,
    0xC0, 0x40, 0x80, 0x80, 0xC0, 0x40, 0x40, 0x40, 0x40, 0xC0, 0x80, 0x80, 0x20, 0xF0, 0x70, 0x20,
    0x20, 0x20, 0xF8, 0x20, 0x20, 0x80, 0x80, 0x80, 0xF0, 0x80, 0x10, 0x20, 0x20, 0x20, 0x40, 0x40,
    0x40, 0x40, 0x80, 0x78, 0xC8, 0x84, 0x84, 0x84, 0x84, 0xC8, 0x78, 0x60, 0xA0, 0x20, 0x20, 0x20,
    0x20, 0x20, 0x20, 0x70, 0x98, 0x08, 0x18, 0x30, 0x20, 0x40, 0xF8, 0x70, 0x88, 0x08, 0x30, 0x18,
    0x08, 0x98, 0x70, 0x18, 0x38, 0x28, 0x48, 0x88, 0xFC, 0x08, 0x08, 0xF8, 0x80, 0x80, 0xF0, 0x18,
    0x08, 0x98, 0x70, 0x78, 0x4C, 0x80, 0xB8, 0xCC, 0xC4, 0xCC, 0x78, 0xF8, 0x08, 0x10, 0x10, 0x20,
    0x20, 0x40, 0x40, 0x70, 0x88, 0x88, 0x70, 0x98, 0x88, 0x98, 0x70, 0x70, 0xC8, 0x8C, 0x8C, 0x74,
    0x04, 0xC8, 0x70, 0x80, 0x00, 0x00, 0x00, 0x80, 0x80, 0x00, 0x00, 0x00, 0x80, 0x80, 0x08, 0x30,
    0xC0, 0xE0, 0x38, 0x08, 0xF8, 0x00, 0xF8, 0x80, 0x60, 0x18, 0x38, 0xE0, 0x80, 0x70, 0xC8, 0x08,
    0x18, 0x20, 0x20, 0x00, 0x20, 0x1E, 0x00, 0x61, 0x80, 0xDE, 0x80, 0xA6, 0x40, 0xA2, 0x40, 0xA2,
    0x40, 0xA6, 0xC0, 0xDB, 0x80, 0x60, 0x00, 0x3E, 0x00, 0x30, 0x30, 0x78, 0x48, 0x48, 0xFC, 0x84,
    0x84, 0xF0, 0x88, 0x88, 0xF0, 0x8C, 0x84, 0x8C, 0xF8, 0x38, 0x44, 0x80, 0x80, 0x80, 0x80, 0x44,
    0x38, 0xF0, 0x88, 0x84, 0x84, 0x84, 0x84, 0x88, 0xF0, 0xF8, 0x80, 0x80, 0x80, 0xF8, 0x80, 0x80,
    0xF8, 0xF8, 0x80, 0x80, 0x80, 0xF0, 0x80, 0x80, 0x80, 0x38, 0x44, 0x80, 0x80, 0x8E, 0x82, 0x46,
    0x38, 0x84, 0x84, 0x84, 0xFC, 0x84, 0x84, 0x84, 0x84, 0x80, 0x80, 0x80, 0x80, 0x80, 0x80, 0x80,
    0x80, 0x08, 0x08, 0x08, 0x08, 0x08, 0x88, 0x98, 0x70, 0x8C, 0x98, 0xB0, 0xA0, 0xF0, 0x90, 0x88,
    0x8C, 0x80, 0x80, 0x80, 0x80, 0x80, 0x80, 0x80, 0xF8, 0xC3, 0xC3, 0xE7, 0xA5, 0xA5, 0xB9, 0x99,
    0x99, 0xC4, 0xC4, 0xE4, 0xA4, 0x94, 0x9C, 0x8C, 0x8C, 0x38, 0x44, 0x82, 0x82, 0x82, 0x82, 0x44,
    0x38, 0xF0, 0x98, 0x88, 0x98, 0xF0, 0x80, 0x80, 0x80, 0x38, 0x44, 0x82, 0x82, 0x82, 0x86, 0x4C,
    0x3C, 0xF0, 0x98, 0x88, 0x98, 0xF0, 0x90, 0x98, 0x88, 0x78, 0x8C, 0x80, 0xE0, 0x18, 0x04, 0x8C,
    0x78, 0xFC, 0x10, 0x10, 0x10, 0x10, 0x10, 0x10, 0x10, 0x84, 0x84, 0x84, 0x84, 0x84, 0x84, 0xCC,
    0x78, 0xC2, 0x42, 0x46, 0x24, 0x24, 0x2C, 0x18, 0x18, 0xC4, 0x60, 0x4E, 0x40, 0x4E, 0x40, 0x4A,
    0x40, 0x6A, 0xC0, 0x3B, 0x80, 0x31, 0x80, 0x31, 0x80, 0x8C, 0x48, 0x78, 0x30, 0x30, 0x58, 0xC8,
    0x84, 0xC6, 0x44, 0x68, 0x38, 0x10, 0x10, 0x10, 0x10, 0xFC, 0x08, 0x18, 0x10, 0x20, 0x60, 0x40,
    0xFC, 0xC0, 0x80, 0x80, 0x80, 0x80, 0x80, 0x80, 0x80, 0x80, 0xC0, 0xC0, 0x40, 0x40, 0x40, 0x20,
    0x20, 0x20, 0x20, 0x10, 0xC0, 0x40, 0x40, 0x40, 0x40, 0x40, 0x40, 0x40, 0x40, 0xC0, 0x40, 0x60,
    0xA0, 0xB0, 0xF8, 0x80, 0x70, 0x98, 0x38, 0xC8, 0x98, 0xE8, 0x80, 0x80, 0xB0, 0xD8, 0x88, 0x88,
    0xD8, 0xB0, 0x70, 0xC8, 0x80, 0x80, 0xC8, 0x70, 0x08, 0x08, 0x78, 0xD8, 0x88, 0x88, 0xD8, 0x68,
    0x70, 0xC8, 0xF8, 0x80, 0xC8, 0x70, 0x60, 0x40, 0xE0, 0x40, 0x40, 0x40, 0x40, 0x40, 0x68, 0xD8,
    0x88, 0x88, 0xD8, 0x78, 0x08, 0x70, 0x80, 0x80, 0xF0, 0x98, 0x88, 0x88, 0x88, 0x88, 0x80, 0x00,
    0x80, 0x80, 0x80, 0x80, 0x80, 0x80, 0x40, 0x00, 0x40, 0x40, 0x40, 0x40, 0x40, 0x40, 0x40, 0x80,
    0x80, 0x80, 0x90, 0xB0, 0xE0, 0xE0, 0xB0, 0x98, 0x80, 0x80, 0x80, 0x80, 0x80, 0x80, 0x80, 0x80,
    0xEC, 0x92, 0x92, 0x92, 0x92, 0x92, 0xF0, 0x98, 0x88, 0x88, 0x88, 0x88, 0x70, 0xD8, 0x88, 0x88,
    0xD8, 0x70, 0xB0, 0xD8, 0x88, 0x88, 0xD8, 0xF0, 0x80, 0x80, 0x68, 0xD8, 0x88, 0x88, 0xD8, 0x78,
    0x08, 0x08, 0xE0, 0x80, 0x80, 0x80, 0x80, 0x80, 0x70, 0x80, 0xC0, 0x18, 0x88, 0x70, 0x40, 0x40,
    0xE0, 0x40, 0x40, 0x40, 0x40, 0x60, 0x88, 0x88, 0x88, 0x88, 0x98, 0x68, 0xC4, 0x48, 0x48, 0x28,
    0x30, 0x30, 0xC9, 0x80, 0x4D, 0x00, 0x55, 0x00, 0x55, 0x00, 0x36, 0x00, 0x22, 0x00, 0x90, 0xD0,
    0x60, 0x60, 0xD0, 0x90, 0xC4, 0x48, 0x48, 0x28, 0x30, 0x30, 0x20, 0x60, 0xF8, 0x10, 0x30, 0x60,
    0x40, 0xF8, 0x20, 0x40, 0x40, 0x40, 0x80, 0x40, 0x40, 0x40, 0x40, 0x20, 0x80, 0x80, 0x80, 0x80,
    0x80, 0x80, 0x80, 0x80, 0x80, 0x80, 0x80, 0x80, 0x80, 0x80, 0x40, 0x40, 0x40, 0x60, 0x40, 0x40,
    0x40, 0x40, 0x80, 0x68, 0x98, 0x80, 0x00, 0x80, 0x80, 0x80, 0x80, 0x80, 0x20, 0x70, 0xE8, 0xA0,
    0xA0, 0xE8, 0x70, 0x20, 0x38, 0x4C, 0x40, 0x40, 0xF0, 0x40, 0x44, 0xF8, 0xFC, 0xCC, 0x84, 0x84,
    0x84, 0xCC, 0xFC, 0x88, 0x98, 0x50, 0x70, 0xF8, 0xF8, 0x20, 0x20, 0x80, 0x80, 0x80, 0x80, 0x00,
    0x00, 0x80, 0x80, 0x80, 0x80, 0x70, 0x48, 0x40, 0x70, 0xC8, 0x60, 0x38, 0x18, 0x48, 0x70, 0xA0,
    0x3C, 0x46, 0x9B, 0xA5, 0xA5, 0x9B, 0x46, 0x3C, 0x60, 0x10, 0x70, 0x90, 0xF0, 0x68, 0xD0, 0xA0,
    0xD0, 0x68, 0xF8, 0x08, 0x70, 0xFC, 0xA4, 0xB4, 0xFC, 0x70, 0xE0, 0x60, 0xA0, 0xA0, 0x60, 0x20,
    0xF8, 0x20, 0x20, 0x00, 0xF8, 0xE0, 0x20, 0x60, 0xE0, 0xE0, 0x60, 0x20, 0xC0, 0x80, 0x88, 0x88,
    0x88, 0x88, 0x98, 0xFC, 0x80, 0x80, 0x78, 0xE8, 0xE8, 0xE8, 0x68, 0x08, 0x08, 0x08, 0x80, 0x80,
    0x00, 0xC0, 0xC0, 0x40, 0x40, 0x40, 0x70, 0x88, 0x88, 0x88, 0x70, 0xA0, 0x50, 0x68, 0x50, 0xA0,
    0xC2, 0x00, 0x44, 0x00, 0x48, 0x00, 0x4B, 0x00, 0x13, 0x00, 0x25, 0x00, 0x47, 0x80, 0x01, 0x00,
    0xC4, 0x44, 0x48, 0x53, 0x21, 0x22, 0x47, 0xC2, 0x00, 0xC4, 0x00, 0x48, 0x00, 0xCB, 0x00, 0x13,
    0x00, 0x25, 0x00, 0x47, 0x80, 0x01, 0x00, 0x20, 0x00, 0x20, 0x60, 0xC0, 0x80, 0x98, 0x70, 0x20,
    0x00, 0x30, 0x30, 0x78, 0x48, 0x48, 0xFC, 0x84, 0x84, 0x10, 0x00, 0x30, 0x30, 0x78, 0x48, 0x48,
    0xFC, 0x84, 0x84, 0x30, 0x00, 0x30, 0x30, 0x78, 0x48, 0x48, 0xFC, 0x84, 0x84, 0x20, 0x10, 0x00,
    0x30, 0x30, 0x78, 0x48, 0x48, 0xFC, 0x84, 0x84, 0x48, 0x00, 0x30, 0x30, 0x78, 0x48, 0x48, 0xFC,
    0x84, 0x84, 0x30, 0x10, 0x30, 0x00, 0x30, 0x30, 0x78, 0x48, 0x48, 0xFC, 0x84, 0x84, 0x1F, 0xC0,
    0x14, 0x00, 0x34, 0x00, 0x24, 0x00, 0x67, 0xC0, 0x7C, 0x00, 0xC4, 0x00, 0x87, 0xC0, 0x38, 0x44,
    0x80, 0x80, 0x80, 0x80, 0x44, 0x38, 0x10, 0x18, 0x40, 0x00, 0xF8, 0x80, 0x80, 0x80, 0xF8, 0x80,
    0x80, 0xF8, 0x20, 0x00, 0xF8, 0x80, 0x80, 0x80, 0xF8, 0x80, 0x80, 0xF8, 0x50, 0x00, 0xF8, 0x80,
    0x80, 0x80, 0xF8, 0x80, 0x80, 0xF8, 0x50, 0x00, 0xF8, 0x80, 0x80, 0x80, 0xF8, 0x80, 0x80, 0xF8,
    0x80, 0x00, 0x40, 0x40, 0x40, 0x40, 0x40, 0x40, 0x40, 0x40, 0x80, 0x00, 0x80, 0x80, 0x80, 0x80,
    0x80, 0x80, 0x80, 0x80, 0xA0, 0x00, 0x40, 0x40, 0x40, 0x40, 0x40, 0x40, 0x40, 0x40, 0xA0, 0x00,
    0x40, 0x40, 0x40, 0x40, 0x40, 0x40, 0x40, 0x40, 0x78, 0x44, 0x42, 0x42, 0xF2, 0x42, 0x44, 0x78,
    0x20, 0x10, 0x00, 0xC4, 0xC4, 0xE4, 0xA4, 0x94, 0x9C, 0x8C, 0x8C, 0x20, 0x00, 0x38, 0x44, 0x82,
    0x82, 0x82, 0x82, 0x44, 0x38, 0x10, 0x00, 0x38, 0x44, 0x82, 0x82, 0x82, 0x82, 0x44, 0x38, 0x28,
    0x00, 0x38, 0x44, 0x82, 0x82, 0x82, 0x82, 0x44, 0x38, 0x28, 0x38, 0x00, 0x38, 0x44, 0x82, 0x82,
    0x82, 0x82, 0x44, 0x38, 0x28, 0x00, 0x38, 0x44, 0x82, 0x82, 0x82, 0x82, 0x44, 0x38, 0x58, 0x30,
    0x70, 0xC8, 0x3C, 0x4C, 0x8E, 0x92, 0x92, 0xA2, 0xC4, 0xF8, 0x20, 0x00, 0x84, 0x84, 0x84, 0x84,
    0x84, 0x84, 0xCC, 0x78, 0x10, 0x00, 0x84, 0x84, 0x84, 0x84, 0x84, 0x84, 0xCC, 0x78, 0x30, 0x00,
    0x84, 0x84, 0x84, 0x84, 0x84, 0x84, 0xCC, 0x78, 0x48, 0x00, 0x84, 0x84, 0x84, 0x84, 0x84, 0x84,
    0xCC, 0x78, 0x10, 0x00, 0xC6, 0x44, 0x68, 0x38, 0x10, 0x10, 0x10, 0x10, 0x80, 0x80, 0xF0, 0x88,
    0x88, 0xF0, 0x80, 0x80, 0x70, 0x88, 0x88, 0xB0, 0x98, 0x88, 0x98, 0xB0, 0x20, 0x00, 0x70, 0x98,
    0x38, 0xC8, 0x98, 0xE8, 0x30, 0x00, 0x70, 0x98, 0x38, 0xC8, 0x98, 0xE8, 0x20, 0x50, 0x00, 0x70,
    0x98, 0x38, 0xC8, 0x98, 0xE8, 0x70, 0x70, 0x00, 0x70, 0x98, 0x38, 0xC8, 0x98, 0xE8, 0x48, 0x00,
    0x70, 0x98, 0x38, 0xC8, 0x98, 0xE8, 0x20, 0x60, 0x30, 0x00, 0x70, 0x98, 0x38, 0xC8, 0x98, 0xE8,
    0x7F, 0x00, 0x19, 0x80, 0x7F, 0x80, 0x98, 0x00, 0x99, 0x00, 0x67, 0x00, 0x70, 0xC8, 0x80, 0x80,
    0xC8, 0x70, 0x20, 0x20, 0x20, 0x00, 0x70, 0xC8, 0xF8, 0x80, 0xC8, 0x70, 0x30, 0x00, 0x70, 0xC8,
    0xF8, 0x80, 0xC8, 0x70, 0x50, 0x00, 0x70, 0xC8, 0xF8, 0x80, 0xC8, 0x70, 0x50, 0x00, 0x70, 0xC8,
    0xF8, 0x80, 0xC8, 0x70, 0x80, 0x00, 0x40, 0x40, 0x40, 0x40, 0x40, 0x40, 0x80, 0x00, 0x80, 0x80,
    0x80, 0x80, 0x80, 0x80, 0xA0, 0x00, 0x40, 0x40, 0x40, 0x40, 0x40, 0x40, 0xA0, 0x00, 0x40, 0x40,
    0x40, 0x40, 0x40, 0x40, 0x40, 0x70, 0x10, 0x70, 0xD8, 0x88, 0x88, 0xD8, 0x70, 0x50, 0x70, 0x00,
    0xF0, 0x98, 0x88, 0x88, 0x88, 0x88, 0x70, 0xD8, 0x88, 0x88, 0xD8, 0x70, 0x20, 0x00, 0x70, 0xD8,
    0x88, 0x88, 0xD8, 0x70, 0x50, 0x00, 0x70, 0xD8, 0x88, 0x88, 0xD8, 0x70, 0x50, 0x60, 0x00, 0x70,
    0xD8, 0x88, 0x88, 0xD8, 0x70, 0x50, 0x00, 0x70, 0xD8, 0x88, 0x88, 0xD8, 0x70, 0x20, 0x00, 0xF8,
    0x00, 0x20, 0x78, 0xD8, 0xA8, 0xC8, 0xD8, 0xF0, 0x40, 0x00, 0x88, 0x88, 0x88, 0x88, 0x98, 0x68,
    0x20, 0x00, 0x88, 0x88, 0x88, 0x88, 0x98, 0x68, 0x50, 0x00, 0x88, 0x88, 0x88, 0x88, 0x98, 0x68,
    0x50, 0x00, 0x88, 0x88, 0x88, 0x88, 0x98, 0x68, 0x10, 0x00, 0xC4, 0x48, 0x48, 0x28, 0x30, 0x30,
    0x20, 0x60, 0x80, 0x80, 0xB0, 0xD8, 0x88, 0x88, 0xD8, 0xF0, 0x80, 0x80, 0x08, 0x00, 0xC4, 0x48,
    0x48, 0x28, 0x30, 0x30, 0x20, 0x60, 0x3F, 0xC0, 0x44, 0x00, 0x84, 0x00, 0x84, 0x00, 0x87, 0xC0,
    0x84, 0x00, 0x44, 0x00, 0x3F, 0xC0, 0x77, 0x80, 0xDC, 0xC0, 0x8F, 0xC0, 0x88, 0x00, 0xDC, 0x80,
    0x77, 0x80, 0x30, 0x00, 0x78, 0x8C, 0x80, 0xE0, 0x18, 0x04, 0x8C, 0x78, 0x70, 0x00, 0x70, 0x80,
    0xC0, 0x18, 0x88, 0x70, 0x20, 0x00, 0xC6, 0x44, 0x68, 0x38, 0x10, 0x10, 0x10, 0x10, 0x30, 0x00,
    0xFC, 0x08, 0x18, 0x10, 0x20, 0x60, 0x40, 0xFC, 0x70, 0x00, 0xF8, 0x10, 0x30, 0x60, 0x40, 0xF8,
    0x60, 0x40, 0xE0, 0x40, 0x40, 0x40, 0x40, 0x40, 0x40, 0x80, 0xA0, 0xE0, 0xFC, 0xFF, 0xE0, 0x40,
    0x80, 0x80, 0x80, 0x80, 0x80, 0x80, 0x80, 0x80, 0x50, 0xB0, 0xA0, 0xB0, 0xA0, 0xA0, 0xA0, 0xA0,
    0xA0, 0x20, 0x20, 0xF8, 0x20, 0x20, 0x20, 0x20, 0x20, 0xF8, 0x20, 0xF8, 0x20, 0x20, 0x20, 0xE0,
    0xE0, 0xE0, 0x88, 0x80, 0xC2, 0x00, 0xA4, 0x00, 0xA4, 0x00, 0xC8, 0x00, 0x13, 0x30, 0x04, 0xC8,
    0x24, 0xC8, 0x47, 0x30, 0x60, 0xC0, 0x80, 0xC0, 0x60, 0x80, 0x40, 0x60, 0x40, 0x80, 0x3C, 0x60,
    0x40, 0xF8, 0xF0, 0x40, 0x60, 0x3C, 0xA4, 0xBC, 0xA4,
];
pub static INTER_COMPACT_DETAIL: BitmapFont = BitmapFont {
    glyphs: &INTER_COMPACT_DETAIL_GLYPHS,
    bitmap: &INTER_COMPACT_DETAIL_BITMAP,
    extra: &INTER_COMPACT_DETAIL_EXTRA,
    line_height: 16,
};

// INTER_COMPACT_BODY: Inter Medium 13 px, line-height 18
const INTER_COMPACT_BODY_GLYPHS: [Glyph; 95] = [
    g(0, 0, 0, 4, 0, 0),
    g(0, 1, 9, 4, 2, -9),
    g(9, 3, 3, 7, 2, -9),
    g(12, 8, 9, 9, 0, -9),
    g(21, 6, 11, 9, 1, -10),
    g(32, 10, 9, 13, 2, -9),
    g(50, 7, 9, 9, 1, -9),
    g(59, 1, 3, 5, 2, -9),
    g(62, 2, 12, 5, 2, -10),
    g(74, 3, 12, 5, 0, -10),
    g(86, 5, 5, 7, 1, -9),
    g(91, 7, 6, 9, 1, -7),
    g(97, 2, 4, 4, 1, -1),
    g(101, 4, 1, 7, 1, -4),
    g(102, 1, 2, 4, 1, -2),
    g(104, 4, 11, 5, 0, -10),
    g(115, 7, 9, 9, 1, -9),
    g(124, 4, 9, 6, 0, -9),
    g(133, 6, 9, 9, 1, -9),
    g(142, 6, 9, 9, 1, -9),
    g(151, 7, 9, 9, 1, -9),
    g(160, 6, 9, 8, 1, -9),
    g(169, 6, 9, 9, 1, -9),
    g(178, 6, 9, 8, 1, -9),
    g(187, 6, 9, 9, 1, -9),
    g(196, 6, 9, 9, 1, -9),
    g(205, 1, 7, 4, 1, -7),
    g(212, 2, 9, 5, 0, -6),
    g(221, 6, 7, 9, 1, -7),
    g(228, 6, 4, 9, 1, -6),
    g(232, 6, 7, 9, 1, -7),
    g(239, 6, 9, 7, 0, -9),
    g(248, 11, 12, 13, 1, -9),
    g(272, 9, 9, 10, 0, -9),
    g(290, 6, 9, 9, 1, -9),
    g(299, 8, 9, 10, 1, -9),
    g(308, 7, 9, 10, 1, -9),
    g(317, 6, 9, 8, 1, -9),
    g(326, 6, 9, 8, 1, -9),
    g(335, 8, 9, 10, 1, -9),
    g(344, 7, 9, 10, 1, -9),
    g(353, 1, 9, 4, 1, -9),
    g(362, 5, 9, 8, 1, -9),
    g(371, 7, 9, 9, 1, -9),
    g(380, 5, 9, 8, 1, -9),
    g(389, 9, 9, 12, 1, -9),
    g(407, 7, 9, 10, 1, -9),
    g(416, 8, 9, 10, 1, -9),
    g(425, 6, 9, 9, 1, -9),
    g(434, 8, 9, 10, 1, -9),
    g(443, 6, 9, 9, 1, -9),
    g(452, 6, 9, 9, 1, -9),
    g(461, 7, 9, 9, 1, -9),
    g(470, 7, 9, 10, 1, -9),
    g(479, 8, 9, 10, 1, -9),
    g(488, 13, 9, 14, 0, -9),
    g(506, 7, 9, 10, 1, -9),
    g(515, 7, 9, 10, 1, -9),
    g(524, 7, 9, 9, 1, -9),
    g(533, 3, 11, 5, 2, -9),
    g(544, 4, 11, 5, 0, -10),
    g(555, 3, 11, 5, 0, -9),
    g(566, 4, 5, 7, 1, -10),
    g(571, 6, 1, 7, 0, 0),
    g(572, 2, 2, 5, 1, -10),
    g(574, 6, 7, 8, 1, -7),
    g(581, 6, 9, 9, 1, -9),
    g(590, 6, 7, 8, 1, -7),
    g(597, 6, 9, 9, 1, -9),
    g(606, 6, 7, 8, 1, -7),
    g(613, 5, 9, 5, 0, -9),
    g(622, 6, 10, 9, 1, -7),
    g(632, 6, 9, 8, 1, -9),
    g(641, 1, 9, 4, 1, -9),
    g(650, 2, 12, 4, 0, -9),
    g(662, 6, 9, 8, 1, -9),
    g(671, 1, 9, 4, 1, -9),
    g(680, 9, 7, 12, 1, -7),
    g(694, 6, 7, 8, 1, -7),
    g(701, 6, 7, 8, 1, -7),
    g(708, 6, 10, 9, 1, -7),
    g(718, 6, 10, 9, 1, -7),
    g(728, 4, 7, 6, 1, -7),
    g(735, 5, 7, 7, 1, -7),
    g(742, 4, 9, 5, 0, -9),
    g(751, 6, 7, 8, 1, -7),
    g(758, 7, 7, 8, 0, -7),
    g(765, 9, 7, 11, 1, -7),
    g(779, 5, 7, 8, 1, -7),
    g(786, 7, 10, 8, 0, -7),
    g(796, 6, 7, 8, 1, -7),
    g(803, 5, 11, 6, 0, -9),
    g(814, 1, 15, 5, 2, -12),
    g(829, 4, 11, 6, 1, -9),
    g(840, 6, 2, 9, 1, -5),
];
const INTER_COMPACT_BODY_EXTRA: [(char, Glyph); 123] = [
    ('\u{a0}', g(0, 0, 0, 4, 0, 0)),
    ('\u{a1}', g(842, 1, 9, 4, 2, -7)),
    ('\u{a2}', g(851, 7, 9, 8, 1, -9)),
    ('\u{a3}', g(860, 7, 9, 9, 1, -9)),
    ('\u{a4}', g(869, 7, 8, 10, 1, -8)),
    ('\u{a5}', g(877, 7, 9, 8, 0, -9)),
    ('\u{a6}', g(886, 1, 11, 4, 2, -9)),
    ('\u{a7}', g(897, 6, 11, 8, 1, -9)),
    ('\u{a8}', g(908, 4, 1, 8, 2, -9)),
    ('\u{a9}', g(909, 9, 9, 12, 1, -9)),
    ('\u{aa}', g(927, 5, 6, 6, 1, -10)),
    ('\u{ab}', g(933, 6, 6, 8, 1, -7)),
    ('\u{ac}', g(939, 5, 3, 9, 2, -5)),
    ('\u{ad}', g(0, 0, 0, 0, 0, 0)),
    ('\u{ae}', g(942, 7, 7, 9, 1, -9)),
    ('\u{af}', g(949, 4, 1, 7, 1, -9)),
    ('\u{b0}', g(950, 4, 4, 6, 1, -9)),
    ('\u{b1}', g(954, 6, 6, 9, 1, -7)),
    ('\u{b2}', g(960, 4, 5, 6, 1, -11)),
    ('\u{b3}', g(965, 4, 5, 6, 1, -11)),
    ('\u{b4}', g(970, 2, 2, 5, 1, -10)),
    ('\u{b5}', g(972, 7, 10, 8, 1, -7)),
    ('\u{b6}', g(982, 6, 9, 8, 1, -9)),
    ('\u{b7}', g(991, 1, 2, 4, 1, -5)),
    ('\u{b8}', g(993, 2, 3, 4, 1, 0)),
    ('\u{b9}', g(996, 2, 5, 5, 1, -11)),
    ('\u{ba}', g(1001, 5, 6, 7, 1, -10)),
    ('\u{bb}', g(1007, 6, 6, 8, 1, -7)),
    ('\u{bc}', g(1013, 10, 9, 11, 1, -9)),
    ('\u{bd}', g(1031, 10, 9, 12, 1, -9)),
    ('\u{be}', g(1049, 11, 10, 12, 1, -10)),
    ('\u{bf}', g(1069, 5, 10, 7, 1, -7)),
    ('\u{c0}', g(1079, 9, 12, 10, 0, -12)),
    ('\u{c1}', g(1103, 9, 12, 10, 0, -12)),
    ('\u{c2}', g(1127, 9, 12, 10, 0, -12)),
    ('\u{c3}', g(1151, 9, 12, 10, 0, -12)),
    ('\u{c4}', g(1175, 9, 12, 10, 0, -12)),
    ('\u{c5}', g(1199, 9, 13, 10, 0, -13)),
    ('\u{c6}', g(1225, 12, 9, 14, 1, -9)),
    ('\u{c7}', g(1243, 8, 12, 10, 1, -9)),
    ('\u{c8}', g(1255, 6, 12, 8, 1, -12)),
    ('\u{c9}', g(1267, 6, 12, 8, 1, -12)),
    ('\u{ca}', g(1279, 6, 12, 8, 1, -12)),
    ('\u{cb}', g(1291, 6, 12, 8, 1, -12)),
    ('\u{cc}', g(1303, 2, 12, 4, 0, -12)),
    ('\u{cd}', g(1315, 2, 12, 4, 1, -12)),
    ('\u{ce}', g(1327, 3, 12, 4, 0, -12)),
    ('\u{cf}', g(1339, 4, 12, 4, 0, -12)),
    ('\u{d0}', g(1351, 8, 9, 10, 1, -9)),
    ('\u{d1}', g(1360, 7, 12, 10, 1, -12)),
    ('\u{d2}', g(1372, 8, 12, 10, 1, -12)),
    ('\u{d3}', g(1384, 8, 12, 10, 1, -12)),
    ('\u{d4}', g(1396, 8, 12, 10, 1, -12)),
    ('\u{d5}', g(1408, 8, 12, 10, 1, -12)),
    ('\u{d6}', g(1420, 8, 12, 10, 1, -12)),
    ('\u{d7}', g(1432, 5, 5, 9, 2, -6)),
    ('\u{d8}', g(1437, 8, 9, 10, 1, -9)),
    ('\u{d9}', g(1446, 7, 12, 10, 1, -12)),
    ('\u{da}', g(1458, 7, 12, 10, 1, -12)),
    ('\u{db}', g(1470, 7, 12, 10, 1, -12)),
    ('\u{dc}', g(1482, 7, 12, 10, 1, -12)),
    ('\u{dd}', g(1494, 7, 12, 10, 1, -12)),
    ('\u{de}', g(1506, 6, 9, 9, 1, -9)),
    ('\u{df}', g(1515, 6, 9, 9, 1, -9)),
    ('\u{e0}', g(1524, 6, 10, 8, 1, -10)),
    ('\u{e1}', g(1534, 6, 10, 8, 1, -10)),
    ('\u{e2}', g(1544, 6, 10, 8, 1, -10)),
    ('\u{e3}', g(1554, 6, 10, 8, 1, -10)),
    ('\u{e4}', g(1564, 6, 9, 8, 1, -9)),
    ('\u{e5}', g(1573, 6, 11, 8, 1, -11)),
    ('\u{e6}', g(1584, 11, 7, 12, 1, -7)),
    ('\u{e7}', g(1598, 6, 10, 8, 1, -7)),
    ('\u{e8}', g(1608, 6, 10, 8, 1, -10)),
    ('\u{e9}', g(1618, 6, 10, 8, 1, -10)),
    ('\u{ea}', g(1628, 6, 10, 8, 1, -10)),
    ('\u{eb}', g(1638, 6, 9, 8, 1, -9)),
    ('\u{ec}', g(1647, 2, 10, 4, 0, -10)),
    ('\u{ed}', g(1657, 2, 10, 4, 1, -10)),
    ('\u{ee}', g(1667, 3, 10, 4, 0, -10)),
    ('\u{ef}', g(1677, 4, 9, 4, 0, -9)),
    ('\u{f0}', g(1686, 6, 10, 8, 1, -10)),
    ('\u{f1}', g(1696, 6, 10, 8, 1, -10)),
    ('\u{f2}', g(1706, 6, 10, 8, 1, -10)),
    ('\u{f3}', g(1716, 6, 10, 8, 1, -10)),
    ('\u{f4}', g(1726, 6, 10, 8, 1, -10)),
    ('\u{f5}', g(1736, 6, 10, 8, 1, -10)),
    ('\u{f6}', g(1746, 6, 9, 8, 1, -9)),
    ('\u{f7}', g(1755, 6, 7, 9, 1, -7)),
    ('\u{f8}', g(1762, 6, 7, 8, 1, -7)),
    ('\u{f9}', g(1769, 6, 10, 8, 1, -10)),
    ('\u{fa}', g(1779, 6, 10, 8, 1, -10)),
    ('\u{fb}', g(1789, 6, 10, 8, 1, -10)),
    ('\u{fc}', g(1799, 6, 9, 8, 1, -9)),
    ('\u{fd}', g(1808, 7, 13, 8, 0, -10)),
    ('\u{fe}', g(1821, 6, 12, 9, 1, -9)),
    ('\u{ff}', g(1833, 6, 12, 8, 1, -9)),
    ('\u{152}', g(1845, 12, 9, 14, 1, -9)),
    ('\u{153}', g(1863, 11, 7, 13, 1, -7)),
    ('\u{160}', g(1877, 6, 12, 9, 1, -12)),
    ('\u{161}', g(1889, 5, 10, 7, 1, -10)),
    ('\u{178}', g(1899, 8, 12, 10, 1, -12)),
    ('\u{17d}', g(1911, 7, 12, 9, 1, -12)),
    ('\u{17e}', g(1923, 6, 9, 8, 1, -9)),
    ('\u{192}', g(1932, 4, 12, 6, 1, -9)),
    ('\u{2c6}', g(1944, 4, 2, 6, 1, -10)),
    ('\u{2dc}', g(1946, 4, 2, 7, 1, -10)),
    ('\u{2013}', g(1948, 7, 1, 7, 0, -4)),
    ('\u{2014}', g(1949, 13, 1, 13, 0, -4)),
    ('\u{2018}', g(1951, 2, 3, 4, 1, -9)),
    ('\u{2019}', g(1954, 2, 4, 4, 1, -10)),
    ('\u{201a}', g(1958, 2, 4, 4, 1, -1)),
    ('\u{201c}', g(1962, 5, 3, 7, 1, -9)),
    ('\u{201d}', g(1965, 4, 4, 7, 1, -10)),
    ('\u{201e}', g(1969, 4, 4, 6, 1, -1)),
    ('\u{2020}', g(1973, 5, 7, 7, 1, -9)),
    ('\u{2021}', g(1980, 5, 9, 7, 1, -9)),
    ('\u{2022}', g(1989, 4, 4, 7, 1, -6)),
    ('\u{2026}', g(1993, 9, 2, 12, 1, -2)),
    ('\u{2030}', g(1997, 15, 9, 18, 2, -9)),
    ('\u{2039}', g(2015, 3, 6, 6, 1, -7)),
    ('\u{203a}', g(2021, 3, 6, 6, 1, -7)),
    ('\u{20ac}', g(2027, 7, 9, 9, 1, -9)),
    ('\u{2122}', g(2036, 6, 4, 9, 1, -10)),
];
const INTER_COMPACT_BODY_BITMAP: [u8; 2040] = [
    0x80, 0x80, 0x80, 0x80, 0x80, 0x80, 0x00, 0x80, 0x80, 0xA0, 0xA0, 0xA0, 0x12, 0x32, 0x7F, 0x26,
    0x24, 0xFE, 0x64, 0x64, 0x44, 0x10, 0x78, 0xFC, 0x90, 0xF0, 0x78, 0x1C, 0x94, 0xFC, 0x78, 0x10,
    0xE1, 0x00, 0xB2, 0x00, 0x92, 0x00, 0xF4, 0x00, 0x08, 0x00, 0x0B, 0x80, 0x12, 0x40, 0x22, 0xC0,
    0x23, 0x80, 0x30, 0x58, 0x48, 0x70, 0x70, 0xDA, 0x8E, 0xCE, 0x7E, 0x80, 0x80, 0x80, 0x40, 0x40,
    0xC0, 0xC0, 0x80, 0x80, 0x80, 0x80, 0x80, 0xC0, 0x40, 0x40, 0xC0, 0x40, 0x40, 0x60, 0x20, 0x20,
    0x20, 0x20, 0x60, 0x60, 0x40, 0xC0, 0x20, 0xF8, 0x70, 0xF8, 0x20, 0x10, 0x10, 0xFE, 0x10, 0x10,
    0x10, 0xC0, 0x80, 0x80, 0x80, 0xF0, 0x80, 0x80, 0x10, 0x10, 0x10, 0x30, 0x20, 0x20, 0x60, 0x40,
    0x40, 0x40, 0xC0, 0x38, 0x4C, 0xC6, 0x82, 0x82, 0x82, 0xC6, 0xC4, 0x38, 0x30, 0xF0, 0x10, 0x10,
    0x10, 0x10, 0x10, 0x10, 0x10, 0x78, 0xCC, 0x84, 0x0C, 0x08, 0x10, 0x20, 0x60, 0xFC, 0x78, 0xCC,
    0x04, 0x0C, 0x38, 0x0C, 0x04, 0xCC, 0x78, 0x0C, 0x1C, 0x14, 0x24, 0x64, 0x44, 0xFE, 0x04, 0x04,
    0xFC, 0xC0, 0x80, 0xF8, 0xCC, 0x04, 0x04, 0xCC, 0x78, 0x78, 0xCC, 0x80, 0xB8, 0xCC, 0x84, 0x84,
    0xCC, 0x78, 0xFC, 0x0C, 0x08, 0x18, 0x10, 0x30, 0x20, 0x60, 0x40, 0x78, 0xCC, 0x84, 0xCC, 0x78,
    0xCC, 0x84, 0xCC, 0x78, 0x78, 0xC8, 0x84, 0x84, 0xCC, 0x7C, 0x0C, 0xC8, 0x70, 0x80, 0x80, 0x00,
    0x00, 0x00, 0x80, 0x80, 0x40, 0x40, 0x00, 0x00, 0x00, 0x40, 0x40, 0x00, 0x80, 0x04, 0x1C, 0x60,
    0xC0, 0x70, 0x1C, 0x04, 0xFC, 0x00, 0x00, 0xFC, 0x80, 0xE0, 0x18, 0x0C, 0x38, 0xE0, 0x80, 0x78,
    0xCC, 0x04, 0x0C, 0x30, 0x20, 0x00, 0x20, 0x20, 0x1F, 0x00, 0x71, 0xC0, 0x40, 0x40, 0xCF, 0x60,
    0x9B, 0x20, 0x91, 0x20, 0x91, 0x20, 0x9B, 0x60, 0xCD, 0xC0, 0x40, 0x00, 0x70, 0x00, 0x1F, 0x00,
    0x1C, 0x00, 0x1C, 0x00, 0x14, 0x00, 0x36, 0x00, 0x22, 0x00, 0x7E, 0x00, 0x63, 0x00, 0x41, 0x00,
    0xC1, 0x80, 0xF8, 0x8C, 0x84, 0x8C, 0xF8, 0x8C, 0x84, 0x8C, 0xF8, 0x3C, 0x66, 0xC3, 0x80, 0x80,
    0x80, 0xC3, 0x66, 0x3C, 0xF8, 0x8C, 0x86, 0x82, 0x82, 0x82, 0x86, 0x8C, 0xF8, 0xFC, 0x80, 0x80,
    0x80, 0xF8, 0x80, 0x80, 0x80, 0xFC, 0xFC, 0x80, 0x80, 0x80, 0xF8, 0x80, 0x80, 0x80, 0x80, 0x3C,
    0x66, 0xC1, 0x80, 0x8F, 0x81, 0xC3, 0x66, 0x3C, 0x82, 0x82, 0x82, 0x82, 0xFE, 0x82, 0x82, 0x82,
    0x82, 0x80, 0x80, 0x80, 0x80, 0x80, 0x80, 0x80, 0x80, 0x80, 0x08, 0x08, 0x08, 0x08, 0x08, 0x08,
    0x88, 0xD8, 0x70, 0x86, 0x8C, 0x98, 0xB0, 0xF0, 0xD8, 0x88, 0x8C, 0x86, 0x80, 0x80, 0x80, 0x80,
    0x80, 0x80, 0x80, 0x80, 0xF8, 0xC1, 0x80, 0xC3, 0x80, 0xE3, 0x80, 0xA2, 0x80, 0xB6, 0x80, 0xB4,
    0x80, 0x94, 0x80, 0x9C, 0x80, 0x88, 0x80, 0xC2, 0xC2, 0xE2, 0xB2, 0x92, 0x9A, 0x8E, 0x86, 0x86,
    0x3C, 0x66, 0xC3, 0x81, 0x81, 0x81, 0xC3, 0x66, 0x3C, 0xF8, 0x8C, 0x84, 0x84, 0x8C, 0xF8, 0x80,
    0x80, 0x80, 0x3C, 0x66, 0xC3, 0x81, 0x81, 0x81, 0xCB, 0x6E, 0x3E, 0xF8, 0x8C, 0x84, 0x8C, 0xF8,
    0x98, 0x88, 0x8C, 0x84, 0x78, 0xCC, 0x80, 0xC0, 0x78, 0x0C, 0x84, 0xCC, 0x78, 0xFE, 0x10, 0x10,
    0x10, 0x10, 0x10, 0x10, 0x10, 0x10, 0x82, 0x82, 0x82, 0x82, 0x82, 0x82, 0x82, 0xC6, 0x78, 0x83,
    0x82, 0xC6, 0x46, 0x64, 0x6C, 0x28, 0x38, 0x18, 0xC2, 0x18, 0x47, 0x10, 0x67, 0x10, 0x65, 0x30,
    0x25, 0xA0, 0x2D, 0xA0, 0x38, 0xE0, 0x38, 0xE0, 0x18, 0xC0, 0x86, 0x44, 0x6C, 0x38, 0x38, 0x38,
    0x6C, 0xC6, 0x82, 0x82, 0xC6, 0x4C, 0x68, 0x38, 0x10, 0x10, 0x10, 0x10, 0xFE, 0x06, 0x0C, 0x18,
    0x10, 0x30, 0x60, 0xC0, 0xFE, 0xE0, 0x80, 0x80, 0x80, 0x80, 0x80, 0x80, 0x80, 0x80, 0x80, 0xE0,
    0xC0, 0x40, 0x40, 0x40, 0x60, 0x20, 0x20, 0x30, 0x10, 0x10, 0x10, 0xE0, 0x20, 0x20, 0x20, 0x20,
    0x20, 0x20, 0x20, 0x20, 0x20, 0xE0, 0x60, 0x60, 0xD0, 0x90, 0x90, 0xFC, 0xC0, 0x40, 0x78, 0xCC,
    0x0C, 0x7C, 0x84, 0xCC, 0x74, 0x80, 0x80, 0xB8, 0xCC, 0x84, 0x84, 0x84, 0xCC, 0xB8, 0x78, 0xCC,
    0x80, 0x80, 0x80, 0xCC, 0x78, 0x04, 0x04, 0x74, 0xCC, 0x84, 0x84, 0x84, 0xCC, 0x74, 0x78, 0xCC,
    0x84, 0xFC, 0x80, 0xCC, 0x78, 0x38, 0x20, 0xF8, 0x20, 0x20, 0x20, 0x20, 0x20, 0x20, 0x74, 0xCC,
    0x84, 0x84, 0x84, 0xCC, 0x74, 0x04, 0xCC, 0x78, 0x80, 0x80, 0xB8, 0xCC, 0x84, 0x84, 0x84, 0x84,
    0x84, 0x80, 0x00, 0x80, 0x80, 0x80, 0x80, 0x80, 0x80, 0x80, 0x40, 0x00, 0x40, 0x40, 0x40, 0x40,
    0x40, 0x40, 0x40, 0x40, 0xC0, 0x80, 0x80, 0x80, 0x88, 0x90, 0xA0, 0xE0, 0xB0, 0x98, 0x8C, 0x80,
    0x80, 0x80, 0x80, 0x80, 0x80, 0x80, 0x80, 0x80, 0xB3, 0x00, 0xDD, 0x80, 0x88, 0x80, 0x88, 0x80,
    0x88, 0x80, 0x88, 0x80, 0x88, 0x80, 0xF8, 0xCC, 0x84, 0x84, 0x84, 0x84, 0x84, 0x78, 0xCC, 0x84,
    0x84, 0x84, 0xCC, 0x78, 0xB8, 0xCC, 0x84, 0x84, 0x84, 0xCC, 0xB8, 0x80, 0x80, 0x80, 0x74, 0xCC,
    0x84, 0x84, 0x84, 0xCC, 0x74, 0x04, 0x04, 0x04, 0xB0, 0xC0, 0x80, 0x80, 0x80, 0x80, 0x80, 0x70,
    0xD8, 0x80, 0x70, 0x18, 0x98, 0x70, 0x40, 0x40, 0xF0, 0x40, 0x40, 0x40, 0x40, 0x40, 0x70, 0x84,
    0x84, 0x84, 0x84, 0x84, 0xCC, 0x74, 0xC6, 0x46, 0x64, 0x2C, 0x28, 0x38, 0x18, 0x88, 0x80, 0x98,
    0x80, 0xDD, 0x80, 0xD5, 0x00, 0x77, 0x00, 0x67, 0x00, 0x62, 0x00, 0x88, 0xD8, 0x70, 0x70, 0x70,
    0xD8, 0x88, 0xC2, 0x46, 0x64, 0x2C, 0x28, 0x38, 0x18, 0x10, 0x30, 0x60, 0xFC, 0x0C, 0x18, 0x30,
    0x60, 0x40, 0xFC, 0x18, 0x30, 0x20, 0x20, 0x20, 0xC0, 0x60, 0x20, 0x20, 0x20, 0x18, 0x80, 0x80,
    0x80, 0x80, 0x80, 0x80, 0x80, 0x80, 0x80, 0x80, 0x80, 0x80, 0x80, 0x80, 0x80, 0xC0, 0x60, 0x20,
    0x20, 0x20, 0x10, 0x30, 0x20, 0x20, 0x60, 0xC0, 0x64, 0x9C, 0x80, 0x80, 0x00, 0x80, 0x80, 0x80,
    0x80, 0x80, 0x80, 0x10, 0x78, 0xFC, 0x90, 0x90, 0x90, 0xD6, 0x7C, 0x10, 0x38, 0x64, 0x40, 0x40,
    0xF8, 0x40, 0x40, 0xC6, 0xFC, 0xFA, 0xCE, 0xC6, 0x82, 0x82, 0xC6, 0xCE, 0xBA, 0xC6, 0x44, 0x6C,
    0x38, 0x7C, 0x30, 0x7C, 0x10, 0x10, 0x80, 0x80, 0x80, 0x80, 0x00, 0x00, 0x00, 0x80, 0x80, 0x80,
    0x80, 0x70, 0x98, 0x80, 0x60, 0x88, 0xC4, 0xEC, 0x38, 0x18, 0x98, 0x70, 0x90, 0x3C, 0x00, 0x63,
    0x00, 0xDD, 0x80, 0xB7, 0x80, 0xA0, 0x80, 0xB4, 0x80, 0xDD, 0x80, 0x63, 0x00, 0x3E, 0x00, 0x70,
    0x18, 0x38, 0xC8, 0x98, 0xF8, 0x2C, 0x48, 0xD0, 0xD0, 0x48, 0x2C, 0xF8, 0x08, 0x08, 0x38, 0xCC,
    0xF6, 0xBA, 0xEE, 0xEC, 0x78, 0xF0, 0x60, 0xB0, 0x90, 0xE0, 0x10, 0x10, 0xFC, 0x10, 0x00, 0xFC,
    0x60, 0x90, 0x30, 0x40, 0xF0, 0xE0, 0x10, 0x60, 0x10, 0xE0, 0x40, 0x80, 0x84, 0x84, 0x84, 0x84,
    0x84, 0xCC, 0xF6, 0x80, 0x80, 0x80, 0x7C, 0xF4, 0xF4, 0xF4, 0x74, 0x34, 0x04, 0x04, 0x04, 0x80,
    0x80, 0x80, 0xC0, 0xC0, 0xC0, 0x40, 0x40, 0x40, 0x40, 0x70, 0x98, 0x88, 0x88, 0x98, 0x70, 0x90,
    0x58, 0x2C, 0x2C, 0x58, 0x90, 0xC1, 0x00, 0x42, 0x00, 0x44, 0x00, 0x4C, 0x00, 0x49, 0x80, 0x13,
    0x80, 0x22, 0x80, 0x67, 0xC0, 0x40, 0x80, 0xC1, 0x00, 0x42, 0x00, 0x44, 0x00, 0x4C, 0x00, 0x49,
    0x80, 0x10, 0x40, 0x20, 0x80, 0x61, 0x00, 0x43, 0xC0, 0x60, 0x80, 0xB1, 0x00, 0x33, 0x00, 0x62,
    0x00, 0x34, 0x00, 0x64, 0xC0, 0x09, 0xC0, 0x11, 0x40, 0x13, 0xE0, 0x20, 0x40, 0x20, 0x20, 0x00,
    0x20, 0x60, 0xC0, 0x80, 0x88, 0xD8, 0x70, 0x10, 0x00, 0x08, 0x00, 0x00, 0x00, 0x1C, 0x00, 0x1C,
    0x00, 0x14, 0x00, 0x36, 0x00, 0x22, 0x00, 0x7E, 0x00, 0x63, 0x00, 0x41, 0x00, 0xC1, 0x80, 0x04,
    0x00, 0x08, 0x00, 0x00, 0x00, 0x1C, 0x00, 0x1C, 0x00, 0x14, 0x00, 0x36, 0x00, 0x22, 0x00, 0x7E,
    0x00, 0x63, 0x00, 0x41, 0x00, 0xC1, 0x80, 0x1C, 0x00, 0x14, 0x00, 0x00, 0x00, 0x1C, 0x00, 0x1C,
    0x00, 0x14, 0x00, 0x36, 0x00, 0x22, 0x00, 0x7E, 0x00, 0x63, 0x00, 0x41, 0x00, 0xC1, 0x80, 0x1C,
    0x00, 0x1C, 0x00, 0x00, 0x00, 0x1C, 0x00, 0x1C, 0x00, 0x14, 0x00, 0x36, 0x00, 0x22, 0x00, 0x3E,
    0x00, 0x63, 0x00, 0x41, 0x00, 0xC1, 0x80, 0x14, 0x00, 0x00, 0x00, 0x00, 0x00, 0x08, 0x00, 0x1C,
    0x00, 0x14, 0x00, 0x34, 0x00, 0x22, 0x00, 0x3E, 0x00, 0x63, 0x00, 0x41, 0x00, 0xC1, 0x80, 0x1C,
    0x00, 0x1C, 0x00, 0x1C, 0x00, 0x00, 0x00, 0x08, 0x00, 0x18, 0x00, 0x14, 0x00, 0x34, 0x00, 0x22,
    0x00, 0x3E, 0x00, 0x63, 0x00, 0x41, 0x00, 0xC1, 0x80, 0x0F, 0xF0, 0x1A, 0x00, 0x12, 0x00, 0x32,
    0x00, 0x23, 0xE0, 0x7E, 0x00, 0x62, 0x00, 0xC2, 0x00, 0xC3, 0xF0, 0x3C, 0x66, 0xC3, 0x80, 0x80,
    0x80, 0xC3, 0x66, 0x3C, 0x08, 0x0C, 0x08, 0x60, 0x20, 0x00, 0xFC, 0x80, 0x80, 0x80, 0xF8, 0x80,
    0x80, 0x80, 0xFC, 0x10, 0x20, 0x00, 0xFC, 0x80, 0x80, 0x80, 0xF8, 0x80, 0x80, 0x80, 0xFC, 0x30,
    0x50, 0x00, 0xFC, 0x80, 0x80, 0x80, 0xF8, 0x80, 0x80, 0x80, 0xFC, 0x48, 0x00, 0x00, 0xFC, 0x80,
    0x80, 0x80, 0xFC, 0x80, 0x80, 0x80, 0xFC, 0x80, 0x40, 0x00, 0x40, 0x40, 0x40, 0x40, 0x40, 0x40,
    0x40, 0x40, 0x40, 0xC0, 0x80, 0x00, 0x80, 0x80, 0x80, 0x80, 0x80, 0x80, 0x80, 0x80, 0x80, 0xC0,
    0xA0, 0x00, 0x40, 0x40, 0x40, 0x40, 0x40, 0x40, 0x40, 0x40, 0x40, 0x90, 0x00, 0x00, 0x40, 0x40,
    0x40, 0x40, 0x40, 0x40, 0x40, 0x40, 0x40, 0x7C, 0x46, 0x43, 0x41, 0xF1, 0x41, 0x43, 0x46, 0x7C,
    0x38, 0x38, 0x00, 0xC2, 0xC2, 0xE2, 0xB2, 0x92, 0x9A, 0x8E, 0x86, 0x86, 0x10, 0x10, 0x00, 0x3C,
    0x66, 0xC3, 0x81, 0x81, 0x81, 0xC3, 0x66, 0x3C, 0x08, 0x08, 0x00, 0x3C, 0x66, 0xC3, 0x81, 0x81,
    0x81, 0xC3, 0x66, 0x3C, 0x18, 0x00, 0x00, 0x3C, 0x66, 0xC3, 0x81, 0x81, 0x81, 0xC3, 0x66, 0x3C,
    0x34, 0x28, 0x00, 0x3C, 0x66, 0xC3, 0x81, 0x81, 0x81, 0xC3, 0x66, 0x3C, 0x24, 0x00, 0x00, 0x3C,
    0x66, 0xC3, 0x81, 0x81, 0x81, 0xC3, 0x66, 0x3C, 0x98, 0x70, 0x70, 0xF0, 0x88, 0x3E, 0x66, 0xC7,
    0x89, 0x99, 0x91, 0xE3, 0x66, 0xFC, 0x20, 0x10, 0x00, 0x82, 0x82, 0x82, 0x82, 0x82, 0x82, 0x82,
    0xC6, 0x78, 0x18, 0x10, 0x00, 0x82, 0x82, 0x82, 0x82, 0x82, 0x82, 0x82, 0xC6, 0x78, 0x38, 0x00,
    0x00, 0x82, 0x82, 0x82, 0x82, 0x82, 0x82, 0x86, 0xCE, 0x78, 0x28, 0x00, 0x00, 0x82, 0x82, 0x82,
    0x82, 0x82, 0x82, 0x82, 0xC6, 0x78, 0x18, 0x10, 0x00, 0x82, 0xC6, 0x4C, 0x68, 0x38, 0x10, 0x10,
    0x10, 0x10, 0x80, 0x80, 0xF8, 0x8C, 0x84, 0x8C, 0xF8, 0x80, 0x80, 0x70, 0xD8, 0x88, 0x98, 0xB0,
    0x8C, 0x84, 0x8C, 0xB8, 0x60, 0x20, 0x00, 0x78, 0xCC, 0x0C, 0x7C, 0x84, 0xCC, 0x74, 0x18, 0x10,
    0x00, 0x78, 0xCC, 0x0C, 0x7C, 0x84, 0xCC, 0x74, 0x30, 0x48, 0x00, 0x78, 0xCC, 0x0C, 0x7C, 0x84,
    0xCC, 0x74, 0x68, 0x58, 0x00, 0x78, 0xCC, 0x0C, 0x7C, 0x84, 0xCC, 0x74, 0x48, 0x00, 0x78, 0xCC,
    0x0C, 0x7C, 0x84, 0xCC, 0x74, 0x38, 0x58, 0x30, 0x00, 0x78, 0xCC, 0x0C, 0x7C, 0x84, 0xCC, 0x74,
    0x7F, 0x80, 0xCE, 0x40, 0x0C, 0x60, 0x7F, 0xE0, 0xCE, 0x00, 0x8E, 0x40, 0x73, 0xC0, 0x78, 0xCC,
    0x80, 0x80, 0x80, 0xCC, 0x78, 0x10, 0x08, 0x10, 0x20, 0x20, 0x00, 0x78, 0xCC, 0x84, 0xFC, 0x80,
    0xCC, 0x78, 0x10, 0x10, 0x00, 0x78, 0xCC, 0x84, 0xFC, 0x80, 0xCC, 0x78, 0x30, 0x58, 0x00, 0x78,
    0xCC, 0x84, 0xFC, 0x80, 0xCC, 0x78, 0x48, 0x00, 0x78, 0xCC, 0x84, 0xFC, 0x80, 0xCC, 0x78, 0x80,
    0x40, 0x00, 0x40, 0x40, 0x40, 0x40, 0x40, 0x40, 0x40, 0x40, 0x80, 0x00, 0x80, 0x80, 0x80, 0x80,
    0x80, 0x80, 0x80, 0x40, 0xA0, 0x00, 0x40, 0x40, 0x40, 0x40, 0x40, 0x40, 0x40, 0x90, 0x00, 0x40,
    0x40, 0x40, 0x40, 0x40, 0x40, 0x40, 0x68, 0x30, 0x18, 0x78, 0xCC, 0x8C, 0x84, 0x84, 0xCC, 0x78,
    0x68, 0x58, 0x00, 0xF8, 0xCC, 0x84, 0x84, 0x84, 0x84, 0x84, 0x20, 0x20, 0x00, 0x78, 0xCC, 0x84,
    0x84, 0x84, 0xCC, 0x78, 0x10, 0x10, 0x00, 0x78, 0xCC, 0x84, 0x84, 0x84, 0xCC, 0x78, 0x30, 0x58,
    0x00, 0x78, 0xCC, 0x84, 0x84, 0x84, 0xCC, 0x78, 0x68, 0x50, 0x00, 0x78, 0xCC, 0x84, 0x84, 0x84,
    0xCC, 0x78, 0x48, 0x00, 0x78, 0xCC, 0x84, 0x84, 0x84, 0xCC, 0x78, 0x10, 0x10, 0x00, 0xFC, 0x00,
    0x10, 0x10, 0x7C, 0xCC, 0x9C, 0xA4, 0xE4, 0xCC, 0xF8, 0x60, 0x20, 0x00, 0x84, 0x84, 0x84, 0x84,
    0x84, 0xCC, 0x74, 0x10, 0x10, 0x00, 0x84, 0x84, 0x84, 0x84, 0x84, 0xCC, 0x74, 0x30, 0x48, 0x00,
    0x84, 0x84, 0x84, 0x84, 0x84, 0xCC, 0x74, 0x48, 0x00, 0x84, 0x84, 0x84, 0x84, 0x84, 0xCC, 0x74,
    0x08, 0x18, 0x00, 0xC2, 0x46, 0x64, 0x2C, 0x28, 0x38, 0x18, 0x10, 0x30, 0x60, 0x80, 0x80, 0xB8,
    0xCC, 0x84, 0x84, 0x84, 0xCC, 0xB8, 0x80, 0x80, 0x80, 0x48, 0x00, 0x84, 0x8C, 0xC8, 0x48, 0x78,
    0x70, 0x30, 0x30, 0x60, 0xC0, 0x3F, 0xF0, 0x62, 0x00, 0xC2, 0x00, 0x82, 0x00, 0x83, 0xE0, 0x82,
    0x00, 0xC2, 0x00, 0x62, 0x00, 0x3F, 0xF0, 0x7B, 0xC0, 0xCE, 0x60, 0x8C, 0x20, 0x8F, 0xE0, 0x8C,
    0x00, 0xCE, 0x60, 0x7B, 0xC0, 0x50, 0x30, 0x00, 0x78, 0xCC, 0x80, 0xC0, 0x78, 0x0C, 0x84, 0xCC,
    0x78, 0x50, 0x60, 0x00, 0x70, 0xD8, 0x80, 0x70, 0x18, 0x98, 0x70, 0x24, 0x00, 0x00, 0xC3, 0x46,
    0x64, 0x3C, 0x38, 0x10, 0x10, 0x10, 0x10, 0x28, 0x38, 0x00, 0xFE, 0x06, 0x0C, 0x18, 0x10, 0x30,
    0x60, 0xC0, 0xFE, 0x30, 0x00, 0xFC, 0x0C, 0x18, 0x30, 0x60, 0x40, 0xFC, 0x70, 0x40, 0xF0, 0x40,
    0x40, 0x40, 0x40, 0x40, 0x40, 0x40, 0xC0, 0x80, 0x60, 0xB0, 0xD0, 0xB0, 0xFE, 0xFF, 0xF8, 0x40,
    0x40, 0xC0, 0x40, 0xC0, 0x80, 0x80, 0xC0, 0x80, 0x80, 0x80, 0x58, 0x50, 0xD0, 0x50, 0xD0, 0x90,
    0x90, 0xD0, 0x90, 0xB0, 0xA0, 0x20, 0x20, 0xF8, 0x20, 0x20, 0x20, 0x20, 0x20, 0x20, 0xF8, 0x20,
    0xF8, 0x20, 0x20, 0x20, 0x20, 0x60, 0xF0, 0xF0, 0x60, 0x88, 0x80, 0x88, 0x80, 0xE1, 0x00, 0xB2,
    0x00, 0x92, 0x00, 0xF4, 0x00, 0x08, 0x00, 0x0B, 0x9C, 0x12, 0x52, 0x22, 0xD6, 0x23, 0x9C, 0x20,
    0x40, 0xC0, 0xC0, 0x40, 0x20, 0x80, 0x40, 0x20, 0x20, 0x40, 0x80, 0x1E, 0x22, 0x60, 0xFC, 0x40,
    0xF8, 0x60, 0x22, 0x1E, 0x24, 0xB4, 0xBC, 0xAC,
];
pub static INTER_COMPACT_BODY: BitmapFont = BitmapFont {
    glyphs: &INTER_COMPACT_BODY_GLYPHS,
    bitmap: &INTER_COMPACT_BODY_BITMAP,
    extra: &INTER_COMPACT_BODY_EXTRA,
    line_height: 18,
};

// INTER_COMPACT_HEADING: Inter SemiBold 18 px, line-height 24
const INTER_COMPACT_HEADING_GLYPHS: [Glyph; 95] = [
    g(0, 0, 0, 5, 0, 0),
    g(0, 2, 13, 6, 1, -13),
    g(13, 6, 5, 10, 2, -13),
    g(18, 11, 13, 12, 0, -13),
    g(44, 9, 16, 12, 1, -15),
    g(76, 15, 13, 19, 2, -13),
    g(102, 11, 13, 12, 1, -13),
    g(128, 2, 5, 6, 2, -13),
    g(133, 4, 16, 7, 2, -14),
    g(149, 4, 16, 7, 1, -14),
    g(165, 6, 7, 10, 1, -13),
    g(172, 10, 9, 13, 1, -10),
    g(190, 3, 5, 6, 1, -1),
    g(195, 6, 2, 9, 1, -7),
    g(197, 2, 3, 6, 1, -3),
    g(200, 6, 16, 7, 0, -14),
    g(216, 10, 13, 12, 1, -13),
    g(242, 5, 13, 8, 1, -13),
    g(255, 9, 13, 12, 1, -13),
    g(281, 10, 13, 12, 1, -13),
    g(307, 10, 13, 12, 1, -13),
    g(333, 9, 13, 12, 1, -13),
    g(359, 10, 13, 12, 1, -13),
    g(385, 9, 13, 11, 1, -13),
    g(411, 10, 13, 12, 1, -13),
    g(437, 10, 13, 12, 1, -13),
    g(463, 2, 10, 6, 1, -10),
    g(473, 3, 13, 6, 1, -9),
    g(486, 9, 9, 13, 1, -10),
    g(504, 8, 6, 13, 2, -8),
    g(510, 9, 10, 13, 2, -10),
    g(530, 8, 13, 10, 1, -13),
    g(543, 16, 17, 18, 1, -13),
    g(577, 11, 13, 14, 1, -13),
    g(603, 10, 13, 12, 1, -13),
    g(629, 11, 13, 14, 1, -13),
    g(655, 11, 13, 13, 1, -13),
    g(681, 9, 13, 11, 1, -13),
    g(707, 9, 13, 11, 1, -13),
    g(733, 11, 13, 14, 1, -13),
    g(759, 11, 13, 14, 1, -13),
    g(785, 2, 13, 5, 1, -13),
    g(798, 8, 13, 11, 1, -13),
    g(811, 11, 13, 13, 1, -13),
    g(837, 8, 13, 11, 1, -13),
    g(850, 14, 13, 17, 1, -13),
    g(876, 11, 13, 14, 1, -13),
    g(902, 12, 13, 14, 1, -13),
    g(928, 9, 13, 12, 1, -13),
    g(954, 12, 14, 14, 1, -13),
    g(982, 10, 13, 12, 1, -13),
    g(1008, 9, 13, 12, 1, -13),
    g(1034, 10, 13, 12, 1, -13),
    g(1060, 10, 13, 14, 1, -13),
    g(1086, 11, 13, 14, 1, -13),
    g(1112, 17, 13, 19, 1, -13),
    g(1151, 11, 13, 13, 1, -13),
    g(1177, 12, 13, 13, 0, -13),
    g(1203, 10, 13, 12, 1, -13),
    g(1229, 4, 17, 7, 2, -15),
    g(1246, 6, 16, 7, 0, -14),
    g(1262, 4, 17, 7, 1, -15),
    g(1279, 7, 6, 9, 1, -13),
    g(1285, 8, 2, 9, 0, 0),
    g(1287, 3, 3, 7, 2, -14),
    g(1290, 8, 10, 11, 1, -10),
    g(1300, 9, 13, 12, 1, -13),
    g(1326, 9, 10, 11, 1, -10),
    g(1346, 9, 13, 12, 1, -13),
    g(1372, 9, 10, 11, 1, -10),
    g(1392, 7, 13, 7, 1, -13),
    g(1405, 9, 14, 12, 1, -10),
    g(1433, 8, 13, 12, 1, -13),
    g(1446, 2, 14, 5, 1, -14),
    g(1460, 4, 18, 5, -1, -14),
    g(1478, 9, 13, 11, 1, -13),
    g(1504, 2, 13, 5, 1, -13),
    g(1517, 14, 10, 17, 1, -10),
    g(1537, 8, 10, 12, 1, -10),
    g(1547, 9, 10, 11, 1, -10),
    g(1567, 9, 14, 12, 1, -10),
    g(1595, 9, 14, 12, 1, -10),
    g(1623, 6, 10, 8, 1, -10),
    g(1633, 8, 10, 10, 1, -10),
    g(1643, 6, 13, 7, 0, -13),
    g(1656, 8, 10, 12, 1, -10),
    g(1666, 9, 10, 11, 1, -10),
    g(1686, 14, 10, 16, 1, -10),
    g(1706, 8, 10, 11, 1, -10),
    g(1716, 9, 14, 11, 1, -10),
    g(1744, 8, 10, 11, 1, -10),
    g(1754, 6, 16, 9, 1, -13),
    g(1770, 2, 22, 7, 2, -18),
    g(1792, 7, 16, 9, 1, -13),
    g(1808, 9, 4, 13, 1, -7),
];
const INTER_COMPACT_HEADING_EXTRA: [(char, Glyph); 123] = [
    ('\u{a0}', g(0, 0, 0, 5, 0, 0)),
    ('\u{a1}', g(1816, 2, 13, 6, 1, -10)),
    ('\u{a2}', g(1829, 8, 13, 11, 1, -13)),
    ('\u{a3}', g(1842, 10, 13, 12, 0, -13)),
    ('\u{a4}', g(1868, 11, 11, 14, 1, -11)),
    ('\u{a5}', g(1890, 9, 13, 11, 1, -13)),
    ('\u{a6}', g(1916, 2, 16, 6, 2, -13)),
    ('\u{a7}', g(1932, 8, 16, 11, 1, -13)),
    ('\u{a8}', g(1948, 6, 2, 12, 2, -13)),
    ('\u{a9}', g(1950, 14, 14, 17, 1, -14)),
    ('\u{aa}', g(1978, 7, 8, 9, 1, -14)),
    ('\u{ab}', g(1986, 9, 8, 12, 1, -10)),
    ('\u{ac}', g(2002, 8, 5, 13, 2, -7)),
    ('\u{ad}', g(0, 0, 0, 0, 0, 0)),
    ('\u{ae}', g(2007, 10, 11, 12, 1, -14)),
    ('\u{af}', g(2029, 5, 2, 9, 2, -14)),
    ('\u{b0}', g(2031, 6, 6, 9, 1, -13)),
    ('\u{b1}', g(2037, 9, 10, 13, 2, -10)),
    ('\u{b2}', g(2057, 6, 8, 9, 1, -16)),
    ('\u{b3}', g(2065, 6, 8, 9, 1, -16)),
    ('\u{b4}', g(2073, 3, 3, 7, 2, -14)),
    ('\u{b5}', g(2076, 9, 14, 12, 1, -10)),
    ('\u{b6}', g(2104, 9, 13, 11, 1, -13)),
    ('\u{b7}', g(2130, 2, 3, 6, 1, -8)),
    ('\u{b8}', g(2133, 3, 4, 6, 1, 0)),
    ('\u{b9}', g(2137, 4, 8, 6, 1, -16)),
    ('\u{ba}', g(2145, 8, 8, 9, 1, -14)),
    ('\u{bb}', g(2153, 9, 8, 12, 1, -10)),
    ('\u{bc}', g(2169, 13, 13, 15, 1, -13)),
    ('\u{bd}', g(2195, 13, 13, 16, 1, -13)),
    ('\u{be}', g(2221, 15, 14, 17, 1, -14)),
    ('\u{bf}', g(2249, 8, 14, 10, 1, -10)),
    ('\u{c0}', g(2263, 11, 17, 14, 1, -17)),
    ('\u{c1}', g(2297, 11, 17, 14, 1, -17)),
    ('\u{c2}', g(2331, 11, 17, 14, 1, -17)),
    ('\u{c3}', g(2365, 11, 17, 14, 1, -17)),
    ('\u{c4}', g(2399, 11, 17, 14, 1, -17)),
    ('\u{c5}', g(2433, 12, 18, 14, 0, -18)),
    ('\u{c6}', g(2469, 17, 13, 19, 0, -13)),
    ('\u{c7}', g(2508, 11, 17, 14, 1, -13)),
    ('\u{c8}', g(2542, 9, 17, 11, 1, -17)),
    ('\u{c9}', g(2576, 9, 17, 11, 1, -17)),
    ('\u{ca}', g(2610, 9, 17, 11, 1, -17)),
    ('\u{cb}', g(2644, 9, 17, 11, 1, -17)),
    ('\u{cc}', g(2678, 3, 17, 5, 0, -17)),
    ('\u{cd}', g(2695, 3, 17, 5, 1, -17)),
    ('\u{ce}', g(2712, 5, 17, 5, 0, -17)),
    ('\u{cf}', g(2729, 6, 17, 5, -1, -17)),
    ('\u{d0}', g(2746, 13, 13, 14, 0, -13)),
    ('\u{d1}', g(2772, 11, 17, 14, 1, -17)),
    ('\u{d2}', g(2806, 12, 17, 14, 1, -17)),
    ('\u{d3}', g(2840, 12, 17, 14, 1, -17)),
    ('\u{d4}', g(2874, 12, 17, 14, 1, -17)),
    ('\u{d5}', g(2908, 12, 17, 14, 1, -17)),
    ('\u{d6}', g(2942, 12, 17, 14, 1, -17)),
    ('\u{d7}', g(2976, 8, 8, 13, 2, -9)),
    ('\u{d8}', g(2984, 12, 13, 14, 1, -13)),
    ('\u{d9}', g(3010, 10, 17, 14, 1, -17)),
    ('\u{da}', g(3044, 10, 17, 14, 1, -17)),
    ('\u{db}', g(3078, 10, 18, 14, 1, -18)),
    ('\u{dc}', g(3114, 10, 17, 14, 1, -17)),
    ('\u{dd}', g(3148, 12, 17, 13, 0, -17)),
    ('\u{de}', g(3182, 9, 13, 12, 1, -13)),
    ('\u{df}', g(3208, 9, 13, 12, 1, -13)),
    ('\u{e0}', g(3234, 8, 14, 11, 1, -14)),
    ('\u{e1}', g(3248, 8, 14, 11, 1, -14)),
    ('\u{e2}', g(3262, 8, 14, 11, 1, -14)),
    ('\u{e3}', g(3276, 8, 13, 11, 1, -13)),
    ('\u{e4}', g(3289, 8, 13, 11, 1, -13)),
    ('\u{e5}', g(3302, 8, 15, 11, 1, -15)),
    ('\u{e6}', g(3317, 15, 10, 17, 1, -10)),
    ('\u{e7}', g(3337, 9, 13, 11, 1, -10)),
    ('\u{e8}', g(3363, 9, 14, 11, 1, -14)),
    ('\u{e9}', g(3391, 9, 14, 11, 1, -14)),
    ('\u{ea}', g(3419, 9, 14, 11, 1, -14)),
    ('\u{eb}', g(3447, 9, 13, 11, 1, -13)),
    ('\u{ec}', g(3473, 3, 14, 5, 0, -14)),
    ('\u{ed}', g(3487, 3, 14, 5, 1, -14)),
    ('\u{ee}', g(3501, 6, 14, 5, -1, -14)),
    ('\u{ef}', g(3515, 6, 13, 5, -1, -13)),
    ('\u{f0}', g(3528, 9, 14, 11, 1, -14)),
    ('\u{f1}', g(3556, 8, 13, 12, 1, -13)),
    ('\u{f2}', g(3569, 9, 14, 11, 1, -14)),
    ('\u{f3}', g(3597, 9, 14, 11, 1, -14)),
    ('\u{f4}', g(3625, 9, 14, 11, 1, -14)),
    ('\u{f5}', g(3653, 9, 13, 11, 1, -13)),
    ('\u{f6}', g(3679, 9, 13, 11, 1, -13)),
    ('\u{f7}', g(3705, 9, 10, 13, 2, -10)),
    ('\u{f8}', g(3725, 9, 10, 11, 1, -10)),
    ('\u{f9}', g(3745, 8, 14, 12, 1, -14)),
    ('\u{fa}', g(3759, 8, 14, 12, 1, -14)),
    ('\u{fb}', g(3773, 8, 14, 12, 1, -14)),
    ('\u{fc}', g(3787, 8, 13, 12, 1, -13)),
    ('\u{fd}', g(3800, 9, 18, 11, 1, -14)),
    ('\u{fe}', g(3836, 9, 17, 12, 1, -13)),
    ('\u{ff}', g(3870, 10, 17, 11, 0, -13)),
    ('\u{152}', g(3904, 17, 13, 19, 1, -13)),
    ('\u{153}', g(3943, 16, 10, 18, 1, -10)),
    ('\u{160}', g(3963, 9, 18, 12, 1, -18)),
    ('\u{161}', g(3999, 8, 14, 10, 1, -14)),
    ('\u{178}', g(4013, 12, 17, 13, 0, -17)),
    ('\u{17d}', g(4047, 10, 17, 12, 1, -17)),
    ('\u{17e}', g(4081, 8, 14, 11, 1, -14)),
    ('\u{192}', g(4095, 7, 17, 8, 1, -13)),
    ('\u{2c6}', g(4112, 6, 2, 8, 1, -13)),
    ('\u{2dc}', g(4114, 6, 2, 10, 2, -14)),
    ('\u{2013}', g(4116, 9, 2, 9, 0, -7)),
    ('\u{2014}', g(4120, 18, 2, 18, 0, -7)),
    ('\u{2018}', g(4126, 2, 5, 6, 2, -13)),
    ('\u{2019}', g(4131, 2, 5, 6, 2, -13)),
    ('\u{201a}', g(4136, 3, 5, 5, 1, -1)),
    ('\u{201c}', g(4141, 6, 5, 10, 2, -13)),
    ('\u{201d}', g(4146, 6, 5, 10, 2, -13)),
    ('\u{201e}', g(4151, 7, 5, 9, 1, -1)),
    ('\u{2020}', g(4156, 8, 9, 10, 1, -13)),
    ('\u{2021}', g(4165, 8, 13, 10, 1, -13)),
    ('\u{2022}', g(4178, 6, 6, 10, 2, -8)),
    ('\u{2026}', g(4184, 14, 3, 18, 1, -3)),
    ('\u{2030}', g(4190, 21, 13, 25, 2, -13)),
    ('\u{2039}', g(4229, 5, 8, 8, 1, -10)),
    ('\u{203a}', g(4237, 5, 8, 8, 1, -10)),
    ('\u{20ac}', g(4245, 10, 13, 13, 1, -13)),
    ('\u{2122}', g(4271, 9, 5, 12, 1, -13)),
];
const INTER_COMPACT_HEADING_BITMAP: [u8; 4281] = [
    0xC0, 0xC0, 0xC0, 0xC0, 0xC0, 0xC0, 0xC0, 0xC0, 0xC0, 0x00, 0xC0, 0xC0, 0xC0, 0xCC, 0xCC, 0xCC,
    0xCC, 0xCC, 0x08, 0xC0, 0x18, 0xC0, 0x18, 0xC0, 0x7F, 0xE0, 0x7F, 0xE0, 0x19, 0x80, 0x11, 0x80,
    0x31, 0x80, 0xFF, 0xE0, 0xFF, 0xC0, 0x31, 0x00, 0x33, 0x00, 0x23, 0x00, 0x08, 0x00, 0x08, 0x00,
    0x3E, 0x00, 0x7F, 0x00, 0xEB, 0x80, 0xC9, 0x80, 0xE8, 0x00, 0x78, 0x00, 0x3F, 0x00, 0x0F, 0x80,
    0x09, 0x80, 0xC9, 0x80, 0xEB, 0x80, 0xFF, 0x00, 0x3E, 0x00, 0x08, 0x00, 0x78, 0x10, 0xFC, 0x30,
    0xCC, 0x60, 0xCC, 0x40, 0xF8, 0xC0, 0x71, 0x80, 0x01, 0x00, 0x03, 0x3C, 0x06, 0x6E, 0x0C, 0x66,
    0x08, 0x66, 0x18, 0x7E, 0x30, 0x3C, 0x1C, 0x00, 0x3F, 0x00, 0x77, 0x00, 0x63, 0x00, 0x76, 0x00,
    0x3E, 0x00, 0x3C, 0x00, 0x7C, 0xC0, 0xEF, 0xC0, 0xC7, 0xC0, 0xE3, 0x80, 0x7F, 0xC0, 0x3E, 0xE0,
    0xC0, 0xC0, 0xC0, 0xC0, 0xC0, 0x30, 0x70, 0x60, 0x60, 0x60, 0xE0, 0xE0, 0xC0, 0xC0, 0xC0, 0xE0,
    0xE0, 0x60, 0x60, 0x70, 0x30, 0xC0, 0x60, 0x60, 0x70, 0x70, 0x30, 0x30, 0x30, 0x30, 0x30, 0x30,
    0x30, 0x70, 0x60, 0x60, 0xC0, 0x10, 0x14, 0xFC, 0x38, 0xFC, 0x14, 0x10, 0x0C, 0x00, 0x0C, 0x00,
    0x0C, 0x00, 0x7F, 0x80, 0xFF, 0xC0, 0x0C, 0x00, 0x0C, 0x00, 0x0C, 0x00, 0x0C, 0x00, 0x60, 0x60,
    0xC0, 0xC0, 0xC0, 0xFC, 0xFC, 0x40, 0xC0, 0xC0, 0x0C, 0x0C, 0x0C, 0x0C, 0x18, 0x18, 0x18, 0x18,
    0x30, 0x30, 0x30, 0x60, 0x60, 0x60, 0x60, 0xC0, 0x1E, 0x00, 0x3F, 0x00, 0x73, 0x80, 0xE1, 0xC0,
    0xE1, 0xC0, 0xC0, 0xC0, 0xC0, 0xC0, 0xC0, 0xC0, 0xE1, 0xC0, 0xE1, 0xC0, 0x73, 0x80, 0x3F, 0x00,
    0x1E, 0x00, 0x38, 0x78, 0xD8, 0x98, 0x18, 0x18, 0x18, 0x18, 0x18, 0x18, 0x18, 0x18, 0x18, 0x3E,
    0x00, 0x7F, 0x00, 0xE3, 0x80, 0xC1, 0x80, 0x01, 0x80, 0x03, 0x80, 0x07, 0x00, 0x0E, 0x00, 0x1C,
    0x00, 0x38, 0x00, 0x70, 0x00, 0xFF, 0x80, 0xFF, 0x80, 0x3E, 0x00, 0x7F, 0x80, 0xE1, 0x80, 0x01,
    0x80, 0x03, 0x80, 0x0F, 0x00, 0x1F, 0x00, 0x01, 0x80, 0x00, 0xC0, 0xC0, 0xC0, 0xE1, 0xC0, 0x7F,
    0x80, 0x3F, 0x00, 0x07, 0x00, 0x0F, 0x00, 0x0F, 0x00, 0x1F, 0x00, 0x1B, 0x00, 0x33, 0x00, 0x33,
    0x00, 0x63, 0x00, 0xE3, 0x00, 0xFF, 0xC0, 0xFF, 0xC0, 0x03, 0x00, 0x03, 0x00, 0x7F, 0x80, 0x7F,
    0x80, 0x60, 0x00, 0x60, 0x00, 0xEE, 0x00, 0xFF, 0x00, 0x63, 0x80, 0x01, 0x80, 0x01, 0x80, 0xC1,
    0x80, 0xE3, 0x80, 0x7F, 0x00, 0x3E, 0x00, 0x1F, 0x00, 0x3F, 0x80, 0x71, 0xC0, 0x60, 0x00, 0xCE,
    0x00, 0xFF, 0x80, 0xF1, 0xC0, 0xE1, 0xC0, 0xE0, 0xC0, 0xE1, 0xC0, 0x71, 0xC0, 0x7F, 0x80, 0x1E,
    0x00, 0xFF, 0x80, 0xFF, 0x80, 0x03, 0x80, 0x03, 0x00, 0x07, 0x00, 0x06, 0x00, 0x0E, 0x00, 0x0C,
    0x00, 0x1C, 0x00, 0x18, 0x00, 0x38, 0x00, 0x30, 0x00, 0x70, 0x00, 0x1E, 0x00, 0x7F, 0x80, 0x61,
    0x80, 0x61, 0x80, 0x61, 0x80, 0x3F, 0x00, 0x3F, 0x00, 0x61, 0x80, 0xC0, 0xC0, 0xC0, 0xC0, 0xE1,
    0xC0, 0x7F, 0x80, 0x3F, 0x00, 0x1E, 0x00, 0x7F, 0x00, 0xE1, 0x80, 0xC1, 0xC0, 0xC1, 0xC0, 0xE1,
    0xC0, 0x7F, 0xC0, 0x3C, 0xC0, 0x01, 0xC0, 0xE1, 0x80, 0x63, 0x80, 0x7F, 0x00, 0x1E, 0x00, 0x40,
    0xC0, 0xC0, 0x00, 0x00, 0x00, 0x00, 0x40, 0xC0, 0xC0, 0x20, 0x60, 0x60, 0x00, 0x00, 0x00, 0x00,
    0x00, 0x60, 0x60, 0x40, 0x40, 0xC0, 0x01, 0x00, 0x07, 0x80, 0x1F, 0x00, 0x78, 0x00, 0xE0, 0x00,
    0xF0, 0x00, 0x3C, 0x00, 0x0F, 0x00, 0x03, 0x80, 0xFF, 0xFF, 0x00, 0x00, 0xFF, 0xFF, 0x80, 0x00,
    0xF0, 0x00, 0x7C, 0x00, 0x1F, 0x00, 0x07, 0x80, 0x07, 0x00, 0x3E, 0x00, 0xF8, 0x00, 0xE0, 0x00,
    0x80, 0x00, 0x3C, 0x7F, 0xE3, 0xC3, 0x03, 0x0E, 0x1C, 0x18, 0x18, 0x00, 0x18, 0x18, 0x18, 0x07,
    0xE0, 0x1F, 0xF8, 0x38, 0x1C, 0x70, 0x06, 0x63, 0xB7, 0xE7, 0xF3, 0xEE, 0x73, 0xCC, 0x33, 0xCC,
    0x33, 0xCC, 0x33, 0xEE, 0x73, 0xEF, 0xFE, 0x63, 0x9C, 0x70, 0x00, 0x3C, 0x00, 0x1F, 0xF0, 0x07,
    0xF0, 0x0E, 0x00, 0x1E, 0x00, 0x1F, 0x00, 0x1B, 0x00, 0x3B, 0x80, 0x33, 0x80, 0x31, 0x80, 0x71,
    0xC0, 0x7F, 0xC0, 0x7F, 0xC0, 0xE0, 0xE0, 0xC0, 0x60, 0xC0, 0x60, 0xFF, 0x00, 0xFF, 0x80, 0xC1,
    0x80, 0xC1, 0x80, 0xC3, 0x80, 0xFF, 0x00, 0xFF, 0x80, 0xC1, 0xC0, 0xC0, 0xC0, 0xC0, 0xC0, 0xC1,
    0xC0, 0xFF, 0x80, 0xFF, 0x00, 0x0F, 0x00, 0x3F, 0xC0, 0x70, 0xE0, 0x60, 0x60, 0xE0, 0x00, 0xC0,
    0x00, 0xC0, 0x00, 0xC0, 0x00, 0xE0, 0x00, 0x60, 0x60, 0x70, 0xE0, 0x3F, 0xC0, 0x0F, 0x00, 0xFE,
    0x00, 0xFF, 0x80, 0xC1, 0xC0, 0xC0, 0xC0, 0xC0, 0xE0, 0xC0, 0x60, 0xC0, 0x60, 0xC0, 0x60, 0xC0,
    0xE0, 0xC0, 0xC0, 0xC1, 0xC0, 0xFF, 0x80, 0xFE, 0x00, 0xFF, 0x80, 0xFF, 0x00, 0xC0, 0x00, 0xC0,
    0x00, 0xC0, 0x00, 0xFF, 0x00, 0xFF, 0x00, 0xC0, 0x00, 0xC0, 0x00, 0xC0, 0x00, 0xC0, 0x00, 0xFF,
    0x00, 0xFF, 0x80, 0xFF, 0x80, 0xFF, 0x00, 0xC0, 0x00, 0xC0, 0x00, 0xC0, 0x00, 0xC0, 0x00, 0xFF,
    0x00, 0xFF, 0x00, 0xC0, 0x00, 0xC0, 0x00, 0xC0, 0x00, 0xC0, 0x00, 0xC0, 0x00, 0x0F, 0x00, 0x3F,
    0xC0, 0x70, 0xE0, 0x60, 0x60, 0xE0, 0x00, 0xC0, 0x00, 0xC3, 0xE0, 0xC3, 0xE0, 0xE0, 0x60, 0x60,
    0x60, 0x70, 0xE0, 0x3F, 0xC0, 0x1F, 0x00, 0xC0, 0x60, 0xC0, 0x60, 0xC0, 0x60, 0xC0, 0x60, 0xC0,
    0x60, 0xFF, 0xE0, 0xFF, 0xE0, 0xC0, 0x60, 0xC0, 0x60, 0xC0, 0x60, 0xC0, 0x60, 0xC0, 0x60, 0xC0,
    0x60, 0xC0, 0xC0, 0xC0, 0xC0, 0xC0, 0xC0, 0xC0, 0xC0, 0xC0, 0xC0, 0xC0, 0xC0, 0xC0, 0x03, 0x03,
    0x03, 0x03, 0x03, 0x03, 0x03, 0x03, 0xC3, 0xC3, 0xE3, 0x7F, 0x3C, 0xC1, 0xC0, 0xC1, 0x80, 0xC3,
    0x80, 0xC7, 0x00, 0xCE, 0x00, 0xDC, 0x00, 0xFC, 0x00, 0xFE, 0x00, 0xE7, 0x00, 0xC3, 0x00, 0xC3,
    0x80, 0xC1, 0xC0, 0xC0, 0xE0, 0xC0, 0xC0, 0xC0, 0xC0, 0xC0, 0xC0, 0xC0, 0xC0, 0xC0, 0xC0, 0xC0,
    0xFF, 0xFF, 0xF0, 0x3C, 0xF0, 0x3C, 0xF8, 0x7C, 0xF8, 0x7C, 0xD8, 0x6C, 0xDC, 0xEC, 0xCC, 0xCC,
    0xCC, 0xCC, 0xCF, 0xCC, 0xC7, 0x8C, 0xC7, 0x8C, 0xC7, 0x8C, 0xC3, 0x0C, 0xE0, 0x60, 0xF0, 0x60,
    0xF0, 0x60, 0xF8, 0x60, 0xD8, 0x60, 0xCC, 0x60, 0xCE, 0x60, 0xC6, 0x60, 0xC3, 0x60, 0xC3, 0xE0,
    0xC1, 0xE0, 0xC1, 0xE0, 0xC0, 0xE0, 0x0F, 0x00, 0x3F, 0xC0, 0x70, 0xE0, 0x60, 0x60, 0xE0, 0x70,
    0xC0, 0x30, 0xC0, 0x30, 0xC0, 0x30, 0xE0, 0x70, 0x60, 0x60, 0x70, 0xE0, 0x3F, 0xC0, 0x0F, 0x00,
    0xFE, 0x00, 0xFF, 0x00, 0xC3, 0x80, 0xC1, 0x80, 0xC1, 0x80, 0xC1, 0x80, 0xC3, 0x80, 0xFF, 0x00,
    0xFE, 0x00, 0xC0, 0x00, 0xC0, 0x00, 0xC0, 0x00, 0xC0, 0x00, 0x0F, 0x00, 0x3F, 0xC0, 0x70, 0xE0,
    0x60, 0x60, 0xE0, 0x70, 0xC0, 0x30, 0xC0, 0x30, 0xC0, 0x30, 0xE2, 0x70, 0x63, 0x60, 0x71, 0xE0,
    0x3F, 0xC0, 0x0F, 0xE0, 0x00, 0x60, 0xFE, 0x00, 0xFF, 0x00, 0xC3, 0x80, 0xC1, 0x80, 0xC1, 0x80,
    0xC3, 0x80, 0xFF, 0x00, 0xFE, 0x00, 0xC6, 0x00, 0xC7, 0x00, 0xC3, 0x80, 0xC3, 0x80, 0xC1, 0xC0,
    0x3E, 0x00, 0x7F, 0x00, 0xE3, 0x80, 0xC1, 0x80, 0xE0, 0x00, 0x78, 0x00, 0x3F, 0x00, 0x07, 0x80,
    0x01, 0x80, 0xC1, 0x80, 0xE3, 0x80, 0xFF, 0x00, 0x3E, 0x00, 0xFF, 0xC0, 0xFF, 0xC0, 0x0C, 0x00,
    0x0C, 0x00, 0x0C, 0x00, 0x0C, 0x00, 0x0C, 0x00, 0x0C, 0x00, 0x0C, 0x00, 0x0C, 0x00, 0x0C, 0x00,
    0x0C, 0x00, 0x0C, 0x00, 0xC0, 0xC0, 0xC0, 0xC0, 0xC0, 0xC0, 0xC0, 0xC0, 0xC0, 0xC0, 0xC0, 0xC0,
    0xC0, 0xC0, 0xC0, 0xC0, 0xC0, 0xC0, 0xE0, 0xC0, 0x61, 0xC0, 0x7F, 0x80, 0x1F, 0x00, 0xC0, 0x60,
    0xE0, 0x60, 0xE0, 0xE0, 0x60, 0xC0, 0x70, 0xC0, 0x71, 0xC0, 0x31, 0x80, 0x39, 0x80, 0x3B, 0x80,
    0x1B, 0x00, 0x1F, 0x00, 0x0F, 0x00, 0x0E, 0x00, 0xC1, 0xC3, 0x80, 0xC1, 0xC3, 0x80, 0xE3, 0xC3,
    0x00, 0xE3, 0xC3, 0x00, 0x63, 0xE7, 0x00, 0x63, 0x66, 0x00, 0x76, 0x66, 0x00, 0x76, 0x66, 0x00,
    0x36, 0x7E, 0x00, 0x3E, 0x3C, 0x00, 0x3C, 0x3C, 0x00, 0x1C, 0x3C, 0x00, 0x1C, 0x1C, 0x00, 0xE0,
    0xE0, 0x70, 0xC0, 0x31, 0xC0, 0x3B, 0x80, 0x1F, 0x00, 0x0F, 0x00, 0x0E, 0x00, 0x0F, 0x00, 0x1B,
    0x80, 0x39, 0x80, 0x71, 0xC0, 0x60, 0xE0, 0xE0, 0x60, 0xE0, 0x70, 0x70, 0x60, 0x30, 0xE0, 0x39,
    0xC0, 0x19, 0x80, 0x1F, 0x80, 0x0F, 0x00, 0x07, 0x00, 0x06, 0x00, 0x06, 0x00, 0x06, 0x00, 0x06,
    0x00, 0x06, 0x00, 0xFF, 0xC0, 0xFF, 0xC0, 0x01, 0x80, 0x03, 0x00, 0x07, 0x00, 0x0E, 0x00, 0x0C,
    0x00, 0x1C, 0x00, 0x38, 0x00, 0x30, 0x00, 0x60, 0x00, 0xFF, 0xC0, 0xFF, 0xC0, 0xF0, 0xF0, 0xC0,
    0xC0, 0xC0, 0xC0, 0xC0, 0xC0, 0xC0, 0xC0, 0xC0, 0xC0, 0xC0, 0xC0, 0xC0, 0xF0, 0xF0, 0xC0, 0x60,
    0x60, 0x60, 0x60, 0x30, 0x30, 0x30, 0x18, 0x18, 0x18, 0x18, 0x0C, 0x0C, 0x0C, 0x0C, 0xF0, 0xF0,
    0x30, 0x30, 0x30, 0x30, 0x30, 0x30, 0x30, 0x30, 0x30, 0x30, 0x30, 0x30, 0x30, 0xF0, 0xF0, 0x38,
    0x38, 0x68, 0x6C, 0xC4, 0xC6, 0xFF, 0xFF, 0xC0, 0xC0, 0x60, 0x3E, 0x7F, 0x63, 0x03, 0x3F, 0x7B,
    0xC3, 0xE7, 0xFF, 0x7B, 0xC0, 0x00, 0xC0, 0x00, 0xC0, 0x00, 0xCE, 0x00, 0xFF, 0x00, 0xE3, 0x80,
    0xE1, 0x80, 0xC1, 0x80, 0xC1, 0x80, 0xE1, 0x80, 0xE3, 0x80, 0xFF, 0x00, 0xCE, 0x00, 0x1E, 0x00,
    0x7F, 0x00, 0x63, 0x80, 0xE0, 0x00, 0xC0, 0x00, 0xC0, 0x00, 0xE0, 0x00, 0x63, 0x80, 0x7F, 0x00,
    0x1E, 0x00, 0x01, 0x80, 0x01, 0x80, 0x01, 0x80, 0x3D, 0x80, 0x7F, 0x80, 0xE3, 0x80, 0xE1, 0x80,
    0xC1, 0x80, 0xC1, 0x80, 0xE1, 0x80, 0xE3, 0x80, 0x7F, 0x80, 0x3D, 0x80, 0x1E, 0x00, 0x7F, 0x00,
    0x63, 0x80, 0xC1, 0x80, 0xFF, 0x80, 0xFF, 0x80, 0xE0, 0x00, 0x61, 0x80, 0x7F, 0x80, 0x1E, 0x00,
    0x1E, 0x38, 0x30, 0xFE, 0xFC, 0x30, 0x30, 0x30, 0x30, 0x30, 0x30, 0x30, 0x30, 0x3D, 0x80, 0x7F,
    0x80, 0x63, 0x80, 0xE1, 0x80, 0xC1, 0x80, 0xC1, 0x80, 0xE1, 0x80, 0xE3, 0x80, 0x7F, 0x80, 0x3D,
    0x80, 0x01, 0x80, 0x63, 0x80, 0x7F, 0x00, 0x3E, 0x00, 0xC0, 0xC0, 0xC0, 0xCE, 0xFF, 0xE7, 0xC3,
    0xC3, 0xC3, 0xC3, 0xC3, 0xC3, 0xC3, 0x40, 0xC0, 0xC0, 0x00, 0xC0, 0xC0, 0xC0, 0xC0, 0xC0, 0xC0,
    0xC0, 0xC0, 0xC0, 0xC0, 0x10, 0x30, 0x30, 0x00, 0x30, 0x30, 0x30, 0x30, 0x30, 0x30, 0x30, 0x30,
    0x30, 0x30, 0x30, 0x30, 0x70, 0xE0, 0xC0, 0x00, 0xC0, 0x00, 0xC0, 0x00, 0xC3, 0x00, 0xC6, 0x00,
    0xCE, 0x00, 0xDC, 0x00, 0xF8, 0x00, 0xFC, 0x00, 0xEC, 0x00, 0xCE, 0x00, 0xC7, 0x00, 0xC3, 0x80,
    0xC0, 0xC0, 0xC0, 0xC0, 0xC0, 0xC0, 0xC0, 0xC0, 0xC0, 0xC0, 0xC0, 0xC0, 0xC0, 0xDC, 0x70, 0xFE,
    0xF8, 0xE7, 0x1C, 0xC3, 0x1C, 0xC3, 0x1C, 0xC3, 0x1C, 0xC3, 0x1C, 0xC3, 0x1C, 0xC3, 0x1C, 0xC3,
    0x1C, 0xDE, 0xFF, 0xE7, 0xC3, 0xC3, 0xC3, 0xC3, 0xC3, 0xC3, 0xC3, 0x1E, 0x00, 0x7F, 0x00, 0x63,
    0x80, 0xE1, 0x80, 0xC1, 0x80, 0xC1, 0x80, 0xE1, 0x80, 0x63, 0x80, 0x7F, 0x00, 0x1E, 0x00, 0xCE,
    0x00, 0xFF, 0x00, 0xE3, 0x80, 0xE1, 0x80, 0xC1, 0x80, 0xC1, 0x80, 0xE1, 0x80, 0xE3, 0x80, 0xFF,
    0x00, 0xDE, 0x00, 0xC0, 0x00, 0xC0, 0x00, 0xC0, 0x00, 0xC0, 0x00, 0x3D, 0x80, 0x7F, 0x80, 0xE3,
    0x80, 0xE1, 0x80, 0xC1, 0x80, 0xC1, 0x80, 0xE1, 0x80, 0xE3, 0x80, 0x7F, 0x80, 0x3D, 0x80, 0x01,
    0x80, 0x01, 0x80, 0x01, 0x80, 0x01, 0x80, 0xDC, 0xF8, 0xE0, 0xC0, 0xC0, 0xC0, 0xC0, 0xC0, 0xC0,
    0xC0, 0x3C, 0xFE, 0xE6, 0xE0, 0x7C, 0x1E, 0x07, 0xC7, 0xFE, 0x3C, 0x30, 0x30, 0x30, 0xFC, 0x7C,
    0x30, 0x30, 0x30, 0x30, 0x30, 0x30, 0x3C, 0x1C, 0xC3, 0xC3, 0xC3, 0xC3, 0xC3, 0xC3, 0xC3, 0xE7,
    0x7F, 0x7B, 0xC1, 0x80, 0xC3, 0x80, 0xE3, 0x00, 0x63, 0x00, 0x67, 0x00, 0x76, 0x00, 0x36, 0x00,
    0x3C, 0x00, 0x3C, 0x00, 0x1C, 0x00, 0xC7, 0x1C, 0xC7, 0x18, 0xC7, 0x18, 0xE7, 0xB8, 0x6D, 0xB0,
    0x6D, 0xB0, 0x6D, 0xB0, 0x38, 0xF0, 0x38, 0xE0, 0x38, 0xE0, 0xC7, 0xE6, 0x6E, 0x3C, 0x38, 0x38,
    0x7C, 0x6E, 0xC6, 0xC3, 0xC1, 0x80, 0xC3, 0x80, 0xE3, 0x00, 0x63, 0x00, 0x67, 0x00, 0x76, 0x00,
    0x36, 0x00, 0x3C, 0x00, 0x3C, 0x00, 0x1C, 0x00, 0x18, 0x00, 0x18, 0x00, 0xF0, 0x00, 0xE0, 0x00,
    0xFF, 0xFF, 0x06, 0x0E, 0x1C, 0x38, 0x30, 0x70, 0xFF, 0xFF, 0x1C, 0x38, 0x30, 0x30, 0x30, 0x30,
    0x70, 0xE0, 0xF0, 0x30, 0x30, 0x30, 0x30, 0x38, 0x3C, 0x1C, 0xC0, 0xC0, 0xC0, 0xC0, 0xC0, 0xC0,
    0xC0, 0xC0, 0xC0, 0xC0, 0xC0, 0xC0, 0xC0, 0xC0, 0xC0, 0xC0, 0xC0, 0xC0, 0xC0, 0xC0, 0xC0, 0xC0,
    0xE0, 0x70, 0x30, 0x30, 0x30, 0x30, 0x38, 0x0E, 0x3E, 0x38, 0x30, 0x30, 0x30, 0x30, 0xF0, 0xE0,
    0x71, 0x80, 0xF9, 0x80, 0xEF, 0x80, 0xC7, 0x00, 0xC0, 0xC0, 0xC0, 0x00, 0xC0, 0xC0, 0xC0, 0xC0,
    0xC0, 0xC0, 0xC0, 0xC0, 0xC0, 0x08, 0x1C, 0x7F, 0x7B, 0xE9, 0xC8, 0xC8, 0xC8, 0xE9, 0x6B, 0x7F,
    0x1C, 0x08, 0x0F, 0x00, 0x1F, 0xC0, 0x38, 0xC0, 0x30, 0x00, 0x30, 0x00, 0x7F, 0x00, 0xFF, 0x00,
    0x30, 0x00, 0x30, 0x00, 0x30, 0x00, 0x30, 0xC0, 0xFF, 0xC0, 0xFF, 0xC0, 0xDF, 0x60, 0xFF, 0xE0,
    0x61, 0xC0, 0xC0, 0xC0, 0xC0, 0x60, 0xC0, 0x60, 0xC0, 0x60, 0xC0, 0xC0, 0x61, 0xC0, 0xFF, 0xE0,
    0x1F, 0x00, 0xC3, 0x80, 0xC3, 0x00, 0x67, 0x00, 0x66, 0x00, 0x36, 0x00, 0x3C, 0x00, 0xFF, 0x00,
    0xFF, 0x00, 0x18, 0x00, 0xFF, 0x00, 0xFF, 0x00, 0x18, 0x00, 0x18, 0x00, 0xC0, 0xC0, 0xC0, 0xC0,
    0xC0, 0xC0, 0x00, 0x00, 0x00, 0x00, 0xC0, 0xC0, 0xC0, 0xC0, 0xC0, 0xC0, 0x3C, 0xFE, 0xE6, 0xC0,
    0xE0, 0x7C, 0xDE, 0x87, 0xC3, 0xF7, 0x3C, 0x0E, 0x06, 0xC6, 0xFE, 0x7C, 0xCC, 0xCC, 0x07, 0x80,
    0x1F, 0xE0, 0x38, 0x70, 0x77, 0x38, 0x6F, 0xD8, 0xFC, 0xDC, 0xD8, 0x0C, 0xD8, 0x0C, 0xFC, 0xDC,
    0xEF, 0xDC, 0x77, 0xB8, 0x38, 0x70, 0x1F, 0xE0, 0x0F, 0xC0, 0x3C, 0x6E, 0x06, 0x3E, 0xF6, 0xC6,
    0xEE, 0x76, 0x19, 0x80, 0x3B, 0x00, 0x77, 0x00, 0xEE, 0x00, 0xEE, 0x00, 0x77, 0x00, 0x3B, 0x00,
    0x19, 0x80, 0xFF, 0xFF, 0x03, 0x03, 0x03, 0x1E, 0x00, 0x3F, 0x00, 0x61, 0x80, 0xDC, 0xC0, 0x92,
    0x40, 0x92, 0x40, 0x9E, 0x40, 0xD2, 0xC0, 0x61, 0x80, 0x7F, 0x00, 0x1E, 0x00, 0xF8, 0xF8, 0x78,
    0xFC, 0xCC, 0xCC, 0xFC, 0x78, 0x18, 0x00, 0x18, 0x00, 0xFF, 0x80, 0xFF, 0x80, 0x18, 0x00, 0x18,
    0x00, 0x18, 0x00, 0x00, 0x00, 0xFF, 0x80, 0xFF, 0x80, 0x78, 0xFC, 0x0C, 0x0C, 0x18, 0x70, 0xE0,
    0xFC, 0x78, 0xDC, 0x0C, 0x38, 0x1C, 0x0C, 0xDC, 0x78, 0x60, 0xC0, 0x80, 0xC3, 0x00, 0xC3, 0x00,
    0xC3, 0x00, 0xC3, 0x00, 0xC3, 0x00, 0xC3, 0x00, 0xC3, 0x00, 0xE7, 0x00, 0xFF, 0x80, 0xFD, 0x80,
    0xC0, 0x00, 0xC0, 0x00, 0xC0, 0x00, 0xC0, 0x00, 0x3F, 0x80, 0x7F, 0x80, 0xF9, 0x80, 0xF9, 0x80,
    0xF9, 0x80, 0xF9, 0x80, 0x79, 0x80, 0x39, 0x80, 0x01, 0x80, 0x01, 0x80, 0x01, 0x80, 0x01, 0x80,
    0x01, 0x80, 0x40, 0xC0, 0xC0, 0x40, 0x60, 0x20, 0xE0, 0x70, 0xF0, 0xB0, 0x30, 0x30, 0x30, 0x30,
    0x30, 0x3C, 0x7E, 0xC3, 0xC3, 0xC3, 0xC3, 0x7E, 0x3C, 0xEE, 0x00, 0x66, 0x00, 0x33, 0x00, 0x19,
    0x80, 0x19, 0x80, 0x33, 0x00, 0x66, 0x00, 0xEE, 0x00, 0xE0, 0x60, 0xE0, 0xC0, 0x61, 0x80, 0x61,
    0x80, 0x63, 0x00, 0x66, 0x00, 0x66, 0x70, 0x0C, 0x70, 0x18, 0xF0, 0x18, 0xB0, 0x31, 0xF8, 0x61,
    0xF8, 0x60, 0x30, 0x60, 0x40, 0xE0, 0xC0, 0x61, 0x80, 0x61, 0x00, 0x63, 0x00, 0x66, 0x00, 0x64,
    0x70, 0x0C, 0xD8, 0x18, 0x18, 0x18, 0x30, 0x30, 0x60, 0x60, 0xF8, 0x60, 0xF8, 0x70, 0x18, 0xF8,
    0x30, 0xC8, 0x30, 0x08, 0x60, 0x38, 0xC0, 0x0C, 0xC0, 0x8D, 0x80, 0xFD, 0x1C, 0x03, 0x1C, 0x06,
    0x3C, 0x04, 0x2C, 0x0C, 0x7E, 0x18, 0x7E, 0x10, 0x0C, 0x18, 0x18, 0x18, 0x00, 0x18, 0x18, 0x38,
    0x70, 0xE0, 0xE0, 0xC3, 0xE7, 0x7F, 0x3C, 0x18, 0x00, 0x0C, 0x00, 0x0C, 0x00, 0x00, 0x00, 0x0E,
    0x00, 0x1E, 0x00, 0x1F, 0x00, 0x1B, 0x00, 0x3B, 0x80, 0x33, 0x80, 0x31, 0x80, 0x71, 0xC0, 0x7F,
    0xC0, 0x7F, 0xC0, 0xE0, 0xE0, 0xC0, 0x60, 0xC0, 0x60, 0x03, 0x00, 0x06, 0x00, 0x04, 0x00, 0x00,
    0x00, 0x0E, 0x00, 0x1E, 0x00, 0x1F, 0x00, 0x1B, 0x00, 0x3B, 0x80, 0x33, 0x80, 0x31, 0x80, 0x71,
    0xC0, 0x7F, 0xC0, 0x7F, 0xC0, 0xE0, 0xE0, 0xC0, 0x60, 0xC0, 0x60, 0x0E, 0x00, 0x1B, 0x00, 0x11,
    0x00, 0x00, 0x00, 0x0E, 0x00, 0x1E, 0x00, 0x1F, 0x00, 0x1B, 0x00, 0x3B, 0x80, 0x33, 0x80, 0x31,
    0x80, 0x71, 0xC0, 0x7F, 0xC0, 0x7F, 0xC0, 0xE0, 0xE0, 0xC0, 0x60, 0xC0, 0x60, 0x1D, 0x00, 0x17,
    0x00, 0x00, 0x00, 0x00, 0x00, 0x0E, 0x00, 0x1E, 0x00, 0x1F, 0x00, 0x1B, 0x00, 0x3B, 0x80, 0x33,
    0x80, 0x31, 0x80, 0x71, 0xC0, 0x7F, 0xC0, 0x7F, 0xC0, 0xE0, 0xE0, 0xC0, 0x60, 0xC0, 0x60, 0x1B,
    0x00, 0x1B, 0x00, 0x00, 0x00, 0x00, 0x00, 0x0E, 0x00, 0x0E, 0x00, 0x1F, 0x00, 0x1B, 0x00, 0x1B,
    0x00, 0x31, 0x80, 0x31, 0x80, 0x71, 0xC0, 0x7F, 0xC0, 0x7F, 0xC0, 0xE0, 0xE0, 0xC0, 0x60, 0xC0,
    0x60, 0x07, 0x00, 0x08, 0x80, 0x08, 0x80, 0x07, 0x00, 0x00, 0x00, 0x0F, 0x00, 0x0F, 0x80, 0x0F,
    0x80, 0x1D, 0x80, 0x1D, 0xC0, 0x19, 0xC0, 0x38, 0xC0, 0x38, 0xE0, 0x3F, 0xE0, 0x7F, 0xE0, 0x70,
    0x70, 0x60, 0x30, 0xE0, 0x30, 0x07, 0xFF, 0x80, 0x07, 0xFF, 0x00, 0x06, 0xC0, 0x00, 0x0C, 0xC0,
    0x00, 0x0C, 0xC0, 0x00, 0x1C, 0xFF, 0x00, 0x18, 0xFF, 0x00, 0x38, 0xC0, 0x00, 0x3F, 0xC0, 0x00,
    0x7F, 0xC0, 0x00, 0x70, 0xC0, 0x00, 0x60, 0xFF, 0x00, 0xE0, 0xFF, 0x80, 0x0F, 0x00, 0x3F, 0xC0,
    0x70, 0xE0, 0x60, 0x60, 0xE0, 0x00, 0xC0, 0x00, 0xC0, 0x00, 0xC0, 0x00, 0xE0, 0x00, 0x60, 0x60,
    0x70, 0xE0, 0x3F, 0xC0, 0x0F, 0x00, 0x06, 0x00, 0x03, 0x00, 0x01, 0x00, 0x07, 0x00, 0x30, 0x00,
    0x18, 0x00, 0x18, 0x00, 0x00, 0x00, 0xFF, 0x80, 0xFF, 0x00, 0xC0, 0x00, 0xC0, 0x00, 0xC0, 0x00,
    0xFF, 0x00, 0xFF, 0x00, 0xC0, 0x00, 0xC0, 0x00, 0xC0, 0x00, 0xC0, 0x00, 0xFF, 0x00, 0xFF, 0x80,
    0x0C, 0x00, 0x0C, 0x00, 0x08, 0x00, 0x00, 0x00, 0xFF, 0x80, 0xFF, 0x00, 0xC0, 0x00, 0xC0, 0x00,
    0xC0, 0x00, 0xFF, 0x00, 0xFF, 0x00, 0xC0, 0x00, 0xC0, 0x00, 0xC0, 0x00, 0xC0, 0x00, 0xFF, 0x00,
    0xFF, 0x80, 0x1C, 0x00, 0x36, 0x00, 0x22, 0x00, 0x00, 0x00, 0xFF, 0x80, 0xFF, 0x00, 0xC0, 0x00,
    0xC0, 0x00, 0xC0, 0x00, 0xFF, 0x00, 0xFF, 0x00, 0xC0, 0x00, 0xC0, 0x00, 0xC0, 0x00, 0xC0, 0x00,
    0xFF, 0x00, 0xFF, 0x80, 0x66, 0x00, 0x66, 0x00, 0x00, 0x00, 0x00, 0x00, 0xFF, 0x80, 0xFF, 0x00,
    0xC0, 0x00, 0xC0, 0x00, 0xC0, 0x00, 0xFF, 0x00, 0xFF, 0x00, 0xC0, 0x00, 0xC0, 0x00, 0xC0, 0x00,
    0xC0, 0x00, 0xFF, 0x00, 0xFF, 0x80, 0xC0, 0x40, 0x60, 0x00, 0x60, 0x60, 0x60, 0x60, 0x60, 0x60,
    0x60, 0x60, 0x60, 0x60, 0x60, 0x60, 0x60, 0x60, 0x60, 0x40, 0x00, 0xC0, 0xC0, 0xC0, 0xC0, 0xC0,
    0xC0, 0xC0, 0xC0, 0xC0, 0xC0, 0xC0, 0xC0, 0xC0, 0x70, 0xD8, 0x00, 0x00, 0x60, 0x60, 0x60, 0x60,
    0x60, 0x60, 0x60, 0x60, 0x60, 0x60, 0x60, 0x60, 0x60, 0xCC, 0xCC, 0x00, 0x00, 0x30, 0x30, 0x30,
    0x30, 0x30, 0x30, 0x30, 0x30, 0x30, 0x30, 0x30, 0x30, 0x30, 0x3F, 0x80, 0x3F, 0xE0, 0x30, 0x70,
    0x30, 0x30, 0x30, 0x38, 0x7E, 0x18, 0xFE, 0x18, 0x30, 0x18, 0x30, 0x38, 0x30, 0x30, 0x30, 0x70,
    0x3F, 0xE0, 0x3F, 0x80, 0x1D, 0x00, 0x17, 0x00, 0x00, 0x00, 0x00, 0x00, 0xE0, 0x60, 0xF0, 0x60,
    0xF0, 0x60, 0xF8, 0x60, 0xDC, 0x60, 0xCC, 0x60, 0xCE, 0x60, 0xC6, 0x60, 0xC3, 0x60, 0xC3, 0xE0,
    0xC1, 0xE0, 0xC1, 0xE0, 0xC0, 0xE0, 0x0C, 0x00, 0x0C, 0x00, 0x06, 0x00, 0x00, 0x00, 0x0F, 0x00,
    0x3F, 0xC0, 0x70, 0xE0, 0x60, 0x60, 0xE0, 0x70, 0xC0, 0x30, 0xC0, 0x30, 0xC0, 0x30, 0xE0, 0x70,
    0x60, 0x60, 0x70, 0xE0, 0x3F, 0xC0, 0x0F, 0x00, 0x03, 0x00, 0x03, 0x00, 0x06, 0x00, 0x00, 0x00,
    0x0F, 0x00, 0x3F, 0xC0, 0x70, 0xE0, 0x60, 0x60, 0xE0, 0x70, 0xC0, 0x30, 0xC0, 0x30, 0xC0, 0x30,
    0xE0, 0x70, 0x60, 0x60, 0x70, 0xE0, 0x3F, 0xC0, 0x0F, 0x00, 0x0F, 0x00, 0x19, 0x80, 0x00, 0x00,
    0x00, 0x00, 0x0F, 0x00, 0x3F, 0xC0, 0x70, 0xE0, 0x60, 0x60, 0xE0, 0x70, 0xC0, 0x30, 0xC0, 0x30,
    0xC0, 0x30, 0xE0, 0x70, 0x60, 0x60, 0x70, 0xE0, 0x3F, 0xC0, 0x0F, 0x00, 0x0D, 0x80, 0x1B, 0x00,
    0x00, 0x00, 0x00, 0x00, 0x0F, 0x00, 0x3F, 0xC0, 0x70, 0xE0, 0x60, 0x60, 0xE0, 0x70, 0xC0, 0x30,
    0xC0, 0x30, 0xC0, 0x30, 0xE0, 0x70, 0x60, 0x60, 0x70, 0xE0, 0x3F, 0xC0, 0x0F, 0x00, 0x19, 0x80,
    0x19, 0x80, 0x00, 0x00, 0x00, 0x00, 0x0F, 0x00, 0x3F, 0xC0, 0x70, 0xE0, 0x60, 0x60, 0xE0, 0x70,
    0xC0, 0x30, 0xC0, 0x30, 0xC0, 0x30, 0xE0, 0x70, 0x60, 0x60, 0x70, 0xE0, 0x3F, 0xC0, 0x0F, 0x00,
    0xC3, 0xE7, 0x7E, 0x3C, 0x3C, 0x7E, 0xE7, 0xC3, 0x0F, 0x60, 0x3F, 0xE0, 0x70, 0xE0, 0x61, 0xE0,
    0xE1, 0x70, 0xC3, 0x30, 0xC6, 0x30, 0xCC, 0x30, 0xEC, 0x70, 0x78, 0x60, 0x70, 0xE0, 0x7F, 0xC0,
    0x6F, 0x00, 0x18, 0x00, 0x08, 0x00, 0x0C, 0x00, 0x00, 0x00, 0xC0, 0xC0, 0xC0, 0xC0, 0xC0, 0xC0,
    0xC0, 0xC0, 0xC0, 0xC0, 0xC0, 0xC0, 0xC0, 0xC0, 0xC0, 0xC0, 0xC0, 0xC0, 0xE0, 0xC0, 0x61, 0xC0,
    0x7F, 0x80, 0x1F, 0x00, 0x06, 0x00, 0x06, 0x00, 0x04, 0x00, 0x00, 0x00, 0xC0, 0xC0, 0xC0, 0xC0,
    0xC0, 0xC0, 0xC0, 0xC0, 0xC0, 0xC0, 0xC0, 0xC0, 0xC0, 0xC0, 0xC0, 0xC0, 0xC0, 0xC0, 0xE0, 0xC0,
    0x61, 0xC0, 0x7F, 0x80, 0x1F, 0x00, 0x04, 0x00, 0x1E, 0x00, 0x1B, 0x00, 0x00, 0x00, 0x00, 0x00,
    0xC0, 0xC0, 0xC0, 0xC0, 0xC0, 0xC0, 0xC0, 0xC0, 0xC0, 0xC0, 0xC0, 0xC0, 0xC0, 0xC0, 0xC0, 0xC0,
    0xC0, 0xC0, 0xE0, 0xC0, 0x71, 0xC0, 0x7F, 0x80, 0x1F, 0x00, 0x33, 0x00, 0x33, 0x00, 0x00, 0x00,
    0x00, 0x00, 0xC0, 0xC0, 0xC0, 0xC0, 0xC0, 0xC0, 0xC0, 0xC0, 0xC0, 0xC0, 0xC0, 0xC0, 0xC0, 0xC0,
    0xC0, 0xC0, 0xC0, 0xC0, 0xE0, 0xC0, 0x61, 0xC0, 0x7F, 0x80, 0x1F, 0x00, 0x03, 0x00, 0x03, 0x00,
    0x02, 0x00, 0x00, 0x00, 0xE0, 0x70, 0x70, 0x60, 0x30, 0xE0, 0x39, 0xC0, 0x19, 0x80, 0x1F, 0x80,
    0x0F, 0x00, 0x07, 0x00, 0x06, 0x00, 0x06, 0x00, 0x06, 0x00, 0x06, 0x00, 0x06, 0x00, 0xC0, 0x00,
    0xC0, 0x00, 0xFE, 0x00, 0xFF, 0x00, 0xC3, 0x80, 0xC1, 0x80, 0xC1, 0x80, 0xC3, 0x80, 0xFF, 0x00,
    0xFE, 0x00, 0xC0, 0x00, 0xC0, 0x00, 0xC0, 0x00, 0x3C, 0x00, 0x7F, 0x00, 0xE3, 0x00, 0xC3, 0x00,
    0xC3, 0x00, 0xCE, 0x00, 0xCF, 0x00, 0xC3, 0x80, 0xC1, 0x80, 0xC1, 0x80, 0xC3, 0x80, 0xCF, 0x80,
    0xCE, 0x00, 0x30, 0x18, 0x18, 0x00, 0x3E, 0x7F, 0x63, 0x03, 0x3F, 0x7B, 0xC3, 0xE7, 0xFF, 0x7B,
    0x0E, 0x0C, 0x08, 0x00, 0x3E, 0x7F, 0x63, 0x03, 0x3F, 0x7B, 0xC3, 0xE7, 0xFF, 0x7B, 0x1C, 0x36,
    0x22, 0x00, 0x3E, 0x7F, 0x63, 0x03, 0x3F, 0x7B, 0xC3, 0xE7, 0xFF, 0x7B, 0x3E, 0x2E, 0x00, 0x3E,
    0x7F, 0x63, 0x03, 0x3F, 0x7B, 0xC3, 0xE7, 0xFF, 0x7B, 0x36, 0x00, 0x00, 0x3E, 0x7F, 0x63, 0x03,
    0x3F, 0x7B, 0xC3, 0xE7, 0xFF, 0x7B, 0x1C, 0x22, 0x22, 0x1C, 0x00, 0x3E, 0x7F, 0x63, 0x03, 0x3F,
    0x7B, 0xC3, 0xE7, 0xFF, 0x7B, 0x3E, 0x78, 0x7F, 0xFC, 0x63, 0x8C, 0x03, 0x06, 0x3F, 0xFE, 0x7F,
    0xFE, 0xE3, 0x00, 0xE3, 0x8E, 0xFF, 0xFC, 0x7C, 0x78, 0x1E, 0x00, 0x7F, 0x00, 0x63, 0x80, 0xE0,
    0x00, 0xC0, 0x00, 0xC0, 0x00, 0xE0, 0x00, 0x63, 0x80, 0x7F, 0x00, 0x1E, 0x00, 0x08, 0x00, 0x0E,
    0x00, 0x0E, 0x00, 0x30, 0x00, 0x18, 0x00, 0x08, 0x00, 0x00, 0x00, 0x1E, 0x00, 0x7F, 0x00, 0x63,
    0x80, 0xC1, 0x80, 0xFF, 0x80, 0xFF, 0x80, 0xE0, 0x00, 0x61, 0x80, 0x7F, 0x80, 0x1E, 0x00, 0x06,
    0x00, 0x0C, 0x00, 0x0C, 0x00, 0x00, 0x00, 0x1E, 0x00, 0x7F, 0x00, 0x63, 0x80, 0xC1, 0x80, 0xFF,
    0x80, 0xFF, 0x80, 0xE0, 0x00, 0x61, 0x80, 0x7F, 0x80, 0x1E, 0x00, 0x1C, 0x00, 0x36, 0x00, 0x22,
    0x00, 0x00, 0x00, 0x1E, 0x00, 0x7F, 0x00, 0x63, 0x80, 0xC1, 0x80, 0xFF, 0x80, 0xFF, 0x80, 0xE0,
    0x00, 0x61, 0x80, 0x7F, 0x80, 0x1E, 0x00, 0x36, 0x00, 0x00, 0x00, 0x00, 0x00, 0x1E, 0x00, 0x7F,
    0x00, 0x63, 0x80, 0xC1, 0x80, 0xFF, 0x80, 0xFF, 0x80, 0xE0, 0x00, 0x61, 0x80, 0x7F, 0x80, 0x1E,
    0x00, 0xC0, 0xC0, 0x60, 0x00, 0x60, 0x60, 0x60, 0x60, 0x60, 0x60, 0x60, 0x60, 0x60, 0x60, 0x60,
    0x60, 0xC0, 0x00, 0xC0, 0xC0, 0xC0, 0xC0, 0xC0, 0xC0, 0xC0, 0xC0, 0xC0, 0xC0, 0x38, 0x78, 0xCC,
    0x00, 0x30, 0x30, 0x30, 0x30, 0x30, 0x30, 0x30, 0x30, 0x30, 0x30, 0xCC, 0x00, 0x00, 0x30, 0x30,
    0x30, 0x30, 0x30, 0x30, 0x30, 0x30, 0x30, 0x30, 0x3B, 0x00, 0x1E, 0x00, 0x3E, 0x00, 0x27, 0x00,
    0x3B, 0x00, 0x7F, 0x80, 0x63, 0x80, 0xE1, 0x80, 0xC1, 0x80, 0xC1, 0x80, 0xE1, 0x80, 0x63, 0x80,
    0x7F, 0x00, 0x1E, 0x00, 0x3E, 0x2C, 0x00, 0xDE, 0xFF, 0xE7, 0xC3, 0xC3, 0xC3, 0xC3, 0xC3, 0xC3,
    0xC3, 0x38, 0x00, 0x18, 0x00, 0x08, 0x00, 0x00, 0x00, 0x1E, 0x00, 0x7F, 0x00, 0x63, 0x80, 0xE1,
    0x80, 0xC1, 0x80, 0xC1, 0x80, 0xE1, 0x80, 0x63, 0x80, 0x7F, 0x00, 0x1E, 0x00, 0x06, 0x00, 0x0C,
    0x00, 0x0C, 0x00, 0x00, 0x00, 0x1E, 0x00, 0x7F, 0x00, 0x63, 0x80, 0xE1, 0x80, 0xC1, 0x80, 0xC1,
    0x80, 0xE1, 0x80, 0x63, 0x80, 0x7F, 0x00, 0x1E, 0x00, 0x1C, 0x00, 0x36, 0x00, 0x22, 0x00, 0x00,
    0x00, 0x1E, 0x00, 0x7F, 0x00, 0x63, 0x80, 0xE1, 0x80, 0xC1, 0x80, 0xC1, 0x80, 0xE1, 0x80, 0x63,
    0x80, 0x7F, 0x00, 0x1E, 0x00, 0x3A, 0x00, 0x3E, 0x00, 0x00, 0x00, 0x1E, 0x00, 0x7F, 0x00, 0x63,
    0x80, 0xE1, 0x80, 0xC1, 0x80, 0xC1, 0x80, 0xE1, 0x80, 0x63, 0x80, 0x7F, 0x00, 0x1E, 0x00, 0x33,
    0x00, 0x00, 0x00, 0x00, 0x00, 0x1E, 0x00, 0x7F, 0x00, 0x63, 0x80, 0xE1, 0x80, 0xC1, 0x80, 0xC1,
    0x80, 0xE1, 0x80, 0x63, 0x80, 0x7F, 0x00, 0x1E, 0x00, 0x18, 0x00, 0x18, 0x00, 0x08, 0x00, 0x00,
    0x00, 0xFF, 0x80, 0xFF, 0x80, 0x00, 0x00, 0x08, 0x00, 0x18, 0x00, 0x18, 0x00, 0x1E, 0x80, 0x7F,
    0x80, 0x63, 0x80, 0xE7, 0x80, 0xCD, 0x80, 0xD9, 0x80, 0xF1, 0x80, 0x73, 0x80, 0x7F, 0x00, 0xDE,
    0x00, 0x30, 0x10, 0x18, 0x00, 0xC3, 0xC3, 0xC3, 0xC3, 0xC3, 0xC3, 0xC3, 0xE7, 0x7F, 0x7B, 0x0C,
    0x0C, 0x08, 0x00, 0xC3, 0xC3, 0xC3, 0xC3, 0xC3, 0xC3, 0xC3, 0xE7, 0x7F, 0x7B, 0x18, 0x34, 0x20,
    0x00, 0xC3, 0xC3, 0xC3, 0xC3, 0xC3, 0xC3, 0xC3, 0xE7, 0x7F, 0x7B, 0x66, 0x00, 0x00, 0xC3, 0xC3,
    0xC3, 0xC3, 0xC3, 0xC3, 0xC3, 0xE7, 0x7F, 0x7B, 0x06, 0x00, 0x0C, 0x00, 0x08, 0x00, 0x00, 0x00,
    0xC1, 0x80, 0xC3, 0x80, 0xE3, 0x00, 0x63, 0x00, 0x67, 0x00, 0x76, 0x00, 0x36, 0x00, 0x3C, 0x00,
    0x3C, 0x00, 0x1C, 0x00, 0x18, 0x00, 0x18, 0x00, 0xF0, 0x00, 0xE0, 0x00, 0xC0, 0x00, 0xC0, 0x00,
    0xC0, 0x00, 0xCE, 0x00, 0xFF, 0x00, 0xE3, 0x80, 0xE1, 0x80, 0xC1, 0x80, 0xC1, 0x80, 0xE1, 0x80,
    0xE3, 0x80, 0xFF, 0x00, 0xDE, 0x00, 0xC0, 0x00, 0xC0, 0x00, 0xC0, 0x00, 0xC0, 0x00, 0x33, 0x00,
    0x00, 0x00, 0x00, 0x00, 0xE0, 0xC0, 0x61, 0xC0, 0x61, 0x80, 0x71, 0x80, 0x33, 0x00, 0x33, 0x00,
    0x3F, 0x00, 0x1E, 0x00, 0x1E, 0x00, 0x0E, 0x00, 0x0C, 0x00, 0x1C, 0x00, 0x78, 0x00, 0x70, 0x00,
    0x0F, 0xFF, 0x80, 0x3F, 0xFF, 0x00, 0x70, 0xC0, 0x00, 0x60, 0xC0, 0x00, 0xE0, 0xC0, 0x00, 0xC0,
    0xFF, 0x00, 0xC0, 0xFF, 0x00, 0xC0, 0xC0, 0x00, 0xE0, 0xC0, 0x00, 0x60, 0xC0, 0x00, 0x70, 0xC0,
    0x00, 0x3F, 0xFF, 0x00, 0x0F, 0xFF, 0x80, 0x1E, 0x3C, 0x7F, 0xFE, 0x63, 0xC7, 0xE1, 0xC3, 0xC1,
    0xFF, 0xC1, 0xFF, 0xE1, 0xC0, 0x63, 0xC3, 0x7F, 0xFF, 0x1E, 0x3C, 0x36, 0x00, 0x36, 0x00, 0x1C,
    0x00, 0x00, 0x00, 0x00, 0x00, 0x3E, 0x00, 0x7F, 0x80, 0xE1, 0x80, 0xC0, 0x00, 0xE0, 0x00, 0x78,
    0x00, 0x3F, 0x00, 0x07, 0x80, 0x01, 0x80, 0xC1, 0x80, 0xE3, 0x80, 0xFF, 0x00, 0x3E, 0x00, 0x66,
    0x3C, 0x00, 0x00, 0x3C, 0xFE, 0xE6, 0xE0, 0x7C, 0x1E, 0x07, 0xC7, 0xFE, 0x3C, 0x19, 0x80, 0x19,
    0x80, 0x00, 0x00, 0x00, 0x00, 0xE0, 0x70, 0x70, 0x60, 0x30, 0xE0, 0x39, 0xC0, 0x1D, 0x80, 0x1F,
    0x80, 0x0F, 0x00, 0x07, 0x00, 0x06, 0x00, 0x06, 0x00, 0x06, 0x00, 0x06, 0x00, 0x06, 0x00, 0x33,
    0x00, 0x1E, 0x00, 0x00, 0x00, 0x00, 0x00, 0xFF, 0xC0, 0xFF, 0xC0, 0x01, 0x80, 0x03, 0x00, 0x07,
    0x00, 0x0E, 0x00, 0x0C, 0x00, 0x1C, 0x00, 0x38, 0x00, 0x30, 0x00, 0x60, 0x00, 0xFF, 0xC0, 0xFF,
    0xC0, 0x66, 0x3C, 0x18, 0x00, 0xFF, 0xFF, 0x06, 0x0E, 0x1C, 0x38, 0x30, 0x70, 0xFF, 0xFF, 0x3E,
    0x38, 0x30, 0xFC, 0xFC, 0x30, 0x30, 0x30, 0x30, 0x30, 0x30, 0x30, 0x30, 0x30, 0x70, 0xE0, 0xE0,
    0x78, 0xCC, 0x7C, 0xFC, 0xFF, 0x80, 0xFF, 0x80, 0xFF, 0xFF, 0xC0, 0xFF, 0xFF, 0xC0, 0x40, 0x40,
    0xC0, 0xC0, 0xC0, 0xC0, 0xC0, 0xC0, 0xC0, 0x80, 0x60, 0x60, 0xC0, 0xC0, 0xC0, 0x44, 0x4C, 0xCC,
    0xCC, 0xDC, 0xCC, 0xCC, 0xCC, 0xD8, 0x98, 0x6E, 0x6C, 0xCC, 0xCC, 0xCC, 0x18, 0x18, 0x18, 0xFF,
    0x7F, 0x18, 0x18, 0x18, 0x18, 0x18, 0x18, 0x7F, 0xFF, 0x18, 0x18, 0x7F, 0xFF, 0x18, 0x18, 0x18,
    0x18, 0x18, 0x78, 0xFC, 0xFC, 0xFC, 0xFC, 0x78, 0x43, 0x04, 0xC3, 0x0C, 0xC3, 0x0C, 0x78, 0x10,
    0x00, 0xFC, 0x30, 0x00, 0xCC, 0x60, 0x00, 0xCC, 0x40, 0x00, 0xF8, 0xC0, 0x00, 0x71, 0x80, 0x00,
    0x01, 0x00, 0x00, 0x03, 0x3C, 0xF0, 0x06, 0x6F, 0xD8, 0x0C, 0x67, 0x98, 0x08, 0x67, 0x98, 0x18,
    0x7F, 0xF8, 0x30, 0x3C, 0xF0, 0x18, 0x38, 0x70, 0xE0, 0xE0, 0x70, 0x38, 0x18, 0xE0, 0x60, 0x30,
    0x18, 0x18, 0x30, 0x60, 0xE0, 0x0F, 0x80, 0x1F, 0xC0, 0x38, 0x00, 0x30, 0x00, 0xFF, 0x00, 0xFF,
    0x00, 0x60, 0x00, 0xFE, 0x00, 0xFE, 0x00, 0x30, 0x00, 0x38, 0x00, 0x1F, 0xC0, 0x0F, 0x80, 0xE8,
    0x80, 0x4D, 0x80, 0x4D, 0x80, 0x4A, 0x80, 0x4A, 0x80,
];
pub static INTER_COMPACT_HEADING: BitmapFont = BitmapFont {
    glyphs: &INTER_COMPACT_HEADING_GLYPHS,
    bitmap: &INTER_COMPACT_HEADING_BITMAP,
    extra: &INTER_COMPACT_HEADING_EXTRA,
    line_height: 24,
};

// INTER_COMPACT_LARGE: Inter SemiBold 22 px, line-height 29
const INTER_COMPACT_LARGE_GLYPHS: [Glyph; 95] = [
    g(0, 0, 0, 6, 0, 0),
    g(0, 4, 16, 8, 2, -16),
    g(16, 7, 6, 12, 2, -16),
    g(22, 14, 16, 15, 0, -16),
    g(54, 12, 20, 15, 2, -18),
    g(94, 18, 16, 23, 2, -16),
    g(142, 13, 16, 15, 1, -16),
    g(174, 3, 6, 8, 2, -16),
    g(180, 5, 20, 9, 2, -17),
    g(200, 5, 20, 9, 1, -17),
    g(220, 8, 9, 12, 2, -16),
    g(229, 11, 11, 15, 2, -12),
    g(251, 4, 6, 8, 1, -2),
    g(257, 7, 2, 11, 2, -7),
    g(259, 3, 3, 8, 2, -3),
    g(262, 8, 19, 9, 0, -17),
    g(281, 12, 16, 15, 1, -16),
    g(313, 7, 16, 10, 1, -16),
    g(329, 11, 16, 14, 1, -16),
    g(361, 12, 16, 14, 1, -16),
    g(393, 13, 16, 15, 1, -16),
    g(425, 11, 16, 14, 1, -16),
    g(457, 12, 16, 15, 1, -16),
    g(489, 11, 16, 13, 1, -16),
    g(521, 12, 16, 15, 1, -16),
    g(553, 12, 16, 15, 1, -16),
    g(585, 3, 11, 8, 2, -11),
    g(596, 4, 15, 8, 1, -11),
    g(611, 11, 11, 15, 2, -12),
    g(633, 10, 7, 15, 2, -10),
    g(647, 11, 11, 15, 2, -12),
    g(669, 10, 16, 12, 1, -16),
    g(701, 20, 20, 22, 1, -16),
    g(761, 14, 16, 16, 1, -16),
    g(793, 12, 16, 15, 2, -16),
    g(825, 14, 16, 17, 1, -16),
    g(857, 13, 16, 16, 2, -16),
    g(889, 11, 16, 14, 2, -16),
    g(921, 11, 16, 13, 2, -16),
    g(953, 14, 16, 17, 1, -16),
    g(985, 13, 16, 17, 2, -16),
    g(1017, 3, 16, 7, 2, -16),
    g(1033, 10, 16, 13, 1, -16),
    g(1065, 13, 16, 16, 2, -16),
    g(1097, 10, 16, 13, 2, -16),
    g(1129, 17, 16, 21, 2, -16),
    g(1177, 14, 16, 17, 2, -16),
    g(1209, 15, 16, 17, 1, -16),
    g(1241, 12, 16, 15, 2, -16),
    g(1273, 15, 17, 17, 1, -16),
    g(1307, 12, 16, 15, 2, -16),
    g(1339, 12, 16, 15, 2, -16),
    g(1371, 13, 16, 15, 1, -16),
    g(1403, 13, 16, 17, 2, -16),
    g(1435, 14, 16, 16, 1, -16),
    g(1467, 21, 16, 23, 1, -16),
    g(1515, 14, 16, 16, 1, -16),
    g(1547, 14, 16, 16, 0, -16),
    g(1579, 12, 16, 15, 1, -16),
    g(1611, 5, 20, 9, 2, -17),
    g(1631, 8, 19, 9, 0, -17),
    g(1650, 5, 20, 9, 1, -17),
    g(1670, 8, 6, 11, 1, -15),
    g(1676, 10, 2, 11, 0, 0),
    g(1680, 4, 3, 8, 2, -16),
    g(1683, 10, 12, 13, 1, -12),
    g(1707, 11, 16, 14, 1, -16),
    g(1739, 11, 12, 13, 1, -12),
    g(1763, 11, 16, 14, 1, -16),
    g(1795, 11, 12, 14, 1, -12),
    g(1819, 8, 17, 9, 1, -17),
    g(1836, 11, 16, 14, 1, -12),
    g(1868, 11, 16, 14, 1, -16),
    g(1900, 3, 17, 6, 1, -17),
    g(1917, 5, 21, 6, 0, -17),
    g(1938, 11, 16, 13, 1, -16),
    g(1970, 3, 16, 6, 1, -16),
    g(1986, 17, 12, 20, 1, -12),
    g(2022, 11, 12, 14, 1, -12),
    g(2046, 12, 12, 14, 1, -12),
    g(2070, 11, 16, 14, 1, -12),
    g(2102, 11, 16, 14, 1, -12),
    g(2134, 7, 12, 9, 1, -12),
    g(2146, 10, 12, 13, 1, -12),
    g(2170, 7, 15, 8, 0, -15),
    g(2185, 11, 12, 14, 1, -12),
    g(2209, 11, 12, 13, 1, -12),
    g(2233, 17, 12, 19, 1, -12),
    g(2269, 10, 12, 13, 1, -12),
    g(2293, 11, 16, 13, 1, -12),
    g(2325, 10, 12, 13, 1, -12),
    g(2349, 8, 20, 10, 2, -17),
    g(2369, 3, 26, 8, 3, -21),
    g(2395, 8, 20, 10, 1, -17),
    g(2415, 12, 4, 15, 2, -8),
];
const INTER_COMPACT_LARGE_EXTRA: [(char, Glyph); 123] = [
    ('\u{a0}', g(0, 0, 0, 6, 0, 0)),
    ('\u{a1}', g(2423, 4, 16, 8, 2, -12)),
    ('\u{a2}', g(2439, 10, 16, 13, 1, -16)),
    ('\u{a3}', g(2471, 12, 16, 14, 1, -16)),
    ('\u{a4}', g(2503, 13, 13, 17, 2, -13)),
    ('\u{a5}', g(2529, 11, 16, 13, 1, -16)),
    ('\u{a6}', g(2561, 3, 18, 7, 2, -16)),
    ('\u{a7}', g(2579, 11, 19, 13, 1, -16)),
    ('\u{a8}', g(2617, 8, 3, 14, 3, -17)),
    ('\u{a9}', g(2620, 17, 16, 21, 2, -16)),
    ('\u{aa}', g(2668, 8, 10, 11, 1, -17)),
    ('\u{ab}', g(2678, 12, 10, 14, 1, -12)),
    ('\u{ac}', g(2698, 10, 5, 15, 2, -8)),
    ('\u{ad}', g(0, 0, 0, 0, 0, 0)),
    ('\u{ae}', g(2708, 13, 13, 15, 1, -17)),
    ('\u{af}', g(2734, 6, 2, 10, 2, -16)),
    ('\u{b0}', g(2736, 7, 7, 11, 1, -16)),
    ('\u{b1}', g(2743, 11, 11, 15, 2, -12)),
    ('\u{b2}', g(2765, 7, 9, 10, 1, -19)),
    ('\u{b3}', g(2774, 7, 9, 11, 2, -19)),
    ('\u{b4}', g(2783, 4, 3, 8, 2, -16)),
    ('\u{b5}', g(2786, 12, 16, 14, 1, -12)),
    ('\u{b6}', g(2818, 11, 16, 14, 1, -16)),
    ('\u{b7}', g(2850, 3, 3, 8, 2, -9)),
    ('\u{b8}', g(2853, 4, 5, 8, 3, -1)),
    ('\u{b9}', g(2858, 5, 9, 8, 1, -19)),
    ('\u{ba}', g(2867, 9, 10, 11, 1, -17)),
    ('\u{bb}', g(2887, 12, 10, 14, 1, -12)),
    ('\u{bc}', g(2907, 17, 16, 19, 1, -16)),
    ('\u{bd}', g(2955, 17, 16, 20, 1, -16)),
    ('\u{be}', g(3003, 19, 16, 20, 1, -16)),
    ('\u{bf}', g(3051, 10, 16, 12, 1, -12)),
    ('\u{c0}', g(3083, 14, 20, 16, 1, -20)),
    ('\u{c1}', g(3123, 14, 20, 16, 1, -20)),
    ('\u{c2}', g(3163, 14, 21, 16, 1, -21)),
    ('\u{c3}', g(3205, 14, 21, 16, 1, -21)),
    ('\u{c4}', g(3247, 14, 20, 16, 1, -20)),
    ('\u{c5}', g(3287, 14, 22, 16, 1, -22)),
    ('\u{c6}', g(3331, 21, 16, 23, 1, -16)),
    ('\u{c7}', g(3379, 14, 20, 17, 1, -16)),
    ('\u{c8}', g(3419, 11, 20, 14, 2, -20)),
    ('\u{c9}', g(3459, 11, 20, 14, 2, -20)),
    ('\u{ca}', g(3499, 11, 21, 14, 2, -21)),
    ('\u{cb}', g(3541, 11, 20, 14, 2, -20)),
    ('\u{cc}', g(3581, 4, 20, 7, 1, -20)),
    ('\u{cd}', g(3601, 4, 20, 7, 2, -20)),
    ('\u{ce}', g(3621, 6, 21, 7, 0, -21)),
    ('\u{cf}', g(3642, 8, 20, 7, -1, -20)),
    ('\u{d0}', g(3662, 15, 16, 17, 1, -16)),
    ('\u{d1}', g(3694, 14, 21, 17, 2, -21)),
    ('\u{d2}', g(3736, 15, 21, 17, 1, -21)),
    ('\u{d3}', g(3778, 15, 21, 17, 1, -21)),
    ('\u{d4}', g(3820, 15, 21, 17, 1, -21)),
    ('\u{d5}', g(3862, 15, 21, 17, 1, -21)),
    ('\u{d6}', g(3904, 15, 21, 17, 1, -21)),
    ('\u{d7}', g(3946, 11, 10, 15, 2, -11)),
    ('\u{d8}', g(3966, 15, 16, 17, 1, -16)),
    ('\u{d9}', g(3998, 13, 21, 17, 2, -21)),
    ('\u{da}', g(4040, 13, 21, 17, 2, -21)),
    ('\u{db}', g(4082, 13, 21, 17, 2, -21)),
    ('\u{dc}', g(4124, 13, 21, 17, 2, -21)),
    ('\u{dd}', g(4166, 14, 20, 16, 0, -20)),
    ('\u{de}', g(4206, 11, 16, 15, 2, -16)),
    ('\u{df}', g(4238, 12, 16, 15, 2, -16)),
    ('\u{e0}', g(4270, 10, 17, 13, 1, -17)),
    ('\u{e1}', g(4304, 10, 17, 13, 1, -17)),
    ('\u{e2}', g(4338, 10, 17, 13, 1, -17)),
    ('\u{e3}', g(4372, 10, 17, 13, 1, -17)),
    ('\u{e4}', g(4406, 10, 17, 13, 1, -17)),
    ('\u{e5}', g(4440, 10, 18, 13, 1, -18)),
    ('\u{e6}', g(4476, 18, 12, 21, 1, -12)),
    ('\u{e7}', g(4512, 11, 16, 13, 1, -12)),
    ('\u{e8}', g(4544, 11, 17, 14, 1, -17)),
    ('\u{e9}', g(4578, 11, 17, 14, 1, -17)),
    ('\u{ea}', g(4612, 11, 17, 14, 1, -17)),
    ('\u{eb}', g(4646, 11, 17, 14, 1, -17)),
    ('\u{ec}', g(4680, 4, 16, 6, 0, -16)),
    ('\u{ed}', g(4696, 4, 16, 6, 1, -16)),
    ('\u{ee}', g(4712, 7, 17, 6, -1, -17)),
    ('\u{ef}', g(4729, 8, 17, 6, -1, -17)),
    ('\u{f0}', g(4746, 11, 17, 14, 1, -17)),
    ('\u{f1}', g(4780, 11, 17, 14, 1, -17)),
    ('\u{f2}', g(4814, 12, 17, 14, 1, -17)),
    ('\u{f3}', g(4848, 12, 17, 14, 1, -17)),
    ('\u{f4}', g(4882, 12, 17, 14, 1, -17)),
    ('\u{f5}', g(4916, 12, 17, 14, 1, -17)),
    ('\u{f6}', g(4950, 12, 17, 14, 1, -17)),
    ('\u{f7}', g(4984, 11, 12, 15, 2, -12)),
    ('\u{f8}', g(5008, 12, 12, 14, 1, -12)),
    ('\u{f9}', g(5032, 11, 17, 14, 1, -17)),
    ('\u{fa}', g(5066, 11, 17, 14, 1, -17)),
    ('\u{fb}', g(5100, 11, 17, 14, 1, -17)),
    ('\u{fc}', g(5134, 11, 17, 14, 1, -17)),
    ('\u{fd}', g(5168, 11, 21, 13, 1, -17)),
    ('\u{fe}', g(5210, 11, 20, 14, 1, -16)),
    ('\u{ff}', g(5250, 12, 21, 13, 1, -17)),
    ('\u{152}', g(5292, 20, 16, 23, 1, -16)),
    ('\u{153}', g(5340, 20, 12, 22, 1, -12)),
    ('\u{160}', g(5376, 12, 21, 15, 2, -21)),
    ('\u{161}', g(5418, 10, 17, 13, 1, -17)),
    ('\u{178}', g(5452, 14, 20, 16, 1, -20)),
    ('\u{17d}', g(5492, 12, 21, 15, 1, -21)),
    ('\u{17e}', g(5534, 10, 17, 13, 1, -17)),
    ('\u{192}', g(5568, 9, 21, 10, 0, -17)),
    ('\u{2c6}', g(5610, 7, 3, 10, 1, -17)),
    ('\u{2dc}', g(5613, 7, 3, 12, 2, -17)),
    ('\u{2013}', g(5616, 11, 2, 11, 0, -7)),
    ('\u{2014}', g(5620, 22, 2, 22, 0, -7)),
    ('\u{2018}', g(5626, 4, 6, 7, 2, -16)),
    ('\u{2019}', g(5632, 3, 6, 7, 2, -15)),
    ('\u{201a}', g(5638, 4, 6, 6, 1, -2)),
    ('\u{201c}', g(5644, 8, 6, 12, 2, -16)),
    ('\u{201d}', g(5650, 8, 6, 12, 2, -15)),
    ('\u{201e}', g(5656, 9, 6, 11, 1, -2)),
    ('\u{2020}', g(5668, 9, 12, 13, 2, -16)),
    ('\u{2021}', g(5692, 9, 16, 13, 2, -16)),
    ('\u{2022}', g(5724, 7, 7, 12, 2, -10)),
    ('\u{2026}', g(5731, 17, 3, 22, 2, -3)),
    ('\u{2030}', g(5740, 26, 16, 31, 2, -16)),
    ('\u{2039}', g(5804, 7, 10, 10, 1, -12)),
    ('\u{203a}', g(5814, 7, 10, 10, 1, -12)),
    ('\u{20ac}', g(5824, 13, 16, 15, 1, -16)),
    ('\u{2122}', g(5856, 12, 6, 14, 1, -16)),
];
const INTER_COMPACT_LARGE_BITMAP: [u8; 5868] = [
    0xE0, 0xE0, 0xE0, 0xE0, 0xE0, 0xE0, 0xE0, 0xE0, 0xE0, 0xE0, 0xE0, 0x00, 0x00, 0x60, 0xF0, 0x60,
    0xEE, 0xEE, 0xEE, 0xEE, 0xEE, 0xEE, 0x0E, 0x30, 0x0C, 0x30, 0x0C, 0x30, 0x0C, 0x30, 0x7F, 0xFC,
    0x7F, 0xFC, 0x1C, 0x60, 0x18, 0x60, 0x18, 0x60, 0x18, 0xE0, 0x7F, 0xF8, 0xFF, 0xF8, 0x38, 0xC0,
    0x30, 0xC0, 0x30, 0xC0, 0x30, 0xC0, 0x04, 0x00, 0x04, 0x00, 0x1F, 0x80, 0x7F, 0xC0, 0x7D, 0xE0,
    0xE4, 0xF0, 0xE4, 0x00, 0xE4, 0x00, 0xFC, 0x00, 0x7F, 0x80, 0x1F, 0xE0, 0x05, 0xE0, 0x04, 0x70,
    0xC4, 0x70, 0xE4, 0x70, 0xFD, 0xE0, 0x7F, 0xC0, 0x1F, 0x80, 0x04, 0x00, 0x04, 0x00, 0x38, 0x06,
    0x00, 0xFE, 0x0E, 0x00, 0xEE, 0x0C, 0x00, 0xC6, 0x18, 0x00, 0xEE, 0x30, 0x00, 0xFE, 0x30, 0x00,
    0x38, 0x60, 0x00, 0x00, 0xC0, 0x00, 0x01, 0xC7, 0x00, 0x01, 0x8F, 0x80, 0x03, 0x18, 0xC0, 0x07,
    0x18, 0xC0, 0x06, 0x18, 0xC0, 0x0C, 0x1D, 0xC0, 0x1C, 0x0F, 0x80, 0x18, 0x07, 0x00, 0x1F, 0x00,
    0x3F, 0x80, 0x7B, 0xC0, 0x71, 0xC0, 0x71, 0xC0, 0x3B, 0x80, 0x3F, 0x00, 0x1E, 0x00, 0x3E, 0x38,
    0x7F, 0x38, 0xE7, 0xF8, 0xE3, 0xF0, 0xE1, 0xF0, 0xF1, 0xF0, 0x7F, 0xF0, 0x1F, 0x38, 0xE0, 0xE0,
    0xE0, 0xE0, 0xE0, 0xE0, 0x18, 0x38, 0x30, 0x70, 0x70, 0x70, 0xE0, 0xE0, 0xE0, 0xE0, 0xE0, 0xE0,
    0xE0, 0xE0, 0x60, 0x70, 0x70, 0x30, 0x38, 0x18, 0xC0, 0xE0, 0xE0, 0x70, 0x70, 0x70, 0x30, 0x38,
    0x38, 0x38, 0x38, 0x38, 0x38, 0x38, 0x70, 0x70, 0x70, 0xE0, 0xE0, 0xC0, 0x18, 0x18, 0xDB, 0xFF,
    0x3C, 0xFF, 0xDB, 0x18, 0x18, 0x0E, 0x00, 0x0E, 0x00, 0x0E, 0x00, 0x0E, 0x00, 0xFF, 0xE0, 0xFF,
    0xE0, 0x0E, 0x00, 0x0E, 0x00, 0x0E, 0x00, 0x0E, 0x00, 0x0C, 0x00, 0x70, 0x70, 0x60, 0x60, 0x60,
    0xC0, 0xFE, 0xFE, 0xC0, 0xE0, 0xC0, 0x07, 0x07, 0x06, 0x06, 0x0E, 0x0C, 0x0C, 0x1C, 0x1C, 0x18,
    0x18, 0x38, 0x38, 0x30, 0x30, 0x70, 0x60, 0x60, 0xE0, 0x0F, 0x00, 0x3F, 0xC0, 0x79, 0xE0, 0x70,
    0xE0, 0xE0, 0x60, 0xE0, 0x70, 0xE0, 0x70, 0xE0, 0x70, 0xE0, 0x70, 0xE0, 0x70, 0xE0, 0x70, 0xE0,
    0x70, 0x70, 0xE0, 0x79, 0xE0, 0x3F, 0xC0, 0x0F, 0x00, 0x1E, 0x7E, 0xFE, 0xEE, 0x8E, 0x0E, 0x0E,
    0x0E, 0x0E, 0x0E, 0x0E, 0x0E, 0x0E, 0x0E, 0x0E, 0x0E, 0x1F, 0x00, 0x7F, 0x80, 0x71, 0xC0, 0xE0,
    0xE0, 0xE0, 0xE0, 0x00, 0xE0, 0x01, 0xC0, 0x01, 0xC0, 0x03, 0x80, 0x07, 0x00, 0x0E, 0x00, 0x1C,
    0x00, 0x38, 0x00, 0x78, 0x00, 0xFF, 0xE0, 0xFF, 0xE0, 0x1F, 0x00, 0x3F, 0xC0, 0x71, 0xE0, 0xE0,
    0xE0, 0x00, 0xE0, 0x00, 0xE0, 0x01, 0xC0, 0x0F, 0x80, 0x0F, 0xC0, 0x00, 0xE0, 0x00, 0x70, 0x00,
    0x70, 0xE0, 0x70, 0x79, 0xE0, 0x7F, 0xC0, 0x1F, 0x80, 0x01, 0xE0, 0x03, 0xE0, 0x03, 0xE0, 0x07,
    0xE0, 0x0E, 0xE0, 0x0C, 0xE0, 0x1C, 0xE0, 0x18, 0xE0, 0x38, 0xE0, 0x70, 0xE0, 0x70, 0xE0, 0xFF,
    0xF8, 0xFF, 0xF8, 0x00, 0xE0, 0x00, 0xE0, 0x00, 0xE0, 0x7F, 0xC0, 0x7F, 0xC0, 0x70, 0x00, 0x60,
    0x00, 0x60, 0x00, 0x6F, 0x00, 0xFF, 0xC0, 0xF3, 0xC0, 0x00, 0xE0, 0x00, 0xE0, 0x00, 0xE0, 0xC0,
    0xE0, 0xE0, 0xE0, 0x73, 0xC0, 0x7F, 0x80, 0x1F, 0x00, 0x0F, 0x80, 0x3F, 0xC0, 0x39, 0xE0, 0x70,
    0x70, 0x60, 0x00, 0xE7, 0x80, 0xEF, 0xC0, 0xF9, 0xE0, 0xF0, 0xF0, 0xE0, 0x70, 0xE0, 0x70, 0xE0,
    0x70, 0x70, 0xE0, 0x79, 0xE0, 0x3F, 0xC0, 0x0F, 0x80, 0xFF, 0xE0, 0xFF, 0xE0, 0x00, 0xE0, 0x01,
    0xC0, 0x01, 0xC0, 0x03, 0x80, 0x03, 0x80, 0x07, 0x00, 0x07, 0x00, 0x0E, 0x00, 0x0E, 0x00, 0x1C,
    0x00, 0x1C, 0x00, 0x38, 0x00, 0x38, 0x00, 0x70, 0x00, 0x1F, 0x00, 0x7F, 0xC0, 0x71, 0xE0, 0xE0,
    0xE0, 0xE0, 0xE0, 0xE0, 0xE0, 0x71, 0xC0, 0x3F, 0x80, 0x3F, 0xC0, 0x70, 0xE0, 0xE0, 0x70, 0xE0,
    0x70, 0xE0, 0x70, 0x71, 0xE0, 0x7F, 0xC0, 0x1F, 0x80, 0x1F, 0x00, 0x3F, 0xC0, 0x79, 0xE0, 0xE0,
    0xE0, 0xE0, 0x60, 0xE0, 0x70, 0xE0, 0xF0, 0x71, 0xF0, 0x7F, 0x70, 0x3E, 0x70, 0x00, 0x70, 0x00,
    0xE0, 0xE0, 0xE0, 0x79, 0xC0, 0x3F, 0x80, 0x1F, 0x00, 0xC0, 0xE0, 0xC0, 0x00, 0x00, 0x00, 0x00,
    0x00, 0xC0, 0xE0, 0xC0, 0x60, 0x70, 0x60, 0x00, 0x00, 0x00, 0x00, 0x00, 0x00, 0x60, 0x60, 0x60,
    0x60, 0x40, 0xC0, 0x00, 0x60, 0x01, 0xE0, 0x07, 0xC0, 0x3F, 0x00, 0xFC, 0x00, 0xF0, 0x00, 0xF8,
    0x00, 0x7E, 0x00, 0x0F, 0x80, 0x03, 0xE0, 0x00, 0xE0, 0xFF, 0xC0, 0xFF, 0xC0, 0x00, 0x00, 0x00,
    0x00, 0x00, 0x00, 0xFF, 0xC0, 0xFF, 0xC0, 0xC0, 0x00, 0xF0, 0x00, 0xFC, 0x00, 0x3F, 0x00, 0x07,
    0xC0, 0x01, 0xE0, 0x03, 0xC0, 0x1F, 0x80, 0x7E, 0x00, 0xF8, 0x00, 0xE0, 0x00, 0x1E, 0x00, 0x7F,
    0x80, 0xF3, 0xC0, 0xE1, 0xC0, 0x01, 0xC0, 0x01, 0xC0, 0x03, 0x80, 0x0F, 0x80, 0x0E, 0x00, 0x1C,
    0x00, 0x1C, 0x00, 0x00, 0x00, 0x00, 0x00, 0x0C, 0x00, 0x1E, 0x00, 0x0C, 0x00, 0x01, 0xFC, 0x00,
    0x0F, 0xFF, 0x00, 0x1F, 0x0F, 0x80, 0x3C, 0x01, 0xC0, 0x78, 0x00, 0xE0, 0x71, 0xEC, 0xE0, 0x63,
    0xFC, 0x70, 0xE7, 0x1C, 0x70, 0xE6, 0x0C, 0x70, 0xE6, 0x0C, 0x70, 0xE6, 0x0C, 0x70, 0xE6, 0x0C,
    0x70, 0xE6, 0x0C, 0x70, 0xE7, 0x1E, 0xE0, 0x73, 0xFF, 0xE0, 0x79, 0xE3, 0xC0, 0x3C, 0x00, 0x00,
    0x1F, 0x04, 0x00, 0x0F, 0xFE, 0x00, 0x03, 0xF8, 0x00, 0x07, 0x80, 0x07, 0x80, 0x0F, 0xC0, 0x0F,
    0xC0, 0x0C, 0xC0, 0x1C, 0xE0, 0x1C, 0xE0, 0x1C, 0xE0, 0x38, 0x70, 0x38, 0x70, 0x3F, 0xF0, 0x7F,
    0xF8, 0x70, 0x38, 0x70, 0x38, 0xE0, 0x1C, 0xE0, 0x1C, 0xFF, 0x80, 0xFF, 0xC0, 0xE1, 0xE0, 0xE0,
    0xE0, 0xE0, 0xE0, 0xE0, 0xE0, 0xE1, 0xC0, 0xFF, 0x80, 0xFF, 0xC0, 0xE0, 0xE0, 0xE0, 0x70, 0xE0,
    0x70, 0xE0, 0x70, 0xE0, 0xE0, 0xFF, 0xE0, 0xFF, 0x80, 0x07, 0xC0, 0x1F, 0xF0, 0x3C, 0x78, 0x70,
    0x38, 0x70, 0x1C, 0xE0, 0x00, 0xE0, 0x00, 0xE0, 0x00, 0xE0, 0x00, 0xE0, 0x00, 0xE0, 0x00, 0x70,
    0x1C, 0x70, 0x38, 0x3C, 0x78, 0x1F, 0xF0, 0x07, 0xC0, 0xFF, 0x00, 0xFF, 0xC0, 0xE1, 0xE0, 0xE0,
    0x70, 0xE0, 0x70, 0xE0, 0x38, 0xE0, 0x38, 0xE0, 0x38, 0xE0, 0x38, 0xE0, 0x38, 0xE0, 0x38, 0xE0,
    0x70, 0xE0, 0x70, 0xE1, 0xE0, 0xFF, 0xC0, 0xFF, 0x00, 0xFF, 0xE0, 0xFF, 0xE0, 0xE0, 0x00, 0xE0,
    0x00, 0xE0, 0x00, 0xE0, 0x00, 0xE0, 0x00, 0xFF, 0xC0, 0xFF, 0xC0, 0xE0, 0x00, 0xE0, 0x00, 0xE0,
    0x00, 0xE0, 0x00, 0xE0, 0x00, 0xFF, 0xE0, 0xFF, 0xE0, 0xFF, 0xE0, 0xFF, 0xE0, 0xE0, 0x00, 0xE0,
    0x00, 0xE0, 0x00, 0xE0, 0x00, 0xE0, 0x00, 0xE0, 0x00, 0xFF, 0xC0, 0xFF, 0xC0, 0xE0, 0x00, 0xE0,
    0x00, 0xE0, 0x00, 0xE0, 0x00, 0xE0, 0x00, 0xE0, 0x00, 0x07, 0xC0, 0x1F, 0xF0, 0x3C, 0x78, 0x70,
    0x38, 0x70, 0x1C, 0xE0, 0x00, 0xE0, 0x00, 0xE0, 0x00, 0xE0, 0xFC, 0xE0, 0xFC, 0xE0, 0x1C, 0x70,
    0x1C, 0x70, 0x38, 0x3C, 0x78, 0x1F, 0xF0, 0x07, 0xC0, 0xE0, 0x38, 0xE0, 0x38, 0xE0, 0x38, 0xE0,
    0x38, 0xE0, 0x38, 0xE0, 0x38, 0xE0, 0x38, 0xFF, 0xF8, 0xFF, 0xF8, 0xE0, 0x38, 0xE0, 0x38, 0xE0,
    0x38, 0xE0, 0x38, 0xE0, 0x38, 0xE0, 0x38, 0xE0, 0x38, 0xE0, 0xE0, 0xE0, 0xE0, 0xE0, 0xE0, 0xE0,
    0xE0, 0xE0, 0xE0, 0xE0, 0xE0, 0xE0, 0xE0, 0xE0, 0xE0, 0x01, 0xC0, 0x01, 0xC0, 0x01, 0xC0, 0x01,
    0xC0, 0x01, 0xC0, 0x01, 0xC0, 0x01, 0xC0, 0x01, 0xC0, 0x01, 0xC0, 0x01, 0xC0, 0xE1, 0xC0, 0xE1,
    0xC0, 0xE1, 0xC0, 0xF3, 0x80, 0x7F, 0x80, 0x1E, 0x00, 0xE0, 0x78, 0xE0, 0xF0, 0xE1, 0xE0, 0xE1,
    0xC0, 0xE3, 0x80, 0xE7, 0x00, 0xEE, 0x00, 0xFE, 0x00, 0xFF, 0x00, 0xF3, 0x80, 0xF3, 0xC0, 0xE1,
    0xC0, 0xE0, 0xE0, 0xE0, 0xF0, 0xE0, 0x70, 0xE0, 0x38, 0xE0, 0x00, 0xE0, 0x00, 0xE0, 0x00, 0xE0,
    0x00, 0xE0, 0x00, 0xE0, 0x00, 0xE0, 0x00, 0xE0, 0x00, 0xE0, 0x00, 0xE0, 0x00, 0xE0, 0x00, 0xE0,
    0x00, 0xE0, 0x00, 0xE0, 0x00, 0xFF, 0xC0, 0xFF, 0xC0, 0xF8, 0x0F, 0x80, 0xF8, 0x0F, 0x80, 0xF8,
    0x0F, 0x80, 0xFC, 0x1F, 0x80, 0xFC, 0x1F, 0x80, 0xEC, 0x1B, 0x80, 0xEE, 0x3B, 0x80, 0xEE, 0x3B,
    0x80, 0xE6, 0x33, 0x80, 0xE7, 0x73, 0x80, 0xE7, 0x73, 0x80, 0xE3, 0x63, 0x80, 0xE3, 0xE3, 0x80,
    0xE3, 0xE3, 0x80, 0xE1, 0xC3, 0x80, 0xE1, 0xC3, 0x80, 0xF0, 0x1C, 0xF0, 0x1C, 0xF8, 0x1C, 0xFC,
    0x1C, 0xFC, 0x1C, 0xEE, 0x1C, 0xEF, 0x1C, 0xE7, 0x1C, 0xE3, 0x9C, 0xE3, 0xDC, 0xE1, 0xDC, 0xE0,
    0xFC, 0xE0, 0xFC, 0xE0, 0x7C, 0xE0, 0x3C, 0xE0, 0x3C, 0x07, 0xC0, 0x1F, 0xF0, 0x3C, 0x78, 0x70,
    0x3C, 0x70, 0x1C, 0xE0, 0x0E, 0xE0, 0x0E, 0xE0, 0x0E, 0xE0, 0x0E, 0xE0, 0x0E, 0xE0, 0x0E, 0x70,
    0x1C, 0x70, 0x3C, 0x3C, 0x78, 0x1F, 0xF0, 0x07, 0xC0, 0xFF, 0x80, 0xFF, 0xC0, 0xE1, 0xE0, 0xE0,
    0x70, 0xE0, 0x70, 0xE0, 0x70, 0xE0, 0x70, 0xE0, 0xE0, 0xFF, 0xE0, 0xFF, 0x80, 0xE0, 0x00, 0xE0,
    0x00, 0xE0, 0x00, 0xE0, 0x00, 0xE0, 0x00, 0xE0, 0x00, 0x07, 0xC0, 0x1F, 0xF0, 0x3C, 0x78, 0x70,
    0x3C, 0x70, 0x1C, 0xE0, 0x0E, 0xE0, 0x0E, 0xE0, 0x0E, 0xE0, 0x0E, 0xE0, 0x0E, 0xE1, 0x8E, 0x71,
    0xDC, 0x78, 0xFC, 0x3F, 0xF8, 0x1F, 0xF8, 0x07, 0xF8, 0x00, 0x1C, 0xFF, 0x80, 0xFF, 0xC0, 0xE1,
    0xE0, 0xE0, 0x70, 0xE0, 0x70, 0xE0, 0x70, 0xE0, 0x70, 0xE0, 0xE0, 0xFF, 0xE0, 0xFF, 0x80, 0xE3,
    0x80, 0xE1, 0xC0, 0xE1, 0xC0, 0xE0, 0xE0, 0xE0, 0xF0, 0xE0, 0x70, 0x1F, 0x80, 0x7F, 0xC0, 0x71,
    0xE0, 0xE0, 0x70, 0xE0, 0x00, 0xE0, 0x00, 0xFC, 0x00, 0x7F, 0x80, 0x1F, 0xE0, 0x01, 0xE0, 0x00,
    0x70, 0xC0, 0x70, 0xE0, 0x70, 0xF1, 0xE0, 0x7F, 0xC0, 0x1F, 0x80, 0xFF, 0xF8, 0xFF, 0xF8, 0x07,
    0x00, 0x07, 0x00, 0x07, 0x00, 0x07, 0x00, 0x07, 0x00, 0x07, 0x00, 0x07, 0x00, 0x07, 0x00, 0x07,
    0x00, 0x07, 0x00, 0x07, 0x00, 0x07, 0x00, 0x07, 0x00, 0x07, 0x00, 0xE0, 0x38, 0xE0, 0x38, 0xE0,
    0x38, 0xE0, 0x38, 0xE0, 0x38, 0xE0, 0x38, 0xE0, 0x38, 0xE0, 0x38, 0xE0, 0x38, 0xE0, 0x38, 0xE0,
    0x38, 0xE0, 0x38, 0xF0, 0x78, 0x78, 0xF0, 0x3F, 0xE0, 0x0F, 0x80, 0xE0, 0x1C, 0xE0, 0x1C, 0xF0,
    0x1C, 0x70, 0x38, 0x70, 0x38, 0x78, 0x38, 0x38, 0x70, 0x38, 0x70, 0x1C, 0x70, 0x1C, 0xE0, 0x1C,
    0xE0, 0x0C, 0xC0, 0x0F, 0xC0, 0x0F, 0xC0, 0x07, 0x80, 0x07, 0x80, 0xE0, 0x70, 0x38, 0xE0, 0xF0,
    0x70, 0xE0, 0xF0, 0x70, 0xE0, 0xF8, 0x70, 0x70, 0xF8, 0x70, 0x71, 0xD8, 0xE0, 0x71, 0xD8, 0xE0,
    0x31, 0x9C, 0xE0, 0x39, 0x9C, 0xE0, 0x3B, 0x8C, 0xC0, 0x3B, 0x8D, 0xC0, 0x1B, 0x0F, 0xC0, 0x1F,
    0x0F, 0xC0, 0x1F, 0x07, 0x80, 0x1F, 0x07, 0x80, 0x0E, 0x07, 0x80, 0xF0, 0x3C, 0x70, 0x38, 0x38,
    0x70, 0x3C, 0xF0, 0x1C, 0xE0, 0x0F, 0xC0, 0x0F, 0xC0, 0x07, 0x80, 0x07, 0x80, 0x0F, 0xC0, 0x1F,
    0xE0, 0x1C, 0xE0, 0x38, 0x70, 0x78, 0x78, 0x70, 0x38, 0xE0, 0x1C, 0xF0, 0x1C, 0x70, 0x1C, 0x38,
    0x38, 0x38, 0x78, 0x1C, 0x70, 0x1E, 0xE0, 0x0E, 0xE0, 0x07, 0xC0, 0x07, 0xC0, 0x03, 0x80, 0x03,
    0x80, 0x03, 0x80, 0x03, 0x80, 0x03, 0x80, 0x03, 0x80, 0x03, 0x80, 0xFF, 0xF0, 0xFF, 0xF0, 0x00,
    0xE0, 0x00, 0xE0, 0x01, 0xC0, 0x03, 0x80, 0x07, 0x80, 0x07, 0x00, 0x0E, 0x00, 0x1E, 0x00, 0x1C,
    0x00, 0x38, 0x00, 0x70, 0x00, 0x70, 0x00, 0xFF, 0xF0, 0xFF, 0xF0, 0xF8, 0xF8, 0xE0, 0xE0, 0xE0,
    0xE0, 0xE0, 0xE0, 0xE0, 0xE0, 0xE0, 0xE0, 0xE0, 0xE0, 0xE0, 0xE0, 0xE0, 0xE0, 0xF8, 0xF8, 0xE0,
    0x60, 0x60, 0x70, 0x30, 0x30, 0x38, 0x38, 0x18, 0x18, 0x1C, 0x1C, 0x0C, 0x0C, 0x0E, 0x06, 0x06,
    0x07, 0x07, 0xF8, 0xF8, 0x38, 0x38, 0x38, 0x38, 0x38, 0x38, 0x38, 0x38, 0x38, 0x38, 0x38, 0x38,
    0x38, 0x38, 0x38, 0x38, 0xF8, 0xF8, 0x1C, 0x3C, 0x36, 0x66, 0x63, 0xE3, 0xFF, 0xC0, 0xFF, 0xC0,
    0xE0, 0x60, 0x70, 0x1F, 0x00, 0x7F, 0x80, 0x73, 0xC0, 0x21, 0xC0, 0x01, 0xC0, 0x3F, 0xC0, 0x7D,
    0xC0, 0xE1, 0xC0, 0xE1, 0xC0, 0xF3, 0xC0, 0x7F, 0xC0, 0x3D, 0xC0, 0xE0, 0x00, 0xE0, 0x00, 0xE0,
    0x00, 0xE0, 0x00, 0xEF, 0x00, 0xFF, 0xC0, 0xF1, 0xC0, 0xE0, 0xE0, 0xE0, 0xE0, 0xE0, 0xE0, 0xE0,
    0xE0, 0xE0, 0xE0, 0xE0, 0xE0, 0xF1, 0xC0, 0xFF, 0xC0, 0xEF, 0x00, 0x1F, 0x00, 0x3F, 0xC0, 0x79,
    0xC0, 0xF0, 0xE0, 0xE0, 0x00, 0xE0, 0x00, 0xE0, 0x00, 0xE0, 0x00, 0xE0, 0xE0, 0x79, 0xC0, 0x3F,
    0xC0, 0x1F, 0x00, 0x00, 0xE0, 0x00, 0xE0, 0x00, 0xE0, 0x00, 0xE0, 0x1E, 0xE0, 0x7F, 0xE0, 0x71,
    0xE0, 0xE0, 0xE0, 0xE0, 0xE0, 0xE0, 0xE0, 0xE0, 0xE0, 0xE0, 0xE0, 0xE0, 0xE0, 0x71, 0xE0, 0x7F,
    0xE0, 0x1E, 0xE0, 0x1F, 0x00, 0x3F, 0x80, 0x71, 0xC0, 0xE0, 0xE0, 0xE0, 0xE0, 0xFF, 0xE0, 0xFF,
    0xE0, 0xE0, 0x00, 0xE0, 0x00, 0x79, 0xE0, 0x3F, 0xC0, 0x1F, 0x00, 0x0F, 0x1F, 0x38, 0x38, 0x38,
    0xFF, 0xFF, 0x38, 0x38, 0x38, 0x38, 0x38, 0x38, 0x38, 0x38, 0x38, 0x38, 0x1E, 0xE0, 0x7F, 0xE0,
    0x71, 0xE0, 0xE0, 0xE0, 0xE0, 0xE0, 0xE0, 0xE0, 0xE0, 0xE0, 0xE0, 0xE0, 0xE0, 0xE0, 0x71, 0xE0,
    0x7F, 0xE0, 0x1E, 0xE0, 0x00, 0xE0, 0x71, 0xE0, 0x7F, 0xC0, 0x1F, 0x00, 0xE0, 0x00, 0xE0, 0x00,
    0xE0, 0x00, 0xE0, 0x00, 0xE7, 0x80, 0xFF, 0xC0, 0xF1, 0xC0, 0xE0, 0xE0, 0xE0, 0xE0, 0xE0, 0xE0,
    0xE0, 0xE0, 0xE0, 0xE0, 0xE0, 0xE0, 0xE0, 0xE0, 0xE0, 0xE0, 0xE0, 0xE0, 0xC0, 0xE0, 0xC0, 0x00,
    0x00, 0xE0, 0xE0, 0xE0, 0xE0, 0xE0, 0xE0, 0xE0, 0xE0, 0xE0, 0xE0, 0xE0, 0xE0, 0x30, 0x38, 0x30,
    0x00, 0x00, 0x38, 0x38, 0x38, 0x38, 0x38, 0x38, 0x38, 0x38, 0x38, 0x38, 0x38, 0x38, 0x38, 0x78,
    0xF0, 0xE0, 0xE0, 0x00, 0xE0, 0x00, 0xE0, 0x00, 0xE0, 0x00, 0xE1, 0xC0, 0xE3, 0xC0, 0xE7, 0x80,
    0xE7, 0x00, 0xEE, 0x00, 0xFC, 0x00, 0xFE, 0x00, 0xFF, 0x00, 0xE7, 0x80, 0xE3, 0x80, 0xE1, 0xC0,
    0xE1, 0xE0, 0xE0, 0xE0, 0xE0, 0xE0, 0xE0, 0xE0, 0xE0, 0xE0, 0xE0, 0xE0, 0xE0, 0xE0, 0xE0, 0xE0,
    0xE0, 0xE0, 0xEF, 0x1E, 0x00, 0xFF, 0xBF, 0x00, 0xF3, 0xE7, 0x80, 0xE1, 0xC3, 0x80, 0xE1, 0xC3,
    0x80, 0xE1, 0xC3, 0x80, 0xE1, 0xC3, 0x80, 0xE1, 0xC3, 0x80, 0xE1, 0xC3, 0x80, 0xE1, 0xC3, 0x80,
    0xE1, 0xC3, 0x80, 0xE1, 0xC3, 0x80, 0xE7, 0x80, 0xFF, 0xC0, 0xF1, 0xC0, 0xE0, 0xE0, 0xE0, 0xE0,
    0xE0, 0xE0, 0xE0, 0xE0, 0xE0, 0xE0, 0xE0, 0xE0, 0xE0, 0xE0, 0xE0, 0xE0, 0xE0, 0xE0, 0x1F, 0x00,
    0x3F, 0xC0, 0x79, 0xE0, 0xF0, 0xE0, 0xE0, 0x70, 0xE0, 0x70, 0xE0, 0x70, 0xE0, 0x70, 0xF0, 0xE0,
    0x79, 0xE0, 0x3F, 0xC0, 0x1F, 0x00, 0xEF, 0x00, 0xFF, 0xC0, 0xF1, 0xC0, 0xE0, 0xE0, 0xE0, 0xE0,
    0xE0, 0xE0, 0xE0, 0xE0, 0xE0, 0xE0, 0xE0, 0xE0, 0xF1, 0xC0, 0xFF, 0xC0, 0xEF, 0x00, 0xE0, 0x00,
    0xE0, 0x00, 0xE0, 0x00, 0xE0, 0x00, 0x1E, 0xE0, 0x7F, 0xE0, 0x71, 0xE0, 0xE0, 0xE0, 0xE0, 0xE0,
    0xE0, 0xE0, 0xE0, 0xE0, 0xE0, 0xE0, 0xE0, 0xE0, 0x71, 0xE0, 0x7F, 0xE0, 0x1E, 0xE0, 0x00, 0xE0,
    0x00, 0xE0, 0x00, 0xE0, 0x00, 0xE0, 0xEE, 0xFE, 0xF0, 0xE0, 0xE0, 0xE0, 0xE0, 0xE0, 0xE0, 0xE0,
    0xE0, 0xE0, 0x3E, 0x00, 0x7F, 0x80, 0xF3, 0x80, 0xE1, 0x00, 0xE0, 0x00, 0x7E, 0x00, 0x1F, 0x80,
    0x03, 0xC0, 0xC1, 0xC0, 0xE3, 0xC0, 0x7F, 0x80, 0x3E, 0x00, 0x38, 0x38, 0x38, 0xFE, 0xFE, 0x38,
    0x38, 0x38, 0x38, 0x38, 0x38, 0x38, 0x38, 0x3E, 0x0E, 0xE0, 0xE0, 0xE0, 0xE0, 0xE0, 0xE0, 0xE0,
    0xE0, 0xE0, 0xE0, 0xE0, 0xE0, 0xE0, 0xE0, 0xE0, 0xE0, 0xE0, 0xE0, 0xF1, 0xE0, 0x7E, 0xE0, 0x3C,
    0xE0, 0xE0, 0xE0, 0xE0, 0xE0, 0xE0, 0xE0, 0x71, 0xC0, 0x71, 0xC0, 0x71, 0x80, 0x3B, 0x80, 0x3B,
    0x80, 0x1B, 0x00, 0x1F, 0x00, 0x1F, 0x00, 0x0E, 0x00, 0xE1, 0xC3, 0x80, 0xE1, 0xC3, 0x80, 0xE3,
    0xC7, 0x00, 0x63, 0xC7, 0x00, 0x73, 0x67, 0x00, 0x73, 0x66, 0x00, 0x76, 0x6E, 0x00, 0x36, 0x6E,
    0x00, 0x3E, 0x3C, 0x00, 0x3E, 0x3C, 0x00, 0x1C, 0x3C, 0x00, 0x1C, 0x3C, 0x00, 0xE1, 0xC0, 0x71,
    0xC0, 0x73, 0x80, 0x3F, 0x00, 0x3F, 0x00, 0x1E, 0x00, 0x1E, 0x00, 0x3F, 0x00, 0x33, 0x00, 0x73,
    0x80, 0xE1, 0xC0, 0xE1, 0xC0, 0xE0, 0xE0, 0xE0, 0xE0, 0xE0, 0xE0, 0x71, 0xC0, 0x71, 0xC0, 0x31,
    0x80, 0x3B, 0x80, 0x3B, 0x80, 0x1F, 0x00, 0x1F, 0x00, 0x0E, 0x00, 0x0E, 0x00, 0x0E, 0x00, 0x1C,
    0x00, 0x7C, 0x00, 0x70, 0x00, 0xFF, 0xC0, 0xFF, 0xC0, 0x03, 0x80, 0x07, 0x80, 0x07, 0x00, 0x0E,
    0x00, 0x1C, 0x00, 0x3C, 0x00, 0x78, 0x00, 0x70, 0x00, 0xFF, 0xC0, 0xFF, 0xC0, 0x0E, 0x1F, 0x3C,
    0x38, 0x38, 0x38, 0x38, 0x38, 0xF0, 0xE0, 0xF0, 0x78, 0x38, 0x38, 0x38, 0x38, 0x38, 0x3C, 0x1F,
    0x0E, 0xE0, 0xE0, 0xE0, 0xE0, 0xE0, 0xE0, 0xE0, 0xE0, 0xE0, 0xE0, 0xE0, 0xE0, 0xE0, 0xE0, 0xE0,
    0xE0, 0xE0, 0xE0, 0xE0, 0xE0, 0xE0, 0xE0, 0xE0, 0xE0, 0xE0, 0xE0, 0x70, 0xF8, 0x3C, 0x1C, 0x1C,
    0x1C, 0x1C, 0x1C, 0x0F, 0x07, 0x0F, 0x1E, 0x1C, 0x1C, 0x1C, 0x1C, 0x1C, 0x3C, 0xF8, 0x70, 0x78,
    0x70, 0xFE, 0xF0, 0xE7, 0xE0, 0xE1, 0xC0, 0x60, 0xF0, 0x60, 0x00, 0x00, 0xE0, 0xE0, 0xE0, 0xE0,
    0xE0, 0xE0, 0xE0, 0xE0, 0xE0, 0xE0, 0xE0, 0x04, 0x00, 0x04, 0x00, 0x1F, 0x00, 0x3F, 0x80, 0x7D,
    0xC0, 0xE4, 0xC0, 0xE4, 0x00, 0xE4, 0x00, 0xE4, 0x00, 0xE4, 0x00, 0xE4, 0xC0, 0x75, 0xC0, 0x3F,
    0xC0, 0x1F, 0x00, 0x04, 0x00, 0x04, 0x00, 0x07, 0x80, 0x1F, 0xE0, 0x1C, 0xE0, 0x38, 0x70, 0x38,
    0x00, 0x38, 0x00, 0x38, 0x00, 0xFF, 0x80, 0xFF, 0x80, 0x38, 0x00, 0x38, 0x00, 0x38, 0x00, 0x38,
    0x70, 0x70, 0x70, 0xFF, 0xF0, 0xFF, 0xE0, 0xCF, 0x98, 0xFF, 0xF8, 0x70, 0x70, 0x60, 0x30, 0xC0,
    0x18, 0xC0, 0x18, 0xC0, 0x18, 0xC0, 0x18, 0xC0, 0x38, 0x60, 0x30, 0x78, 0xF8, 0xFF, 0xF8, 0x0F,
    0x80, 0xE0, 0xE0, 0xE0, 0xE0, 0x71, 0xC0, 0x71, 0xC0, 0x33, 0x80, 0x3B, 0x80, 0x1F, 0x00, 0x1F,
    0x00, 0xFF, 0xC0, 0x7F, 0xC0, 0x0E, 0x00, 0xFF, 0xC0, 0xFF, 0xC0, 0x0E, 0x00, 0x0E, 0x00, 0x0E,
    0x00, 0xE0, 0xE0, 0xE0, 0xE0, 0xE0, 0xE0, 0xE0, 0x00, 0x00, 0x00, 0x00, 0xE0, 0xE0, 0xE0, 0xE0,
    0xE0, 0xE0, 0xE0, 0x1F, 0x00, 0x3F, 0x80, 0x7B, 0x80, 0x71, 0x80, 0x70, 0x00, 0x38, 0x00, 0x1F,
    0x00, 0x7F, 0x80, 0xE3, 0xC0, 0xE0, 0xE0, 0xF0, 0xE0, 0x7C, 0xC0, 0x1F, 0x00, 0x07, 0x80, 0x03,
    0xC0, 0x21, 0xC0, 0x71, 0xC0, 0x7F, 0x80, 0x3F, 0x00, 0x42, 0xE7, 0xC6, 0x07, 0xF0, 0x00, 0x1F,
    0xFC, 0x00, 0x3C, 0x1E, 0x00, 0x7B, 0xCE, 0x00, 0x77, 0xE7, 0x00, 0xEE, 0x77, 0x00, 0xEC, 0x33,
    0x80, 0xEC, 0x03, 0x80, 0xEC, 0x03, 0x80, 0xEE, 0x33, 0x80, 0xE7, 0xF7, 0x00, 0x73, 0xE7, 0x00,
    0x38, 0x0E, 0x00, 0x3E, 0x3C, 0x00, 0x0F, 0xF8, 0x00, 0x03, 0xE0, 0x00, 0x3C, 0x7F, 0x63, 0x03,
    0x3F, 0xFB, 0xE3, 0xC7, 0xFF, 0x7B, 0x0E, 0x70, 0x1C, 0xE0, 0x39, 0xC0, 0x73, 0x80, 0xF7, 0x00,
    0xF7, 0x00, 0x73, 0x80, 0x39, 0xC0, 0x1C, 0xE0, 0x0E, 0x70, 0xFF, 0xC0, 0xFF, 0xC0, 0x01, 0xC0,
    0x01, 0xC0, 0x01, 0xC0, 0x0F, 0x00, 0x1F, 0xC0, 0x30, 0xE0, 0x60, 0x30, 0xCF, 0x30, 0xC9, 0x98,
    0xC9, 0x98, 0xCF, 0x18, 0xC9, 0x18, 0x69, 0xB0, 0x70, 0x60, 0x3F, 0xC0, 0x0F, 0x80, 0xFC, 0xFC,
    0x7C, 0x7C, 0xC6, 0xC6, 0xEE, 0x7C, 0x38, 0x0E, 0x00, 0x0E, 0x00, 0x0E, 0x00, 0xFF, 0xE0, 0xFF,
    0xE0, 0x0E, 0x00, 0x0E, 0x00, 0x0E, 0x00, 0x00, 0x00, 0xFF, 0xE0, 0xFF, 0xE0, 0x3C, 0xFE, 0xC6,
    0x06, 0x0E, 0x1C, 0x70, 0xFE, 0xFE, 0x7C, 0xFE, 0x06, 0x3E, 0x3C, 0x06, 0xC6, 0xFE, 0x7C, 0x70,
    0x60, 0xC0, 0xE0, 0xE0, 0xE0, 0xE0, 0xE0, 0xE0, 0xE0, 0xE0, 0xE0, 0xE0, 0xE0, 0xE0, 0xE0, 0xE0,
    0xE0, 0xE0, 0xE0, 0xE0, 0xF1, 0xE0, 0xFF, 0xF0, 0xEE, 0x70, 0xE0, 0x00, 0xE0, 0x00, 0xE0, 0x00,
    0xE0, 0x00, 0x1F, 0xE0, 0x7F, 0xE0, 0x7C, 0xE0, 0xFC, 0xE0, 0xFC, 0xE0, 0xFC, 0xE0, 0xFC, 0xE0,
    0x7C, 0xE0, 0x7C, 0xE0, 0x1C, 0xE0, 0x00, 0xE0, 0x00, 0xE0, 0x00, 0xE0, 0x00, 0xE0, 0x00, 0xE0,
    0x00, 0xE0, 0xC0, 0xE0, 0xC0, 0xC0, 0xE0, 0x30, 0x30, 0xE0, 0x38, 0x78, 0xD8, 0x18, 0x18, 0x18,
    0x18, 0x18, 0x18, 0x1E, 0x00, 0x7F, 0x00, 0x63, 0x80, 0xE1, 0x80, 0xC1, 0x80, 0xC1, 0x80, 0xE1,
    0x80, 0x63, 0x80, 0x7F, 0x00, 0x1E, 0x00, 0xE7, 0x00, 0x73, 0x80, 0x39, 0xC0, 0x1C, 0xE0, 0x0E,
    0xF0, 0x0E, 0xF0, 0x1C, 0xE0, 0x39, 0xC0, 0x73, 0x80, 0xE7, 0x00, 0x70, 0x0C, 0x00, 0xF0, 0x0C,
    0x00, 0xB0, 0x18, 0x00, 0x30, 0x30, 0x00, 0x30, 0x70, 0x00, 0x30, 0x60, 0x00, 0x30, 0xC0, 0x00,
    0x31, 0x82, 0x00, 0x31, 0x87, 0x00, 0x03, 0x0F, 0x00, 0x06, 0x1F, 0x00, 0x06, 0x1B, 0x00, 0x0C,
    0x33, 0x00, 0x18, 0x3F, 0x80, 0x18, 0x3F, 0x80, 0x30, 0x03, 0x00, 0x70, 0x0C, 0x00, 0xF0, 0x18,
    0x00, 0xB0, 0x30, 0x00, 0x30, 0x30, 0x00, 0x30, 0x60, 0x00, 0x30, 0xC0, 0x00, 0x30, 0xC0, 0x00,
    0x31, 0x86, 0x00, 0x33, 0x1F, 0x80, 0x03, 0x19, 0x80, 0x06, 0x01, 0x80, 0x0C, 0x03, 0x00, 0x0C,
    0x06, 0x00, 0x18, 0x0C, 0x00, 0x30, 0x1F, 0x80, 0x30, 0x1F, 0x80, 0x3C, 0x03, 0x00, 0x7E, 0x03,
    0x00, 0xE6, 0x06, 0x00, 0x06, 0x0C, 0x00, 0x1C, 0x1C, 0x00, 0x0E, 0x18, 0x00, 0x06, 0x30, 0x00,
    0xEE, 0x70, 0x00, 0x7C, 0x61, 0xC0, 0x00, 0xC3, 0xC0, 0x01, 0x87, 0xC0, 0x01, 0x86, 0xC0, 0x03,
    0x0C, 0xC0, 0x06, 0x0F, 0xE0, 0x0E, 0x0F, 0xE0, 0x0C, 0x00, 0xC0, 0x0C, 0x00, 0x1E, 0x00, 0x0C,
    0x00, 0x00, 0x00, 0x00, 0x00, 0x0E, 0x00, 0x0E, 0x00, 0x1C, 0x00, 0x3C, 0x00, 0x70, 0x00, 0xE0,
    0x00, 0xE0, 0x00, 0xE1, 0xC0, 0xF3, 0xC0, 0x7F, 0x80, 0x1E, 0x00, 0x0E, 0x00, 0x06, 0x00, 0x03,
    0x00, 0x00, 0x00, 0x07, 0x80, 0x07, 0x80, 0x0F, 0xC0, 0x0F, 0xC0, 0x0C, 0xC0, 0x1C, 0xE0, 0x1C,
    0xE0, 0x1C, 0xE0, 0x38, 0x70, 0x38, 0x70, 0x3F, 0xF0, 0x7F, 0xF8, 0x70, 0x38, 0x70, 0x38, 0xE0,
    0x1C, 0xE0, 0x1C, 0x01, 0xC0, 0x01, 0x80, 0x03, 0x00, 0x00, 0x00, 0x07, 0x80, 0x07, 0x80, 0x0F,
    0xC0, 0x0F, 0xC0, 0x0C, 0xC0, 0x1C, 0xE0, 0x1C, 0xE0, 0x1C, 0xE0, 0x38, 0x70, 0x38, 0x70, 0x3F,
    0xF0, 0x7F, 0xF8, 0x70, 0x38, 0x70, 0x38, 0xE0, 0x1C, 0xE0, 0x1C, 0x03, 0x00, 0x07, 0x80, 0x0C,
    0xC0, 0x08, 0x40, 0x00, 0x00, 0x07, 0x80, 0x07, 0x80, 0x0F, 0xC0, 0x0F, 0xC0, 0x0C, 0xC0, 0x1C,
    0xE0, 0x1C, 0xE0, 0x1C, 0xE0, 0x38, 0x70, 0x38, 0x70, 0x3F, 0xF0, 0x7F, 0xF8, 0x70, 0x38, 0x70,
    0x38, 0xE0, 0x1C, 0xE0, 0x1C, 0x06, 0x40, 0x0F, 0xC0, 0x09, 0x80, 0x00, 0x00, 0x00, 0x00, 0x07,
    0x80, 0x07, 0x80, 0x0F, 0xC0, 0x0F, 0xC0, 0x0C, 0xC0, 0x1C, 0xE0, 0x1C, 0xE0, 0x1C, 0xE0, 0x38,
    0x70, 0x38, 0x70, 0x3F, 0xF0, 0x7F, 0xF8, 0x70, 0x38, 0x70, 0x38, 0xE0, 0x1C, 0xE0, 0x1C, 0x0C,
    0x60, 0x1C, 0xE0, 0x08, 0x40, 0x00, 0x00, 0x07, 0x80, 0x07, 0xC0, 0x0F, 0xC0, 0x0F, 0xC0, 0x0D,
    0xE0, 0x1C, 0xE0, 0x1C, 0xE0, 0x1C, 0xE0, 0x38, 0x70, 0x38, 0x70, 0x3F, 0xF0, 0x7F, 0xF8, 0x70,
    0x38, 0x70, 0x38, 0xE0, 0x1C, 0xE0, 0x1C, 0x07, 0x80, 0x0C, 0xC0, 0x0C, 0xC0, 0x0C, 0xC0, 0x07,
    0x80, 0x00, 0x00, 0x07, 0x80, 0x07, 0x80, 0x0F, 0xC0, 0x0F, 0xC0, 0x0C, 0xC0, 0x1C, 0xE0, 0x1C,
    0xE0, 0x1C, 0xE0, 0x38, 0x70, 0x38, 0x70, 0x3F, 0xF0, 0x7F, 0xF8, 0x70, 0x38, 0x70, 0x38, 0xE0,
    0x1C, 0xE0, 0x1C, 0x01, 0xFF, 0xF8, 0x03, 0xFF, 0xF8, 0x03, 0xB8, 0x00, 0x07, 0x38, 0x00, 0x07,
    0x38, 0x00, 0x0E, 0x38, 0x00, 0x0E, 0x38, 0x00, 0x0E, 0x3F, 0xF0, 0x1C, 0x3F, 0xF0, 0x1C, 0x38,
    0x00, 0x3F, 0xF8, 0x00, 0x3F, 0xF8, 0x00, 0x70, 0x38, 0x00, 0x70, 0x38, 0x00, 0xF0, 0x3F, 0xF8,
    0xE0, 0x3F, 0xF8, 0x07, 0xC0, 0x1F, 0xF0, 0x3C, 0x78, 0x70, 0x3C, 0x70, 0x1C, 0xE0, 0x00, 0xE0,
    0x00, 0xE0, 0x00, 0xE0, 0x00, 0xE0, 0x00, 0xE0, 0x00, 0x70, 0x1C, 0x70, 0x3C, 0x3C, 0x78, 0x1F,
    0xF0, 0x07, 0xC0, 0x03, 0x00, 0x01, 0xC0, 0x00, 0xC0, 0x03, 0xC0, 0x38, 0x00, 0x1C, 0x00, 0x0C,
    0x00, 0x00, 0x00, 0xFF, 0xE0, 0xFF, 0xE0, 0xE0, 0x00, 0xE0, 0x00, 0xE0, 0x00, 0xE0, 0x00, 0xE0,
    0x00, 0xFF, 0xC0, 0xFF, 0xC0, 0xE0, 0x00, 0xE0, 0x00, 0xE0, 0x00, 0xE0, 0x00, 0xE0, 0x00, 0xFF,
    0xE0, 0xFF, 0xE0, 0x07, 0x00, 0x06, 0x00, 0x0E, 0x00, 0x00, 0x00, 0xFF, 0xE0, 0xFF, 0xE0, 0xE0,
    0x00, 0xE0, 0x00, 0xE0, 0x00, 0xE0, 0x00, 0xE0, 0x00, 0xFF, 0xC0, 0xFF, 0xC0, 0xE0, 0x00, 0xE0,
    0x00, 0xE0, 0x00, 0xE0, 0x00, 0xE0, 0x00, 0xFF, 0xE0, 0xFF, 0xE0, 0x04, 0x00, 0x1E, 0x00, 0x3B,
    0x00, 0x21, 0x00, 0x00, 0x00, 0xFF, 0xE0, 0xFF, 0xE0, 0xE0, 0x00, 0xE0, 0x00, 0xE0, 0x00, 0xE0,
    0x00, 0xE0, 0x00, 0xFF, 0xC0, 0xFF, 0xC0, 0xE0, 0x00, 0xE0, 0x00, 0xE0, 0x00, 0xE0, 0x00, 0xE0,
    0x00, 0xFF, 0xE0, 0xFF, 0xE0, 0x31, 0x80, 0x73, 0x80, 0x21, 0x00, 0x00, 0x00, 0xFF, 0xE0, 0xFF,
    0xE0, 0xE0, 0x00, 0xE0, 0x00, 0xE0, 0x00, 0xE0, 0x00, 0xE0, 0x00, 0xFF, 0xC0, 0xFF, 0xC0, 0xE0,
    0x00, 0xE0, 0x00, 0xE0, 0x00, 0xE0, 0x00, 0xE0, 0x00, 0xFF, 0xE0, 0xFF, 0xE0, 0xC0, 0xE0, 0x60,
    0x00, 0x70, 0x70, 0x70, 0x70, 0x70, 0x70, 0x70, 0x70, 0x70, 0x70, 0x70, 0x70, 0x70, 0x70, 0x70,
    0x70, 0x30, 0x60, 0x60, 0x00, 0xE0, 0xE0, 0xE0, 0xE0, 0xE0, 0xE0, 0xE0, 0xE0, 0xE0, 0xE0, 0xE0,
    0xE0, 0xE0, 0xE0, 0xE0, 0xE0, 0x10, 0x7C, 0xEC, 0x84, 0x00, 0x38, 0x38, 0x38, 0x38, 0x38, 0x38,
    0x38, 0x38, 0x38, 0x38, 0x38, 0x38, 0x38, 0x38, 0x38, 0x38, 0xC6, 0xE7, 0x42, 0x00, 0x38, 0x38,
    0x38, 0x38, 0x38, 0x38, 0x38, 0x38, 0x38, 0x38, 0x38, 0x38, 0x38, 0x38, 0x38, 0x38, 0x3F, 0xC0,
    0x3F, 0xF0, 0x38, 0x78, 0x38, 0x1C, 0x38, 0x1C, 0x38, 0x0E, 0x38, 0x0E, 0xFF, 0x0E, 0xFF, 0x0E,
    0x38, 0x0E, 0x38, 0x0E, 0x38, 0x1C, 0x38, 0x1C, 0x38, 0x78, 0x3F, 0xF0, 0x3F, 0xC0, 0x0E, 0x40,
    0x0F, 0xC0, 0x19, 0xC0, 0x00, 0x00, 0x00, 0x00, 0xF0, 0x1C, 0xF0, 0x1C, 0xF8, 0x1C, 0xFC, 0x1C,
    0xFC, 0x1C, 0xEE, 0x1C, 0xEF, 0x1C, 0xE7, 0x1C, 0xE3, 0x9C, 0xE3, 0xDC, 0xE1, 0xDC, 0xE0, 0xFC,
    0xE0, 0xFC, 0xE0, 0x7C, 0xE0, 0x3C, 0xE0, 0x3C, 0x06, 0x00, 0x07, 0x00, 0x03, 0x00, 0x00, 0x00,
    0x00, 0x00, 0x07, 0xC0, 0x1F, 0xF0, 0x3C, 0x78, 0x70, 0x3C, 0x70, 0x1C, 0xE0, 0x0E, 0xE0, 0x0E,
    0xE0, 0x0E, 0xE0, 0x0E, 0xE0, 0x0E, 0xE0, 0x0E, 0x70, 0x1C, 0x70, 0x3C, 0x3C, 0x78, 0x1F, 0xF0,
    0x07, 0xC0, 0x00, 0xC0, 0x01, 0xC0, 0x01, 0x80, 0x00, 0x00, 0x00, 0x00, 0x07, 0xC0, 0x1F, 0xF0,
    0x3C, 0x78, 0x70, 0x3C, 0x70, 0x1C, 0xE0, 0x0E, 0xE0, 0x0E, 0xE0, 0x0E, 0xE0, 0x0E, 0xE0, 0x0E,
    0xE0, 0x0E, 0x70, 0x1C, 0x70, 0x3C, 0x3C, 0x78, 0x1F, 0xF0, 0x07, 0xC0, 0x03, 0x80, 0x07, 0xC0,
    0x0E, 0xE0, 0x08, 0x60, 0x00, 0x00, 0x07, 0xC0, 0x1F, 0xF0, 0x3C, 0x78, 0x70, 0x3C, 0x70, 0x1C,
    0xE0, 0x0E, 0xE0, 0x0E, 0xE0, 0x0E, 0xE0, 0x0E, 0xE0, 0x0E, 0xE0, 0x0E, 0x70, 0x1C, 0x70, 0x3C,
    0x3C, 0x78, 0x1F, 0xF0, 0x07, 0xC0, 0x06, 0x60, 0x0F, 0xE0, 0x08, 0xC0, 0x00, 0x00, 0x00, 0x00,
    0x07, 0xC0, 0x1F, 0xF0, 0x3C, 0x78, 0x70, 0x3C, 0x70, 0x1C, 0xE0, 0x0E, 0xE0, 0x0E, 0xE0, 0x0E,
    0xE0, 0x0E, 0xE0, 0x0E, 0xE0, 0x0E, 0x70, 0x1C, 0x70, 0x3C, 0x3C, 0x78, 0x1F, 0xF0, 0x07, 0xC0,
    0x04, 0x40, 0x0E, 0xE0, 0x0C, 0x60, 0x00, 0x00, 0x00, 0x00, 0x07, 0xC0, 0x1F, 0xF0, 0x3C, 0x78,
    0x70, 0x3C, 0x70, 0x1C, 0xE0, 0x0E, 0xE0, 0x0E, 0xE0, 0x0E, 0xE0, 0x0E, 0xE0, 0x0E, 0xE0, 0x0E,
    0x70, 0x1C, 0x70, 0x3C, 0x3C, 0x78, 0x1F, 0xF0, 0x07, 0xC0, 0x60, 0xC0, 0xF1, 0xC0, 0x7B, 0x80,
    0x3F, 0x00, 0x1F, 0x00, 0x1F, 0x00, 0x3F, 0x80, 0x73, 0xC0, 0xE1, 0xE0, 0x40, 0xC0, 0x07, 0xCC,
    0x1F, 0xF8, 0x3C, 0x78, 0x70, 0x3C, 0x70, 0x7C, 0xE0, 0xCE, 0xE1, 0xCE, 0xE1, 0x8E, 0xE3, 0x0E,
    0xE6, 0x0E, 0xE6, 0x0E, 0x7C, 0x1C, 0x78, 0x3C, 0x3C, 0x78, 0x3F, 0xF0, 0x67, 0xC0, 0x0C, 0x00,
    0x0E, 0x00, 0x06, 0x00, 0x00, 0x00, 0x00, 0x00, 0xE0, 0x38, 0xE0, 0x38, 0xE0, 0x38, 0xE0, 0x38,
    0xE0, 0x38, 0xE0, 0x38, 0xE0, 0x38, 0xE0, 0x38, 0xE0, 0x38, 0xE0, 0x38, 0xE0, 0x38, 0xE0, 0x38,
    0xF0, 0x78, 0x78, 0xF0, 0x3F, 0xE0, 0x0F, 0x80, 0x01, 0x80, 0x03, 0x80, 0x03, 0x00, 0x00, 0x00,
    0x00, 0x00, 0xE0, 0x38, 0xE0, 0x38, 0xE0, 0x38, 0xE0, 0x38, 0xE0, 0x38, 0xE0, 0x38, 0xE0, 0x38,
    0xE0, 0x38, 0xE0, 0x38, 0xE0, 0x38, 0xE0, 0x38, 0xE0, 0x38, 0xF0, 0x78, 0x78, 0xF0, 0x3F, 0xE0,
    0x0F, 0x80, 0x07, 0x00, 0x0F, 0x80, 0x1D, 0xC0, 0x10, 0x40, 0x00, 0x00, 0xE0, 0x38, 0xE0, 0x38,
    0xE0, 0x38, 0xE0, 0x38, 0xE0, 0x38, 0xE0, 0x38, 0xE0, 0x38, 0xE0, 0x38, 0xE0, 0x38, 0xE0, 0x38,
    0xE0, 0x38, 0xE0, 0x38, 0xF0, 0x78, 0x7F, 0xF0, 0x3F, 0xE0, 0x0F, 0x80, 0x08, 0x80, 0x1D, 0xC0,
    0x18, 0xC0, 0x00, 0x00, 0x00, 0x00, 0xE0, 0x38, 0xE0, 0x38, 0xE0, 0x38, 0xE0, 0x38, 0xE0, 0x38,
    0xE0, 0x38, 0xE0, 0x38, 0xE0, 0x38, 0xE0, 0x38, 0xE0, 0x38, 0xE0, 0x38, 0xE0, 0x38, 0xF0, 0x78,
    0x78, 0xF0, 0x3F, 0xE0, 0x0F, 0x80, 0x00, 0xC0, 0x01, 0x80, 0x01, 0x80, 0x00, 0x00, 0xF0, 0x1C,
    0x70, 0x1C, 0x38, 0x38, 0x38, 0x78, 0x1C, 0x70, 0x1E, 0xE0, 0x0E, 0xE0, 0x07, 0xC0, 0x07, 0xC0,
    0x03, 0x80, 0x03, 0x80, 0x03, 0x80, 0x03, 0x80, 0x03, 0x80, 0x03, 0x80, 0x03, 0x80, 0xE0, 0x00,
    0xE0, 0x00, 0xE0, 0x00, 0xFF, 0x00, 0xFF, 0xC0, 0xE1, 0xC0, 0xE0, 0xE0, 0xE0, 0xE0, 0xE0, 0xE0,
    0xE0, 0xE0, 0xE1, 0xC0, 0xFF, 0xC0, 0xFF, 0x00, 0xE0, 0x00, 0xE0, 0x00, 0xE0, 0x00, 0x1F, 0x00,
    0x7F, 0xC0, 0xF1, 0xC0, 0xE0, 0xE0, 0xE0, 0xE0, 0xE0, 0xE0, 0xE1, 0xC0, 0xE7, 0x80, 0xE7, 0xC0,
    0xE0, 0xE0, 0xE0, 0x70, 0xE0, 0x70, 0xE0, 0x70, 0xE0, 0xE0, 0xE7, 0xE0, 0xE7, 0x80, 0x18, 0x00,
    0x1C, 0x00, 0x0C, 0x00, 0x00, 0x00, 0x00, 0x00, 0x1F, 0x00, 0x7F, 0x80, 0x73, 0xC0, 0x21, 0xC0,
    0x01, 0xC0, 0x3F, 0xC0, 0x7D, 0xC0, 0xE1, 0xC0, 0xE1, 0xC0, 0xF3, 0xC0, 0x7F, 0xC0, 0x3D, 0xC0,
    0x07, 0x00, 0x06, 0x00, 0x04, 0x00, 0x00, 0x00, 0x00, 0x00, 0x1F, 0x00, 0x7F, 0x80, 0x73, 0xC0,
    0x21, 0xC0, 0x01, 0xC0, 0x3F, 0xC0, 0x7D, 0xC0, 0xE1, 0xC0, 0xE1, 0xC0, 0xF3, 0xC0, 0x7F, 0xC0,
    0x3D, 0xC0, 0x0E, 0x00, 0x1F, 0x00, 0x33, 0x80, 0x00, 0x00, 0x00, 0x00, 0x1F, 0x00, 0x7F, 0x80,
    0x73, 0xC0, 0x21, 0xC0, 0x01, 0xC0, 0x3F, 0xC0, 0x7D, 0xC0, 0xE1, 0xC0, 0xE1, 0xC0, 0xF3, 0xC0,
    0x7F, 0xC0, 0x3D, 0xC0, 0x19, 0x00, 0x3F, 0x00, 0x23, 0x00, 0x00, 0x00, 0x00, 0x00, 0x1F, 0x00,
    0x7F, 0x80, 0x73, 0xC0, 0x21, 0xC0, 0x01, 0xC0, 0x3F, 0xC0, 0x7D, 0xC0, 0xE1, 0xC0, 0xE1, 0xC0,
    0xF3, 0xC0, 0x7F, 0xC0, 0x3D, 0xC0, 0x31, 0x80, 0x3B, 0x80, 0x11, 0x00, 0x00, 0x00, 0x00, 0x00,
    0x1F, 0x00, 0x7F, 0x80, 0x73, 0xC0, 0x21, 0xC0, 0x01, 0xC0, 0x3F, 0xC0, 0x7D, 0xC0, 0xE1, 0xC0,
    0xE1, 0xC0, 0xF3, 0xC0, 0x7F, 0xC0, 0x3D, 0xC0, 0x1F, 0x00, 0x31, 0x80, 0x31, 0x80, 0x1B, 0x00,
    0x0E, 0x00, 0x00, 0x00, 0x1F, 0x00, 0x7F, 0x80, 0x73, 0xC0, 0x21, 0xC0, 0x01, 0xC0, 0x3F, 0xC0,
    0x7D, 0xC0, 0xE1, 0xC0, 0xE1, 0xC0, 0xF3, 0xC0, 0x7F, 0xC0, 0x3D, 0xC0, 0x1E, 0x3E, 0x00, 0x7F,
    0xFF, 0x80, 0x73, 0xE3, 0xC0, 0x01, 0xC1, 0xC0, 0x01, 0xC1, 0xC0, 0x3F, 0xFF, 0xC0, 0x7F, 0xFF,
    0xC0, 0xE1, 0xC0, 0x00, 0xE1, 0xC0, 0x80, 0xF3, 0xE3, 0xC0, 0x7F, 0x7F, 0x80, 0x3C, 0x3F, 0x00,
    0x1F, 0x00, 0x3F, 0xC0, 0x79, 0xE0, 0xF0, 0xE0, 0xE0, 0x00, 0xE0, 0x00, 0xE0, 0x00, 0xE0, 0x00,
    0xF0, 0xE0, 0x79, 0xE0, 0x3F, 0xC0, 0x1F, 0x00, 0x06, 0x00, 0x07, 0x80, 0x01, 0x80, 0x07, 0x00,
    0x18, 0x00, 0x0C, 0x00, 0x0C, 0x00, 0x00, 0x00, 0x00, 0x00, 0x1F, 0x00, 0x3F, 0x80, 0x71, 0xC0,
    0xE0, 0xE0, 0xE0, 0xE0, 0xFF, 0xE0, 0xFF, 0xE0, 0xE0, 0x00, 0xE0, 0x00, 0x79, 0xE0, 0x3F, 0xC0,
    0x1F, 0x00, 0x03, 0x00, 0x06, 0x00, 0x06, 0x00, 0x00, 0x00, 0x00, 0x00, 0x1F, 0x00, 0x3F, 0x80,
    0x71, 0xC0, 0xE0, 0xE0, 0xE0, 0xE0, 0xFF, 0xE0, 0xFF, 0xE0, 0xE0, 0x00, 0xE0, 0x00, 0x79, 0xE0,
    0x3F, 0xC0, 0x1F, 0x00, 0x0E, 0x00, 0x1F, 0x00, 0x31, 0x80, 0x00, 0x00, 0x00, 0x00, 0x1F, 0x00,
    0x3F, 0x80, 0x71, 0xC0, 0xE0, 0xE0, 0xE0, 0xE0, 0xFF, 0xE0, 0xFF, 0xE0, 0xE0, 0x00, 0xE0, 0x00,
    0x79, 0xE0, 0x3F, 0xC0, 0x1F, 0x00, 0x31, 0x80, 0x3B, 0x80, 0x11, 0x00, 0x00, 0x00, 0x00, 0x00,
    0x1F, 0x00, 0x3F, 0x80, 0x71, 0xC0, 0xE0, 0xE0, 0xE0, 0xE0, 0xFF, 0xE0, 0xFF, 0xE0, 0xE0, 0x00,
    0xE0, 0x00, 0x79, 0xE0, 0x3F, 0xC0, 0x1F, 0x00, 0xC0, 0xE0, 0x60, 0x00, 0x70, 0x70, 0x70, 0x70,
    0x70, 0x70, 0x70, 0x70, 0x70, 0x70, 0x70, 0x70, 0x30, 0x70, 0x60, 0x00, 0xE0, 0xE0, 0xE0, 0xE0,
    0xE0, 0xE0, 0xE0, 0xE0, 0xE0, 0xE0, 0xE0, 0xE0, 0x10, 0x7C, 0xEE, 0x84, 0x00, 0x38, 0x38, 0x38,
    0x38, 0x38, 0x38, 0x38, 0x38, 0x38, 0x38, 0x38, 0x38, 0xC6, 0xE7, 0x42, 0x00, 0x00, 0x38, 0x38,
    0x38, 0x38, 0x38, 0x38, 0x38, 0x38, 0x38, 0x38, 0x38, 0x38, 0x10, 0x00, 0x3D, 0x80, 0x0F, 0x00,
    0x1F, 0x00, 0x33, 0x80, 0x01, 0xC0, 0x3F, 0xC0, 0x7F, 0xC0, 0x71, 0xE0, 0xE0, 0xE0, 0xE0, 0xE0,
    0xE0, 0xE0, 0xE0, 0xE0, 0xE0, 0xE0, 0x71, 0xC0, 0x3F, 0x80, 0x1F, 0x00, 0x19, 0x80, 0x3F, 0x80,
    0x23, 0x00, 0x00, 0x00, 0x00, 0x00, 0xE7, 0x80, 0xFF, 0xC0, 0xF1, 0xC0, 0xE0, 0xE0, 0xE0, 0xE0,
    0xE0, 0xE0, 0xE0, 0xE0, 0xE0, 0xE0, 0xE0, 0xE0, 0xE0, 0xE0, 0xE0, 0xE0, 0xE0, 0xE0, 0x1C, 0x00,
    0x0C, 0x00, 0x0E, 0x00, 0x00, 0x00, 0x00, 0x00, 0x1F, 0x00, 0x3F, 0xC0, 0x79, 0xE0, 0xF0, 0xE0,
    0xE0, 0x70, 0xE0, 0x70, 0xE0, 0x70, 0xE0, 0x70, 0xF0, 0xE0, 0x79, 0xE0, 0x3F, 0xC0, 0x1F, 0x00,
    0x03, 0x80, 0x03, 0x00, 0x06, 0x00, 0x00, 0x00, 0x00, 0x00, 0x1F, 0x00, 0x3F, 0xC0, 0x79, 0xE0,
    0xF0, 0xE0, 0xE0, 0x70, 0xE0, 0x70, 0xE0, 0x70, 0xE0, 0x70, 0xF0, 0xE0, 0x79, 0xE0, 0x3F, 0xC0,
    0x1F, 0x00, 0x0F, 0x00, 0x1F, 0x80, 0x39, 0xC0, 0x00, 0x00, 0x00, 0x00, 0x1F, 0x00, 0x3F, 0xC0,
    0x79, 0xE0, 0xF0, 0xE0, 0xE0, 0x70, 0xE0, 0x70, 0xE0, 0x70, 0xE0, 0x70, 0xF0, 0xE0, 0x79, 0xE0,
    0x3F, 0xC0, 0x1F, 0x00, 0x1C, 0x80, 0x3F, 0x80, 0x33, 0x00, 0x00, 0x00, 0x00, 0x00, 0x1F, 0x00,
    0x3F, 0xC0, 0x79, 0xE0, 0xF0, 0xE0, 0xE0, 0x70, 0xE0, 0x70, 0xE0, 0x70, 0xE0, 0x70, 0xF0, 0xE0,
    0x79, 0xE0, 0x3F, 0xC0, 0x1F, 0x00, 0x31, 0x80, 0x39, 0xC0, 0x10, 0x80, 0x00, 0x00, 0x00, 0x00,
    0x1F, 0x00, 0x3F, 0xC0, 0x79, 0xE0, 0xF0, 0xE0, 0xE0, 0x70, 0xE0, 0x70, 0xE0, 0x70, 0xE0, 0x70,
    0xF0, 0xE0, 0x79, 0xE0, 0x3F, 0xC0, 0x1F, 0x00, 0x0C, 0x00, 0x0E, 0x00, 0x0C, 0x00, 0x00, 0x00,
    0x00, 0x00, 0xFF, 0xE0, 0xFF, 0xE0, 0x00, 0x00, 0x00, 0x00, 0x0C, 0x00, 0x0E, 0x00, 0x0C, 0x00,
    0x1F, 0x30, 0x3F, 0xE0, 0x79, 0xE0, 0xF1, 0xE0, 0xE3, 0xF0, 0xE3, 0x70, 0xE6, 0x70, 0xEC, 0x70,
    0xF8, 0xE0, 0x79, 0xE0, 0x7F, 0xC0, 0x5F, 0x00, 0x38, 0x00, 0x1C, 0x00, 0x0C, 0x00, 0x00, 0x00,
    0x00, 0x00, 0xE0, 0xE0, 0xE0, 0xE0, 0xE0, 0xE0, 0xE0, 0xE0, 0xE0, 0xE0, 0xE0, 0xE0, 0xE0, 0xE0,
    0xE0, 0xE0, 0xE0, 0xE0, 0xF1, 0xE0, 0x7E, 0xE0, 0x3C, 0xE0, 0x03, 0x00, 0x07, 0x00, 0x06, 0x00,
    0x00, 0x00, 0x00, 0x00, 0xE0, 0xE0, 0xE0, 0xE0, 0xE0, 0xE0, 0xE0, 0xE0, 0xE0, 0xE0, 0xE0, 0xE0,
    0xE0, 0xE0, 0xE0, 0xE0, 0xE0, 0xE0, 0xF1, 0xE0, 0x7E, 0xE0, 0x3C, 0xE0, 0x0E, 0x00, 0x1F, 0x00,
    0x3B, 0x80, 0x20, 0x80, 0x00, 0x00, 0xE0, 0xE0, 0xE0, 0xE0, 0xE0, 0xE0, 0xE0, 0xE0, 0xE0, 0xE0,
    0xE0, 0xE0, 0xE0, 0xE0, 0xE0, 0xE0, 0xE0, 0xE0, 0xF3, 0xE0, 0x7E, 0xE0, 0x3C, 0xE0, 0x31, 0x80,
    0x73, 0x80, 0x21, 0x00, 0x00, 0x00, 0x00, 0x00, 0xE0, 0xE0, 0xE0, 0xE0, 0xE0, 0xE0, 0xE0, 0xE0,
    0xE0, 0xE0, 0xE0, 0xE0, 0xE0, 0xE0, 0xE0, 0xE0, 0xE0, 0xE0, 0xF1, 0xE0, 0x7E, 0xE0, 0x3C, 0xE0,
    0x03, 0x00, 0x07, 0x00, 0x06, 0x00, 0x00, 0x00, 0x00, 0x00, 0xE0, 0xE0, 0xE0, 0xE0, 0xE0, 0xE0,
    0x71, 0xC0, 0x71, 0xC0, 0x31, 0x80, 0x3B, 0x80, 0x3B, 0x80, 0x1F, 0x00, 0x1F, 0x00, 0x0E, 0x00,
    0x0E, 0x00, 0x0E, 0x00, 0x1C, 0x00, 0x7C, 0x00, 0x70, 0x00, 0xE0, 0x00, 0xE0, 0x00, 0xE0, 0x00,
    0xE0, 0x00, 0xEF, 0x00, 0xFF, 0xC0, 0xF1, 0xC0, 0xE0, 0xE0, 0xE0, 0xE0, 0xE0, 0xE0, 0xE0, 0xE0,
    0xE0, 0xE0, 0xE0, 0xE0, 0xF1, 0xC0, 0xFF, 0xC0, 0xEF, 0x00, 0xE0, 0x00, 0xE0, 0x00, 0xE0, 0x00,
    0xE0, 0x00, 0x31, 0x80, 0x39, 0xC0, 0x10, 0x80, 0x00, 0x00, 0x00, 0x00, 0xE0, 0x70, 0xE0, 0x60,
    0x70, 0xE0, 0x70, 0xE0, 0x71, 0xC0, 0x39, 0xC0, 0x39, 0x80, 0x1B, 0x80, 0x1F, 0x80, 0x1F, 0x00,
    0x0F, 0x00, 0x0E, 0x00, 0x0E, 0x00, 0x1E, 0x00, 0x7C, 0x00, 0x78, 0x00, 0x07, 0xFF, 0xF0, 0x1F,
    0xFF, 0xF0, 0x3C, 0x70, 0x00, 0x70, 0x70, 0x00, 0x70, 0x70, 0x00, 0xE0, 0x70, 0x00, 0xE0, 0x70,
    0x00, 0xE0, 0x7F, 0xF0, 0xE0, 0x7F, 0xF0, 0xE0, 0x70, 0x00, 0xE0, 0x70, 0x00, 0x70, 0x70, 0x00,
    0x70, 0x70, 0x00, 0x3C, 0x70, 0x00, 0x1F, 0xFF, 0xF0, 0x07, 0xFF, 0xF0, 0x1F, 0x0F, 0x80, 0x3F,
    0xDF, 0xC0, 0x79, 0xF8, 0xE0, 0xF0, 0xF0, 0x70, 0xE0, 0x70, 0x70, 0xE0, 0x7F, 0xF0, 0xE0, 0x7F,
    0xF0, 0xE0, 0x70, 0x00, 0xF0, 0xF0, 0x00, 0x79, 0xFC, 0xF0, 0x3F, 0xDF, 0xE0, 0x1F, 0x0F, 0x80,
    0x39, 0x80, 0x1B, 0x80, 0x0F, 0x00, 0x00, 0x00, 0x00, 0x00, 0x1F, 0x80, 0x7F, 0xE0, 0x71, 0xE0,
    0xE0, 0x70, 0xE0, 0x00, 0xE0, 0x00, 0x7C, 0x00, 0x3F, 0x80, 0x0F, 0xE0, 0x01, 0xE0, 0x00, 0x70,
    0xC0, 0x70, 0xE0, 0x70, 0xF9, 0xE0, 0x7F, 0xC0, 0x1F, 0x80, 0x73, 0x00, 0x3E, 0x00, 0x1C, 0x00,
    0x00, 0x00, 0x00, 0x00, 0x3E, 0x00, 0x7F, 0x80, 0xF3, 0x80, 0xE1, 0x00, 0xE0, 0x00, 0x7E, 0x00,
    0x1F, 0x80, 0x03, 0xC0, 0xC1, 0xC0, 0xE3, 0xC0, 0x7F, 0x80, 0x3E, 0x00, 0x18, 0xC0, 0x1C, 0xE0,
    0x08, 0x40, 0x00, 0x00, 0xE0, 0x1C, 0xF0, 0x38, 0x70, 0x38, 0x38, 0x70, 0x3C, 0xE0, 0x1C, 0xE0,
    0x1F, 0xC0, 0x0F, 0x80, 0x0F, 0x80, 0x07, 0x00, 0x07, 0x00, 0x07, 0x00, 0x07, 0x00, 0x07, 0x00,
    0x07, 0x00, 0x07, 0x00, 0x10, 0x80, 0x19, 0x80, 0x0F, 0x00, 0x06, 0x00, 0x00, 0x00, 0xFF, 0xF0,
    0xFF, 0xF0, 0x00, 0xE0, 0x00, 0xE0, 0x01, 0xC0, 0x03, 0x80, 0x07, 0x80, 0x07, 0x00, 0x0E, 0x00,
    0x1E, 0x00, 0x1C, 0x00, 0x38, 0x00, 0x70, 0x00, 0x70, 0x00, 0xFF, 0xF0, 0xFF, 0xF0, 0x21, 0x00,
    0x33, 0x00, 0x1E, 0x00, 0x0C, 0x00, 0x00, 0x00, 0xFF, 0xC0, 0xFF, 0xC0, 0x03, 0x80, 0x07, 0x80,
    0x07, 0x00, 0x0E, 0x00, 0x1C, 0x00, 0x3C, 0x00, 0x78, 0x00, 0x70, 0x00, 0xFF, 0xC0, 0xFF, 0xC0,
    0x07, 0x80, 0x0F, 0x80, 0x1E, 0x00, 0x1C, 0x00, 0x1C, 0x00, 0x7F, 0x00, 0x7F, 0x00, 0x1C, 0x00,
    0x1C, 0x00, 0x1C, 0x00, 0x1C, 0x00, 0x1C, 0x00, 0x1C, 0x00, 0x1C, 0x00, 0x1C, 0x00, 0x1C, 0x00,
    0x1C, 0x00, 0x1C, 0x00, 0x3C, 0x00, 0xF8, 0x00, 0x70, 0x00, 0x38, 0x7C, 0xE6, 0x76, 0xFE, 0xDC,
    0xFF, 0xE0, 0xFF, 0xE0, 0xFF, 0xFF, 0xFC, 0xFF, 0xFF, 0xFC, 0x70, 0x60, 0x60, 0x60, 0xE0, 0xE0,
    0x60, 0xE0, 0xE0, 0xC0, 0xC0, 0xC0, 0x70, 0x70, 0x60, 0x60, 0x60, 0xC0, 0x73, 0x63, 0x63, 0x67,
    0xE7, 0xE6, 0x67, 0xE7, 0xE6, 0xC6, 0xC6, 0xCC, 0x73, 0x80, 0x73, 0x00, 0x67, 0x00, 0x67, 0x00,
    0x66, 0x00, 0xC6, 0x00, 0x1C, 0x00, 0x1C, 0x00, 0x1C, 0x00, 0xFF, 0x80, 0xFF, 0x80, 0x1C, 0x00,
    0x1C, 0x00, 0x1C, 0x00, 0x1C, 0x00, 0x1C, 0x00, 0x18, 0x00, 0x08, 0x00, 0x1C, 0x00, 0x1C, 0x00,
    0x1C, 0x00, 0xFF, 0x80, 0xFF, 0x80, 0x1C, 0x00, 0x1C, 0x00, 0x1C, 0x00, 0xFF, 0x80, 0xFF, 0x80,
    0x1C, 0x00, 0x1C, 0x00, 0x1C, 0x00, 0x1C, 0x00, 0x18, 0x00, 0x18, 0x00, 0x38, 0x7C, 0xFE, 0xFE,
    0xFE, 0x7C, 0x38, 0xC0, 0xC1, 0x80, 0xE1, 0xC3, 0x80, 0xC0, 0xC1, 0x80, 0x38, 0x06, 0x00, 0x00,
    0xFE, 0x0E, 0x00, 0x00, 0xEE, 0x0C, 0x00, 0x00, 0xC6, 0x18, 0x00, 0x00, 0xEE, 0x30, 0x00, 0x00,
    0xFE, 0x30, 0x00, 0x00, 0x38, 0x60, 0x00, 0x00, 0x00, 0xC0, 0x00, 0x00, 0x01, 0xC7, 0x07, 0x00,
    0x01, 0x8F, 0x8F, 0x80, 0x03, 0x18, 0xD8, 0xC0, 0x07, 0x18, 0xD8, 0xC0, 0x06, 0x18, 0xD8, 0xC0,
    0x0C, 0x1D, 0xDD, 0xC0, 0x1C, 0x0F, 0x8F, 0x80, 0x18, 0x07, 0x07, 0x00, 0x0E, 0x1C, 0x38, 0x70,
    0xF0, 0xF0, 0x70, 0x38, 0x1C, 0x0E, 0xE0, 0x70, 0x38, 0x1C, 0x0E, 0x0E, 0x1C, 0x38, 0x70, 0xE0,
    0x03, 0xF0, 0x07, 0xF8, 0x0F, 0x30, 0x1C, 0x00, 0x1C, 0x00, 0xFF, 0xE0, 0xFF, 0xE0, 0x38, 0x00,
    0xFF, 0x80, 0xFF, 0x80, 0x38, 0x00, 0x18, 0x00, 0x1C, 0x00, 0x0F, 0x30, 0x07, 0xF8, 0x03, 0xF0,
    0xFB, 0x30, 0x23, 0x30, 0x23, 0x30, 0x22, 0xD0, 0x22, 0xD0, 0x22, 0x10,
];
pub static INTER_COMPACT_LARGE: BitmapFont = BitmapFont {
    glyphs: &INTER_COMPACT_LARGE_GLYPHS,
    bitmap: &INTER_COMPACT_LARGE_BITMAP,
    extra: &INTER_COMPACT_LARGE_EXTRA,
    line_height: 29,
};

// INTER_STANDARD_DETAIL: Inter Medium 12 px, line-height 17
const INTER_STANDARD_DETAIL_GLYPHS: [Glyph; 95] = [
    g(0, 0, 0, 4, 0, 0),
    g(0, 1, 9, 4, 1, -9),
    g(9, 3, 3, 6, 2, -9),
    g(12, 7, 9, 8, 0, -9),
    g(21, 6, 11, 8, 1, -10),
    g(32, 9, 9, 12, 2, -9),
    g(50, 6, 9, 8, 1, -9),
    g(59, 1, 3, 4, 2, -9),
    g(62, 2, 11, 5, 1, -9),
    g(73, 2, 11, 5, 1, -9),
    g(84, 5, 5, 7, 1, -9),
    g(89, 6, 6, 9, 1, -7),
    g(95, 2, 4, 4, 1, -1),
    g(99, 4, 1, 6, 1, -4),
    g(100, 1, 2, 4, 1, -2),
    g(102, 4, 11, 5, 0, -10),
    g(113, 6, 9, 8, 1, -9),
    g(122, 3, 9, 5, 1, -9),
    g(131, 6, 9, 8, 1, -9),
    g(140, 6, 9, 8, 1, -9),
    g(149, 6, 9, 8, 1, -9),
    g(158, 6, 9, 8, 1, -9),
    g(167, 6, 9, 8, 1, -9),
    g(176, 6, 9, 7, 1, -9),
    g(185, 6, 9, 8, 1, -9),
    g(194, 6, 9, 8, 1, -9),
    g(203, 1, 7, 4, 1, -7),
    g(210, 2, 9, 4, 0, -6),
    g(219, 5, 6, 9, 1, -7),
    g(225, 5, 4, 9, 1, -6),
    g(229, 5, 7, 9, 1, -7),
    g(236, 5, 9, 7, 1, -9),
    g(245, 10, 12, 12, 1, -9),
    g(269, 9, 9, 9, 0, -9),
    g(287, 6, 9, 8, 1, -9),
    g(296, 7, 9, 9, 1, -9),
    g(305, 7, 9, 9, 1, -9),
    g(314, 5, 9, 8, 1, -9),
    g(323, 5, 9, 8, 1, -9),
    g(332, 7, 9, 9, 1, -9),
    g(341, 7, 9, 9, 1, -9),
    g(350, 1, 9, 4, 1, -9),
    g(359, 5, 9, 7, 1, -9),
    g(368, 6, 9, 9, 1, -9),
    g(377, 5, 9, 7, 1, -9),
    g(386, 9, 9, 11, 1, -9),
    g(404, 7, 9, 10, 1, -9),
    g(413, 8, 9, 10, 1, -9),
    g(422, 6, 9, 8, 1, -9),
    g(431, 8, 9, 10, 1, -9),
    g(440, 6, 9, 8, 1, -9),
    g(449, 6, 9, 8, 1, -9),
    g(458, 7, 9, 8, 1, -9),
    g(467, 7, 9, 9, 1, -9),
    g(476, 8, 9, 9, 0, -9),
    g(485, 12, 9, 13, 0, -9),
    g(503, 7, 9, 9, 1, -9),
    g(512, 7, 9, 9, 1, -9),
    g(521, 6, 9, 8, 1, -9),
    g(530, 2, 11, 5, 1, -9),
    g(541, 4, 11, 5, 0, -10),
    g(552, 3, 11, 5, 0, -9),
    g(563, 4, 5, 6, 1, -10),
    g(568, 6, 1, 6, 0, 0),
    g(569, 2, 2, 5, 1, -10),
    g(571, 5, 7, 7, 1, -7),
    g(578, 6, 9, 8, 1, -9),
    g(587, 5, 7, 7, 1, -7),
    g(594, 6, 9, 8, 1, -9),
    g(603, 6, 7, 8, 1, -7),
    g(610, 4, 9, 5, 1, -9),
    g(619, 6, 10, 8, 1, -7),
    g(629, 5, 9, 8, 1, -9),
    g(638, 1, 9, 4, 1, -9),
    g(647, 2, 12, 4, 0, -9),
    g(659, 5, 9, 7, 1, -9),
    g(668, 1, 9, 4, 1, -9),
    g(677, 9, 7, 11, 1, -7),
    g(691, 5, 7, 8, 1, -7),
    g(698, 6, 7, 8, 1, -7),
    g(705, 6, 10, 8, 1, -7),
    g(715, 6, 10, 8, 1, -7),
    g(725, 3, 7, 5, 1, -7),
    g(732, 5, 7, 7, 1, -7),
    g(739, 3, 9, 5, 0, -9),
    g(748, 5, 7, 8, 1, -7),
    g(755, 6, 7, 7, 0, -7),
    g(762, 9, 7, 10, 0, -7),
    g(776, 5, 7, 7, 1, -7),
    g(783, 6, 10, 7, 0, -7),
    g(793, 5, 7, 7, 1, -7),
    g(800, 5, 11, 6, 0, -9),
    g(811, 1, 15, 5, 2, -12),
    g(826, 4, 11, 6, 0, -9),
    g(837, 6, 2, 9, 1, -5),
];
const INTER_STANDARD_DETAIL_EXTRA: [(char, Glyph); 123] = [
    ('\u{a0}', g(0, 0, 0, 4, 0, 0)),
    ('\u{a1}', g(839, 1, 9, 4, 1, -7)),
    ('\u{a2}', g(848, 5, 9, 7, 1, -9)),
    ('\u{a3}', g(857, 6, 9, 8, 1, -9)),
    ('\u{a4}', g(866, 7, 8, 9, 1, -8)),
    ('\u{a5}', g(874, 6, 9, 7, 0, -9)),
    ('\u{a6}', g(883, 1, 11, 4, 1, -9)),
    ('\u{a7}', g(894, 5, 11, 7, 1, -9)),
    ('\u{a8}', g(905, 4, 1, 8, 2, -9)),
    ('\u{a9}', g(906, 9, 9, 11, 1, -9)),
    ('\u{aa}', g(924, 5, 5, 6, 0, -9)),
    ('\u{ab}', g(929, 5, 6, 8, 1, -7)),
    ('\u{ac}', g(935, 5, 3, 9, 1, -5)),
    ('\u{ad}', g(0, 0, 0, 0, 0, 0)),
    ('\u{ae}', g(938, 7, 7, 8, 1, -9)),
    ('\u{af}', g(945, 3, 1, 6, 1, -9)),
    ('\u{b0}', g(946, 4, 4, 6, 1, -9)),
    ('\u{b1}', g(950, 6, 6, 9, 1, -7)),
    ('\u{b2}', g(956, 4, 5, 6, 1, -10)),
    ('\u{b3}', g(961, 4, 5, 6, 1, -10)),
    ('\u{b4}', g(966, 2, 2, 5, 1, -10)),
    ('\u{b5}', g(968, 6, 10, 8, 1, -7)),
    ('\u{b6}', g(978, 6, 9, 8, 1, -9)),
    ('\u{b7}', g(987, 1, 2, 4, 1, -5)),
    ('\u{b8}', g(989, 2, 3, 4, 1, 0)),
    ('\u{b9}', g(992, 2, 5, 4, 1, -10)),
    ('\u{ba}', g(997, 5, 5, 6, 1, -9)),
    ('\u{bb}', g(1002, 5, 6, 8, 1, -7)),
    ('\u{bc}', g(1008, 9, 9, 10, 1, -9)),
    ('\u{bd}', g(1026, 9, 9, 11, 1, -9)),
    ('\u{be}', g(1044, 10, 9, 11, 1, -9)),
    ('\u{bf}', g(1062, 5, 10, 7, 1, -7)),
    ('\u{c0}', g(1072, 9, 12, 9, 0, -12)),
    ('\u{c1}', g(1096, 9, 12, 9, 0, -12)),
    ('\u{c2}', g(1120, 9, 12, 9, 0, -12)),
    ('\u{c3}', g(1144, 9, 12, 9, 0, -12)),
    ('\u{c4}', g(1168, 7, 12, 9, 1, -12)),
    ('\u{c5}', g(1180, 7, 13, 9, 1, -13)),
    ('\u{c6}', g(1193, 11, 9, 13, 0, -9)),
    ('\u{c7}', g(1211, 7, 12, 9, 1, -9)),
    ('\u{c8}', g(1223, 5, 12, 8, 1, -12)),
    ('\u{c9}', g(1235, 5, 12, 8, 1, -12)),
    ('\u{ca}', g(1247, 5, 12, 8, 1, -12)),
    ('\u{cb}', g(1259, 5, 12, 8, 1, -12)),
    ('\u{cc}', g(1271, 2, 12, 4, 0, -12)),
    ('\u{cd}', g(1283, 2, 12, 4, 1, -12)),
    ('\u{ce}', g(1295, 3, 12, 4, 0, -12)),
    ('\u{cf}', g(1307, 4, 12, 4, 0, -12)),
    ('\u{d0}', g(1319, 8, 9, 9, 0, -9)),
    ('\u{d1}', g(1328, 7, 12, 10, 1, -12)),
    ('\u{d2}', g(1340, 8, 12, 10, 1, -12)),
    ('\u{d3}', g(1352, 8, 12, 10, 1, -12)),
    ('\u{d4}', g(1364, 8, 12, 10, 1, -12)),
    ('\u{d5}', g(1376, 8, 12, 10, 1, -12)),
    ('\u{d6}', g(1388, 8, 12, 10, 1, -12)),
    ('\u{d7}', g(1400, 6, 5, 9, 1, -6)),
    ('\u{d8}', g(1405, 8, 9, 10, 1, -9)),
    ('\u{d9}', g(1414, 7, 12, 9, 1, -12)),
    ('\u{da}', g(1426, 7, 12, 9, 1, -12)),
    ('\u{db}', g(1438, 7, 12, 9, 1, -12)),
    ('\u{dc}', g(1450, 7, 12, 9, 1, -12)),
    ('\u{dd}', g(1462, 7, 12, 9, 1, -12)),
    ('\u{de}', g(1474, 6, 9, 8, 1, -9)),
    ('\u{df}', g(1483, 6, 9, 8, 1, -9)),
    ('\u{e0}', g(1492, 5, 10, 7, 1, -10)),
    ('\u{e1}', g(1502, 5, 10, 7, 1, -10)),
    ('\u{e2}', g(1512, 5, 10, 7, 1, -10)),
    ('\u{e3}', g(1522, 5, 10, 7, 1, -10)),
    ('\u{e4}', g(1532, 5, 9, 7, 1, -9)),
    ('\u{e5}', g(1541, 5, 11, 7, 1, -11)),
    ('\u{e6}', g(1552, 10, 7, 11, 1, -7)),
    ('\u{e7}', g(1566, 5, 10, 7, 1, -7)),
    ('\u{e8}', g(1576, 6, 10, 8, 1, -10)),
    ('\u{e9}', g(1586, 6, 10, 8, 1, -10)),
    ('\u{ea}', g(1596, 6, 10, 8, 1, -10)),
    ('\u{eb}', g(1606, 6, 9, 8, 1, -9)),
    ('\u{ec}', g(1615, 2, 10, 4, 0, -10)),
    ('\u{ed}', g(1625, 2, 10, 4, 1, -10)),
    ('\u{ee}', g(1635, 3, 9, 4, 0, -9)),
    ('\u{ef}', g(1644, 4, 9, 4, 0, -9)),
    ('\u{f0}', g(1653, 6, 10, 8, 1, -10)),
    ('\u{f1}', g(1663, 5, 10, 8, 1, -10)),
    ('\u{f2}', g(1673, 6, 10, 8, 1, -10)),
    ('\u{f3}', g(1683, 6, 10, 8, 1, -10)),
    ('\u{f4}', g(1693, 6, 10, 8, 1, -10)),
    ('\u{f5}', g(1703, 6, 10, 8, 1, -10)),
    ('\u{f6}', g(1713, 6, 9, 8, 1, -9)),
    ('\u{f7}', g(1722, 6, 7, 9, 1, -7)),
    ('\u{f8}', g(1729, 6, 7, 8, 1, -7)),
    ('\u{f9}', g(1736, 5, 10, 8, 1, -10)),
    ('\u{fa}', g(1746, 5, 10, 8, 1, -10)),
    ('\u{fb}', g(1756, 5, 9, 8, 1, -9)),
    ('\u{fc}', g(1765, 5, 9, 8, 1, -9)),
    ('\u{fd}', g(1774, 6, 13, 7, 0, -10)),
    ('\u{fe}', g(1787, 6, 12, 8, 1, -9)),
    ('\u{ff}', g(1799, 6, 12, 7, 1, -9)),
    ('\u{152}', g(1811, 10, 9, 13, 1, -9)),
    ('\u{153}', g(1829, 11, 7, 12, 1, -7)),
    ('\u{160}', g(1843, 6, 12, 8, 1, -12)),
    ('\u{161}', g(1855, 5, 10, 7, 1, -10)),
    ('\u{178}', g(1865, 8, 12, 9, 0, -12)),
    ('\u{17d}', g(1877, 6, 12, 8, 1, -12)),
    ('\u{17e}', g(1889, 5, 9, 7, 1, -9)),
    ('\u{192}', g(1898, 4, 12, 5, 1, -9)),
    ('\u{2c6}', g(1910, 3, 2, 6, 1, -10)),
    ('\u{2dc}', g(1912, 3, 2, 7, 1, -10)),
    ('\u{2013}', g(1914, 6, 1, 6, 0, -4)),
    ('\u{2014}', g(1915, 12, 1, 12, 0, -4)),
    ('\u{2018}', g(1917, 2, 3, 4, 1, -9)),
    ('\u{2019}', g(1920, 2, 4, 4, 1, -10)),
    ('\u{201a}', g(1924, 1, 4, 4, 1, -1)),
    ('\u{201c}', g(1928, 4, 3, 6, 1, -9)),
    ('\u{201d}', g(1931, 4, 4, 6, 1, -10)),
    ('\u{201e}', g(1935, 4, 4, 6, 1, -1)),
    ('\u{2020}', g(1939, 5, 7, 7, 1, -9)),
    ('\u{2021}', g(1946, 5, 9, 7, 1, -9)),
    ('\u{2022}', g(1955, 4, 4, 7, 1, -6)),
    ('\u{2026}', g(1959, 9, 2, 11, 1, -2)),
    ('\u{2030}', g(1963, 14, 9, 17, 2, -9)),
    ('\u{2039}', g(1981, 3, 6, 5, 1, -7)),
    ('\u{203a}', g(1987, 3, 6, 5, 1, -7)),
    ('\u{20ac}', g(1993, 6, 9, 9, 1, -9)),
    ('\u{2122}', g(2002, 6, 3, 8, 1, -9)),
];
const INTER_STANDARD_DETAIL_BITMAP: [u8; 2005] = [
    0x80, 0x80, 0x80, 0x80, 0x80, 0x80, 0x00, 0x80, 0x80, 0xA0, 0xA0, 0xA0, 0x26, 0x24, 0x7E, 0x24,
    0x24, 0xFE, 0x6C, 0x48, 0x48, 0x20, 0x78, 0xEC, 0xA0, 0xE0, 0x78, 0x2C, 0xA4, 0xEC, 0x78, 0x20,
    0x61, 0x00, 0x92, 0x00, 0x92, 0x00, 0x64, 0x00, 0x08, 0x00, 0x13, 0x00, 0x24, 0x80, 0x24, 0x80,
    0x43, 0x00, 0x30, 0x58, 0x48, 0x70, 0x60, 0xD4, 0x9C, 0xCC, 0x74, 0x80, 0x80, 0x80, 0x40, 0x40,
    0xC0, 0x80, 0x80, 0x80, 0x80, 0x80, 0xC0, 0x40, 0x40, 0x80, 0x80, 0xC0, 0xC0, 0x40, 0x40, 0x40,
    0x40, 0xC0, 0x80, 0x80, 0x20, 0xF8, 0x70, 0xF8, 0x20, 0x10, 0x10, 0xFC, 0x10, 0x10, 0x10, 0xC0,
    0x80, 0x80, 0x80, 0xF0, 0x80, 0x80, 0x10, 0x10, 0x30, 0x20, 0x20, 0x20, 0x60, 0x40, 0x40, 0x40,
    0xC0, 0x70, 0xC8, 0x8C, 0x84, 0x84, 0x84, 0x8C, 0xC8, 0x70, 0x60, 0xE0, 0x20, 0x20, 0x20, 0x20,
    0x20, 0x20, 0x20, 0x78, 0xCC, 0x84, 0x0C, 0x08, 0x10, 0x20, 0x60, 0xFC, 0x78, 0x4C, 0x04, 0x0C,
    0x38, 0x0C, 0x04, 0xCC, 0x78, 0x18, 0x38, 0x28, 0x48, 0x48, 0x88, 0xFC, 0x08, 0x08, 0x7C, 0x40,
    0x40, 0xF8, 0x4C, 0x04, 0x04, 0xCC, 0x78, 0x78, 0x4C, 0x80, 0xB8, 0xCC, 0x84, 0x84, 0xCC, 0x78,
    0xFC, 0x0C, 0x08, 0x18, 0x10, 0x30, 0x20, 0x60, 0x40, 0x78, 0xCC, 0x84, 0xCC, 0x78, 0xCC, 0x84,
    0xCC, 0x78, 0x70, 0xC8, 0x84, 0x84, 0xCC, 0x7C, 0x0C, 0xC8, 0x70, 0x80, 0x80, 0x00, 0x00, 0x00,
    0x80, 0x80, 0x40, 0x40, 0x00, 0x00, 0x00, 0x40, 0x40, 0x00, 0x80, 0x08, 0x18, 0x60, 0xC0, 0x70,
    0x18, 0xF8, 0x00, 0x00, 0xF8, 0x80, 0xE0, 0x38, 0x08, 0x30, 0xC0, 0x80, 0x70, 0xD8, 0x08, 0x18,
    0x30, 0x20, 0x00, 0x20, 0x20, 0x1E, 0x00, 0x61, 0x80, 0x40, 0x80, 0xDE, 0xC0, 0xB6, 0x40, 0xA2,
    0x40, 0xA2, 0x40, 0xB6, 0xC0, 0x9B, 0x80, 0x40, 0x00, 0x60, 0x00, 0x1E, 0x00, 0x1C, 0x00, 0x1C,
    0x00, 0x14, 0x00, 0x36, 0x00, 0x22, 0x00, 0x3E, 0x00, 0x63, 0x00, 0x41, 0x00, 0xC1, 0x80, 0xF8,
    0x8C, 0x84, 0x8C, 0xF8, 0x8C, 0x84, 0x8C, 0xF8, 0x3C, 0x66, 0xC2, 0x80, 0x80, 0x80, 0xC2, 0x46,
    0x3C, 0xF8, 0x8C, 0x86, 0x82, 0x82, 0x82, 0x86, 0x8C, 0xF8, 0xF8, 0x80, 0x80, 0x80, 0xF8, 0x80,
    0x80, 0x80, 0xF8, 0xF8, 0x80, 0x80, 0x80, 0xF8, 0x80, 0x80, 0x80, 0x80, 0x38, 0x44, 0x82, 0x80,
    0x8E, 0x82, 0x86, 0x44, 0x38, 0x82, 0x82, 0x82, 0x82, 0xFE, 0x82, 0x82, 0x82, 0x82, 0x80, 0x80,
    0x80, 0x80, 0x80, 0x80, 0x80, 0x80, 0x80, 0x08, 0x08, 0x08, 0x08, 0x08, 0x08, 0x88, 0xD8, 0x70,
    0x84, 0x88, 0x90, 0xB0, 0xF0, 0xD0, 0x98, 0x8C, 0x84, 0x80, 0x80, 0x80, 0x80, 0x80, 0x80, 0x80,
    0x80, 0xF8, 0xC1, 0x80, 0xC3, 0x80, 0xE3, 0x80, 0xA2, 0x80, 0xA6, 0x80, 0xB4, 0x80, 0x94, 0x80,
    0x9C, 0x80, 0x88, 0x80, 0xC2, 0xC2, 0xA2, 0xA2, 0x92, 0x9A, 0x8E, 0x86, 0x86, 0x3C, 0x66, 0xC3,
    0x81, 0x81, 0x81, 0xC3, 0x66, 0x3C, 0xF8, 0x8C, 0x84, 0x84, 0x8C, 0xF8, 0x80, 0x80, 0x80, 0x3C,
    0x66, 0xC3, 0x81, 0x81, 0x81, 0xCB, 0x6E, 0x3E, 0xF8, 0x8C, 0x84, 0x8C, 0xF8, 0x98, 0x88, 0x8C,
    0x84, 0x78, 0xCC, 0x80, 0xC0, 0x78, 0x0C, 0x84, 0xCC, 0x78, 0xFE, 0x10, 0x10, 0x10, 0x10, 0x10,
    0x10, 0x10, 0x10, 0x82, 0x82, 0x82, 0x82, 0x82, 0x82, 0x82, 0xC6, 0x78, 0xC1, 0x43, 0x62, 0x22,
    0x26, 0x34, 0x14, 0x1C, 0x18, 0xC6, 0x30, 0x46, 0x20, 0x46, 0x20, 0x6F, 0x60, 0x69, 0x60, 0x29,
    0x40, 0x39, 0xC0, 0x39, 0xC0, 0x10, 0x80, 0xC6, 0x44, 0x6C, 0x38, 0x38, 0x38, 0x6C, 0x44, 0x82,
    0x86, 0xC4, 0x6C, 0x28, 0x38, 0x10, 0x10, 0x10, 0x10, 0xFC, 0x0C, 0x08, 0x10, 0x30, 0x20, 0x40,
    0xC0, 0xFC, 0xC0, 0x80, 0x80, 0x80, 0x80, 0x80, 0x80, 0x80, 0x80, 0x80, 0xC0, 0xC0, 0x40, 0x40,
    0x40, 0x60, 0x20, 0x20, 0x20, 0x30, 0x10, 0x10, 0xE0, 0x20, 0x20, 0x20, 0x20, 0x20, 0x20, 0x20,
    0x20, 0x20, 0xE0, 0x60, 0x60, 0xA0, 0x90, 0x90, 0xFC, 0x80, 0x40, 0x70, 0xC8, 0x08, 0x78, 0x88,
    0x98, 0x68, 0x80, 0x80, 0xB8, 0xCC, 0x84, 0x84, 0x84, 0xCC, 0xB8, 0x70, 0xC8, 0x80, 0x80, 0x80,
    0xC8, 0x70, 0x04, 0x04, 0x74, 0xCC, 0x84, 0x84, 0x84, 0xCC, 0x74, 0x78, 0xCC, 0x84, 0xFC, 0x80,
    0xCC, 0x78, 0x70, 0x40, 0xF0, 0x40, 0x40, 0x40, 0x40, 0x40, 0x40, 0x74, 0xCC, 0x84, 0x84, 0x84,
    0xCC, 0x74, 0x04, 0xCC, 0x78, 0x80, 0x80, 0xB0, 0xD8, 0x88, 0x88, 0x88, 0x88, 0x88, 0x80, 0x00,
    0x80, 0x80, 0x80, 0x80, 0x80, 0x80, 0x80, 0x40, 0x00, 0x40, 0x40, 0x40, 0x40, 0x40, 0x40, 0x40,
    0x40, 0xC0, 0x80, 0x80, 0x80, 0x98, 0xB0, 0xA0, 0xE0, 0xB0, 0x90, 0x88, 0x80, 0x80, 0x80, 0x80,
    0x80, 0x80, 0x80, 0x80, 0x80, 0xB3, 0x00, 0xDD, 0x80, 0x88, 0x80, 0x88, 0x80, 0x88, 0x80, 0x88,
    0x80, 0x88, 0x80, 0xF0, 0xD8, 0x88, 0x88, 0x88, 0x88, 0x88, 0x78, 0xCC, 0x84, 0x84, 0x84, 0xCC,
    0x78, 0xB8, 0xCC, 0x84, 0x84, 0x84, 0xCC, 0xB8, 0x80, 0x80, 0x80, 0x74, 0xCC, 0x84, 0x84, 0x84,
    0xCC, 0x74, 0x04, 0x04, 0x04, 0xA0, 0xC0, 0x80, 0x80, 0x80, 0x80, 0x80, 0x70, 0x98, 0x80, 0x70,
    0x18, 0x98, 0x70, 0x40, 0x40, 0xE0, 0x40, 0x40, 0x40, 0x40, 0x40, 0x60, 0x88, 0x88, 0x88, 0x88,
    0x88, 0xD8, 0x68, 0xC4, 0x44, 0x4C, 0x28, 0x28, 0x38, 0x10, 0xCC, 0x80, 0x4C, 0x80, 0x4C, 0x80,
    0x7D, 0x80, 0x33, 0x00, 0x33, 0x00, 0x33, 0x00, 0x88, 0xD8, 0x70, 0x70, 0x70, 0xD8, 0x88, 0xC4,
    0x44, 0x4C, 0x68, 0x28, 0x38, 0x30, 0x10, 0x30, 0x60, 0xF8, 0x18, 0x10, 0x20, 0x60, 0xC0, 0xF8,
    0x18, 0x30, 0x20, 0x20, 0x20, 0xC0, 0x60, 0x20, 0x20, 0x20, 0x18, 0x80, 0x80, 0x80, 0x80, 0x80,
    0x80, 0x80, 0x80, 0x80, 0x80, 0x80, 0x80, 0x80, 0x80, 0x80, 0xC0, 0x60, 0x20, 0x20, 0x20, 0x10,
    0x30, 0x20, 0x20, 0x60, 0xC0, 0x64, 0x9C, 0x80, 0x80, 0x00, 0x80, 0x80, 0x80, 0x80, 0x80, 0x80,
    0x20, 0x70, 0xE8, 0xE0, 0xA0, 0xA0, 0xE8, 0x78, 0x20, 0x38, 0x6C, 0x40, 0x40, 0xF8, 0x40, 0x40,
    0xC4, 0xFC, 0xFA, 0xCE, 0x86, 0x82, 0x82, 0x86, 0xCE, 0xBA, 0xC4, 0x4C, 0x68, 0x38, 0x7C, 0x10,
    0x7C, 0x10, 0x10, 0x80, 0x80, 0x80, 0x80, 0x00, 0x00, 0x00, 0x80, 0x80, 0x80, 0x80, 0x70, 0x98,
    0x80, 0x60, 0x90, 0x88, 0xF8, 0x30, 0x18, 0x88, 0x70, 0x90, 0x3C, 0x00, 0x63, 0x00, 0xDD, 0x80,
    0xB6, 0x80, 0xA0, 0x80, 0xA6, 0x80, 0xDD, 0x80, 0x63, 0x00, 0x3E, 0x00, 0x70, 0x08, 0x78, 0xC8,
    0x78, 0x28, 0x58, 0xB0, 0xB0, 0x58, 0x28, 0xF8, 0x08, 0x08, 0x38, 0x4C, 0xF6, 0xBA, 0xEA, 0xEC,
    0x78, 0xE0, 0x60, 0xB0, 0x90, 0xE0, 0x20, 0x20, 0xFC, 0x20, 0x00, 0xFC, 0x60, 0x90, 0x30, 0x40,
    0xF0, 0x60, 0x10, 0x20, 0x10, 0xE0, 0x40, 0x80, 0x88, 0x88, 0x88, 0x88, 0x88, 0xD8, 0xFC, 0x80,
    0x80, 0x80, 0x7C, 0xE4, 0xE4, 0xE4, 0xE4, 0x24, 0x04, 0x04, 0x04, 0x80, 0x80, 0x80, 0x40, 0xC0,
    0xC0, 0x40, 0x40, 0x40, 0x40, 0x70, 0x88, 0x88, 0x88, 0x70, 0xB0, 0x58, 0x68, 0x68, 0x58, 0xB0,
    0xC2, 0x00, 0x44, 0x00, 0x44, 0x00, 0x48, 0x00, 0x53, 0x00, 0x13, 0x00, 0x25, 0x00, 0x47, 0x80,
    0x41, 0x00, 0xC2, 0x00, 0x44, 0x00, 0x44, 0x00, 0x48, 0x00, 0x53, 0x00, 0x10, 0x80, 0x21, 0x00,
    0x62, 0x00, 0x43, 0x80, 0xE1, 0x00, 0x22, 0x00, 0x62, 0x00, 0x24, 0x00, 0xE9, 0x80, 0x09, 0x80,
    0x12, 0x80, 0x23, 0xC0, 0x20, 0x80, 0x20, 0x20, 0x00, 0x20, 0x20, 0x40, 0x80, 0x88, 0xD8, 0x70,
    0x10, 0x00, 0x08, 0x00, 0x00, 0x00, 0x1C, 0x00, 0x1C, 0x00, 0x14, 0x00, 0x36, 0x00, 0x22, 0x00,
    0x3E, 0x00, 0x63, 0x00, 0x41, 0x00, 0xC1, 0x80, 0x04, 0x00, 0x08, 0x00, 0x00, 0x00, 0x1C, 0x00,
    0x1C, 0x00, 0x14, 0x00, 0x36, 0x00, 0x22, 0x00, 0x3E, 0x00, 0x63, 0x00, 0x41, 0x00, 0xC1, 0x80,
    0x1C, 0x00, 0x14, 0x00, 0x00, 0x00, 0x1C, 0x00, 0x1C, 0x00, 0x14, 0x00, 0x36, 0x00, 0x22, 0x00,
    0x3E, 0x00, 0x63, 0x00, 0x41, 0x00, 0xC1, 0x80, 0x1C, 0x00, 0x1C, 0x00, 0x00, 0x00, 0x1C, 0x00,
    0x1C, 0x00, 0x14, 0x00, 0x36, 0x00, 0x22, 0x00, 0x3E, 0x00, 0x63, 0x00, 0x41, 0x00, 0xC1, 0x80,
    0x28, 0x00, 0x00, 0x10, 0x38, 0x28, 0x68, 0x44, 0x7C, 0xC6, 0x82, 0x82, 0x38, 0x38, 0x38, 0x00,
    0x10, 0x38, 0x28, 0x68, 0x44, 0x7C, 0xC6, 0x82, 0x82, 0x0F, 0xE0, 0x0A, 0x00, 0x1A, 0x00, 0x12,
    0x00, 0x33, 0xE0, 0x3E, 0x00, 0x62, 0x00, 0x42, 0x00, 0xC3, 0xE0, 0x3C, 0x66, 0xC2, 0x80, 0x80,
    0x80, 0xC2, 0x66, 0x3C, 0x10, 0x08, 0x18, 0x40, 0x20, 0x00, 0xF8, 0x80, 0x80, 0x80, 0xF8, 0x80,
    0x80, 0x80, 0xF8, 0x10, 0x20, 0x00, 0xF8, 0x80, 0x80, 0x80, 0xF8, 0x80, 0x80, 0x80, 0xF8, 0x20,
    0x50, 0x00, 0xF8, 0x80, 0x80, 0x80, 0xF8, 0x80, 0x80, 0x80, 0xF8, 0x50, 0x00, 0x00, 0xF8, 0x80,
    0x80, 0x80, 0xF0, 0x80, 0x80, 0x80, 0xF8, 0x80, 0x40, 0x00, 0x40, 0x40, 0x40, 0x40, 0x40, 0x40,
    0x40, 0x40, 0x40, 0xC0, 0x80, 0x00, 0x80, 0x80, 0x80, 0x80, 0x80, 0x80, 0x80, 0x80, 0x80, 0xC0,
    0xA0, 0x00, 0x40, 0x40, 0x40, 0x40, 0x40, 0x40, 0x40, 0x40, 0x40, 0x90, 0x00, 0x00, 0x40, 0x40,
    0x40, 0x40, 0x40, 0x40, 0x40, 0x40, 0x40, 0x7C, 0x46, 0x43, 0x41, 0xF1, 0x41, 0x43, 0x46, 0x7C,
    0x38, 0x38, 0x00, 0xC2, 0xC2, 0xA2, 0xA2, 0x92, 0x9A, 0x8E, 0x86, 0x86, 0x30, 0x10, 0x00, 0x3C,
    0x66, 0xC3, 0x81, 0x81, 0x81, 0xC3, 0x66, 0x3C, 0x08, 0x08, 0x00, 0x3C, 0x66, 0xC3, 0x81, 0x81,
    0x81, 0xC3, 0x66, 0x3C, 0x18, 0x00, 0x00, 0x3C, 0x66, 0xC3, 0x81, 0x81, 0x81, 0xC3, 0x66, 0x3C,
    0x34, 0x28, 0x00, 0x3C, 0x66, 0xC3, 0x81, 0x81, 0x81, 0xC3, 0x66, 0x3C, 0x24, 0x00, 0x00, 0x3C,
    0x66, 0xC3, 0x81, 0x81, 0x81, 0xC3, 0x66, 0x3C, 0xCC, 0x78, 0x30, 0x78, 0xCC, 0x3E, 0x66, 0xC7,
    0x89, 0x99, 0x91, 0xE3, 0x66, 0xFC, 0x20, 0x10, 0x00, 0x82, 0x82, 0x82, 0x82, 0x82, 0x82, 0x82,
    0xC6, 0x78, 0x18, 0x10, 0x00, 0x82, 0x82, 0x82, 0x82, 0x82, 0x82, 0x82, 0xC6, 0x78, 0x38, 0x00,
    0x00, 0x82, 0x82, 0x82, 0x82, 0x82, 0x82, 0x82, 0xCE, 0x78, 0x28, 0x00, 0x00, 0x82, 0x82, 0x82,
    0x82, 0x82, 0x82, 0x82, 0xC6, 0x78, 0x18, 0x10, 0x00, 0x86, 0xC4, 0x6C, 0x28, 0x38, 0x10, 0x10,
    0x10, 0x10, 0x80, 0x80, 0xF8, 0x8C, 0x84, 0x8C, 0xF8, 0x80, 0x80, 0x70, 0xD8, 0x88, 0x98, 0xB0,
    0x8C, 0x84, 0x8C, 0xB8, 0x40, 0x20, 0x00, 0x70, 0xC8, 0x08, 0x78, 0x88, 0x98, 0x68, 0x10, 0x20,
    0x00, 0x70, 0xC8, 0x08, 0x78, 0x88, 0x98, 0x68, 0x20, 0x50, 0x00, 0x70, 0xC8, 0x08, 0x78, 0x88,
    0x98, 0x68, 0x70, 0x70, 0x00, 0x70, 0xC8, 0x08, 0x78, 0x88, 0x98, 0x68, 0x50, 0x00, 0x70, 0xC8,
    0x08, 0x78, 0x88, 0x98, 0x68, 0x70, 0x70, 0x30, 0x00, 0x70, 0xC8, 0x08, 0x78, 0x88, 0x98, 0x68,
    0x7F, 0x00, 0xDC, 0x80, 0x18, 0xC0, 0x7F, 0xC0, 0xD8, 0x00, 0x9C, 0x80, 0xE7, 0x80, 0x70, 0xC8,
    0x80, 0x80, 0x80, 0xC8, 0x70, 0x20, 0x10, 0x30, 0x20, 0x20, 0x00, 0x78, 0xCC, 0x84, 0xFC, 0x80,
    0xCC, 0x78, 0x10, 0x10, 0x00, 0x78, 0xCC, 0x84, 0xFC, 0x80, 0xCC, 0x78, 0x30, 0x58, 0x00, 0x78,
    0xCC, 0x84, 0xFC, 0x80, 0xCC, 0x78, 0x48, 0x00, 0x78, 0xCC, 0x84, 0xFC, 0x80, 0xCC, 0x78, 0x80,
    0x40, 0x00, 0x40, 0x40, 0x40, 0x40, 0x40, 0x40, 0x40, 0x40, 0x80, 0x00, 0x80, 0x80, 0x80, 0x80,
    0x80, 0x80, 0x80, 0xA0, 0x00, 0x40, 0x40, 0x40, 0x40, 0x40, 0x40, 0x40, 0x90, 0x00, 0x40, 0x40,
    0x40, 0x40, 0x40, 0x40, 0x40, 0x68, 0x30, 0x18, 0x78, 0xCC, 0x84, 0x84, 0x84, 0xCC, 0x78, 0x50,
    0x70, 0x00, 0xF0, 0xD8, 0x88, 0x88, 0x88, 0x88, 0x88, 0x20, 0x20, 0x00, 0x78, 0xCC, 0x84, 0x84,
    0x84, 0xCC, 0x78, 0x10, 0x10, 0x00, 0x78, 0xCC, 0x84, 0x84, 0x84, 0xCC, 0x78, 0x30, 0x58, 0x00,
    0x78, 0xCC, 0x84, 0x84, 0x84, 0xCC, 0x78, 0x68, 0x50, 0x00, 0x78, 0xCC, 0x84, 0x84, 0x84, 0xCC,
    0x78, 0x48, 0x00, 0x78, 0xCC, 0x84, 0x84, 0x84, 0xCC, 0x78, 0x20, 0x20, 0x00, 0xFC, 0x00, 0x20,
    0x20, 0x7C, 0xCC, 0x9C, 0xB4, 0xE4, 0xCC, 0xF8, 0x40, 0x20, 0x00, 0x88, 0x88, 0x88, 0x88, 0x88,
    0xD8, 0x68, 0x10, 0x20, 0x00, 0x88, 0x88, 0x88, 0x88, 0x88, 0xD8, 0x68, 0x50, 0x00, 0x88, 0x88,
    0x88, 0x88, 0x88, 0xD8, 0x68, 0x50, 0x00, 0x88, 0x88, 0x88, 0x88, 0x88, 0xD8, 0x68, 0x08, 0x10,
    0x00, 0xC4, 0x44, 0x4C, 0x68, 0x28, 0x38, 0x30, 0x10, 0x30, 0x60, 0x80, 0x80, 0xB8, 0xCC, 0x84,
    0x84, 0x84, 0xCC, 0xB8, 0x80, 0x80, 0x80, 0x48, 0x00, 0x84, 0x8C, 0xC8, 0x48, 0x78, 0x70, 0x30,
    0x30, 0x60, 0xC0, 0x3F, 0xC0, 0x44, 0x00, 0xC4, 0x00, 0x84, 0x00, 0x87, 0xC0, 0x84, 0x00, 0xC4,
    0x00, 0x44, 0x00, 0x3F, 0xC0, 0x7B, 0xC0, 0xCE, 0x60, 0x8C, 0x20, 0x8F, 0xE0, 0x8C, 0x00, 0xCE,
    0x60, 0x7B, 0xC0, 0x50, 0x30, 0x00, 0x78, 0xCC, 0x80, 0xC0, 0x78, 0x0C, 0x84, 0xCC, 0x78, 0x50,
    0x60, 0x00, 0x70, 0x98, 0x80, 0x70, 0x18, 0x98, 0x70, 0x24, 0x00, 0x00, 0xC3, 0x46, 0x64, 0x38,
    0x38, 0x10, 0x10, 0x10, 0x10, 0x78, 0x30, 0x00, 0xFC, 0x0C, 0x08, 0x10, 0x30, 0x20, 0x40, 0xC0,
    0xFC, 0x70, 0x00, 0xF8, 0x18, 0x10, 0x20, 0x60, 0xC0, 0xF8, 0x70, 0x40, 0xF0, 0x40, 0x40, 0x40,
    0x40, 0x40, 0x40, 0x40, 0xC0, 0x80, 0x40, 0xA0, 0xE0, 0xA0, 0xFC, 0xFF, 0xF0, 0x40, 0xC0, 0x80,
    0xC0, 0x80, 0x80, 0x80, 0x80, 0x80, 0x80, 0x80, 0x50, 0xD0, 0xB0, 0xD0, 0x90, 0xB0, 0xA0, 0xB0,
    0xB0, 0xA0, 0xA0, 0x20, 0x20, 0xF8, 0x20, 0x20, 0x20, 0x20, 0x20, 0x20, 0xF8, 0x20, 0xF8, 0x20,
    0x20, 0x20, 0x20, 0x60, 0xF0, 0xF0, 0x60, 0x88, 0x80, 0x88, 0x80, 0xC0, 0x00, 0xE0, 0x00, 0xA0,
    0x00, 0xE0, 0x00, 0x00, 0x00, 0x03, 0x18, 0x02, 0xA4, 0x03, 0xAC, 0x03, 0xB8, 0x20, 0x40, 0x80,
    0x80, 0x40, 0x20, 0x80, 0x40, 0x60, 0x60, 0x40, 0x80, 0x1C, 0x20, 0x40, 0xF8, 0x40, 0xF8, 0x60,
    0x20, 0x1C, 0xE4, 0xBC, 0xAC,
];
pub static INTER_STANDARD_DETAIL: BitmapFont = BitmapFont {
    glyphs: &INTER_STANDARD_DETAIL_GLYPHS,
    bitmap: &INTER_STANDARD_DETAIL_BITMAP,
    extra: &INTER_STANDARD_DETAIL_EXTRA,
    line_height: 17,
};

// INTER_STANDARD_BODY: Inter Medium 15 px, line-height 20
const INTER_STANDARD_BODY_GLYPHS: [Glyph; 95] = [
    g(0, 0, 0, 4, 0, 0),
    g(0, 2, 11, 5, 1, -11),
    g(11, 4, 4, 8, 2, -11),
    g(15, 9, 11, 10, 0, -11),
    g(37, 8, 13, 10, 1, -12),
    g(50, 12, 11, 15, 2, -11),
    g(72, 9, 11, 10, 1, -11),
    g(94, 2, 4, 5, 2, -11),
    g(98, 3, 13, 6, 1, -11),
    g(111, 4, 13, 6, 0, -11),
    g(124, 6, 6, 8, 1, -11),
    g(130, 8, 7, 11, 1, -8),
    g(137, 2, 4, 5, 1, -1),
    g(141, 5, 1, 7, 1, -5),
    g(142, 1, 2, 5, 1, -2),
    g(144, 5, 13, 6, 0, -11),
    g(157, 8, 11, 10, 1, -11),
    g(168, 5, 11, 7, 0, -11),
    g(179, 7, 11, 10, 1, -11),
    g(190, 7, 11, 10, 1, -11),
    g(201, 8, 11, 10, 1, -11),
    g(212, 8, 11, 10, 1, -11),
    g(223, 8, 11, 10, 1, -11),
    g(234, 7, 11, 9, 1, -11),
    g(245, 8, 11, 10, 1, -11),
    g(256, 8, 11, 10, 1, -11),
    g(267, 1, 8, 5, 1, -8),
    g(275, 1, 10, 5, 1, -7),
    g(285, 7, 8, 11, 1, -8),
    g(293, 7, 4, 11, 2, -6),
    g(297, 7, 8, 11, 2, -8),
    g(305, 7, 11, 8, 1, -11),
    g(316, 13, 14, 15, 1, -11),
    g(344, 10, 11, 11, 0, -11),
    g(366, 8, 11, 10, 1, -11),
    g(377, 9, 11, 11, 1, -11),
    g(399, 9, 11, 11, 1, -11),
    g(421, 7, 11, 10, 1, -11),
    g(432, 7, 11, 9, 1, -11),
    g(443, 10, 11, 12, 1, -11),
    g(465, 9, 11, 12, 1, -11),
    g(487, 2, 11, 5, 1, -11),
    g(498, 7, 11, 9, 1, -11),
    g(509, 8, 11, 11, 1, -11),
    g(520, 7, 11, 9, 1, -11),
    g(531, 12, 11, 14, 1, -11),
    g(553, 9, 11, 12, 1, -11),
    g(575, 10, 11, 12, 1, -11),
    g(597, 8, 11, 10, 1, -11),
    g(608, 10, 12, 12, 1, -11),
    g(632, 8, 11, 10, 1, -11),
    g(643, 8, 11, 10, 1, -11),
    g(654, 8, 11, 10, 1, -11),
    g(665, 9, 11, 12, 1, -11),
    g(687, 9, 11, 11, 1, -11),
    g(709, 14, 11, 16, 1, -11),
    g(731, 9, 11, 11, 1, -11),
    g(753, 9, 11, 11, 0, -11),
    g(775, 8, 11, 10, 1, -11),
    g(786, 3, 13, 6, 2, -11),
    g(799, 4, 12, 6, 1, -10),
    g(811, 4, 13, 6, 0, -11),
    g(824, 5, 5, 8, 1, -11),
    g(829, 7, 1, 7, 0, 0),
    g(830, 2, 2, 6, 2, -11),
    g(832, 7, 8, 9, 1, -8),
    g(840, 8, 11, 10, 1, -11),
    g(851, 7, 8, 9, 1, -8),
    g(859, 8, 11, 10, 1, -11),
    g(870, 8, 8, 9, 1, -8),
    g(878, 6, 11, 6, 0, -11),
    g(889, 8, 11, 10, 1, -8),
    g(900, 7, 11, 10, 1, -11),
    g(911, 2, 11, 4, 1, -11),
    g(922, 3, 14, 4, 0, -11),
    g(936, 7, 11, 9, 1, -11),
    g(947, 2, 11, 4, 1, -11),
    g(958, 12, 8, 14, 1, -8),
    g(974, 7, 8, 10, 1, -8),
    g(982, 8, 8, 10, 1, -8),
    g(990, 8, 11, 10, 1, -8),
    g(1001, 8, 11, 10, 1, -8),
    g(1012, 4, 8, 6, 1, -8),
    g(1020, 7, 8, 9, 1, -8),
    g(1028, 4, 10, 6, 0, -10),
    g(1038, 7, 8, 10, 1, -8),
    g(1046, 7, 8, 9, 1, -8),
    g(1054, 11, 8, 13, 1, -8),
    g(1070, 7, 8, 9, 1, -8),
    g(1078, 7, 11, 9, 1, -8),
    g(1089, 6, 8, 9, 1, -8),
    g(1097, 5, 13, 7, 1, -11),
    g(1110, 2, 18, 6, 2, -15),
    g(1128, 5, 13, 7, 0, -11),
    g(1141, 7, 3, 11, 1, -6),
];
const INTER_STANDARD_BODY_EXTRA: [(char, Glyph); 123] = [
    ('\u{a0}', g(0, 0, 0, 4, 0, 0)),
    ('\u{a1}', g(1144, 2, 11, 5, 1, -8)),
    ('\u{a2}', g(1155, 7, 11, 9, 1, -11)),
    ('\u{a3}', g(1166, 7, 11, 10, 1, -11)),
    ('\u{a4}', g(1177, 9, 9, 12, 1, -9)),
    ('\u{a5}', g(1195, 8, 11, 9, 0, -11)),
    ('\u{a6}', g(1206, 2, 13, 5, 1, -11)),
    ('\u{a7}', g(1219, 7, 13, 9, 1, -11)),
    ('\u{a8}', g(1232, 5, 1, 10, 2, -11)),
    ('\u{a9}', g(1233, 12, 11, 14, 1, -11)),
    ('\u{aa}', g(1255, 5, 6, 7, 1, -11)),
    ('\u{ab}', g(1261, 7, 7, 10, 1, -8)),
    ('\u{ac}', g(1268, 7, 3, 11, 1, -5)),
    ('\u{ad}', g(0, 0, 0, 0, 0, 0)),
    ('\u{ae}', g(1271, 9, 8, 10, 1, -11)),
    ('\u{af}', g(1287, 4, 1, 7, 1, -11)),
    ('\u{b0}', g(1288, 5, 5, 7, 1, -11)),
    ('\u{b1}', g(1293, 7, 7, 11, 1, -8)),
    ('\u{b2}', g(1300, 5, 6, 7, 1, -12)),
    ('\u{b3}', g(1306, 5, 6, 7, 1, -12)),
    ('\u{b4}', g(1312, 3, 2, 6, 1, -11)),
    ('\u{b5}', g(1314, 8, 11, 9, 1, -8)),
    ('\u{b6}', g(1325, 7, 11, 10, 1, -11)),
    ('\u{b7}', g(1336, 1, 2, 5, 1, -6)),
    ('\u{b8}', g(1338, 3, 3, 5, 1, 0)),
    ('\u{b9}', g(1341, 3, 6, 5, 1, -12)),
    ('\u{ba}', g(1347, 6, 6, 8, 1, -11)),
    ('\u{bb}', g(1353, 7, 7, 10, 1, -8)),
    ('\u{bc}', g(1360, 11, 11, 13, 1, -11)),
    ('\u{bd}', g(1382, 11, 11, 13, 1, -11)),
    ('\u{be}', g(1404, 12, 11, 14, 1, -11)),
    ('\u{bf}', g(1426, 6, 11, 8, 1, -8)),
    ('\u{c0}', g(1437, 10, 14, 11, 0, -14)),
    ('\u{c1}', g(1465, 10, 14, 11, 0, -14)),
    ('\u{c2}', g(1493, 10, 14, 11, 0, -14)),
    ('\u{c3}', g(1521, 10, 14, 11, 0, -14)),
    ('\u{c4}', g(1549, 10, 13, 11, 0, -13)),
    ('\u{c5}', g(1575, 10, 16, 11, 0, -16)),
    ('\u{c6}', g(1607, 14, 11, 16, 0, -11)),
    ('\u{c7}', g(1629, 9, 14, 11, 1, -11)),
    ('\u{c8}', g(1657, 7, 14, 10, 1, -14)),
    ('\u{c9}', g(1671, 7, 14, 10, 1, -14)),
    ('\u{ca}', g(1685, 7, 14, 10, 1, -14)),
    ('\u{cb}', g(1699, 7, 13, 10, 1, -13)),
    ('\u{cc}', g(1712, 3, 14, 5, 0, -14)),
    ('\u{cd}', g(1726, 2, 14, 5, 1, -14)),
    ('\u{ce}', g(1740, 4, 14, 5, 0, -14)),
    ('\u{cf}', g(1754, 5, 13, 5, 0, -13)),
    ('\u{d0}', g(1767, 10, 11, 12, 1, -11)),
    ('\u{d1}', g(1789, 9, 14, 12, 1, -14)),
    ('\u{d2}', g(1817, 10, 14, 12, 1, -14)),
    ('\u{d3}', g(1845, 10, 14, 12, 1, -14)),
    ('\u{d4}', g(1873, 10, 14, 12, 1, -14)),
    ('\u{d5}', g(1901, 10, 14, 12, 1, -14)),
    ('\u{d6}', g(1929, 10, 13, 12, 1, -13)),
    ('\u{d7}', g(1955, 6, 6, 11, 2, -7)),
    ('\u{d8}', g(1961, 10, 11, 12, 1, -11)),
    ('\u{d9}', g(1983, 9, 14, 12, 1, -14)),
    ('\u{da}', g(2011, 9, 14, 12, 1, -14)),
    ('\u{db}', g(2039, 9, 14, 12, 1, -14)),
    ('\u{dc}', g(2067, 9, 13, 12, 1, -13)),
    ('\u{dd}', g(2093, 9, 14, 11, 0, -14)),
    ('\u{de}', g(2121, 8, 11, 10, 1, -11)),
    ('\u{df}', g(2132, 8, 11, 10, 1, -11)),
    ('\u{e0}', g(2143, 7, 11, 9, 1, -11)),
    ('\u{e1}', g(2154, 7, 11, 9, 1, -11)),
    ('\u{e2}', g(2165, 7, 11, 9, 1, -11)),
    ('\u{e3}', g(2176, 7, 11, 9, 1, -11)),
    ('\u{e4}', g(2187, 7, 11, 9, 1, -11)),
    ('\u{e5}', g(2198, 7, 12, 9, 1, -12)),
    ('\u{e6}', g(2210, 12, 8, 14, 1, -8)),
    ('\u{e7}', g(2226, 7, 11, 9, 1, -8)),
    ('\u{e8}', g(2237, 8, 11, 9, 1, -11)),
    ('\u{e9}', g(2248, 8, 11, 9, 1, -11)),
    ('\u{ea}', g(2259, 8, 11, 9, 1, -11)),
    ('\u{eb}', g(2270, 8, 11, 9, 1, -11)),
    ('\u{ec}', g(2281, 3, 11, 4, 0, -11)),
    ('\u{ed}', g(2292, 2, 11, 4, 1, -11)),
    ('\u{ee}', g(2303, 4, 11, 4, 0, -11)),
    ('\u{ef}', g(2314, 5, 11, 4, 0, -11)),
    ('\u{f0}', g(2325, 8, 12, 9, 1, -12)),
    ('\u{f1}', g(2337, 7, 11, 10, 1, -11)),
    ('\u{f2}', g(2348, 8, 11, 10, 1, -11)),
    ('\u{f3}', g(2359, 8, 11, 10, 1, -11)),
    ('\u{f4}', g(2370, 8, 11, 10, 1, -11)),
    ('\u{f5}', g(2381, 8, 11, 10, 1, -11)),
    ('\u{f6}', g(2392, 8, 11, 10, 1, -11)),
    ('\u{f7}', g(2403, 7, 7, 11, 1, -8)),
    ('\u{f8}', g(2410, 8, 8, 10, 1, -8)),
    ('\u{f9}', g(2418, 7, 11, 10, 1, -11)),
    ('\u{fa}', g(2429, 7, 11, 10, 1, -11)),
    ('\u{fb}', g(2440, 7, 11, 10, 1, -11)),
    ('\u{fc}', g(2451, 7, 11, 10, 1, -11)),
    ('\u{fd}', g(2462, 7, 14, 9, 1, -11)),
    ('\u{fe}', g(2476, 8, 14, 10, 1, -11)),
    ('\u{ff}', g(2490, 7, 14, 9, 1, -11)),
    ('\u{152}', g(2504, 13, 11, 16, 1, -11)),
    ('\u{153}', g(2526, 14, 8, 15, 1, -8)),
    ('\u{160}', g(2542, 8, 14, 10, 1, -14)),
    ('\u{161}', g(2556, 7, 11, 9, 1, -11)),
    ('\u{178}', g(2567, 9, 13, 11, 1, -13)),
    ('\u{17d}', g(2593, 8, 14, 10, 1, -14)),
    ('\u{17e}', g(2607, 6, 11, 9, 1, -11)),
    ('\u{192}', g(2618, 4, 14, 7, 1, -11)),
    ('\u{2c6}', g(2632, 4, 2, 7, 1, -11)),
    ('\u{2dc}', g(2634, 4, 2, 8, 2, -11)),
    ('\u{2013}', g(2636, 8, 1, 8, 0, -5)),
    ('\u{2014}', g(2637, 15, 1, 15, 0, -5)),
    ('\u{2018}', g(2639, 2, 4, 5, 1, -11)),
    ('\u{2019}', g(2643, 2, 4, 5, 1, -10)),
    ('\u{201a}', g(2647, 2, 4, 4, 1, -1)),
    ('\u{201c}', g(2651, 5, 4, 8, 1, -11)),
    ('\u{201d}', g(2655, 5, 4, 8, 1, -10)),
    ('\u{201e}', g(2659, 5, 4, 7, 1, -1)),
    ('\u{2020}', g(2663, 6, 8, 8, 1, -11)),
    ('\u{2021}', g(2671, 6, 11, 8, 1, -11)),
    ('\u{2022}', g(2682, 5, 5, 8, 2, -7)),
    ('\u{2026}', g(2687, 11, 2, 14, 1, -2)),
    ('\u{2030}', g(2691, 18, 11, 21, 2, -11)),
    ('\u{2039}', g(2724, 4, 7, 6, 1, -8)),
    ('\u{203a}', g(2731, 4, 7, 6, 1, -8)),
    ('\u{20ac}', g(2738, 8, 11, 11, 1, -11)),
    ('\u{2122}', g(2749, 8, 4, 10, 1, -11)),
];
const INTER_STANDARD_BODY_BITMAP: [u8; 2753] = [
    0xC0, 0xC0, 0xC0, 0xC0, 0xC0, 0xC0, 0xC0, 0x00, 0x00, 0xC0, 0xC0, 0xF0, 0xF0, 0xF0, 0xF0, 0x11,
    0x00, 0x11, 0x00, 0x11, 0x00, 0x7F, 0x80, 0x33, 0x00, 0x32, 0x00, 0x22, 0x00, 0xFF, 0x80, 0x66,
    0x00, 0x26, 0x00, 0x66, 0x00, 0x10, 0x3C, 0x76, 0xD3, 0xD0, 0xF0, 0x3C, 0x17, 0x13, 0xD3, 0xF6,
    0x7C, 0x10, 0x70, 0x40, 0xD0, 0x80, 0xD9, 0x00, 0xD9, 0x00, 0x72, 0x00, 0x04, 0x00, 0x04, 0xE0,
    0x09, 0xB0, 0x11, 0xB0, 0x11, 0xB0, 0x20, 0xE0, 0x3C, 0x00, 0x6C, 0x00, 0x66, 0x00, 0x6C, 0x00,
    0x38, 0x00, 0x38, 0x00, 0x79, 0x80, 0xCF, 0x00, 0xC7, 0x00, 0xEF, 0x00, 0x3D, 0x80, 0xC0, 0xC0,
    0xC0, 0xC0, 0x20, 0x60, 0x40, 0xC0, 0xC0, 0xC0, 0xC0, 0xC0, 0xC0, 0xC0, 0x40, 0x60, 0x20, 0xC0,
    0x60, 0x60, 0x60, 0x20, 0x30, 0x30, 0x30, 0x20, 0x20, 0x60, 0x60, 0xC0, 0x30, 0xB4, 0x78, 0x78,
    0xB4, 0x30, 0x18, 0x18, 0x18, 0xFF, 0x18, 0x18, 0x18, 0xC0, 0xC0, 0xC0, 0x80, 0xF8, 0x80, 0x80,
    0x08, 0x08, 0x18, 0x10, 0x10, 0x30, 0x30, 0x20, 0x20, 0x60, 0x40, 0x40, 0xC0, 0x3C, 0x66, 0x42,
    0xC3, 0xC3, 0xC3, 0xC3, 0xC3, 0x42, 0x66, 0x3C, 0x38, 0x78, 0xD8, 0x18, 0x18, 0x18, 0x18, 0x18,
    0x18, 0x18, 0x18, 0x38, 0x6C, 0xC6, 0x06, 0x06, 0x0C, 0x18, 0x30, 0x60, 0xE0, 0xFE, 0x78, 0xCC,
    0x86, 0x06, 0x0C, 0x38, 0x0C, 0x06, 0x86, 0xCE, 0x78, 0x0E, 0x0E, 0x16, 0x16, 0x26, 0x66, 0x46,
    0xC6, 0xFF, 0x06, 0x06, 0x7E, 0x60, 0x40, 0x40, 0x7C, 0x66, 0x03, 0x03, 0xC2, 0x66, 0x3C, 0x3C,
    0x66, 0x42, 0xC0, 0xDC, 0xE6, 0xC3, 0xC3, 0xC2, 0x66, 0x3C, 0xFE, 0x06, 0x04, 0x0C, 0x08, 0x18,
    0x18, 0x30, 0x30, 0x60, 0x60, 0x3C, 0x66, 0xC3, 0xC3, 0x66, 0x3C, 0x66, 0xC3, 0xC3, 0xE6, 0x3C,
    0x3C, 0x66, 0xC3, 0xC3, 0xC3, 0xE7, 0x7F, 0x03, 0xC2, 0x66, 0x3C, 0x80, 0x80, 0x00, 0x00, 0x00,
    0x00, 0x80, 0x80, 0x80, 0x80, 0x00, 0x00, 0x00, 0x00, 0x80, 0x80, 0x80, 0x80, 0x02, 0x0E, 0x38,
    0xE0, 0xE0, 0x3C, 0x0E, 0x02, 0xFE, 0x00, 0x00, 0xFE, 0x80, 0xE0, 0x38, 0x0E, 0x0E, 0x78, 0xE0,
    0x80, 0x78, 0xEC, 0xC6, 0x06, 0x0C, 0x18, 0x30, 0x20, 0x00, 0x20, 0x20, 0x0F, 0x80, 0x38, 0xE0,
    0x60, 0x30, 0x60, 0x10, 0xCF, 0xD8, 0xDD, 0xD8, 0xD8, 0xD8, 0xD8, 0xD8, 0xD8, 0xD8, 0xDD, 0xD0,
    0x6E, 0x70, 0x60, 0x00, 0x38, 0x40, 0x0F, 0xC0, 0x0C, 0x00, 0x1E, 0x00, 0x1E, 0x00, 0x12, 0x00,
    0x33, 0x00, 0x33, 0x00, 0x21, 0x00, 0x7F, 0x80, 0x61, 0x80, 0xC0, 0xC0, 0xC0, 0xC0, 0xFC, 0xC6,
    0xC3, 0xC3, 0xC6, 0xFC, 0xC6, 0xC3, 0xC3, 0xC7, 0xFE, 0x1E, 0x00, 0x73, 0x00, 0x61, 0x80, 0xC0,
    0x80, 0xC0, 0x00, 0xC0, 0x00, 0xC0, 0x00, 0xC0, 0x80, 0x61, 0x80, 0x73, 0x00, 0x1E, 0x00, 0xFC,
    0x00, 0xC6, 0x00, 0xC3, 0x00, 0xC1, 0x00, 0xC1, 0x80, 0xC1, 0x80, 0xC1, 0x80, 0xC1, 0x00, 0xC3,
    0x00, 0xC6, 0x00, 0xFC, 0x00, 0xFE, 0xC0, 0xC0, 0xC0, 0xC0, 0xFC, 0xC0, 0xC0, 0xC0, 0xC0, 0xFE,
    0xFE, 0xC0, 0xC0, 0xC0, 0xC0, 0xFC, 0xC0, 0xC0, 0xC0, 0xC0, 0xC0, 0x1E, 0x00, 0x73, 0x00, 0x61,
    0x80, 0xC0, 0x80, 0xC0, 0x00, 0xC0, 0x00, 0xC7, 0xC0, 0xC0, 0xC0, 0x60, 0x80, 0x73, 0x80, 0x1E,
    0x00, 0xC1, 0x80, 0xC1, 0x80, 0xC1, 0x80, 0xC1, 0x80, 0xC1, 0x80, 0xFF, 0x80, 0xC1, 0x80, 0xC1,
    0x80, 0xC1, 0x80, 0xC1, 0x80, 0xC1, 0x80, 0xC0, 0xC0, 0xC0, 0xC0, 0xC0, 0xC0, 0xC0, 0xC0, 0xC0,
    0xC0, 0xC0, 0x06, 0x06, 0x06, 0x06, 0x06, 0x06, 0x06, 0xC6, 0xC6, 0xEC, 0x78, 0xC3, 0xC6, 0xCC,
    0xDC, 0xD8, 0xF8, 0xEC, 0xCC, 0xC6, 0xC3, 0xC3, 0xC0, 0xC0, 0xC0, 0xC0, 0xC0, 0xC0, 0xC0, 0xC0,
    0xC0, 0xC0, 0xFE, 0xE0, 0x70, 0xE0, 0xF0, 0xF0, 0xF0, 0xF0, 0xF0, 0xF1, 0xB0, 0xD9, 0xB0, 0xD9,
    0x30, 0xCB, 0x30, 0xCF, 0x30, 0xCE, 0x30, 0xC6, 0x30, 0xC1, 0x80, 0xE1, 0x80, 0xF1, 0x80, 0xF1,
    0x80, 0xD9, 0x80, 0xDD, 0x80, 0xCD, 0x80, 0xC7, 0x80, 0xC7, 0x80, 0xC3, 0x80, 0xC1, 0x80, 0x1E,
    0x00, 0x73, 0x80, 0x61, 0x80, 0xC0, 0xC0, 0xC0, 0xC0, 0xC0, 0xC0, 0xC0, 0xC0, 0xC0, 0xC0, 0x61,
    0x80, 0x73, 0x80, 0x1E, 0x00, 0xFC, 0xC6, 0xC2, 0xC3, 0xC3, 0xC6, 0xFC, 0xC0, 0xC0, 0xC0, 0xC0,
    0x1E, 0x00, 0x73, 0x80, 0x61, 0x80, 0xC0, 0xC0, 0xC0, 0xC0, 0xC0, 0xC0, 0xC0, 0xC0, 0xC4, 0xC0,
    0x67, 0x80, 0x7F, 0x80, 0x1F, 0x00, 0x00, 0x80, 0xFC, 0xC6, 0xC2, 0xC3, 0xC3, 0xC6, 0xFC, 0xCC,
    0xC6, 0xC6, 0xC3, 0x3C, 0x66, 0xC3, 0xC0, 0xF0, 0x3C, 0x07, 0x03, 0xC3, 0xE6, 0x7C, 0xFF, 0x18,
    0x18, 0x18, 0x18, 0x18, 0x18, 0x18, 0x18, 0x18, 0x18, 0xC1, 0x80, 0xC1, 0x80, 0xC1, 0x80, 0xC1,
    0x80, 0xC1, 0x80, 0xC1, 0x80, 0xC1, 0x80, 0xC1, 0x80, 0xC1, 0x00, 0x67, 0x00, 0x3E, 0x00, 0x81,
    0x80, 0xC1, 0x80, 0xC1, 0x00, 0x43, 0x00, 0x63, 0x00, 0x62, 0x00, 0x26, 0x00, 0x36, 0x00, 0x34,
    0x00, 0x1C, 0x00, 0x1C, 0x00, 0x87, 0x0C, 0x87, 0x08, 0xC7, 0x18, 0xC5, 0x18, 0x4D, 0x90, 0x4D,
    0x90, 0x68, 0xB0, 0x68, 0xB0, 0x38, 0xE0, 0x38, 0xE0, 0x30, 0x60, 0xC1, 0x80, 0x63, 0x00, 0x26,
    0x00, 0x36, 0x00, 0x1C, 0x00, 0x1C, 0x00, 0x1C, 0x00, 0x36, 0x00, 0x63, 0x00, 0x63, 0x00, 0xC1,
    0x80, 0xC1, 0x80, 0x61, 0x80, 0x23, 0x00, 0x33, 0x00, 0x16, 0x00, 0x1C, 0x00, 0x0C, 0x00, 0x0C,
    0x00, 0x0C, 0x00, 0x0C, 0x00, 0x0C, 0x00, 0xFF, 0x03, 0x06, 0x0C, 0x0C, 0x18, 0x30, 0x30, 0x60,
    0xC0, 0xFF, 0xE0, 0xC0, 0xC0, 0xC0, 0xC0, 0xC0, 0xC0, 0xC0, 0xC0, 0xC0, 0xC0, 0xC0, 0xE0, 0x80,
    0x80, 0xC0, 0xC0, 0x40, 0x40, 0x60, 0x20, 0x20, 0x30, 0x30, 0x10, 0xF0, 0x30, 0x30, 0x30, 0x30,
    0x30, 0x30, 0x30, 0x30, 0x30, 0x30, 0x30, 0xF0, 0x70, 0x70, 0x58, 0xC8, 0x88, 0xFE, 0x80, 0xC0,
    0x3C, 0x6E, 0x06, 0x1E, 0xE6, 0xC6, 0xCE, 0x7E, 0xC0, 0xC0, 0xC0, 0xDC, 0xE6, 0xC2, 0xC3, 0xC3,
    0xC2, 0xE6, 0xDC, 0x3C, 0x66, 0xC0, 0xC0, 0xC0, 0xC2, 0x66, 0x3C, 0x03, 0x03, 0x03, 0x3B, 0x67,
    0xC3, 0xC3, 0xC3, 0xC3, 0x67, 0x3B, 0x3C, 0x66, 0xC2, 0xFF, 0xC0, 0xC0, 0x66, 0x3C, 0x1C, 0x30,
    0x30, 0xF8, 0x30, 0x30, 0x30, 0x30, 0x30, 0x30, 0x30, 0x3B, 0x67, 0xC3, 0xC3, 0xC3, 0xC3, 0x67,
    0x3B, 0x03, 0x66, 0x3C, 0xC0, 0xC0, 0xC0, 0xDC, 0xEE, 0xC6, 0xC6, 0xC6, 0xC6, 0xC6, 0xC6, 0x80,
    0x00, 0x00, 0xC0, 0xC0, 0xC0, 0xC0, 0xC0, 0xC0, 0xC0, 0xC0, 0x40, 0x00, 0x00, 0x60, 0x60, 0x60,
    0x60, 0x60, 0x60, 0x60, 0x60, 0x60, 0xC0, 0xC0, 0xC0, 0xC0, 0xC0, 0xCC, 0xD8, 0xF0, 0xF0, 0xD8,
    0xD8, 0xCC, 0xC6, 0xC0, 0xC0, 0xC0, 0xC0, 0xC0, 0xC0, 0xC0, 0xC0, 0xC0, 0xC0, 0xC0, 0xD9, 0xE0,
    0xEF, 0x60, 0xC6, 0x30, 0xC6, 0x30, 0xC6, 0x30, 0xC6, 0x30, 0xC6, 0x30, 0xC6, 0x30, 0xDC, 0xEE,
    0xC6, 0xC6, 0xC6, 0xC6, 0xC6, 0xC6, 0x3C, 0x66, 0xC2, 0xC3, 0xC3, 0xC2, 0x66, 0x3C, 0xDC, 0xE6,
    0xC2, 0xC3, 0xC3, 0xC2, 0xE6, 0xFC, 0xC0, 0xC0, 0xC0, 0x3B, 0x67, 0xC3, 0xC3, 0xC3, 0xC3, 0x67,
    0x3B, 0x03, 0x03, 0x03, 0xF0, 0xE0, 0xC0, 0xC0, 0xC0, 0xC0, 0xC0, 0xC0, 0x78, 0xCC, 0xC0, 0x70,
    0x1C, 0x06, 0xCC, 0x78, 0x60, 0x60, 0xF0, 0x60, 0x60, 0x60, 0x60, 0x60, 0x60, 0x30, 0xC6, 0xC6,
    0xC6, 0xC6, 0xC6, 0xC6, 0xEE, 0x76, 0x86, 0xC6, 0xC4, 0x4C, 0x6C, 0x68, 0x38, 0x30, 0x8C, 0x60,
    0xCC, 0x60, 0xCE, 0x40, 0xDA, 0xC0, 0x5A, 0xC0, 0x73, 0x80, 0x73, 0x80, 0x31, 0x80, 0xC6, 0x6C,
    0x28, 0x38, 0x38, 0x68, 0x6C, 0xC6, 0x86, 0xC6, 0xC4, 0x4C, 0x6C, 0x68, 0x38, 0x30, 0x30, 0x20,
    0xE0, 0xFC, 0x0C, 0x18, 0x10, 0x30, 0x60, 0xE0, 0xFC, 0x10, 0x30, 0x20, 0x20, 0x20, 0x60, 0xC0,
    0xE0, 0x20, 0x20, 0x20, 0x20, 0x38, 0x80, 0xC0, 0xC0, 0xC0, 0xC0, 0xC0, 0xC0, 0xC0, 0xC0, 0xC0,
    0xC0, 0xC0, 0xC0, 0xC0, 0xC0, 0xC0, 0xC0, 0xC0, 0x60, 0x60, 0x30, 0x30, 0x30, 0x30, 0x18, 0x38,
    0x30, 0x30, 0x30, 0x20, 0xE0, 0x62, 0xD2, 0x8E, 0xC0, 0xC0, 0x00, 0x00, 0xC0, 0xC0, 0xC0, 0xC0,
    0xC0, 0xC0, 0xC0, 0x10, 0x10, 0x3C, 0x76, 0xD0, 0xD0, 0xD0, 0xD0, 0x76, 0x7C, 0x10, 0x1C, 0x36,
    0x62, 0x60, 0x60, 0xFC, 0x60, 0x60, 0x60, 0xC2, 0xFE, 0xBF, 0x80, 0xE7, 0x00, 0xC1, 0x80, 0x81,
    0x80, 0x81, 0x80, 0x81, 0x80, 0xC1, 0x00, 0xE7, 0x80, 0xBE, 0x80, 0xC3, 0x46, 0x66, 0x64, 0x2C,
    0x38, 0x7E, 0x18, 0x7E, 0x18, 0x18, 0xC0, 0xC0, 0xC0, 0xC0, 0xC0, 0x00, 0x00, 0x00, 0xC0, 0xC0,
    0xC0, 0xC0, 0xC0, 0x38, 0x6C, 0xC4, 0x60, 0x78, 0xDC, 0xC6, 0x66, 0x3C, 0x0C, 0x06, 0xC6, 0x7C,
    0x88, 0x1F, 0x00, 0x39, 0xC0, 0x60, 0x60, 0xCE, 0x60, 0xD9, 0x30, 0xF0, 0x30, 0xF0, 0x30, 0xD9,
    0x20, 0x6F, 0x60, 0x30, 0xC0, 0x1F, 0x80, 0x70, 0x88, 0x38, 0xC8, 0x98, 0xF8, 0x36, 0x64, 0x48,
    0xD8, 0x48, 0x64, 0x36, 0xFE, 0x06, 0x06, 0x3E, 0x00, 0x63, 0x00, 0xDD, 0x80, 0x94, 0x80, 0x9C,
    0x80, 0xD5, 0x80, 0x63, 0x00, 0x3E, 0x00, 0xF0, 0x70, 0xD8, 0x88, 0xD8, 0x70, 0x18, 0x18, 0xFE,
    0x18, 0x18, 0x00, 0xFE, 0x70, 0x98, 0x18, 0x30, 0x60, 0xF8, 0x70, 0x98, 0x30, 0x18, 0x98, 0x70,
    0x60, 0xC0, 0xC6, 0xC6, 0xC6, 0xC6, 0xC6, 0xC6, 0xEE, 0xFB, 0xC0, 0xC0, 0xC0, 0x3E, 0x76, 0xF6,
    0xF6, 0xF6, 0x76, 0x36, 0x06, 0x06, 0x06, 0x06, 0x80, 0x80, 0x40, 0x60, 0xE0, 0x60, 0xE0, 0x20,
    0x20, 0x20, 0x20, 0x78, 0xCC, 0x84, 0x84, 0xCC, 0x78, 0xD8, 0x6C, 0x26, 0x36, 0x26, 0x6C, 0xD8,
    0xE1, 0x80, 0x61, 0x00, 0x62, 0x00, 0x66, 0x00, 0x64, 0x00, 0x6C, 0xC0, 0x19, 0xC0, 0x11, 0xC0,
    0x32, 0xC0, 0x63, 0xE0, 0x40, 0xC0, 0xE0, 0x80, 0xE1, 0x00, 0x63, 0x00, 0x62, 0x00, 0x64, 0x00,
    0x6C, 0xC0, 0x09, 0x20, 0x10, 0x20, 0x30, 0x40, 0x20, 0x80, 0x41, 0xE0, 0x60, 0x40, 0x90, 0xC0,
    0x10, 0x80, 0x71, 0x00, 0x3B, 0x00, 0xF2, 0x70, 0x04, 0x70, 0x0C, 0xB0, 0x18, 0xB0, 0x11, 0xF0,
    0x20, 0x30, 0x08, 0x08, 0x00, 0x08, 0x18, 0x30, 0x60, 0xC0, 0xC4, 0xEC, 0x78, 0x18, 0x00, 0x08,
    0x00, 0x00, 0x00, 0x0C, 0x00, 0x1E, 0x00, 0x1E, 0x00, 0x12, 0x00, 0x33, 0x00, 0x33, 0x00, 0x21,
    0x00, 0x7F, 0x80, 0x61, 0x80, 0xC0, 0xC0, 0xC0, 0xC0, 0x06, 0x00, 0x04, 0x00, 0x00, 0x00, 0x0C,
    0x00, 0x1E, 0x00, 0x1E, 0x00, 0x12, 0x00, 0x33, 0x00, 0x33, 0x00, 0x21, 0x00, 0x7F, 0x80, 0x61,
    0x80, 0xC0, 0xC0, 0xC0, 0xC0, 0x0C, 0x00, 0x12, 0x00, 0x00, 0x00, 0x0C, 0x00, 0x1E, 0x00, 0x1E,
    0x00, 0x12, 0x00, 0x33, 0x00, 0x33, 0x00, 0x21, 0x00, 0x7F, 0x80, 0x61, 0x80, 0xC0, 0xC0, 0xC0,
    0xC0, 0x1A, 0x00, 0x16, 0x00, 0x00, 0x00, 0x0C, 0x00, 0x1E, 0x00, 0x1E, 0x00, 0x12, 0x00, 0x33,
    0x00, 0x33, 0x00, 0x21, 0x00, 0x7F, 0x80, 0x61, 0x80, 0xC0, 0xC0, 0xC0, 0xC0, 0x12, 0x00, 0x00,
    0x00, 0x1C, 0x00, 0x1C, 0x00, 0x16, 0x00, 0x36, 0x00, 0x32, 0x00, 0x23, 0x00, 0x63, 0x00, 0x7F,
    0x80, 0x61, 0x80, 0xC0, 0xC0, 0xC0, 0xC0, 0x0C, 0x00, 0x12, 0x00, 0x12, 0x00, 0x0C, 0x00, 0x00,
    0x00, 0x0C, 0x00, 0x1E, 0x00, 0x1E, 0x00, 0x12, 0x00, 0x33, 0x00, 0x33, 0x00, 0x21, 0x00, 0x7F,
    0x80, 0x61, 0x80, 0xC0, 0xC0, 0xC0, 0xC0, 0x07, 0xFC, 0x0D, 0x80, 0x0D, 0x80, 0x09, 0x80, 0x19,
    0x80, 0x11, 0xF8, 0x31, 0x80, 0x3F, 0x80, 0x61, 0x80, 0x61, 0x80, 0xC1, 0xFC, 0x1E, 0x00, 0x73,
    0x00, 0x61, 0x80, 0xC0, 0x80, 0xC0, 0x00, 0xC0, 0x00, 0xC0, 0x00, 0xC0, 0x80, 0x61, 0x80, 0x73,
    0x00, 0x1E, 0x00, 0x08, 0x00, 0x04, 0x00, 0x0C, 0x00, 0x20, 0x30, 0x00, 0xFE, 0xC0, 0xC0, 0xC0,
    0xC0, 0xFC, 0xC0, 0xC0, 0xC0, 0xC0, 0xFE, 0x08, 0x10, 0x00, 0xFE, 0xC0, 0xC0, 0xC0, 0xC0, 0xFC,
    0xC0, 0xC0, 0xC0, 0xC0, 0xFE, 0x38, 0x6C, 0x00, 0xFE, 0xC0, 0xC0, 0xC0, 0xC0, 0xFC, 0xC0, 0xC0,
    0xC0, 0xC0, 0xFE, 0x44, 0x00, 0xFE, 0xC0, 0xC0, 0xC0, 0xC0, 0xFE, 0xC0, 0xC0, 0xC0, 0xC0, 0xFE,
    0xC0, 0x40, 0x00, 0x60, 0x60, 0x60, 0x60, 0x60, 0x60, 0x60, 0x60, 0x60, 0x60, 0x60, 0x40, 0xC0,
    0x00, 0xC0, 0xC0, 0xC0, 0xC0, 0xC0, 0xC0, 0xC0, 0xC0, 0xC0, 0xC0, 0xC0, 0x60, 0xB0, 0x00, 0x60,
    0x60, 0x60, 0x60, 0x60, 0x60, 0x60, 0x60, 0x60, 0x60, 0x60, 0xC8, 0x00, 0x30, 0x30, 0x30, 0x30,
    0x30, 0x30, 0x30, 0x30, 0x30, 0x30, 0x30, 0x7E, 0x00, 0x63, 0x00, 0x61, 0x80, 0x60, 0x80, 0x60,
    0xC0, 0xF8, 0xC0, 0x60, 0xC0, 0x60, 0x80, 0x61, 0x80, 0x63, 0x00, 0x7E, 0x00, 0x1A, 0x00, 0x3C,
    0x00, 0x00, 0x00, 0xC1, 0x80, 0xE1, 0x80, 0xF1, 0x80, 0xF1, 0x80, 0xD9, 0x80, 0xDD, 0x80, 0xCD,
    0x80, 0xC7, 0x80, 0xC7, 0x80, 0xC3, 0x80, 0xC1, 0x80, 0x18, 0x00, 0x08, 0x00, 0x00, 0x00, 0x1E,
    0x00, 0x73, 0x80, 0x61, 0x80, 0xC0, 0xC0, 0xC0, 0xC0, 0xC0, 0xC0, 0xC0, 0xC0, 0xC0, 0xC0, 0x61,
    0x80, 0x73, 0x80, 0x1E, 0x00, 0x06, 0x00, 0x04, 0x00, 0x00, 0x00, 0x1E, 0x00, 0x73, 0x80, 0x61,
    0x80, 0xC0, 0xC0, 0xC0, 0xC0, 0xC0, 0xC0, 0xC0, 0xC0, 0xC0, 0xC0, 0x61, 0x80, 0x73, 0x80, 0x1E,
    0x00, 0x0C, 0x00, 0x12, 0x00, 0x00, 0x00, 0x1E, 0x00, 0x73, 0x80, 0x61, 0x80, 0xC0, 0xC0, 0xC0,
    0xC0, 0xC0, 0xC0, 0xC0, 0xC0, 0xC0, 0xC0, 0x61, 0x80, 0x73, 0x80, 0x1E, 0x00, 0x1A, 0x00, 0x16,
    0x00, 0x00, 0x00, 0x1E, 0x00, 0x73, 0x80, 0x61, 0x80, 0xC0, 0xC0, 0xC0, 0xC0, 0xC0, 0xC0, 0xC0,
    0xC0, 0xC0, 0xC0, 0x61, 0x80, 0x73, 0x80, 0x1E, 0x00, 0x12, 0x00, 0x00, 0x00, 0x1E, 0x00, 0x73,
    0x80, 0x61, 0x80, 0xC0, 0xC0, 0xC0, 0xC0, 0xC0, 0xC0, 0xC0, 0xC0, 0xC0, 0xC0, 0x61, 0x80, 0x73,
    0x80, 0x1E, 0x00, 0xCC, 0x78, 0x30, 0x78, 0xCC, 0x84, 0x1E, 0x80, 0x73, 0x80, 0x63, 0x80, 0xC2,
    0xC0, 0xC4, 0xC0, 0xCC, 0xC0, 0xC8, 0xC0, 0xD0, 0xC0, 0x71, 0x80, 0x73, 0x80, 0x7E, 0x00, 0x10,
    0x00, 0x18, 0x00, 0x00, 0x00, 0xC1, 0x80, 0xC1, 0x80, 0xC1, 0x80, 0xC1, 0x80, 0xC1, 0x80, 0xC1,
    0x80, 0xC1, 0x80, 0xC1, 0x80, 0xC1, 0x00, 0x67, 0x00, 0x3E, 0x00, 0x0C, 0x00, 0x08, 0x00, 0x00,
    0x00, 0xC1, 0x80, 0xC1, 0x80, 0xC1, 0x80, 0xC1, 0x80, 0xC1, 0x80, 0xC1, 0x80, 0xC1, 0x80, 0xC1,
    0x80, 0xC1, 0x00, 0x67, 0x00, 0x3E, 0x00, 0x18, 0x00, 0x34, 0x00, 0x00, 0x00, 0xC1, 0x80, 0xC1,
    0x80, 0xC1, 0x80, 0xC1, 0x80, 0xC1, 0x80, 0xC1, 0x80, 0xC1, 0x80, 0xC1, 0x80, 0xC1, 0x00, 0x77,
    0x00, 0x3E, 0x00, 0x24, 0x00, 0x00, 0x00, 0xC1, 0x80, 0xC1, 0x80, 0xC1, 0x80, 0xC1, 0x80, 0xC1,
    0x80, 0xC1, 0x80, 0xC1, 0x80, 0xC1, 0x80, 0xC1, 0x00, 0x67, 0x00, 0x3E, 0x00, 0x04, 0x00, 0x0C,
    0x00, 0x00, 0x00, 0xC1, 0x80, 0x61, 0x80, 0x23, 0x00, 0x33, 0x00, 0x16, 0x00, 0x1C, 0x00, 0x0C,
    0x00, 0x0C, 0x00, 0x0C, 0x00, 0x0C, 0x00, 0x0C, 0x00, 0xC0, 0xC0, 0xC0, 0xFC, 0xC6, 0xC3, 0xC6,
    0xFE, 0xC0, 0xC0, 0xC0, 0x78, 0xEC, 0xC6, 0xC6, 0xCC, 0xDC, 0xC6, 0xC3, 0xC3, 0xC6, 0xDC, 0x30,
    0x10, 0x00, 0x3C, 0x6E, 0x06, 0x1E, 0xE6, 0xC6, 0xCE, 0x7E, 0x08, 0x18, 0x00, 0x3C, 0x6E, 0x06,
    0x1E, 0xE6, 0xC6, 0xCE, 0x7E, 0x38, 0x6C, 0x00, 0x3C, 0x6E, 0x06, 0x1E, 0xE6, 0xC6, 0xCE, 0x7E,
    0x34, 0x7C, 0x00, 0x3C, 0x6E, 0x06, 0x1E, 0xE6, 0xC6, 0xCE, 0x7E, 0x44, 0x00, 0x00, 0x3C, 0x6E,
    0x06, 0x3E, 0xE6, 0xC6, 0xCE, 0x76, 0x38, 0x38, 0x10, 0x00, 0x3C, 0x66, 0x02, 0x1E, 0x66, 0xC6,
    0xCE, 0x76, 0x7B, 0xE0, 0x6F, 0x30, 0x06, 0x10, 0x7F, 0xF0, 0xEC, 0x00, 0xCE, 0x00, 0xCF, 0x30,
    0x71, 0xE0, 0x3C, 0x66, 0xC0, 0xC0, 0xC0, 0xC2, 0x66, 0x3C, 0x18, 0x08, 0x18, 0x30, 0x10, 0x00,
    0x3C, 0x66, 0xC2, 0xFF, 0xC0, 0xC0, 0x66, 0x3C, 0x08, 0x18, 0x00, 0x3C, 0x66, 0xC2, 0xFF, 0xC0,
    0xC0, 0x66, 0x3C, 0x18, 0x2C, 0x00, 0x3C, 0x66, 0xC2, 0xFF, 0xC0, 0xC0, 0x66, 0x3C, 0x24, 0x00,
    0x00, 0x3C, 0x66, 0xC2, 0xFF, 0xC0, 0xC0, 0x66, 0x3C, 0xC0, 0x40, 0x00, 0x60, 0x60, 0x60, 0x60,
    0x60, 0x60, 0x60, 0x60, 0x40, 0xC0, 0x00, 0xC0, 0xC0, 0xC0, 0xC0, 0xC0, 0xC0, 0xC0, 0xC0, 0x60,
    0xB0, 0x00, 0x60, 0x60, 0x60, 0x60, 0x60, 0x60, 0x60, 0x60, 0xC8, 0x00, 0x00, 0x30, 0x30, 0x30,
    0x30, 0x30, 0x30, 0x30, 0x30, 0x20, 0x3C, 0x38, 0x04, 0x3E, 0x66, 0xC3, 0xC3, 0xC3, 0xC2, 0x66,
    0x3C, 0x34, 0x78, 0x00, 0xDC, 0xEE, 0xC6, 0xC6, 0xC6, 0xC6, 0xC6, 0xC6, 0x30, 0x10, 0x00, 0x3C,
    0x66, 0xC2, 0xC3, 0xC3, 0xC2, 0x66, 0x3C, 0x08, 0x18, 0x00, 0x3C, 0x66, 0xC2, 0xC3, 0xC3, 0xC2,
    0x66, 0x3C, 0x18, 0x2C, 0x00, 0x3C, 0x66, 0xC2, 0xC3, 0xC3, 0xC2, 0x66, 0x3C, 0x34, 0x2C, 0x00,
    0x3C, 0x66, 0xC2, 0xC3, 0xC3, 0xC2, 0x66, 0x3C, 0x24, 0x00, 0x00, 0x3C, 0x66, 0xC2, 0xC3, 0xC3,
    0xC2, 0x66, 0x3C, 0x08, 0x08, 0x00, 0xFE, 0x00, 0x08, 0x08, 0x3E, 0x66, 0xC6, 0xCB, 0xD3, 0xE2,
    0x66, 0xFC, 0x20, 0x10, 0x00, 0xC6, 0xC6, 0xC6, 0xC6, 0xC6, 0xC6, 0xEE, 0x76, 0x08, 0x10, 0x00,
    0xC6, 0xC6, 0xC6, 0xC6, 0xC6, 0xC6, 0xEE, 0x76, 0x38, 0x6C, 0x00, 0xC6, 0xC6, 0xC6, 0xC6, 0xC6,
    0xC6, 0xEE, 0x76, 0x44, 0x00, 0x00, 0xC6, 0xC6, 0xC6, 0xC6, 0xC6, 0xC6, 0xEE, 0x76, 0x18, 0x10,
    0x00, 0x86, 0xC6, 0xC4, 0x4C, 0x6C, 0x68, 0x38, 0x30, 0x30, 0x20, 0xE0, 0xC0, 0xC0, 0xC0, 0xDC,
    0xE6, 0xC2, 0xC3, 0xC3, 0xC2, 0xE6, 0xFC, 0xC0, 0xC0, 0xC0, 0x44, 0x00, 0x00, 0x82, 0xC6, 0xC4,
    0x6C, 0x6C, 0x38, 0x38, 0x38, 0x30, 0x30, 0xE0, 0x1F, 0xF8, 0x73, 0x00, 0x63, 0x00, 0xC3, 0x00,
    0xC3, 0x00, 0xC3, 0xF8, 0xC3, 0x00, 0xC3, 0x00, 0x63, 0x00, 0x73, 0x00, 0x1F, 0xF8, 0x3C, 0xF0,
    0x67, 0x98, 0xC3, 0x08, 0xC3, 0xFC, 0xC3, 0x00, 0xC3, 0x00, 0x67, 0x98, 0x3C, 0xF0, 0x2C, 0x18,
    0x00, 0x3C, 0x66, 0xC3, 0xC0, 0x70, 0x3C, 0x07, 0x03, 0xC3, 0xEE, 0x7C, 0x68, 0x38, 0x00, 0x78,
    0xCC, 0xC0, 0x70, 0x1C, 0x06, 0xCC, 0x78, 0x32, 0x00, 0x00, 0x00, 0xC1, 0x80, 0x61, 0x80, 0x63,
    0x00, 0x36, 0x00, 0x16, 0x00, 0x1C, 0x00, 0x0C, 0x00, 0x0C, 0x00, 0x0C, 0x00, 0x0C, 0x00, 0x0C,
    0x00, 0x24, 0x18, 0x00, 0xFF, 0x03, 0x06, 0x0C, 0x0C, 0x18, 0x30, 0x30, 0x60, 0xC0, 0xFF, 0x48,
    0x30, 0x00, 0xFC, 0x0C, 0x18, 0x10, 0x30, 0x60, 0xE0, 0xFC, 0x30, 0x20, 0x60, 0xF0, 0x60, 0x60,
    0x60, 0x60, 0x60, 0x60, 0x60, 0x60, 0x60, 0xC0, 0x60, 0xD0, 0xF0, 0xB0, 0xFF, 0xFF, 0xFE, 0x40,
    0x40, 0x40, 0xC0, 0x40, 0x40, 0xC0, 0xC0, 0xC0, 0xC0, 0xC0, 0x80, 0x48, 0x48, 0x48, 0xD8, 0x48,
    0x58, 0xD8, 0xD0, 0xD8, 0xD8, 0xD0, 0x90, 0x30, 0x30, 0xFC, 0x30, 0x30, 0x30, 0x20, 0x20, 0x30,
    0x30, 0x30, 0xFC, 0x30, 0x30, 0xFC, 0x30, 0x30, 0x30, 0x20, 0x70, 0xF8, 0xF8, 0xF8, 0x70, 0x84,
    0x20, 0x84, 0x20, 0x70, 0x40, 0x00, 0xD0, 0x80, 0x00, 0xD9, 0x00, 0x00, 0xD9, 0x00, 0x00, 0x72,
    0x00, 0x00, 0x04, 0x00, 0x00, 0x04, 0xE7, 0x80, 0x09, 0xB4, 0x80, 0x11, 0xBC, 0xC0, 0x11, 0xB7,
    0x80, 0x20, 0xE7, 0x80, 0x30, 0x60, 0x40, 0xC0, 0x40, 0x60, 0x30, 0xC0, 0x60, 0x20, 0x30, 0x20,
    0x60, 0xC0, 0x0F, 0x3B, 0x20, 0x60, 0xFE, 0x60, 0xFC, 0x60, 0x20, 0x39, 0x0F, 0xE9, 0x4B, 0x4F,
    0x49,
];
pub static INTER_STANDARD_BODY: BitmapFont = BitmapFont {
    glyphs: &INTER_STANDARD_BODY_GLYPHS,
    bitmap: &INTER_STANDARD_BODY_BITMAP,
    extra: &INTER_STANDARD_BODY_EXTRA,
    line_height: 20,
};

// INTER_STANDARD_HEADING: Inter SemiBold 20 px, line-height 26
const INTER_STANDARD_HEADING_GLYPHS: [Glyph; 95] = [
    g(0, 0, 0, 6, 0, 0),
    g(0, 3, 14, 7, 2, -14),
    g(14, 7, 6, 11, 2, -14),
    g(20, 13, 14, 13, 0, -14),
    g(48, 11, 18, 14, 1, -16),
    g(84, 16, 14, 21, 2, -14),
    g(112, 12, 14, 14, 1, -14),
    g(140, 3, 6, 7, 2, -14),
    g(146, 5, 18, 8, 2, -15),
    g(164, 5, 18, 8, 1, -15),
    g(182, 8, 8, 11, 2, -14),
    g(190, 10, 10, 14, 2, -11),
    g(210, 4, 6, 7, 1, -2),
    g(216, 7, 2, 10, 1, -7),
    g(218, 3, 3, 7, 2, -3),
    g(221, 7, 18, 8, 0, -16),
    g(239, 11, 14, 14, 1, -14),
    g(267, 7, 14, 9, 0, -14),
    g(281, 10, 14, 13, 1, -14),
    g(309, 11, 14, 13, 1, -14),
    g(337, 12, 14, 14, 1, -14),
    g(365, 10, 14, 13, 1, -14),
    g(393, 11, 14, 13, 1, -14),
    g(421, 10, 14, 12, 1, -14),
    g(449, 11, 14, 13, 1, -14),
    g(477, 11, 14, 13, 1, -14),
    g(505, 3, 10, 7, 2, -10),
    g(515, 4, 14, 7, 1, -10),
    g(529, 10, 10, 14, 2, -11),
    g(549, 9, 7, 14, 2, -9),
    g(563, 10, 11, 14, 2, -11),
    g(585, 9, 14, 11, 1, -14),
    g(613, 18, 18, 20, 1, -14),
    g(667, 14, 14, 15, 0, -14),
    g(695, 11, 14, 14, 1, -14),
    g(723, 12, 14, 15, 1, -14),
    g(751, 12, 14, 15, 1, -14),
    g(779, 10, 14, 13, 1, -14),
    g(807, 10, 14, 12, 1, -14),
    g(835, 13, 14, 15, 1, -14),
    g(863, 12, 14, 15, 1, -14),
    g(891, 3, 14, 6, 1, -14),
    g(905, 10, 14, 12, 1, -14),
    g(933, 12, 14, 15, 1, -14),
    g(961, 9, 14, 12, 1, -14),
    g(989, 16, 14, 19, 1, -14),
    g(1017, 12, 14, 16, 1, -14),
    g(1045, 14, 14, 16, 1, -14),
    g(1073, 11, 14, 13, 1, -14),
    g(1101, 14, 15, 16, 1, -14),
    g(1131, 11, 14, 14, 1, -14),
    g(1159, 11, 14, 14, 1, -14),
    g(1187, 12, 14, 14, 1, -14),
    g(1215, 12, 14, 15, 1, -14),
    g(1243, 13, 14, 15, 1, -14),
    g(1271, 19, 14, 21, 1, -14),
    g(1313, 13, 14, 15, 0, -14),
    g(1341, 13, 14, 15, 1, -14),
    g(1369, 11, 14, 14, 1, -14),
    g(1397, 5, 18, 8, 2, -15),
    g(1415, 6, 18, 8, 1, -16),
    g(1433, 5, 18, 8, 1, -15),
    g(1451, 8, 6, 10, 1, -14),
    g(1457, 9, 2, 10, 0, 0),
    g(1461, 3, 3, 8, 2, -15),
    g(1464, 10, 11, 12, 1, -11),
    g(1486, 10, 14, 13, 1, -14),
    g(1514, 10, 11, 12, 1, -11),
    g(1536, 10, 14, 13, 1, -14),
    g(1564, 10, 11, 12, 1, -11),
    g(1586, 7, 14, 8, 1, -14),
    g(1600, 11, 15, 13, 1, -11),
    g(1630, 10, 14, 13, 1, -14),
    g(1658, 3, 15, 6, 1, -15),
    g(1673, 5, 19, 6, -1, -15),
    g(1692, 10, 14, 12, 1, -14),
    g(1720, 3, 14, 6, 1, -14),
    g(1734, 15, 11, 19, 1, -11),
    g(1756, 10, 11, 13, 1, -11),
    g(1778, 11, 11, 13, 1, -11),
    g(1800, 10, 15, 13, 1, -11),
    g(1830, 11, 15, 13, 1, -11),
    g(1860, 6, 11, 8, 1, -11),
    g(1871, 9, 11, 11, 1, -11),
    g(1893, 7, 14, 8, 0, -14),
    g(1907, 10, 11, 13, 1, -11),
    g(1929, 10, 11, 12, 1, -11),
    g(1951, 15, 11, 17, 1, -11),
    g(1973, 10, 11, 12, 1, -11),
    g(1995, 10, 15, 12, 1, -11),
    g(2025, 9, 11, 12, 1, -11),
    g(2047, 7, 18, 10, 1, -14),
    g(2065, 3, 24, 8, 2, -19),
    g(2089, 7, 18, 10, 1, -14),
    g(2107, 10, 4, 14, 2, -8),
];
const INTER_STANDARD_HEADING_EXTRA: [(char, Glyph); 123] = [
    ('\u{a0}', g(0, 0, 0, 6, 0, 0)),
    ('\u{a1}', g(2115, 3, 15, 7, 2, -11)),
    ('\u{a2}', g(2130, 10, 14, 12, 1, -14)),
    ('\u{a3}', g(2158, 12, 14, 13, 0, -14)),
    ('\u{a4}', g(2186, 12, 12, 15, 2, -12)),
    ('\u{a5}', g(2210, 10, 14, 12, 0, -14)),
    ('\u{a6}', g(2238, 3, 17, 7, 2, -14)),
    ('\u{a7}', g(2255, 10, 18, 12, 1, -14)),
    ('\u{a8}', g(2291, 7, 2, 13, 3, -14)),
    ('\u{a9}', g(2293, 15, 15, 19, 2, -15)),
    ('\u{aa}', g(2323, 8, 8, 10, 1, -15)),
    ('\u{ab}', g(2331, 11, 9, 13, 1, -11)),
    ('\u{ac}', g(2349, 10, 5, 14, 2, -7)),
    ('\u{ad}', g(0, 0, 0, 0, 0, 0)),
    ('\u{ae}', g(2359, 11, 12, 14, 1, -15)),
    ('\u{af}', g(2383, 6, 2, 10, 2, -15)),
    ('\u{b0}', g(2385, 7, 7, 10, 1, -15)),
    ('\u{b1}', g(2392, 10, 10, 14, 2, -11)),
    ('\u{b2}', g(2412, 7, 8, 10, 1, -17)),
    ('\u{b3}', g(2420, 7, 8, 10, 1, -17)),
    ('\u{b4}', g(2428, 3, 3, 8, 2, -15)),
    ('\u{b5}', g(2431, 11, 15, 13, 1, -11)),
    ('\u{b6}', g(2461, 10, 14, 12, 1, -14)),
    ('\u{b7}', g(2489, 3, 3, 7, 2, -8)),
    ('\u{b8}', g(2492, 4, 4, 7, 2, 0)),
    ('\u{b9}', g(2496, 4, 8, 7, 1, -17)),
    ('\u{ba}', g(2504, 8, 8, 10, 1, -15)),
    ('\u{bb}', g(2512, 11, 9, 13, 1, -11)),
    ('\u{bc}', g(2530, 15, 14, 17, 1, -14)),
    ('\u{bd}', g(2558, 16, 14, 18, 1, -14)),
    ('\u{be}', g(2586, 17, 15, 19, 1, -15)),
    ('\u{bf}', g(2631, 9, 15, 11, 1, -11)),
    ('\u{c0}', g(2661, 14, 19, 15, 0, -19)),
    ('\u{c1}', g(2699, 14, 19, 15, 0, -19)),
    ('\u{c2}', g(2737, 14, 19, 15, 0, -19)),
    ('\u{c3}', g(2775, 14, 19, 15, 0, -19)),
    ('\u{c4}', g(2813, 14, 18, 15, 0, -18)),
    ('\u{c5}', g(2849, 14, 20, 15, 0, -20)),
    ('\u{c6}', g(2889, 19, 14, 21, 1, -14)),
    ('\u{c7}', g(2931, 12, 18, 15, 1, -14)),
    ('\u{c8}', g(2967, 10, 19, 13, 1, -19)),
    ('\u{c9}', g(3005, 10, 19, 13, 1, -19)),
    ('\u{ca}', g(3043, 10, 19, 13, 1, -19)),
    ('\u{cb}', g(3081, 10, 18, 13, 1, -18)),
    ('\u{cc}', g(3117, 4, 19, 6, 0, -19)),
    ('\u{cd}', g(3136, 4, 19, 6, 1, -19)),
    ('\u{ce}', g(3155, 7, 19, 6, -1, -19)),
    ('\u{cf}', g(3174, 7, 18, 6, -1, -18)),
    ('\u{d0}', g(3192, 14, 14, 16, 1, -14)),
    ('\u{d1}', g(3220, 12, 19, 16, 1, -19)),
    ('\u{d2}', g(3258, 14, 19, 16, 1, -19)),
    ('\u{d3}', g(3296, 14, 19, 16, 1, -19)),
    ('\u{d4}', g(3334, 14, 19, 16, 1, -19)),
    ('\u{d5}', g(3372, 14, 19, 16, 1, -19)),
    ('\u{d6}', g(3410, 14, 19, 16, 1, -19)),
    ('\u{d7}', g(3448, 9, 9, 14, 2, -10)),
    ('\u{d8}', g(3466, 14, 14, 16, 1, -14)),
    ('\u{d9}', g(3494, 12, 19, 15, 1, -19)),
    ('\u{da}', g(3532, 12, 19, 15, 1, -19)),
    ('\u{db}', g(3570, 12, 19, 15, 1, -19)),
    ('\u{dc}', g(3608, 12, 19, 15, 1, -19)),
    ('\u{dd}', g(3646, 13, 19, 15, 1, -19)),
    ('\u{de}', g(3684, 10, 14, 14, 1, -14)),
    ('\u{df}', g(3712, 11, 14, 13, 1, -14)),
    ('\u{e0}', g(3740, 10, 15, 12, 1, -15)),
    ('\u{e1}', g(3770, 10, 15, 12, 1, -15)),
    ('\u{e2}', g(3800, 10, 16, 12, 1, -16)),
    ('\u{e3}', g(3832, 10, 16, 12, 1, -16)),
    ('\u{e4}', g(3864, 10, 14, 12, 1, -14)),
    ('\u{e5}', g(3892, 10, 17, 12, 1, -17)),
    ('\u{e6}', g(3926, 16, 11, 19, 1, -11)),
    ('\u{e7}', g(3948, 9, 15, 12, 1, -11)),
    ('\u{e8}', g(3978, 10, 15, 12, 1, -15)),
    ('\u{e9}', g(4008, 10, 15, 12, 1, -15)),
    ('\u{ea}', g(4038, 10, 15, 12, 1, -15)),
    ('\u{eb}', g(4068, 10, 14, 12, 1, -14)),
    ('\u{ec}', g(4096, 4, 15, 6, 0, -15)),
    ('\u{ed}', g(4111, 4, 15, 6, 1, -15)),
    ('\u{ee}', g(4126, 5, 15, 6, 0, -15)),
    ('\u{ef}', g(4141, 7, 14, 6, -1, -14)),
    ('\u{f0}', g(4155, 10, 15, 12, 1, -15)),
    ('\u{f1}', g(4185, 10, 16, 13, 1, -16)),
    ('\u{f2}', g(4217, 11, 15, 13, 1, -15)),
    ('\u{f3}', g(4247, 11, 15, 13, 1, -15)),
    ('\u{f4}', g(4277, 11, 16, 13, 1, -16)),
    ('\u{f5}', g(4309, 11, 16, 13, 1, -16)),
    ('\u{f6}', g(4341, 11, 14, 13, 1, -14)),
    ('\u{f7}', g(4369, 10, 11, 14, 2, -11)),
    ('\u{f8}', g(4391, 11, 11, 13, 1, -11)),
    ('\u{f9}', g(4413, 10, 15, 13, 1, -15)),
    ('\u{fa}', g(4443, 10, 15, 13, 1, -15)),
    ('\u{fb}', g(4473, 10, 16, 13, 1, -16)),
    ('\u{fc}', g(4505, 10, 14, 13, 1, -14)),
    ('\u{fd}', g(4533, 10, 19, 12, 1, -15)),
    ('\u{fe}', g(4571, 10, 18, 13, 1, -14)),
    ('\u{ff}', g(4607, 11, 18, 12, 0, -14)),
    ('\u{152}', g(4643, 18, 14, 21, 1, -14)),
    ('\u{153}', g(4685, 18, 11, 20, 1, -11)),
    ('\u{160}', g(4718, 11, 19, 14, 1, -19)),
    ('\u{161}', g(4756, 9, 16, 11, 1, -16)),
    ('\u{178}', g(4788, 13, 18, 15, 1, -18)),
    ('\u{17d}', g(4824, 11, 19, 14, 1, -19)),
    ('\u{17e}', g(4862, 9, 15, 12, 1, -15)),
    ('\u{192}', g(4892, 8, 18, 9, 0, -14)),
    ('\u{2c6}', g(4910, 7, 3, 9, 1, -15)),
    ('\u{2dc}', g(4913, 6, 3, 11, 2, -16)),
    ('\u{2013}', g(4916, 10, 2, 10, 0, -7)),
    ('\u{2014}', g(4920, 20, 2, 20, 0, -7)),
    ('\u{2018}', g(4926, 3, 6, 6, 2, -14)),
    ('\u{2019}', g(4932, 3, 6, 6, 2, -15)),
    ('\u{201a}', g(4938, 4, 6, 6, 1, -2)),
    ('\u{201c}', g(4944, 7, 6, 11, 2, -14)),
    ('\u{201d}', g(4950, 7, 6, 11, 2, -15)),
    ('\u{201e}', g(4956, 8, 6, 10, 1, -2)),
    ('\u{2020}', g(4962, 9, 11, 12, 1, -14)),
    ('\u{2021}', g(4984, 9, 14, 12, 1, -14)),
    ('\u{2022}', g(5012, 6, 6, 11, 2, -9)),
    ('\u{2026}', g(5018, 15, 3, 20, 2, -3)),
    ('\u{2030}', g(5024, 24, 14, 28, 2, -14)),
    ('\u{2039}', g(5066, 6, 9, 9, 1, -11)),
    ('\u{203a}', g(5075, 6, 9, 9, 1, -11)),
    ('\u{20ac}', g(5084, 12, 14, 14, 0, -14)),
    ('\u{2122}', g(5112, 10, 5, 13, 1, -14)),
];
const INTER_STANDARD_HEADING_BITMAP: [u8; 5122] = [
    0xE0, 0xE0, 0xE0, 0xE0, 0xE0, 0xE0, 0xE0, 0xE0, 0xE0, 0xE0, 0x00, 0xE0, 0xE0, 0xE0, 0xEE, 0xEE,
    0xEE, 0xEE, 0xEE, 0xEE, 0x0C, 0x60, 0x0C, 0x60, 0x0C, 0x60, 0x7F, 0xF8, 0x7F, 0xF0, 0x18, 0xC0,
    0x18, 0xC0, 0x18, 0xC0, 0x7F, 0xF0, 0xFF, 0xF0, 0x31, 0x80, 0x31, 0x80, 0x31, 0x80, 0x31, 0x80,
    0x04, 0x00, 0x04, 0x00, 0x1F, 0x00, 0x7F, 0xC0, 0xE5, 0xC0, 0xE4, 0xC0, 0xE4, 0x00, 0xFC, 0x00,
    0x7F, 0x00, 0x1F, 0x80, 0x05, 0xC0, 0x04, 0xE0, 0xC4, 0xC0, 0xE5, 0xC0, 0x7F, 0x80, 0x3F, 0x00,
    0x04, 0x00, 0x04, 0x00, 0x78, 0x08, 0xFC, 0x18, 0xCC, 0x30, 0xCC, 0x20, 0xFC, 0x60, 0x78, 0xC0,
    0x01, 0x80, 0x01, 0x1E, 0x03, 0x3F, 0x06, 0x33, 0x04, 0x33, 0x0C, 0x33, 0x18, 0x3F, 0x30, 0x1E,
    0x1E, 0x00, 0x3F, 0x00, 0x73, 0x80, 0x73, 0x80, 0x73, 0x80, 0x3F, 0x00, 0x3C, 0x00, 0x7C, 0x70,
    0x7E, 0x60, 0xE7, 0xE0, 0xE3, 0xE0, 0xE3, 0xC0, 0x7F, 0xE0, 0x3E, 0x70, 0xE0, 0xE0, 0xE0, 0xE0,
    0xE0, 0xE0, 0x38, 0x30, 0x70, 0x70, 0x60, 0xE0, 0xE0, 0xE0, 0xE0, 0xE0, 0xE0, 0xE0, 0xE0, 0x60,
    0x60, 0x70, 0x30, 0x38, 0xC0, 0xE0, 0x60, 0x70, 0x70, 0x30, 0x30, 0x30, 0x38, 0x38, 0x30, 0x30,
    0x30, 0x70, 0x70, 0x60, 0xE0, 0xC0, 0x18, 0x18, 0xFF, 0x7E, 0x7C, 0xFF, 0x18, 0x18, 0x0E, 0x00,
    0x0E, 0x00, 0x0E, 0x00, 0x0E, 0x00, 0xFF, 0xC0, 0xFF, 0xC0, 0x0E, 0x00, 0x0E, 0x00, 0x0E, 0x00,
    0x0E, 0x00, 0x70, 0x60, 0x60, 0x60, 0xC0, 0xC0, 0xFE, 0xFE, 0xC0, 0xE0, 0xC0, 0x02, 0x06, 0x0E,
    0x0C, 0x0C, 0x0C, 0x1C, 0x18, 0x18, 0x18, 0x38, 0x30, 0x30, 0x30, 0x60, 0x60, 0x60, 0xE0, 0x1F,
    0x00, 0x3F, 0x80, 0x71, 0xC0, 0x60, 0xC0, 0xE0, 0xE0, 0xE0, 0xE0, 0xE0, 0xE0, 0xE0, 0xE0, 0xE0,
    0xE0, 0xE0, 0xE0, 0x60, 0xC0, 0x71, 0xC0, 0x3F, 0x80, 0x1F, 0x00, 0x1E, 0x3E, 0x7E, 0xCE, 0x0E,
    0x0E, 0x0E, 0x0E, 0x0E, 0x0E, 0x0E, 0x0E, 0x0E, 0x0E, 0x3E, 0x00, 0x7F, 0x80, 0xE3, 0x80, 0xE1,
    0xC0, 0x01, 0xC0, 0x01, 0x80, 0x03, 0x80, 0x07, 0x00, 0x0E, 0x00, 0x1C, 0x00, 0x38, 0x00, 0x70,
    0x00, 0xFF, 0xC0, 0xFF, 0xC0, 0x3F, 0x00, 0x7F, 0x80, 0xE1, 0xC0, 0x01, 0xC0, 0x01, 0xC0, 0x0F,
    0x00, 0x0F, 0x80, 0x01, 0xC0, 0x00, 0xC0, 0x00, 0xE0, 0xE0, 0xC0, 0xF1, 0xC0, 0x7F, 0x80, 0x1F,
    0x00, 0x03, 0xC0, 0x07, 0xC0, 0x07, 0xC0, 0x0F, 0xC0, 0x1D, 0xC0, 0x39, 0xC0, 0x31, 0xC0, 0x71,
    0xC0, 0xE1, 0xC0, 0xFF, 0xF0, 0xFF, 0xF0, 0x01, 0xC0, 0x01, 0xC0, 0x01, 0xC0, 0x7F, 0x80, 0x7F,
    0x80, 0x60, 0x00, 0x60, 0x00, 0x6F, 0x00, 0xFF, 0x80, 0x63, 0x80, 0x01, 0xC0, 0x01, 0xC0, 0x01,
    0xC0, 0xE1, 0xC0, 0xF3, 0x80, 0x7F, 0x80, 0x1E, 0x00, 0x1F, 0x00, 0x3F, 0xC0, 0x70, 0xE0, 0x60,
    0x00, 0xEF, 0x00, 0xFF, 0xC0, 0xF1, 0xC0, 0xE0, 0xE0, 0xE0, 0xE0, 0xE0, 0xE0, 0xE0, 0xE0, 0x71,
    0xC0, 0x3F, 0xC0, 0x1F, 0x00, 0xFF, 0xC0, 0xFF, 0xC0, 0x01, 0xC0, 0x01, 0x80, 0x03, 0x80, 0x07,
    0x00, 0x07, 0x00, 0x0E, 0x00, 0x0E, 0x00, 0x1C, 0x00, 0x1C, 0x00, 0x38, 0x00, 0x38, 0x00, 0x70,
    0x00, 0x1F, 0x00, 0x7F, 0x80, 0x71, 0xC0, 0xE1, 0xC0, 0x71, 0xC0, 0x3F, 0x00, 0x3F, 0x80, 0x71,
    0xC0, 0xE0, 0xC0, 0xE0, 0xE0, 0xE0, 0xC0, 0xF1, 0xC0, 0x7F, 0x80, 0x1F, 0x00, 0x1F, 0x00, 0x7F,
    0x80, 0x71, 0xC0, 0xE0, 0xE0, 0xE0, 0xE0, 0xE0, 0xE0, 0xF1, 0xE0, 0x7F, 0xE0, 0x3E, 0xE0, 0x00,
    0xE0, 0xE0, 0xC0, 0x71, 0xC0, 0x7F, 0x80, 0x1F, 0x00, 0xC0, 0xE0, 0xC0, 0x00, 0x00, 0x00, 0x00,
    0xC0, 0xE0, 0xC0, 0x60, 0x70, 0x60, 0x00, 0x00, 0x00, 0x00, 0x00, 0x60, 0x60, 0x60, 0x60, 0x40,
    0xC0, 0x00, 0x80, 0x03, 0xC0, 0x0F, 0x80, 0x3E, 0x00, 0xF0, 0x00, 0xE0, 0x00, 0xF8, 0x00, 0x1F,
    0x00, 0x07, 0x80, 0x01, 0xC0, 0xFF, 0x80, 0xFF, 0x80, 0x00, 0x00, 0x00, 0x00, 0x00, 0x00, 0xFF,
    0x80, 0xFF, 0x80, 0xC0, 0x00, 0xF0, 0x00, 0xFC, 0x00, 0x1F, 0x00, 0x07, 0x80, 0x03, 0xC0, 0x0F,
    0x80, 0x3E, 0x00, 0xF8, 0x00, 0xE0, 0x00, 0x80, 0x00, 0x3E, 0x00, 0x7F, 0x00, 0xE3, 0x80, 0xE3,
    0x80, 0x03, 0x80, 0x07, 0x00, 0x0F, 0x00, 0x1C, 0x00, 0x1C, 0x00, 0x18, 0x00, 0x00, 0x00, 0x18,
    0x00, 0x1C, 0x00, 0x18, 0x00, 0x03, 0xF0, 0x00, 0x0F, 0xFE, 0x00, 0x3E, 0x0F, 0x00, 0x38, 0x03,
    0x80, 0x73, 0xDB, 0x80, 0x67, 0xF9, 0xC0, 0xE6, 0x39, 0xC0, 0xEC, 0x19, 0xC0, 0xEC, 0x19, 0xC0,
    0xEC, 0x19, 0xC0, 0xEC, 0x19, 0xC0, 0xE6, 0x39, 0x80, 0x67, 0xFF, 0x80, 0x73, 0xCF, 0x00, 0x78,
    0x00, 0x00, 0x3E, 0x00, 0x00, 0x1F, 0xFC, 0x00, 0x03, 0xF0, 0x00, 0x07, 0x80, 0x07, 0x80, 0x0F,
    0xC0, 0x0D, 0xC0, 0x0C, 0xC0, 0x1C, 0xE0, 0x1C, 0xE0, 0x38, 0x70, 0x3F, 0xF0, 0x3F, 0xF0, 0x70,
    0x38, 0x70, 0x38, 0x60, 0x18, 0xE0, 0x1C, 0xFF, 0x00, 0xFF, 0x80, 0xE1, 0xC0, 0xE1, 0xC0, 0xE1,
    0xC0, 0xE3, 0x80, 0xFF, 0x00, 0xFF, 0xC0, 0xE1, 0xC0, 0xE0, 0xE0, 0xE0, 0xE0, 0xE0, 0xE0, 0xFF,
    0xC0, 0xFF, 0x80, 0x0F, 0x80, 0x3F, 0xE0, 0x78, 0xF0, 0x70, 0x30, 0xE0, 0x30, 0xE0, 0x00, 0xE0,
    0x00, 0xE0, 0x00, 0xE0, 0x00, 0xE0, 0x30, 0x70, 0x30, 0x78, 0xF0, 0x3F, 0xE0, 0x0F, 0x80, 0xFF,
    0x00, 0xFF, 0xC0, 0xE1, 0xE0, 0xE0, 0xE0, 0xE0, 0x70, 0xE0, 0x70, 0xE0, 0x70, 0xE0, 0x70, 0xE0,
    0x70, 0xE0, 0x70, 0xE0, 0xE0, 0xE1, 0xE0, 0xFF, 0xC0, 0xFF, 0x00, 0xFF, 0xC0, 0xFF, 0xC0, 0xE0,
    0x00, 0xE0, 0x00, 0xE0, 0x00, 0xE0, 0x00, 0xFF, 0x80, 0xFF, 0x80, 0xE0, 0x00, 0xE0, 0x00, 0xE0,
    0x00, 0xE0, 0x00, 0xFF, 0xC0, 0xFF, 0xC0, 0xFF, 0xC0, 0xFF, 0xC0, 0xE0, 0x00, 0xE0, 0x00, 0xE0,
    0x00, 0xE0, 0x00, 0xFF, 0x80, 0xFF, 0x80, 0xE0, 0x00, 0xE0, 0x00, 0xE0, 0x00, 0xE0, 0x00, 0xE0,
    0x00, 0xE0, 0x00, 0x0F, 0x80, 0x3F, 0xE0, 0x78, 0x70, 0x70, 0x38, 0xE0, 0x00, 0xE0, 0x00, 0xE1,
    0xF8, 0xE1, 0xF8, 0xE0, 0x38, 0xE0, 0x38, 0x70, 0x30, 0x78, 0x70, 0x3F, 0xE0, 0x0F, 0x80, 0xE0,
    0x70, 0xE0, 0x70, 0xE0, 0x70, 0xE0, 0x70, 0xE0, 0x70, 0xE0, 0x70, 0xFF, 0xF0, 0xFF, 0xF0, 0xE0,
    0x70, 0xE0, 0x70, 0xE0, 0x70, 0xE0, 0x70, 0xE0, 0x70, 0xE0, 0x70, 0xE0, 0xE0, 0xE0, 0xE0, 0xE0,
    0xE0, 0xE0, 0xE0, 0xE0, 0xE0, 0xE0, 0xE0, 0xE0, 0xE0, 0x01, 0xC0, 0x01, 0xC0, 0x01, 0xC0, 0x01,
    0xC0, 0x01, 0xC0, 0x01, 0xC0, 0x01, 0xC0, 0x01, 0xC0, 0x01, 0xC0, 0xE1, 0xC0, 0xE1, 0xC0, 0xE3,
    0x80, 0x7F, 0x80, 0x3E, 0x00, 0xE0, 0xF0, 0xE1, 0xE0, 0xE3, 0xC0, 0xE3, 0x80, 0xE7, 0x00, 0xEE,
    0x00, 0xFE, 0x00, 0xFE, 0x00, 0xF7, 0x00, 0xE3, 0x80, 0xE1, 0xC0, 0xE1, 0xC0, 0xE0, 0xE0, 0xE0,
    0x70, 0xE0, 0x00, 0xE0, 0x00, 0xE0, 0x00, 0xE0, 0x00, 0xE0, 0x00, 0xE0, 0x00, 0xE0, 0x00, 0xE0,
    0x00, 0xE0, 0x00, 0xE0, 0x00, 0xE0, 0x00, 0xE0, 0x00, 0xFF, 0x80, 0xFF, 0x80, 0xF0, 0x1F, 0xF8,
    0x1F, 0xF8, 0x1F, 0xF8, 0x3F, 0xFC, 0x37, 0xEC, 0x77, 0xEC, 0x77, 0xEE, 0x67, 0xE6, 0xE7, 0xE6,
    0xE7, 0xE7, 0xC7, 0xE3, 0xC7, 0xE3, 0x87, 0xE3, 0x87, 0xE0, 0x70, 0xF0, 0x70, 0xF8, 0x70, 0xF8,
    0x70, 0xFC, 0x70, 0xEC, 0x70, 0xEE, 0x70, 0xE7, 0x70, 0xE3, 0x70, 0xE3, 0xF0, 0xE1, 0xF0, 0xE0,
    0xF0, 0xE0, 0xF0, 0xE0, 0x70, 0x0F, 0x80, 0x3F, 0xE0, 0x78, 0x70, 0x70, 0x38, 0xE0, 0x18, 0xE0,
    0x18, 0xE0, 0x1C, 0xE0, 0x1C, 0xE0, 0x18, 0xE0, 0x18, 0x70, 0x38, 0x78, 0x70, 0x3F, 0xE0, 0x0F,
    0x80, 0xFF, 0x00, 0xFF, 0x80, 0xE1, 0xC0, 0xE0, 0xC0, 0xE0, 0xE0, 0xE0, 0xC0, 0xE1, 0xC0, 0xFF,
    0x80, 0xFF, 0x00, 0xE0, 0x00, 0xE0, 0x00, 0xE0, 0x00, 0xE0, 0x00, 0xE0, 0x00, 0x0F, 0x80, 0x3F,
    0xE0, 0x78, 0x70, 0x70, 0x38, 0xE0, 0x18, 0xE0, 0x18, 0xE0, 0x1C, 0xE0, 0x1C, 0xE0, 0x18, 0xE3,
    0xB8, 0x71, 0xF8, 0x7D, 0xF0, 0x3F, 0xE0, 0x0F, 0xF0, 0x00, 0x38, 0xFF, 0x00, 0xFF, 0x80, 0xE1,
    0xC0, 0xE0, 0xC0, 0xE0, 0xE0, 0xE0, 0xC0, 0xE1, 0xC0, 0xFF, 0x80, 0xFF, 0x00, 0xE3, 0x80, 0xE3,
    0x80, 0xE1, 0xC0, 0xE1, 0xC0, 0xE0, 0xE0, 0x1F, 0x00, 0x7F, 0xC0, 0xE1, 0xC0, 0xE0, 0xC0, 0xE0,
    0x00, 0xF0, 0x00, 0x7F, 0x00, 0x1F, 0x80, 0x01, 0xC0, 0x00, 0xE0, 0xC0, 0xC0, 0xE1, 0xC0, 0x7F,
    0x80, 0x3F, 0x00, 0xFF, 0xF0, 0xFF, 0xF0, 0x0E, 0x00, 0x0E, 0x00, 0x0E, 0x00, 0x0E, 0x00, 0x0E,
    0x00, 0x0E, 0x00, 0x0E, 0x00, 0x0E, 0x00, 0x0E, 0x00, 0x0E, 0x00, 0x0E, 0x00, 0x0E, 0x00, 0xE0,
    0x70, 0xE0, 0x70, 0xE0, 0x70, 0xE0, 0x70, 0xE0, 0x70, 0xE0, 0x70, 0xE0, 0x70, 0xE0, 0x70, 0xE0,
    0x70, 0xE0, 0x70, 0xE0, 0x60, 0x70, 0xE0, 0x3F, 0xC0, 0x1F, 0x00, 0xE0, 0x38, 0xE0, 0x38, 0xE0,
    0x70, 0x70, 0x70, 0x70, 0x60, 0x30, 0xE0, 0x38, 0xE0, 0x38, 0xC0, 0x19, 0xC0, 0x1D, 0xC0, 0x1D,
    0x80, 0x0F, 0x80, 0x0F, 0x80, 0x0F, 0x00, 0xC0, 0xE0, 0xE0, 0xE1, 0xE0, 0xC0, 0xE1, 0xE1, 0xC0,
    0xE1, 0xF1, 0xC0, 0x61, 0xF1, 0xC0, 0x73, 0xB1, 0x80, 0x73, 0x33, 0x80, 0x33, 0x3B, 0x80, 0x33,
    0x3B, 0x80, 0x3F, 0x1B, 0x00, 0x3E, 0x1F, 0x00, 0x1E, 0x1F, 0x00, 0x1E, 0x0E, 0x00, 0x1E, 0x0E,
    0x00, 0x70, 0x38, 0x38, 0x70, 0x38, 0xE0, 0x1C, 0xC0, 0x0D, 0xC0, 0x0F, 0x80, 0x07, 0x00, 0x07,
    0x80, 0x0F, 0x80, 0x1D, 0xC0, 0x1C, 0xE0, 0x38, 0x70, 0x70, 0x70, 0xE0, 0x38, 0xE0, 0x38, 0x70,
    0x70, 0x70, 0xE0, 0x38, 0xE0, 0x39, 0xC0, 0x1D, 0x80, 0x0F, 0x80, 0x0F, 0x00, 0x07, 0x00, 0x07,
    0x00, 0x07, 0x00, 0x07, 0x00, 0x07, 0x00, 0x07, 0x00, 0xFF, 0xE0, 0xFF, 0xE0, 0x01, 0xC0, 0x01,
    0xC0, 0x03, 0x80, 0x07, 0x00, 0x0E, 0x00, 0x0E, 0x00, 0x1C, 0x00, 0x38, 0x00, 0x70, 0x00, 0x70,
    0x00, 0xFF, 0xE0, 0xFF, 0xE0, 0xF8, 0xF8, 0xE0, 0xE0, 0xE0, 0xE0, 0xE0, 0xE0, 0xE0, 0xE0, 0xE0,
    0xE0, 0xE0, 0xE0, 0xE0, 0xE0, 0xF8, 0xF8, 0x80, 0xC0, 0xC0, 0xC0, 0xE0, 0x60, 0x60, 0x60, 0x70,
    0x30, 0x30, 0x38, 0x18, 0x18, 0x18, 0x1C, 0x0C, 0x0C, 0xF8, 0xF8, 0x38, 0x38, 0x38, 0x38, 0x38,
    0x38, 0x38, 0x38, 0x38, 0x38, 0x38, 0x38, 0x38, 0x38, 0xF8, 0xF8, 0x38, 0x3C, 0x6C, 0x66, 0x66,
    0xC7, 0xFF, 0x80, 0xFF, 0x80, 0xC0, 0x60, 0x60, 0x1E, 0x00, 0x7F, 0x80, 0x73, 0x80, 0x01, 0xC0,
    0x03, 0xC0, 0x7F, 0xC0, 0xE1, 0xC0, 0xE1, 0xC0, 0xE3, 0xC0, 0xFF, 0xC0, 0x3D, 0xC0, 0xE0, 0x00,
    0xE0, 0x00, 0xE0, 0x00, 0xEF, 0x00, 0xFF, 0x80, 0xF3, 0x80, 0xE1, 0xC0, 0xE1, 0xC0, 0xE1, 0xC0,
    0xE1, 0xC0, 0xE1, 0xC0, 0xF3, 0x80, 0xFF, 0x80, 0xEF, 0x00, 0x1E, 0x00, 0x7F, 0x80, 0x71, 0xC0,
    0xE1, 0x80, 0xE0, 0x00, 0xE0, 0x00, 0xE0, 0x00, 0xE1, 0x80, 0x71, 0xC0, 0x7F, 0x80, 0x1E, 0x00,
    0x01, 0xC0, 0x01, 0xC0, 0x01, 0xC0, 0x3D, 0xC0, 0x7F, 0xC0, 0x73, 0xC0, 0xE1, 0xC0, 0xE1, 0xC0,
    0xE1, 0xC0, 0xE1, 0xC0, 0xE1, 0xC0, 0x73, 0xC0, 0x7F, 0xC0, 0x3D, 0xC0, 0x1E, 0x00, 0x7F, 0x80,
    0x73, 0x80, 0xE1, 0xC0, 0xFF, 0xC0, 0xFF, 0xC0, 0xE0, 0x00, 0xE0, 0x00, 0x71, 0xC0, 0x7F, 0x80,
    0x1F, 0x00, 0x1E, 0x3E, 0x38, 0xFE, 0xFE, 0x38, 0x38, 0x38, 0x38, 0x38, 0x38, 0x38, 0x38, 0x38,
    0x1C, 0xE0, 0x7F, 0xE0, 0x71, 0xE0, 0xE0, 0xE0, 0xE0, 0xE0, 0xE0, 0xE0, 0xE0, 0xE0, 0xE0, 0xE0,
    0x71, 0xE0, 0x7F, 0xE0, 0x1E, 0xE0, 0x00, 0xC0, 0x61, 0xC0, 0x7F, 0xC0, 0x1F, 0x00, 0xE0, 0x00,
    0xE0, 0x00, 0xE0, 0x00, 0xEF, 0x00, 0xFF, 0x80, 0xF3, 0x80, 0xE1, 0xC0, 0xE1, 0xC0, 0xE1, 0xC0,
    0xE1, 0xC0, 0xE1, 0xC0, 0xE1, 0xC0, 0xE1, 0xC0, 0xE1, 0xC0, 0x40, 0xE0, 0xC0, 0x00, 0xE0, 0xE0,
    0xE0, 0xE0, 0xE0, 0xE0, 0xE0, 0xE0, 0xE0, 0xE0, 0xE0, 0x10, 0x38, 0x30, 0x00, 0x38, 0x38, 0x38,
    0x38, 0x38, 0x38, 0x38, 0x38, 0x38, 0x38, 0x38, 0x38, 0x30, 0xF0, 0xE0, 0xE0, 0x00, 0xE0, 0x00,
    0xE0, 0x00, 0xE3, 0x80, 0xE3, 0x80, 0xE7, 0x00, 0xEE, 0x00, 0xFC, 0x00, 0xFC, 0x00, 0xFE, 0x00,
    0xEE, 0x00, 0xE7, 0x00, 0xE3, 0x80, 0xE1, 0xC0, 0xE0, 0xE0, 0xE0, 0xE0, 0xE0, 0xE0, 0xE0, 0xE0,
    0xE0, 0xE0, 0xE0, 0xE0, 0xE0, 0xE0, 0xEE, 0x3C, 0xFF, 0x7E, 0xE3, 0xCE, 0xE3, 0x86, 0xE3, 0x86,
    0xE3, 0x86, 0xE3, 0x86, 0xE3, 0x86, 0xE3, 0x86, 0xE3, 0x86, 0xE3, 0x86, 0xEF, 0x00, 0xFF, 0x80,
    0xF3, 0x80, 0xE1, 0xC0, 0xE1, 0xC0, 0xE1, 0xC0, 0xE1, 0xC0, 0xE1, 0xC0, 0xE1, 0xC0, 0xE1, 0xC0,
    0xE1, 0xC0, 0x1F, 0x00, 0x3F, 0x80, 0x71, 0xC0, 0xE0, 0xC0, 0xE0, 0xC0, 0xE0, 0xE0, 0xE0, 0xC0,
    0xE0, 0xC0, 0x71, 0xC0, 0x3F, 0x80, 0x1F, 0x00, 0xEF, 0x00, 0xFF, 0x80, 0xF3, 0x80, 0xE1, 0xC0,
    0xE1, 0xC0, 0xE1, 0xC0, 0xE1, 0xC0, 0xE1, 0xC0, 0xF3, 0x80, 0xFF, 0x80, 0xEF, 0x00, 0xE0, 0x00,
    0xE0, 0x00, 0xE0, 0x00, 0xE0, 0x00, 0x1E, 0xE0, 0x7F, 0xE0, 0x71, 0xE0, 0xE0, 0xE0, 0xE0, 0xE0,
    0xE0, 0xE0, 0xE0, 0xE0, 0xE0, 0xE0, 0x71, 0xE0, 0x7F, 0xE0, 0x1E, 0xE0, 0x00, 0xE0, 0x00, 0xE0,
    0x00, 0xE0, 0x00, 0xE0, 0xEC, 0xFC, 0xF0, 0xE0, 0xE0, 0xE0, 0xE0, 0xE0, 0xE0, 0xE0, 0xE0, 0x3E,
    0x00, 0x7F, 0x00, 0xE3, 0x80, 0xE0, 0x00, 0xF0, 0x00, 0x7F, 0x00, 0x07, 0x80, 0x03, 0x80, 0xE3,
    0x80, 0xFF, 0x00, 0x3E, 0x00, 0x30, 0x38, 0x38, 0xFE, 0xFE, 0x38, 0x38, 0x38, 0x38, 0x38, 0x38,
    0x38, 0x3E, 0x1E, 0xE1, 0xC0, 0xE1, 0xC0, 0xE1, 0xC0, 0xE1, 0xC0, 0xE1, 0xC0, 0xE1, 0xC0, 0xE1,
    0xC0, 0xE1, 0xC0, 0xE3, 0xC0, 0x7F, 0xC0, 0x3D, 0xC0, 0xC0, 0xC0, 0xE1, 0xC0, 0xE1, 0x80, 0x61,
    0x80, 0x73, 0x80, 0x73, 0x00, 0x33, 0x00, 0x3F, 0x00, 0x1E, 0x00, 0x1E, 0x00, 0x1C, 0x00, 0xC3,
    0x86, 0xC3, 0x8E, 0xE3, 0x8E, 0xE7, 0x8C, 0x66, 0xCC, 0x66, 0xDC, 0x76, 0xD8, 0x3C, 0x78, 0x3C,
    0x78, 0x3C, 0x78, 0x18, 0x70, 0xE1, 0xC0, 0x73, 0x80, 0x33, 0x00, 0x3F, 0x00, 0x1E, 0x00, 0x1E,
    0x00, 0x1E, 0x00, 0x3F, 0x00, 0x73, 0x80, 0x61, 0x80, 0xE1, 0xC0, 0xC0, 0xC0, 0xE1, 0xC0, 0xE1,
    0x80, 0x63, 0x80, 0x73, 0x80, 0x73, 0x00, 0x37, 0x00, 0x3F, 0x00, 0x1E, 0x00, 0x1E, 0x00, 0x1C,
    0x00, 0x1C, 0x00, 0x1C, 0x00, 0x78, 0x00, 0xF0, 0x00, 0xFF, 0x80, 0xFF, 0x80, 0x07, 0x00, 0x07,
    0x00, 0x0E, 0x00, 0x1C, 0x00, 0x38, 0x00, 0x38, 0x00, 0x70, 0x00, 0xFF, 0x80, 0xFF, 0x80, 0x1E,
    0x3C, 0x38, 0x38, 0x38, 0x38, 0x30, 0x70, 0xE0, 0xF0, 0x70, 0x38, 0x38, 0x38, 0x38, 0x38, 0x1E,
    0x0C, 0xE0, 0xE0, 0xE0, 0xE0, 0xE0, 0xE0, 0xE0, 0xE0, 0xE0, 0xE0, 0xE0, 0xE0, 0xE0, 0xE0, 0xE0,
    0xE0, 0xE0, 0xE0, 0xE0, 0xE0, 0xE0, 0xE0, 0xE0, 0xE0, 0xE0, 0xF0, 0x30, 0x38, 0x38, 0x38, 0x38,
    0x18, 0x0E, 0x1E, 0x38, 0x38, 0x38, 0x38, 0x38, 0x70, 0xF0, 0xE0, 0x78, 0xC0, 0xFC, 0xC0, 0xE7,
    0xC0, 0xC3, 0x80, 0xE0, 0xE0, 0xE0, 0x00, 0x00, 0xE0, 0xE0, 0xE0, 0xE0, 0xE0, 0xE0, 0xE0, 0xE0,
    0xE0, 0xE0, 0x04, 0x00, 0x1F, 0x00, 0x3F, 0x80, 0x75, 0xC0, 0xE4, 0xC0, 0xE4, 0x00, 0xE4, 0x00,
    0xE4, 0x00, 0xE4, 0xC0, 0x75, 0xC0, 0x7F, 0x80, 0x1F, 0x00, 0x04, 0x00, 0x04, 0x00, 0x07, 0x80,
    0x1F, 0xC0, 0x38, 0xE0, 0x38, 0x60, 0x38, 0x00, 0x38, 0x00, 0xFF, 0x80, 0xFF, 0x80, 0x38, 0x00,
    0x38, 0x00, 0x30, 0x00, 0x70, 0x70, 0xFF, 0xE0, 0xFF, 0xC0, 0xDF, 0x30, 0xFF, 0xF0, 0x70, 0xE0,
    0x60, 0x60, 0xC0, 0x30, 0xC0, 0x30, 0xC0, 0x30, 0xC0, 0x30, 0x60, 0x60, 0x70, 0xE0, 0xFF, 0xF0,
    0x0F, 0x00, 0xE0, 0xC0, 0x61, 0xC0, 0x71, 0x80, 0x33, 0x80, 0x3B, 0x00, 0x1F, 0x00, 0x7F, 0x80,
    0x7F, 0xC0, 0x0E, 0x00, 0x7F, 0xC0, 0x7F, 0xC0, 0x0E, 0x00, 0x0E, 0x00, 0x0E, 0x00, 0xE0, 0xE0,
    0xE0, 0xE0, 0xE0, 0xE0, 0x00, 0x00, 0x00, 0x00, 0xE0, 0xE0, 0xE0, 0xE0, 0xE0, 0xE0, 0xE0, 0x3E,
    0x00, 0x7F, 0x00, 0x63, 0x00, 0xE2, 0x00, 0x70, 0x00, 0x38, 0x00, 0x7E, 0x00, 0xE7, 0x80, 0xE3,
    0x80, 0xE1, 0xC0, 0x79, 0x80, 0x3F, 0x00, 0x0F, 0x00, 0x07, 0x00, 0x23, 0x80, 0xE3, 0x00, 0x7F,
    0x00, 0x3E, 0x00, 0xC6, 0xC6, 0x07, 0xC0, 0x1F, 0xF0, 0x3C, 0x78, 0x77, 0x9C, 0x6F, 0xCC, 0xEC,
    0xEE, 0xF8, 0x6E, 0xF8, 0x0E, 0xF8, 0x4E, 0xEC, 0xEE, 0x6F, 0xCC, 0x77, 0x9C, 0x3C, 0x78, 0x1F,
    0xF0, 0x07, 0xC0, 0x3C, 0x7F, 0x03, 0x1F, 0xF3, 0xC3, 0xFF, 0x7B, 0x1C, 0xE0, 0x19, 0xC0, 0x33,
    0x80, 0x77, 0x00, 0xEE, 0x00, 0x77, 0x00, 0x33, 0x80, 0x19, 0xC0, 0x1C, 0xE0, 0xFF, 0xC0, 0xFF,
    0xC0, 0x01, 0xC0, 0x01, 0xC0, 0x01, 0x80, 0x1F, 0x00, 0x3F, 0x80, 0x61, 0xC0, 0xC0, 0x40, 0x8E,
    0x60, 0x89, 0x20, 0x8F, 0x20, 0x8B, 0x60, 0xC9, 0x40, 0x61, 0xC0, 0x3F, 0x80, 0x1F, 0x00, 0xFC,
    0xFC, 0x38, 0x7C, 0xCE, 0xC6, 0xCE, 0x7C, 0x38, 0x1C, 0x00, 0x1C, 0x00, 0x1C, 0x00, 0xFF, 0xC0,
    0xFF, 0xC0, 0x1C, 0x00, 0x1C, 0x00, 0x00, 0x00, 0xFF, 0xC0, 0xFF, 0xC0, 0x7C, 0xFE, 0x46, 0x0E,
    0x1C, 0x30, 0xFE, 0xFE, 0x7C, 0xFE, 0x06, 0x1C, 0x1E, 0x06, 0xFE, 0x7C, 0x60, 0xC0, 0xC0, 0xE1,
    0xC0, 0xE1, 0xC0, 0xE1, 0xC0, 0xE1, 0xC0, 0xE1, 0xC0, 0xE1, 0xC0, 0xE1, 0xC0, 0xE1, 0xC0, 0xE3,
    0xC0, 0xFF, 0xE0, 0xFC, 0xE0, 0xE0, 0x00, 0xE0, 0x00, 0xE0, 0x00, 0xE0, 0x00, 0x1F, 0xC0, 0x7F,
    0xC0, 0xFD, 0xC0, 0xFD, 0xC0, 0xFD, 0xC0, 0xFD, 0xC0, 0x7D, 0xC0, 0x7D, 0xC0, 0x1D, 0xC0, 0x01,
    0xC0, 0x01, 0xC0, 0x01, 0xC0, 0x01, 0xC0, 0x01, 0xC0, 0xC0, 0xE0, 0xC0, 0x40, 0x60, 0x30, 0xF0,
    0x70, 0xF0, 0xB0, 0x30, 0x30, 0x30, 0x30, 0x30, 0x3C, 0x7E, 0xE3, 0xC3, 0xC3, 0xE3, 0x7E, 0x3C,
    0xE6, 0x00, 0x77, 0x00, 0x3B, 0x80, 0x1D, 0xC0, 0x1C, 0xE0, 0x1D, 0xC0, 0x3B, 0x80, 0x77, 0x00,
    0xE6, 0x00, 0x70, 0x18, 0xF0, 0x30, 0x30, 0x60, 0x30, 0x60, 0x30, 0xC0, 0x31, 0x80, 0x31, 0x1C,
    0x33, 0x1C, 0x06, 0x3C, 0x0C, 0x2C, 0x0C, 0x6C, 0x18, 0x7E, 0x30, 0x7E, 0x30, 0x0C, 0xF0, 0x18,
    0xB0, 0x30, 0x30, 0x60, 0x30, 0x60, 0x30, 0xC0, 0x31, 0x80, 0x33, 0x1E, 0x33, 0x3F, 0x06, 0x03,
    0x0C, 0x06, 0x0C, 0x0C, 0x18, 0x18, 0x30, 0x3F, 0x30, 0x3F, 0x78, 0x0C, 0x00, 0xFC, 0x0C, 0x00,
    0xCC, 0x18, 0x00, 0x0C, 0x30, 0x00, 0x38, 0x30, 0x00, 0x0C, 0x60, 0x00, 0x0C, 0xC0, 0x00, 0xF8,
    0xC7, 0x00, 0x01, 0x8F, 0x00, 0x03, 0x0F, 0x00, 0x03, 0x1B, 0x00, 0x06, 0x33, 0x00, 0x0C, 0x3F,
    0x80, 0x0C, 0x3F, 0x80, 0x18, 0x03, 0x00, 0x18, 0x00, 0x1C, 0x00, 0x18, 0x00, 0x00, 0x00, 0x00,
    0x00, 0x1C, 0x00, 0x1C, 0x00, 0x38, 0x00, 0x70, 0x00, 0xE0, 0x00, 0xE0, 0x00, 0xE3, 0x80, 0xE3,
    0x80, 0x7F, 0x00, 0x3E, 0x00, 0x0E, 0x00, 0x06, 0x00, 0x03, 0x00, 0x00, 0x00, 0x00, 0x00, 0x07,
    0x80, 0x07, 0x80, 0x0F, 0xC0, 0x0D, 0xC0, 0x0C, 0xC0, 0x1C, 0xE0, 0x1C, 0xE0, 0x38, 0x70, 0x3F,
    0xF0, 0x3F, 0xF0, 0x70, 0x38, 0x70, 0x38, 0x60, 0x18, 0xE0, 0x1C, 0x01, 0xC0, 0x01, 0x80, 0x03,
    0x00, 0x00, 0x00, 0x00, 0x00, 0x07, 0x80, 0x07, 0x80, 0x0F, 0xC0, 0x0D, 0xC0, 0x0C, 0xC0, 0x1C,
    0xE0, 0x1C, 0xE0, 0x38, 0x70, 0x3F, 0xF0, 0x3F, 0xF0, 0x70, 0x38, 0x70, 0x38, 0x60, 0x18, 0xE0,
    0x1C, 0x07, 0x80, 0x0F, 0x80, 0x0C, 0xC0, 0x00, 0x00, 0x00, 0x00, 0x07, 0x80, 0x07, 0x80, 0x0F,
    0xC0, 0x0D, 0xC0, 0x0C, 0xC0, 0x1C, 0xE0, 0x1C, 0xE0, 0x38, 0x70, 0x3F, 0xF0, 0x3F, 0xF0, 0x70,
    0x38, 0x70, 0x38, 0x60, 0x18, 0xE0, 0x1C, 0x06, 0x40, 0x0F, 0xC0, 0x09, 0x80, 0x00, 0x00, 0x00,
    0x00, 0x07, 0x80, 0x07, 0x80, 0x0F, 0xC0, 0x0D, 0xC0, 0x0C, 0xC0, 0x1C, 0xE0, 0x1C, 0xE0, 0x38,
    0x70, 0x3F, 0xF0, 0x3F, 0xF0, 0x70, 0x38, 0x70, 0x38, 0x60, 0x18, 0xE0, 0x1C, 0x0C, 0xC0, 0x0C,
    0xC0, 0x00, 0x00, 0x00, 0x00, 0x07, 0x00, 0x07, 0x80, 0x0F, 0x80, 0x0D, 0xC0, 0x1C, 0xC0, 0x1C,
    0xC0, 0x18, 0xE0, 0x38, 0x60, 0x3F, 0xF0, 0x3F, 0xF0, 0x70, 0x38, 0x70, 0x38, 0x60, 0x18, 0xE0,
    0x1C, 0x07, 0x00, 0x09, 0x80, 0x08, 0x80, 0x0D, 0x80, 0x07, 0x00, 0x00, 0x00, 0x0F, 0x00, 0x0F,
    0x80, 0x0F, 0x80, 0x1D, 0xC0, 0x1D, 0xC0, 0x18, 0xC0, 0x38, 0xE0, 0x38, 0xE0, 0x3F, 0xF0, 0x7F,
    0xF0, 0x70, 0x38, 0x70, 0x38, 0x60, 0x38, 0xE0, 0x1C, 0x03, 0xFF, 0xE0, 0x07, 0xFF, 0xE0, 0x07,
    0x70, 0x00, 0x06, 0x70, 0x00, 0x0E, 0x70, 0x00, 0x0C, 0x70, 0x00, 0x1C, 0x7F, 0xC0, 0x18, 0x7F,
    0xC0, 0x3F, 0xF0, 0x00, 0x3F, 0xF0, 0x00, 0x70, 0x70, 0x00, 0x70, 0x70, 0x00, 0xE0, 0x7F, 0xE0,
    0xE0, 0x7F, 0xE0, 0x0F, 0x80, 0x3F, 0xE0, 0x78, 0xF0, 0x70, 0x30, 0xE0, 0x30, 0xE0, 0x00, 0xE0,
    0x00, 0xE0, 0x00, 0xE0, 0x00, 0xE0, 0x30, 0x70, 0x30, 0x78, 0xF0, 0x3F, 0xE0, 0x0F, 0x80, 0x02,
    0x00, 0x03, 0x80, 0x01, 0x80, 0x07, 0x80, 0x38, 0x00, 0x18, 0x00, 0x18, 0x00, 0x00, 0x00, 0x00,
    0x00, 0xFF, 0xC0, 0xFF, 0xC0, 0xE0, 0x00, 0xE0, 0x00, 0xE0, 0x00, 0xE0, 0x00, 0xFF, 0x80, 0xFF,
    0x80, 0xE0, 0x00, 0xE0, 0x00, 0xE0, 0x00, 0xE0, 0x00, 0xFF, 0xC0, 0xFF, 0xC0, 0x06, 0x00, 0x0E,
    0x00, 0x0C, 0x00, 0x00, 0x00, 0x00, 0x00, 0xFF, 0xC0, 0xFF, 0xC0, 0xE0, 0x00, 0xE0, 0x00, 0xE0,
    0x00, 0xE0, 0x00, 0xFF, 0x80, 0xFF, 0x80, 0xE0, 0x00, 0xE0, 0x00, 0xE0, 0x00, 0xE0, 0x00, 0xFF,
    0xC0, 0xFF, 0xC0, 0x1C, 0x00, 0x3E, 0x00, 0x73, 0x00, 0x00, 0x00, 0x00, 0x00, 0xFF, 0xC0, 0xFF,
    0xC0, 0xE0, 0x00, 0xE0, 0x00, 0xE0, 0x00, 0xE0, 0x00, 0xFF, 0x80, 0xFF, 0x80, 0xE0, 0x00, 0xE0,
    0x00, 0xE0, 0x00, 0xE0, 0x00, 0xFF, 0xC0, 0xFF, 0xC0, 0x33, 0x00, 0x33, 0x00, 0x00, 0x00, 0x00,
    0x00, 0xFF, 0xC0, 0xFF, 0xC0, 0xE0, 0x00, 0xE0, 0x00, 0xE0, 0x00, 0xE0, 0x00, 0xFF, 0x80, 0xFF,
    0x80, 0xE0, 0x00, 0xE0, 0x00, 0xE0, 0x00, 0xE0, 0x00, 0xFF, 0xC0, 0xFF, 0xC0, 0xC0, 0xE0, 0x60,
    0x00, 0x00, 0x70, 0x70, 0x70, 0x70, 0x70, 0x70, 0x70, 0x70, 0x70, 0x70, 0x70, 0x70, 0x70, 0x70,
    0x70, 0x60, 0x40, 0x00, 0x00, 0xE0, 0xE0, 0xE0, 0xE0, 0xE0, 0xE0, 0xE0, 0xE0, 0xE0, 0xE0, 0xE0,
    0xE0, 0xE0, 0xE0, 0x38, 0x7C, 0xCE, 0x00, 0x00, 0x38, 0x38, 0x38, 0x38, 0x38, 0x38, 0x38, 0x38,
    0x38, 0x38, 0x38, 0x38, 0x38, 0x38, 0xC6, 0xC6, 0x00, 0x00, 0x38, 0x38, 0x38, 0x38, 0x38, 0x38,
    0x38, 0x38, 0x38, 0x38, 0x38, 0x38, 0x38, 0x38, 0x3F, 0xC0, 0x3F, 0xF0, 0x38, 0x78, 0x38, 0x38,
    0x38, 0x1C, 0x38, 0x1C, 0xFF, 0x1C, 0xFF, 0x1C, 0x38, 0x1C, 0x38, 0x1C, 0x38, 0x38, 0x38, 0x78,
    0x3F, 0xF0, 0x3F, 0xC0, 0x0C, 0x80, 0x1F, 0x80, 0x11, 0x00, 0x00, 0x00, 0x00, 0x00, 0xE0, 0x30,
    0xF0, 0x30, 0xF8, 0x30, 0xF8, 0x30, 0xFC, 0x30, 0xEE, 0x30, 0xE6, 0x30, 0xE7, 0x30, 0xE3, 0x30,
    0xE3, 0xB0, 0xE1, 0xF0, 0xE0, 0xF0, 0xE0, 0xF0, 0xE0, 0x70, 0x0E, 0x00, 0x06, 0x00, 0x03, 0x00,
    0x00, 0x00, 0x00, 0x00, 0x0F, 0x80, 0x3F, 0xE0, 0x78, 0x70, 0x70, 0x38, 0xE0, 0x18, 0xE0, 0x18,
    0xE0, 0x1C, 0xE0, 0x1C, 0xE0, 0x18, 0xE0, 0x18, 0x70, 0x38, 0x78, 0x70, 0x3F, 0xE0, 0x0F, 0x80,
    0x01, 0x80, 0x03, 0x80, 0x03, 0x00, 0x00, 0x00, 0x00, 0x00, 0x0F, 0x80, 0x3F, 0xE0, 0x78, 0x70,
    0x70, 0x38, 0xE0, 0x18, 0xE0, 0x18, 0xE0, 0x1C, 0xE0, 0x1C, 0xE0, 0x18, 0xE0, 0x18, 0x70, 0x38,
    0x78, 0x70, 0x3F, 0xE0, 0x0F, 0x80, 0x07, 0x00, 0x0F, 0x80, 0x1C, 0xC0, 0x00, 0x00, 0x00, 0x00,
    0x0F, 0x80, 0x3F, 0xE0, 0x78, 0x70, 0x70, 0x38, 0xE0, 0x18, 0xE0, 0x18, 0xE0, 0x1C, 0xE0, 0x1C,
    0xE0, 0x18, 0xE0, 0x18, 0x70, 0x38, 0x78, 0x70, 0x3F, 0xE0, 0x0F, 0x80, 0x04, 0x40, 0x0F, 0xC0,
    0x09, 0x80, 0x00, 0x00, 0x00, 0x00, 0x0F, 0x80, 0x3F, 0xE0, 0x78, 0x70, 0x70, 0x38, 0xE0, 0x18,
    0xE0, 0x18, 0xE0, 0x1C, 0xE0, 0x1C, 0xE0, 0x18, 0xE0, 0x18, 0x70, 0x38, 0x78, 0x70, 0x3F, 0xE0,
    0x0F, 0x80, 0x0C, 0xC0, 0x0C, 0xC0, 0x00, 0x00, 0x00, 0x00, 0x00, 0x00, 0x0F, 0x80, 0x3F, 0xE0,
    0x78, 0x70, 0x70, 0x38, 0xE0, 0x18, 0xE0, 0x18, 0xE0, 0x1C, 0xE0, 0x1C, 0xE0, 0x18, 0xE0, 0x18,
    0x70, 0x38, 0x78, 0x70, 0x3F, 0xE0, 0x0F, 0x80, 0xE1, 0x80, 0xF3, 0x80, 0x7F, 0x00, 0x3E, 0x00,
    0x1E, 0x00, 0x3F, 0x00, 0x77, 0x80, 0xE3, 0x80, 0x41, 0x80, 0x0F, 0x90, 0x3F, 0xF0, 0x78, 0x70,
    0x70, 0xF8, 0xE0, 0xF8, 0xE1, 0x98, 0xE3, 0x1C, 0xE6, 0x1C, 0xE6, 0x18, 0xEC, 0x18, 0x78, 0x38,
    0x78, 0x70, 0x3F, 0xE0, 0x6F, 0x80, 0x1C, 0x00, 0x0C, 0x00, 0x04, 0x00, 0x00, 0x00, 0x00, 0x00,
    0xE0, 0x70, 0xE0, 0x70, 0xE0, 0x70, 0xE0, 0x70, 0xE0, 0x70, 0xE0, 0x70, 0xE0, 0x70, 0xE0, 0x70,
    0xE0, 0x70, 0xE0, 0x70, 0xE0, 0x60, 0x70, 0xE0, 0x3F, 0xC0, 0x1F, 0x00, 0x03, 0x00, 0x07, 0x00,
    0x06, 0x00, 0x00, 0x00, 0x00, 0x00, 0xE0, 0x70, 0xE0, 0x70, 0xE0, 0x70, 0xE0, 0x70, 0xE0, 0x70,
    0xE0, 0x70, 0xE0, 0x70, 0xE0, 0x70, 0xE0, 0x70, 0xE0, 0x70, 0xE0, 0x60, 0x70, 0xE0, 0x3F, 0xC0,
    0x1F, 0x00, 0x0E, 0x00, 0x1F, 0x00, 0x19, 0x80, 0x00, 0x00, 0x00, 0x00, 0xE0, 0x70, 0xE0, 0x70,
    0xE0, 0x70, 0xE0, 0x70, 0xE0, 0x70, 0xE0, 0x70, 0xE0, 0x70, 0xE0, 0x70, 0xE0, 0x70, 0xE0, 0x70,
    0xE0, 0xE0, 0x79, 0xE0, 0x3F, 0xC0, 0x1F, 0x00, 0x19, 0x80, 0x19, 0x80, 0x00, 0x00, 0x00, 0x00,
    0x00, 0x00, 0xE0, 0x70, 0xE0, 0x70, 0xE0, 0x70, 0xE0, 0x70, 0xE0, 0x70, 0xE0, 0x70, 0xE0, 0x70,
    0xE0, 0x70, 0xE0, 0x70, 0xE0, 0x70, 0xE0, 0x60, 0x70, 0xE0, 0x3F, 0xC0, 0x1F, 0x00, 0x03, 0x80,
    0x03, 0x00, 0x02, 0x00, 0x00, 0x00, 0x00, 0x00, 0xE0, 0x38, 0x70, 0x70, 0x70, 0xE0, 0x38, 0xE0,
    0x39, 0xC0, 0x1D, 0x80, 0x0F, 0x80, 0x0F, 0x00, 0x07, 0x00, 0x07, 0x00, 0x07, 0x00, 0x07, 0x00,
    0x07, 0x00, 0x07, 0x00, 0xE0, 0x00, 0xE0, 0x00, 0xFE, 0x00, 0xFF, 0x80, 0xE3, 0xC0, 0xE1, 0xC0,
    0xE1, 0xC0, 0xE1, 0xC0, 0xE3, 0xC0, 0xFF, 0x80, 0xFE, 0x00, 0xE0, 0x00, 0xE0, 0x00, 0xE0, 0x00,
    0x3E, 0x00, 0x7F, 0x80, 0xE3, 0x80, 0xE1, 0xC0, 0xE1, 0x80, 0xE3, 0x80, 0xEF, 0x00, 0xEF, 0x80,
    0xE1, 0xC0, 0xE0, 0xC0, 0xE0, 0xE0, 0xE1, 0xC0, 0xEF, 0xC0, 0xEF, 0x00, 0x38, 0x00, 0x18, 0x00,
    0x0C, 0x00, 0x00, 0x00, 0x1E, 0x00, 0x7F, 0x80, 0x73, 0x80, 0x01, 0xC0, 0x03, 0xC0, 0x7F, 0xC0,
    0xE1, 0xC0, 0xE1, 0xC0, 0xE3, 0xC0, 0xFF, 0xC0, 0x3D, 0xC0, 0x07, 0x00, 0x06, 0x00, 0x0C, 0x00,
    0x00, 0x00, 0x1E, 0x00, 0x7F, 0x80, 0x73, 0x80, 0x01, 0xC0, 0x03, 0xC0, 0x7F, 0xC0, 0xE1, 0xC0,
    0xE1, 0xC0, 0xE3, 0xC0, 0xFF, 0xC0, 0x3D, 0xC0, 0x0C, 0x00, 0x1E, 0x00, 0x33, 0x00, 0x21, 0x00,
    0x00, 0x00, 0x1E, 0x00, 0x7F, 0x80, 0x73, 0x80, 0x01, 0xC0, 0x03, 0xC0, 0x7F, 0xC0, 0xE1, 0xC0,
    0xE1, 0xC0, 0xE3, 0xC0, 0xFF, 0xC0, 0x3D, 0xC0, 0x19, 0x00, 0x3F, 0x00, 0x26, 0x00, 0x00, 0x00,
    0x00, 0x00, 0x1E, 0x00, 0x7F, 0x80, 0x73, 0x80, 0x01, 0xC0, 0x03, 0xC0, 0x7F, 0xC0, 0xE1, 0xC0,
    0xE1, 0xC0, 0xE3, 0xC0, 0xFF, 0xC0, 0x3D, 0xC0, 0x73, 0x80, 0x00, 0x00, 0x00, 0x00, 0x1E, 0x00,
    0x7F, 0x80, 0x73, 0x80, 0x01, 0xC0, 0x03, 0xC0, 0x7F, 0xC0, 0xE1, 0xC0, 0xE1, 0xC0, 0xE3, 0xC0,
    0xFF, 0xC0, 0x3D, 0xC0, 0x0C, 0x00, 0x12, 0x00, 0x12, 0x00, 0x16, 0x00, 0x0C, 0x00, 0x00, 0x00,
    0x1F, 0x00, 0x7F, 0x80, 0x71, 0x80, 0x01, 0xC0, 0x03, 0xC0, 0x7F, 0xC0, 0xF1, 0xC0, 0xE1, 0xC0,
    0xE3, 0xC0, 0xFF, 0xC0, 0x3D, 0xC0, 0x3E, 0x3C, 0x7F, 0xFE, 0x61, 0xC7, 0x01, 0xC3, 0x3F, 0xFF,
    0x7F, 0xFF, 0xE1, 0x80, 0xE1, 0xC0, 0xE3, 0xE7, 0x7F, 0x7F, 0x3C, 0x3C, 0x1E, 0x00, 0x7F, 0x80,
    0x71, 0x80, 0xE1, 0x80, 0xE0, 0x00, 0xE0, 0x00, 0xE0, 0x00, 0xE1, 0x80, 0x71, 0x80, 0x7F, 0x80,
    0x1E, 0x00, 0x0C, 0x00, 0x0E, 0x00, 0x02, 0x00, 0x0E, 0x00, 0x18, 0x00, 0x18, 0x00, 0x0C, 0x00,
    0x00, 0x00, 0x1E, 0x00, 0x7F, 0x80, 0x73, 0x80, 0xE1, 0xC0, 0xFF, 0xC0, 0xFF, 0xC0, 0xE0, 0x00,
    0xE0, 0x00, 0x71, 0xC0, 0x7F, 0x80, 0x1F, 0x00, 0x06, 0x00, 0x06, 0x00, 0x0C, 0x00, 0x00, 0x00,
    0x1E, 0x00, 0x7F, 0x80, 0x73, 0x80, 0xE1, 0xC0, 0xFF, 0xC0, 0xFF, 0xC0, 0xE0, 0x00, 0xE0, 0x00,
    0x71, 0xC0, 0x7F, 0x80, 0x1F, 0x00, 0x1E, 0x00, 0x33, 0x00, 0x21, 0x00, 0x00, 0x00, 0x1E, 0x00,
    0x7F, 0x80, 0x73, 0x80, 0xE1, 0xC0, 0xFF, 0xC0, 0xFF, 0xC0, 0xE0, 0x00, 0xE0, 0x00, 0x71, 0xC0,
    0x7F, 0x80, 0x1F, 0x00, 0x73, 0x80, 0x00, 0x00, 0x00, 0x00, 0x1E, 0x00, 0x7F, 0x80, 0x73, 0x80,
    0xE1, 0xC0, 0xFF, 0xC0, 0xFF, 0xC0, 0xE0, 0x00, 0xE0, 0x00, 0x71, 0xC0, 0x7F, 0x80, 0x1F, 0x00,
    0xC0, 0xE0, 0x60, 0x00, 0x70, 0x70, 0x70, 0x70, 0x70, 0x70, 0x70, 0x70, 0x70, 0x70, 0x70, 0x70,
    0x60, 0x40, 0x00, 0xE0, 0xE0, 0xE0, 0xE0, 0xE0, 0xE0, 0xE0, 0xE0, 0xE0, 0xE0, 0xE0, 0x70, 0xD8,
    0x08, 0x00, 0x70, 0x70, 0x70, 0x70, 0x70, 0x70, 0x70, 0x70, 0x70, 0x70, 0x70, 0xEE, 0x00, 0x00,
    0x38, 0x38, 0x38, 0x38, 0x38, 0x38, 0x38, 0x38, 0x38, 0x38, 0x38, 0x31, 0x00, 0x3F, 0x00, 0x1E,
    0x00, 0x3F, 0x00, 0x03, 0x80, 0x3F, 0x80, 0x7F, 0xC0, 0x73, 0xC0, 0xE1, 0xC0, 0xE1, 0xC0, 0xE1,
    0xC0, 0xE1, 0xC0, 0x73, 0x80, 0x7F, 0x80, 0x1E, 0x00, 0x11, 0x00, 0x3F, 0x00, 0x26, 0x00, 0x00,
    0x00, 0x00, 0x00, 0xEF, 0x00, 0xFF, 0x80, 0xF3, 0x80, 0xE1, 0xC0, 0xE1, 0xC0, 0xE1, 0xC0, 0xE1,
    0xC0, 0xE1, 0xC0, 0xE1, 0xC0, 0xE1, 0xC0, 0xE1, 0xC0, 0x18, 0x00, 0x1C, 0x00, 0x0C, 0x00, 0x00,
    0x00, 0x1F, 0x00, 0x3F, 0x80, 0x71, 0xC0, 0xE0, 0xC0, 0xE0, 0xC0, 0xE0, 0xE0, 0xE0, 0xC0, 0xE0,
    0xC0, 0x71, 0xC0, 0x3F, 0x80, 0x1F, 0x00, 0x07, 0x00, 0x06, 0x00, 0x04, 0x00, 0x00, 0x00, 0x1F,
    0x00, 0x3F, 0x80, 0x71, 0xC0, 0xE0, 0xC0, 0xE0, 0xC0, 0xE0, 0xE0, 0xE0, 0xC0, 0xE0, 0xC0, 0x71,
    0xC0, 0x3F, 0x80, 0x1F, 0x00, 0x04, 0x00, 0x1E, 0x00, 0x3B, 0x00, 0x21, 0x00, 0x00, 0x00, 0x1F,
    0x00, 0x3F, 0x80, 0x71, 0xC0, 0xE0, 0xC0, 0xE0, 0xC0, 0xE0, 0xE0, 0xE0, 0xC0, 0xE0, 0xC0, 0x71,
    0xC0, 0x3F, 0x80, 0x1F, 0x00, 0x19, 0x00, 0x3F, 0x00, 0x22, 0x00, 0x00, 0x00, 0x00, 0x00, 0x1F,
    0x00, 0x3F, 0x80, 0x71, 0xC0, 0xE0, 0xC0, 0xE0, 0xC0, 0xE0, 0xE0, 0xE0, 0xC0, 0xE0, 0xC0, 0x71,
    0xC0, 0x3F, 0x80, 0x1F, 0x00, 0x3B, 0x80, 0x00, 0x00, 0x00, 0x00, 0x1F, 0x00, 0x3F, 0x80, 0x71,
    0xC0, 0xE0, 0xC0, 0xE0, 0xC0, 0xE0, 0xE0, 0xE0, 0xC0, 0xE0, 0xC0, 0x71, 0xC0, 0x3F, 0x80, 0x1F,
    0x00, 0x0C, 0x00, 0x1C, 0x00, 0x0C, 0x00, 0x00, 0x00, 0x00, 0x00, 0xFF, 0xC0, 0xFF, 0xC0, 0x00,
    0x00, 0x0C, 0x00, 0x1C, 0x00, 0x0C, 0x00, 0x1F, 0x40, 0x3F, 0xC0, 0x71, 0xC0, 0xE3, 0xC0, 0xE6,
    0xC0, 0xE4, 0xE0, 0xE8, 0xC0, 0xF8, 0xC0, 0x71, 0xC0, 0x7F, 0x80, 0xDF, 0x00, 0x38, 0x00, 0x18,
    0x00, 0x08, 0x00, 0x00, 0x00, 0xE1, 0xC0, 0xE1, 0xC0, 0xE1, 0xC0, 0xE1, 0xC0, 0xE1, 0xC0, 0xE1,
    0xC0, 0xE1, 0xC0, 0xE1, 0xC0, 0xE3, 0xC0, 0x7F, 0xC0, 0x3D, 0xC0, 0x06, 0x00, 0x06, 0x00, 0x0C,
    0x00, 0x00, 0x00, 0xE1, 0xC0, 0xE1, 0xC0, 0xE1, 0xC0, 0xE1, 0xC0, 0xE1, 0xC0, 0xE1, 0xC0, 0xE1,
    0xC0, 0xE1, 0xC0, 0xE3, 0xC0, 0x7F, 0xC0, 0x3D, 0xC0, 0x08, 0x00, 0x1E, 0x00, 0x37, 0x00, 0x21,
    0x00, 0x00, 0x00, 0xE1, 0xC0, 0xE1, 0xC0, 0xE1, 0xC0, 0xE1, 0xC0, 0xE1, 0xC0, 0xE1, 0xC0, 0xE1,
    0xC0, 0xE1, 0xC0, 0xF3, 0xC0, 0x7F, 0xC0, 0x3D, 0xC0, 0x77, 0x00, 0x00, 0x00, 0x00, 0x00, 0xE1,
    0xC0, 0xE1, 0xC0, 0xE1, 0xC0, 0xE1, 0xC0, 0xE1, 0xC0, 0xE1, 0xC0, 0xE1, 0xC0, 0xE1, 0xC0, 0xE3,
    0xC0, 0x7F, 0xC0, 0x39, 0xC0, 0x06, 0x00, 0x06, 0x00, 0x0C, 0x00, 0x00, 0x00, 0xC0, 0xC0, 0xE1,
    0xC0, 0xE1, 0x80, 0x63, 0x80, 0x73, 0x80, 0x73, 0x00, 0x37, 0x00, 0x3F, 0x00, 0x1E, 0x00, 0x1E,
    0x00, 0x1C, 0x00, 0x1C, 0x00, 0x1C, 0x00, 0x78, 0x00, 0xF0, 0x00, 0xE0, 0x00, 0xE0, 0x00, 0xE0,
    0x00, 0xEF, 0x00, 0xFF, 0x80, 0xF3, 0x80, 0xE1, 0xC0, 0xE1, 0xC0, 0xE1, 0xC0, 0xE1, 0xC0, 0xE1,
    0xC0, 0xF3, 0x80, 0xFF, 0x80, 0xEF, 0x00, 0xE0, 0x00, 0xE0, 0x00, 0xE0, 0x00, 0xE0, 0x00, 0x3B,
    0x80, 0x00, 0x00, 0x00, 0x00, 0xE0, 0xE0, 0x60, 0xC0, 0x71, 0xC0, 0x71, 0xC0, 0x31, 0x80, 0x3B,
    0x80, 0x3B, 0x80, 0x1B, 0x00, 0x1F, 0x00, 0x1E, 0x00, 0x0E, 0x00, 0x0E, 0x00, 0x1C, 0x00, 0x7C,
    0x00, 0x78, 0x00, 0x0F, 0xFF, 0xC0, 0x3F, 0xFF, 0xC0, 0x78, 0xE0, 0x00, 0x70, 0xE0, 0x00, 0xE0,
    0xE0, 0x00, 0xE0, 0xE0, 0x00, 0xE0, 0xFF, 0xC0, 0xE0, 0xFF, 0xC0, 0xE0, 0xE0, 0x00, 0xE0, 0xE0,
    0x00, 0x70, 0xE0, 0x00, 0x78, 0xE0, 0x00, 0x3F, 0xFF, 0xC0, 0x0F, 0xFF, 0xC0, 0x1F, 0x1E, 0x00,
    0x3F, 0xFF, 0x80, 0x71, 0xF3, 0x80, 0xE0, 0xE1, 0xC0, 0xE0, 0xFF, 0xC0, 0xE0, 0xFF, 0xC0, 0xE0,
    0xE0, 0x00, 0xE0, 0xE0, 0x00, 0x71, 0xF1, 0xC0, 0x3F, 0xFF, 0x80, 0x1F, 0x1F, 0x00, 0x33, 0x00,
    0x1F, 0x00, 0x1E, 0x00, 0x00, 0x00, 0x00, 0x00, 0x1F, 0x00, 0x7F, 0xC0, 0xE1, 0xC0, 0xE0, 0x00,
    0xE0, 0x00, 0xF0, 0x00, 0x7F, 0x00, 0x0F, 0x80, 0x01, 0xC0, 0xC0, 0xE0, 0xC0, 0xC0, 0xF1, 0xC0,
    0x7F, 0x80, 0x3F, 0x00, 0x22, 0x00, 0x36, 0x00, 0x1C, 0x00, 0x08, 0x00, 0x00, 0x00, 0x3E, 0x00,
    0x7F, 0x00, 0xE3, 0x80, 0xE0, 0x00, 0xF0, 0x00, 0x7F, 0x00, 0x07, 0x80, 0x03, 0x80, 0xE3, 0x80,
    0xFF, 0x00, 0x3E, 0x00, 0x18, 0xC0, 0x18, 0xC0, 0x00, 0x00, 0x00, 0x00, 0xE0, 0x38, 0x70, 0x70,
    0x70, 0x70, 0x38, 0xE0, 0x1D, 0xC0, 0x1D, 0xC0, 0x0F, 0x80, 0x07, 0x80, 0x07, 0x00, 0x07, 0x00,
    0x07, 0x00, 0x07, 0x00, 0x07, 0x00, 0x07, 0x00, 0x31, 0x80, 0x1F, 0x00, 0x0E, 0x00, 0x00, 0x00,
    0x00, 0x00, 0xFF, 0xE0, 0xFF, 0xE0, 0x01, 0xC0, 0x01, 0xC0, 0x03, 0x80, 0x07, 0x00, 0x0E, 0x00,
    0x0E, 0x00, 0x1C, 0x00, 0x38, 0x00, 0x70, 0x00, 0x70, 0x00, 0xFF, 0xE0, 0xFF, 0xE0, 0x77, 0x00,
    0x3E, 0x00, 0x08, 0x00, 0x00, 0x00, 0xFF, 0x80, 0xFF, 0x80, 0x07, 0x00, 0x07, 0x00, 0x0E, 0x00,
    0x1C, 0x00, 0x38, 0x00, 0x78, 0x00, 0x70, 0x00, 0xFF, 0x80, 0xFF, 0x80, 0x1F, 0x1E, 0x38, 0x7E,
    0x7E, 0x38, 0x38, 0x38, 0x38, 0x38, 0x38, 0x38, 0x38, 0x38, 0x38, 0x38, 0xF0, 0x60, 0x38, 0x7C,
    0xCE, 0x64, 0xFC, 0xDC, 0xFF, 0xC0, 0xFF, 0xC0, 0xFF, 0xFF, 0xF0, 0xFF, 0xFF, 0xF0, 0x60, 0x60,
    0x60, 0xE0, 0xC0, 0xC0, 0xE0, 0xE0, 0xC0, 0xC0, 0xC0, 0xC0, 0x70, 0x60, 0x60, 0x60, 0xC0, 0xC0,
    0x66, 0x66, 0x66, 0xE6, 0xCE, 0xCE, 0xE6, 0xEE, 0xCE, 0xCC, 0xCC, 0xCC, 0x77, 0x66, 0x66, 0x66,
    0xC6, 0xCC, 0x1C, 0x00, 0x1C, 0x00, 0x1C, 0x00, 0xFF, 0x80, 0xFF, 0x00, 0x1C, 0x00, 0x1C, 0x00,
    0x18, 0x00, 0x18, 0x00, 0x18, 0x00, 0x08, 0x00, 0x1C, 0x00, 0x1C, 0x00, 0xFF, 0x00, 0xFF, 0x80,
    0x1C, 0x00, 0x1C, 0x00, 0x1C, 0x00, 0xFF, 0x80, 0xFF, 0x80, 0x1C, 0x00, 0x1C, 0x00, 0x18, 0x00,
    0x18, 0x00, 0x18, 0x00, 0x78, 0xFC, 0xFC, 0xFC, 0xFC, 0x78, 0xC3, 0x0C, 0xE3, 0x8E, 0xC3, 0x0C,
    0x78, 0x08, 0x00, 0xFC, 0x18, 0x00, 0xCC, 0x30, 0x00, 0xCC, 0x20, 0x00, 0xFC, 0x60, 0x00, 0x78,
    0xC0, 0x00, 0x01, 0x80, 0x00, 0x01, 0x1E, 0x1C, 0x03, 0x3F, 0x3E, 0x06, 0x33, 0x63, 0x04, 0x33,
    0x63, 0x0C, 0x33, 0x63, 0x18, 0x3F, 0x3E, 0x30, 0x1E, 0x1C, 0x1C, 0x18, 0x30, 0x70, 0xE0, 0x70,
    0x30, 0x18, 0x1C, 0xE0, 0x70, 0x38, 0x1C, 0x1C, 0x1C, 0x38, 0x70, 0xE0, 0x03, 0xE0, 0x0F, 0xF0,
    0x1E, 0x20, 0x18, 0x00, 0x7F, 0xC0, 0xFF, 0xC0, 0x38, 0x00, 0x7F, 0x80, 0xFF, 0x00, 0x38, 0x00,
    0x18, 0x00, 0x1E, 0x20, 0x0F, 0xF0, 0x03, 0xE0, 0xF4, 0x40, 0x46, 0xC0, 0x46, 0xC0, 0x45, 0x40,
    0x45, 0x40,
];
pub static INTER_STANDARD_HEADING: BitmapFont = BitmapFont {
    glyphs: &INTER_STANDARD_HEADING_GLYPHS,
    bitmap: &INTER_STANDARD_HEADING_BITMAP,
    extra: &INTER_STANDARD_HEADING_EXTRA,
    line_height: 26,
};

// INTER_STANDARD_LARGE: Inter SemiBold 24 px, line-height 31
const INTER_STANDARD_LARGE_GLYPHS: [Glyph; 95] = [
    g(0, 0, 0, 7, 0, 0),
    g(0, 4, 17, 8, 2, -17),
    g(17, 8, 7, 13, 3, -17),
    g(24, 15, 17, 16, 0, -17),
    g(58, 13, 22, 16, 2, -20),
    g(102, 19, 17, 25, 2, -17),
    g(153, 15, 17, 16, 1, -17),
    g(187, 3, 7, 8, 3, -17),
    g(194, 6, 21, 9, 2, -18),
    g(215, 6, 21, 9, 1, -18),
    g(236, 8, 10, 13, 3, -17),
    g(246, 12, 12, 17, 2, -13),
    g(270, 3, 7, 8, 2, -2),
    g(277, 8, 2, 12, 2, -8),
    g(279, 4, 4, 8, 2, -4),
    g(283, 7, 21, 10, 1, -18),
    g(304, 13, 17, 16, 1, -17),
    g(338, 7, 17, 11, 1, -17),
    g(355, 12, 17, 15, 2, -17),
    g(389, 13, 17, 16, 1, -17),
    g(423, 14, 17, 16, 1, -17),
    g(457, 12, 17, 15, 1, -17),
    g(491, 13, 17, 16, 1, -17),
    g(525, 12, 17, 14, 1, -17),
    g(559, 13, 17, 16, 1, -17),
    g(593, 13, 17, 16, 1, -17),
    g(627, 4, 13, 8, 2, -13),
    g(640, 5, 17, 8, 1, -12),
    g(657, 12, 12, 17, 2, -13),
    g(681, 11, 8, 17, 2, -11),
    g(697, 12, 12, 17, 3, -13),
    g(721, 11, 17, 14, 1, -17),
    g(755, 22, 22, 24, 1, -17),
    g(821, 15, 17, 18, 1, -17),
    g(855, 13, 17, 16, 2, -17),
    g(889, 15, 17, 18, 1, -17),
    g(923, 14, 17, 18, 2, -17),
    g(957, 12, 17, 15, 2, -17),
    g(991, 11, 17, 15, 2, -17),
    g(1025, 15, 17, 18, 1, -17),
    g(1059, 14, 17, 18, 2, -17),
    g(1093, 3, 17, 7, 2, -17),
    g(1110, 11, 17, 14, 1, -17),
    g(1144, 14, 17, 17, 2, -17),
    g(1178, 11, 17, 14, 2, -17),
    g(1212, 19, 17, 23, 2, -17),
    g(1263, 15, 17, 19, 2, -17),
    g(1297, 16, 17, 19, 1, -17),
    g(1331, 13, 17, 16, 2, -17),
    g(1365, 16, 18, 19, 1, -17),
    g(1401, 13, 17, 16, 2, -17),
    g(1435, 13, 17, 16, 2, -17),
    g(1469, 14, 17, 16, 1, -17),
    g(1503, 14, 17, 18, 2, -17),
    g(1537, 16, 17, 18, 1, -17),
    g(1571, 23, 17, 25, 1, -17),
    g(1622, 16, 17, 18, 1, -17),
    g(1656, 15, 17, 18, 1, -17),
    g(1690, 13, 17, 16, 1, -17),
    g(1724, 6, 21, 9, 2, -18),
    g(1745, 8, 21, 10, 1, -18),
    g(1766, 6, 21, 9, 1, -18),
    g(1787, 9, 7, 12, 1, -16),
    g(1801, 11, 2, 12, 0, 0),
    g(1805, 4, 4, 9, 2, -18),
    g(1809, 11, 13, 14, 1, -13),
    g(1835, 12, 17, 15, 2, -17),
    g(1869, 12, 13, 14, 1, -13),
    g(1895, 12, 17, 15, 1, -17),
    g(1929, 12, 13, 15, 1, -13),
    g(1955, 9, 18, 10, 0, -18),
    g(1991, 12, 18, 16, 1, -13),
    g(2027, 11, 17, 15, 2, -17),
    g(2061, 3, 18, 7, 1, -18),
    g(2079, 5, 23, 7, 0, -18),
    g(2102, 12, 17, 14, 2, -17),
    g(2136, 3, 17, 7, 2, -17),
    g(2153, 19, 13, 22, 2, -13),
    g(2192, 11, 13, 15, 2, -13),
    g(2218, 12, 13, 15, 1, -13),
    g(2244, 12, 18, 15, 2, -13),
    g(2280, 12, 18, 15, 1, -13),
    g(2316, 8, 13, 10, 2, -13),
    g(2329, 11, 13, 14, 1, -13),
    g(2355, 8, 16, 9, 1, -16),
    g(2371, 11, 13, 15, 2, -13),
    g(2397, 12, 13, 15, 1, -13),
    g(2423, 18, 13, 21, 1, -13),
    g(2462, 12, 13, 14, 1, -13),
    g(2488, 12, 18, 15, 1, -13),
    g(2524, 11, 13, 14, 1, -13),
    g(2550, 8, 21, 11, 2, -18),
    g(2571, 3, 28, 9, 3, -22),
    g(2599, 9, 21, 11, 1, -18),
    g(2641, 12, 5, 17, 2, -9),
];
const INTER_STANDARD_LARGE_EXTRA: [(char, Glyph); 123] = [
    ('\u{a0}', g(0, 0, 0, 7, 0, 0)),
    ('\u{a1}', g(2651, 4, 18, 8, 2, -13)),
    ('\u{a2}', g(2669, 12, 17, 14, 1, -17)),
    ('\u{a3}', g(2703, 13, 17, 16, 1, -17)),
    ('\u{a4}', g(2737, 14, 14, 18, 2, -14)),
    ('\u{a5}', g(2765, 12, 17, 14, 1, -17)),
    ('\u{a6}', g(2799, 3, 20, 8, 2, -17)),
    ('\u{a7}', g(2819, 11, 21, 14, 1, -17)),
    ('\u{a8}', g(2861, 8, 3, 15, 3, -18)),
    ('\u{a9}', g(2864, 18, 17, 22, 2, -17)),
    ('\u{aa}', g(2915, 9, 10, 12, 1, -18)),
    ('\u{ab}', g(2935, 13, 11, 16, 1, -13)),
    ('\u{ac}', g(2957, 11, 5, 17, 2, -8)),
    ('\u{ad}', g(0, 0, 0, 0, 0, 0)),
    ('\u{ae}', g(2967, 14, 14, 16, 1, -18)),
    ('\u{af}', g(2995, 7, 2, 11, 2, -17)),
    ('\u{b0}', g(2997, 8, 8, 11, 1, -17)),
    ('\u{b1}', g(3005, 12, 12, 17, 2, -13)),
    ('\u{b2}', g(3029, 8, 10, 11, 1, -21)),
    ('\u{b3}', g(3039, 8, 10, 12, 1, -21)),
    ('\u{b4}', g(3049, 4, 4, 9, 2, -18)),
    ('\u{b5}', g(3053, 13, 18, 15, 2, -13)),
    ('\u{b6}', g(3089, 12, 17, 15, 1, -17)),
    ('\u{b7}', g(3123, 4, 4, 8, 2, -10)),
    ('\u{b8}', g(3127, 5, 5, 8, 2, 0)),
    ('\u{b9}', g(3132, 6, 10, 8, 1, -21)),
    ('\u{ba}', g(3142, 10, 10, 12, 1, -18)),
    ('\u{bb}', g(3162, 13, 11, 16, 1, -13)),
    ('\u{bc}', g(3184, 19, 18, 20, 0, -17)),
    ('\u{bd}', g(3238, 19, 17, 21, 1, -17)),
    ('\u{be}', g(3289, 20, 18, 22, 1, -17)),
    ('\u{bf}', g(3343, 11, 18, 14, 1, -13)),
    ('\u{c0}', g(3379, 15, 22, 18, 1, -22)),
    ('\u{c1}', g(3423, 15, 22, 18, 1, -22)),
    ('\u{c2}', g(3467, 15, 23, 18, 1, -23)),
    ('\u{c3}', g(3513, 15, 22, 18, 1, -22)),
    ('\u{c4}', g(3557, 15, 22, 18, 1, -22)),
    ('\u{c5}', g(3601, 15, 23, 18, 1, -23)),
    ('\u{c6}', g(3647, 22, 17, 25, 1, -17)),
    ('\u{c7}', g(3698, 15, 21, 18, 1, -17)),
    ('\u{c8}', g(3740, 12, 22, 15, 2, -22)),
    ('\u{c9}', g(3784, 12, 22, 15, 2, -22)),
    ('\u{ca}', g(3828, 12, 23, 15, 2, -23)),
    ('\u{cb}', g(3874, 12, 22, 15, 2, -22)),
    ('\u{cc}', g(3918, 5, 22, 7, 0, -22)),
    ('\u{cd}', g(3940, 5, 22, 7, 2, -22)),
    ('\u{ce}', g(3962, 7, 23, 7, 0, -23)),
    ('\u{cf}', g(3985, 8, 22, 7, -1, -22)),
    ('\u{d0}', g(4007, 16, 17, 19, 1, -17)),
    ('\u{d1}', g(4041, 15, 22, 19, 2, -22)),
    ('\u{d2}', g(4085, 16, 23, 19, 1, -23)),
    ('\u{d3}', g(4131, 16, 23, 19, 1, -23)),
    ('\u{d4}', g(4177, 16, 23, 19, 1, -23)),
    ('\u{d5}', g(4223, 16, 22, 19, 1, -22)),
    ('\u{d6}', g(4267, 16, 22, 19, 1, -22)),
    ('\u{d7}', g(4311, 12, 11, 17, 2, -12)),
    ('\u{d8}', g(4333, 16, 17, 19, 1, -17)),
    ('\u{d9}', g(4367, 14, 23, 18, 2, -23)),
    ('\u{da}', g(4413, 14, 23, 18, 2, -23)),
    ('\u{db}', g(4459, 14, 23, 18, 2, -23)),
    ('\u{dc}', g(4505, 14, 22, 18, 2, -22)),
    ('\u{dd}', g(4549, 15, 22, 18, 1, -22)),
    ('\u{de}', g(4593, 12, 17, 16, 2, -17)),
    ('\u{df}', g(4627, 13, 17, 16, 2, -17)),
    ('\u{e0}', g(4661, 11, 18, 14, 1, -18)),
    ('\u{e1}', g(4697, 11, 18, 14, 1, -18)),
    ('\u{e2}', g(4733, 11, 19, 14, 1, -19)),
    ('\u{e3}', g(4771, 11, 18, 14, 1, -18)),
    ('\u{e4}', g(4807, 11, 18, 14, 1, -18)),
    ('\u{e5}', g(4843, 11, 20, 14, 1, -20)),
    ('\u{e6}', g(4883, 20, 13, 22, 1, -13)),
    ('\u{e7}', g(4922, 12, 17, 14, 1, -13)),
    ('\u{e8}', g(4956, 12, 18, 15, 1, -18)),
    ('\u{e9}', g(4992, 12, 18, 15, 1, -18)),
    ('\u{ea}', g(5028, 12, 19, 15, 1, -19)),
    ('\u{eb}', g(5066, 12, 18, 15, 1, -18)),
    ('\u{ec}', g(5102, 5, 18, 7, 0, -18)),
    ('\u{ed}', g(5120, 5, 18, 7, 2, -18)),
    ('\u{ee}', g(5138, 7, 18, 7, 0, -18)),
    ('\u{ef}', g(5156, 8, 18, 7, -1, -18)),
    ('\u{f0}', g(5174, 12, 18, 15, 1, -18)),
    ('\u{f1}', g(5210, 11, 18, 15, 2, -18)),
    ('\u{f2}', g(5246, 12, 18, 15, 1, -18)),
    ('\u{f3}', g(5282, 12, 18, 15, 1, -18)),
    ('\u{f4}', g(5318, 12, 19, 15, 1, -19)),
    ('\u{f5}', g(5356, 12, 18, 15, 1, -18)),
    ('\u{f6}', g(5392, 12, 18, 15, 1, -18)),
    ('\u{f7}', g(5428, 12, 13, 17, 2, -13)),
    ('\u{f8}', g(5454, 12, 13, 15, 1, -13)),
    ('\u{f9}', g(5480, 11, 18, 15, 2, -18)),
    ('\u{fa}', g(5516, 11, 18, 15, 2, -18)),
    ('\u{fb}', g(5552, 11, 18, 15, 2, -18)),
    ('\u{fc}', g(5588, 11, 18, 15, 2, -18)),
    ('\u{fd}', g(5624, 12, 23, 15, 1, -18)),
    ('\u{fe}', g(5670, 12, 22, 15, 2, -17)),
    ('\u{ff}', g(5714, 12, 23, 15, 1, -18)),
    ('\u{152}', g(5760, 22, 17, 25, 1, -17)),
    ('\u{153}', g(5811, 22, 13, 24, 1, -13)),
    ('\u{160}', g(5850, 13, 23, 16, 2, -23)),
    ('\u{161}', g(5896, 11, 19, 14, 1, -19)),
    ('\u{178}', g(5934, 15, 22, 18, 1, -22)),
    ('\u{17d}', g(5978, 13, 23, 16, 1, -23)),
    ('\u{17e}', g(6024, 11, 18, 14, 1, -18)),
    ('\u{192}', g(6060, 10, 22, 11, 0, -17)),
    ('\u{2c6}', g(6104, 8, 4, 11, 1, -19)),
    ('\u{2dc}', g(6108, 7, 3, 13, 2, -18)),
    ('\u{2013}', g(6111, 12, 2, 12, 0, -8)),
    ('\u{2014}', g(6115, 24, 2, 24, 0, -8)),
    ('\u{2018}', g(6121, 4, 7, 8, 2, -17)),
    ('\u{2019}', g(6128, 4, 7, 8, 2, -17)),
    ('\u{201a}', g(6135, 4, 7, 7, 1, -2)),
    ('\u{201c}', g(6142, 9, 7, 13, 2, -17)),
    ('\u{201d}', g(6156, 9, 7, 13, 2, -17)),
    ('\u{201e}', g(6170, 9, 7, 12, 1, -2)),
    ('\u{2020}', g(6184, 11, 13, 14, 1, -17)),
    ('\u{2021}', g(6210, 11, 17, 14, 1, -17)),
    ('\u{2022}', g(6244, 8, 7, 13, 2, -10)),
    ('\u{2026}', g(6251, 20, 4, 23, 2, -4)),
    ('\u{2030}', g(6263, 28, 17, 33, 2, -17)),
    ('\u{2039}', g(6331, 8, 11, 10, 1, -13)),
    ('\u{203a}', g(6342, 8, 11, 10, 1, -13)),
    ('\u{20ac}', g(6353, 14, 17, 17, 1, -17)),
    ('\u{2122}', g(6387, 13, 6, 16, 1, -17)),
];
const INTER_STANDARD_LARGE_BITMAP: [u8; 6399] = [
    0xE0, 0xE0, 0xE0, 0xE0, 0xE0, 0xE0, 0xE0, 0xE0, 0xE0, 0xE0, 0xE0, 0xE0, 0x00, 0x60, 0xF0, 0xF0,
    0x60, 0xE7, 0xE7, 0xE7, 0xE7, 0xE7, 0xE7, 0xE7, 0x06, 0x18, 0x06, 0x18, 0x0E, 0x18, 0x0E, 0x38,
    0x3F, 0xFE, 0x7F, 0xFE, 0x1E, 0x38, 0x0C, 0x30, 0x1C, 0x30, 0x1C, 0x70, 0x7F, 0xFC, 0xFF, 0xFC,
    0x3C, 0x70, 0x18, 0x60, 0x38, 0x60, 0x38, 0xE0, 0x30, 0xE0, 0x02, 0x00, 0x02, 0x00, 0x02, 0x00,
    0x0F, 0x80, 0x3F, 0xE0, 0x7F, 0xF0, 0xF2, 0x78, 0xE2, 0x30, 0xE2, 0x00, 0xFA, 0x00, 0x7F, 0x00,
    0x3F, 0xE0, 0x07, 0xF0, 0x02, 0x78, 0x02, 0x38, 0xE2, 0x38, 0xE2, 0x78, 0xFF, 0xF0, 0x7F, 0xE0,
    0x1F, 0x80, 0x02, 0x00, 0x02, 0x00, 0x38, 0x03, 0x00, 0x7E, 0x07, 0x00, 0xEE, 0x06, 0x00, 0xC6,
    0x0C, 0x00, 0xC6, 0x18, 0x00, 0xEE, 0x18, 0x00, 0x7E, 0x30, 0x00, 0x38, 0x60, 0x00, 0x00, 0xE0,
    0x00, 0x00, 0xC3, 0x80, 0x01, 0x87, 0xE0, 0x03, 0x8C, 0x60, 0x03, 0x0C, 0x60, 0x06, 0x0C, 0x60,
    0x0C, 0x0E, 0xE0, 0x1C, 0x07, 0xE0, 0x18, 0x03, 0x80, 0x0F, 0x80, 0x3F, 0xC0, 0x7D, 0xE0, 0x70,
    0xE0, 0x70, 0xE0, 0x79, 0xE0, 0x3F, 0xC0, 0x3F, 0x80, 0x1E, 0x00, 0x7F, 0x1C, 0x77, 0x9C, 0xE3,
    0xFC, 0xE1, 0xF8, 0xE0, 0xF8, 0x79, 0xF8, 0x7F, 0xFC, 0x1F, 0x9E, 0xE0, 0xE0, 0xE0, 0xE0, 0xE0,
    0xE0, 0xE0, 0x1C, 0x38, 0x38, 0x70, 0x70, 0x70, 0x70, 0xE0, 0xE0, 0xE0, 0xE0, 0xE0, 0xE0, 0xE0,
    0xE0, 0x70, 0x70, 0x70, 0x38, 0x38, 0x1C, 0xE0, 0x70, 0x70, 0x38, 0x38, 0x38, 0x3C, 0x1C, 0x1C,
    0x1C, 0x1C, 0x1C, 0x1C, 0x1C, 0x1C, 0x38, 0x38, 0x38, 0x70, 0x70, 0xE0, 0x18, 0x18, 0xDB, 0xFF,
    0x7E, 0x7E, 0xFF, 0xDB, 0x18, 0x18, 0x07, 0x00, 0x07, 0x00, 0x07, 0x00, 0x07, 0x00, 0x07, 0x80,
    0xFF, 0xF0, 0xFF, 0xF0, 0x07, 0x00, 0x07, 0x00, 0x07, 0x00, 0x07, 0x00, 0x07, 0x00, 0xE0, 0xE0,
    0xE0, 0xE0, 0xC0, 0xC0, 0xC0, 0xFF, 0xFF, 0x60, 0xF0, 0xF0, 0x60, 0x02, 0x06, 0x0E, 0x0E, 0x0E,
    0x0C, 0x1C, 0x1C, 0x1C, 0x18, 0x38, 0x38, 0x30, 0x70, 0x70, 0x70, 0x60, 0xE0, 0xE0, 0xC0, 0xC0,
    0x0F, 0x80, 0x1F, 0xE0, 0x3D, 0xE0, 0x70, 0x70, 0x70, 0x70, 0xE0, 0x38, 0xE0, 0x38, 0xE0, 0x38,
    0xE0, 0x38, 0xE0, 0x38, 0xE0, 0x38, 0xE0, 0x38, 0x70, 0x70, 0x70, 0x70, 0x3D, 0xF0, 0x3F, 0xE0,
    0x0F, 0x80, 0x1E, 0x3E, 0xFE, 0xEE, 0x8E, 0x0E, 0x0E, 0x0E, 0x0E, 0x0E, 0x0E, 0x0E, 0x0E, 0x0E,
    0x0E, 0x0E, 0x0E, 0x1F, 0x80, 0x3F, 0xC0, 0x79, 0xE0, 0xF0, 0xF0, 0xE0, 0x70, 0x00, 0x70, 0x00,
    0xF0, 0x00, 0xE0, 0x01, 0xE0, 0x03, 0xC0, 0x07, 0x80, 0x0F, 0x00, 0x1E, 0x00, 0x3C, 0x00, 0xF8,
    0x00, 0xFF, 0xF0, 0xFF, 0xF0, 0x1F, 0x80, 0x3F, 0xE0, 0x79, 0xE0, 0xF0, 0x70, 0xE0, 0x70, 0x00,
    0x70, 0x00, 0xE0, 0x0F, 0xC0, 0x0F, 0xC0, 0x01, 0xF0, 0x00, 0x78, 0x00, 0x38, 0xE0, 0x38, 0xF0,
    0x78, 0x7D, 0xF0, 0x3F, 0xE0, 0x1F, 0x80, 0x00, 0xF0, 0x01, 0xF0, 0x03, 0xF0, 0x03, 0xF0, 0x07,
    0x70, 0x06, 0x70, 0x0E, 0x70, 0x1C, 0x70, 0x1C, 0x70, 0x38, 0x70, 0x70, 0x70, 0x70, 0x78, 0xFF,
    0xFC, 0xFF, 0xFC, 0x00, 0x70, 0x00, 0x70, 0x00, 0x70, 0x7F, 0xE0, 0x7F, 0xE0, 0x70, 0x00, 0x70,
    0x00, 0x70, 0x00, 0x70, 0x00, 0x7F, 0xC0, 0xFF, 0xE0, 0x71, 0xE0, 0x00, 0xF0, 0x00, 0x70, 0x00,
    0x70, 0xE0, 0x70, 0xF0, 0xF0, 0x79, 0xE0, 0x3F, 0xC0, 0x1F, 0x00, 0x0F, 0xC0, 0x1F, 0xE0, 0x3D,
    0xF0, 0x70, 0x78, 0x70, 0x00, 0xE0, 0x00, 0xE7, 0xE0, 0xEF, 0xF0, 0xF8, 0xF0, 0xF0, 0x78, 0xF0,
    0x38, 0xE0, 0x38, 0xF0, 0x38, 0x70, 0x70, 0x7D, 0xF0, 0x3F, 0xE0, 0x0F, 0x80, 0xFF, 0xF0, 0xFF,
    0xF0, 0x00, 0xF0, 0x00, 0xE0, 0x00, 0xE0, 0x01, 0xC0, 0x01, 0xC0, 0x03, 0x80, 0x03, 0x80, 0x07,
    0x00, 0x07, 0x00, 0x0E, 0x00, 0x0E, 0x00, 0x1C, 0x00, 0x3C, 0x00, 0x38, 0x00, 0x78, 0x00, 0x0F,
    0x80, 0x3F, 0xE0, 0x7D, 0xF0, 0x70, 0x70, 0x70, 0x70, 0x70, 0x70, 0x3D, 0xE0, 0x1F, 0xC0, 0x3F,
    0xE0, 0x78, 0xF0, 0xF0, 0x78, 0xE0, 0x38, 0xE0, 0x38, 0xF0, 0x78, 0x7D, 0xF0, 0x3F, 0xE0, 0x0F,
    0x80, 0x0F, 0x80, 0x3F, 0xE0, 0x7D, 0xF0, 0xF0, 0x70, 0xE0, 0x78, 0xE0, 0x38, 0xE0, 0x78, 0xF0,
    0x78, 0x7D, 0xF8, 0x3F, 0xB8, 0x1F, 0x38, 0x00, 0x38, 0xE0, 0x70, 0x70, 0xF0, 0x7D, 0xE0, 0x3F,
    0xC0, 0x0F, 0x80, 0x60, 0xF0, 0xF0, 0x60, 0x00, 0x00, 0x00, 0x00, 0x00, 0x60, 0xF0, 0xF0, 0x60,
    0x30, 0x78, 0x78, 0x30, 0x00, 0x00, 0x00, 0x00, 0x00, 0x00, 0x70, 0x70, 0x70, 0x70, 0x60, 0xE0,
    0xE0, 0x00, 0x30, 0x00, 0xF0, 0x07, 0xE0, 0x1F, 0xC0, 0x7E, 0x00, 0xF8, 0x00, 0xF0, 0x00, 0xFC,
    0x00, 0x3F, 0x80, 0x07, 0xE0, 0x01, 0xF0, 0x00, 0x70, 0xFF, 0xE0, 0xFF, 0xE0, 0x00, 0x00, 0x00,
    0x00, 0x00, 0x00, 0x00, 0x00, 0xFF, 0xE0, 0xFF, 0xE0, 0xC0, 0x00, 0xF0, 0x00, 0xFC, 0x00, 0x3F,
    0x00, 0x0F, 0xC0, 0x01, 0xE0, 0x00, 0xF0, 0x07, 0xE0, 0x1F, 0x80, 0x7E, 0x00, 0xF8, 0x00, 0xE0,
    0x00, 0x1F, 0x00, 0x7F, 0xC0, 0x7B, 0xE0, 0xE0, 0xE0, 0xE0, 0xE0, 0x00, 0xE0, 0x03, 0xC0, 0x07,
    0x80, 0x0F, 0x00, 0x1C, 0x00, 0x1C, 0x00, 0x00, 0x00, 0x00, 0x00, 0x0C, 0x00, 0x1E, 0x00, 0x1E,
    0x00, 0x0C, 0x00, 0x00, 0xFE, 0x00, 0x07, 0xFF, 0x80, 0x0F, 0xCF, 0xE0, 0x1E, 0x00, 0xF0, 0x38,
    0x00, 0x70, 0x78, 0x00, 0x38, 0x70, 0xFB, 0x38, 0xF1, 0xFF, 0x1C, 0xE3, 0x87, 0x1C, 0xE3, 0x03,
    0x1C, 0xE3, 0x03, 0x1C, 0xE3, 0x03, 0x1C, 0xE3, 0x03, 0x1C, 0xE3, 0x87, 0x3C, 0xF1, 0xCF, 0xF8,
    0x71, 0xFF, 0xF8, 0x78, 0x79, 0xE0, 0x38, 0x00, 0x00, 0x3E, 0x00, 0x00, 0x1F, 0xE7, 0x00, 0x07,
    0xFF, 0x80, 0x01, 0xFE, 0x00, 0x07, 0xC0, 0x07, 0xC0, 0x07, 0xC0, 0x0E, 0xE0, 0x0E, 0xE0, 0x0E,
    0xE0, 0x1C, 0x70, 0x1C, 0x70, 0x3C, 0x70, 0x38, 0x38, 0x3C, 0x78, 0x7F, 0xFC, 0x7F, 0xFC, 0x70,
    0x1C, 0xF0, 0x1E, 0xE0, 0x0E, 0xE0, 0x0E, 0xFF, 0x80, 0xFF, 0xE0, 0xE1, 0xF0, 0xE0, 0x70, 0xE0,
    0x70, 0xE0, 0x70, 0xE0, 0xE0, 0xFF, 0xC0, 0xFF, 0xE0, 0xE1, 0xF0, 0xE0, 0x78, 0xE0, 0x38, 0xE0,
    0x38, 0xE0, 0x78, 0xE1, 0xF0, 0xFF, 0xF0, 0xFF, 0xC0, 0x07, 0xE0, 0x1F, 0xF8, 0x3E, 0x7C, 0x78,
    0x1E, 0x70, 0x0E, 0xF0, 0x0E, 0xE0, 0x00, 0xE0, 0x00, 0xE0, 0x00, 0xE0, 0x00, 0xE0, 0x00, 0xF0,
    0x0E, 0x70, 0x0E, 0x78, 0x1E, 0x3E, 0x7C, 0x1F, 0xF8, 0x07, 0xE0, 0xFF, 0x80, 0xFF, 0xE0, 0xF3,
    0xF0, 0xE0, 0x78, 0xE0, 0x38, 0xE0, 0x1C, 0xE0, 0x1C, 0xE0, 0x1C, 0xE0, 0x1C, 0xE0, 0x1C, 0xE0,
    0x1C, 0xE0, 0x3C, 0xE0, 0x38, 0xE0, 0x78, 0xF3, 0xF0, 0xFF, 0xE0, 0xFF, 0x80, 0xFF, 0xF0, 0xFF,
    0xF0, 0xE0, 0x00, 0xE0, 0x00, 0xE0, 0x00, 0xE0, 0x00, 0xE0, 0x00, 0xFF, 0xE0, 0xFF, 0xE0, 0xE0,
    0x00, 0xE0, 0x00, 0xE0, 0x00, 0xE0, 0x00, 0xE0, 0x00, 0xE0, 0x00, 0xFF, 0xF0, 0xFF, 0xF0, 0xFF,
    0xE0, 0xFF, 0xE0, 0xE0, 0x00, 0xE0, 0x00, 0xE0, 0x00, 0xE0, 0x00, 0xE0, 0x00, 0xE0, 0x00, 0xFF,
    0xE0, 0xFF, 0xE0, 0xE0, 0x00, 0xE0, 0x00, 0xE0, 0x00, 0xE0, 0x00, 0xE0, 0x00, 0xE0, 0x00, 0xE0,
    0x00, 0x07, 0xE0, 0x1F, 0xF8, 0x3E, 0xFC, 0x78, 0x1C, 0x70, 0x1E, 0xF0, 0x00, 0xE0, 0x00, 0xE0,
    0x00, 0xE0, 0xFE, 0xE0, 0xFE, 0xE0, 0x0E, 0xF0, 0x0E, 0x70, 0x1E, 0x78, 0x1C, 0x3E, 0x7C, 0x1F,
    0xF8, 0x07, 0xE0, 0xE0, 0x1C, 0xE0, 0x1C, 0xE0, 0x1C, 0xE0, 0x1C, 0xE0, 0x1C, 0xE0, 0x1C, 0xE0,
    0x1C, 0xFF, 0xFC, 0xFF, 0xFC, 0xE0, 0x1C, 0xE0, 0x1C, 0xE0, 0x1C, 0xE0, 0x1C, 0xE0, 0x1C, 0xE0,
    0x1C, 0xE0, 0x1C, 0xE0, 0x1C, 0xE0, 0xE0, 0xE0, 0xE0, 0xE0, 0xE0, 0xE0, 0xE0, 0xE0, 0xE0, 0xE0,
    0xE0, 0xE0, 0xE0, 0xE0, 0xE0, 0xE0, 0x00, 0xE0, 0x00, 0xE0, 0x00, 0xE0, 0x00, 0xE0, 0x00, 0xE0,
    0x00, 0xE0, 0x00, 0xE0, 0x00, 0xE0, 0x00, 0xE0, 0x00, 0xE0, 0x00, 0xE0, 0xE0, 0xE0, 0xE0, 0xE0,
    0xF0, 0xE0, 0x7B, 0xC0, 0x7F, 0xC0, 0x1F, 0x00, 0xE0, 0x3C, 0xE0, 0x78, 0xE0, 0xF0, 0xE1, 0xE0,
    0xE3, 0xC0, 0xE3, 0x80, 0xE7, 0x00, 0xEF, 0x00, 0xFF, 0x00, 0xFF, 0x80, 0xF3, 0xC0, 0xF1, 0xE0,
    0xE0, 0xE0, 0xE0, 0xF0, 0xE0, 0x78, 0xE0, 0x38, 0xE0, 0x3C, 0xE0, 0x00, 0xE0, 0x00, 0xE0, 0x00,
    0xE0, 0x00, 0xE0, 0x00, 0xE0, 0x00, 0xE0, 0x00, 0xE0, 0x00, 0xE0, 0x00, 0xE0, 0x00, 0xE0, 0x00,
    0xE0, 0x00, 0xE0, 0x00, 0xE0, 0x00, 0xFF, 0xE0, 0xFF, 0xE0, 0xFF, 0xE0, 0xF8, 0x03, 0xE0, 0xF8,
    0x03, 0xE0, 0xFC, 0x07, 0xE0, 0xFC, 0x07, 0xE0, 0xFE, 0x0E, 0xE0, 0xEE, 0x0E, 0xE0, 0xEE, 0x0E,
    0xE0, 0xEF, 0x1C, 0xE0, 0xE7, 0x1C, 0xE0, 0xE7, 0x1C, 0xE0, 0xE3, 0xB8, 0xE0, 0xE3, 0xB8, 0xE0,
    0xE3, 0xB8, 0xE0, 0xE1, 0xF0, 0xE0, 0xE1, 0xF0, 0xE0, 0xE0, 0xE0, 0xE0, 0xE0, 0xE0, 0xE0, 0xF0,
    0x0E, 0xF8, 0x0E, 0xF8, 0x0E, 0xFC, 0x0E, 0xFE, 0x0E, 0xEE, 0x0E, 0xEF, 0x0E, 0xE7, 0x8E, 0xE3,
    0x8E, 0xE3, 0xCE, 0xE1, 0xEE, 0xE0, 0xEE, 0xE0, 0xFE, 0xE0, 0x7E, 0xE0, 0x3E, 0xE0, 0x3E, 0xE0,
    0x1E, 0x07, 0xE0, 0x1F, 0xF8, 0x3E, 0x7C, 0x78, 0x1E, 0x70, 0x0E, 0xF0, 0x0F, 0xE0, 0x07, 0xE0,
    0x07, 0xE0, 0x07, 0xE0, 0x07, 0xE0, 0x07, 0xF0, 0x0F, 0x70, 0x0E, 0x78, 0x1E, 0x3E, 0x7C, 0x1F,
    0xF8, 0x07, 0xE0, 0xFF, 0xC0, 0xFF, 0xE0, 0xE1, 0xF0, 0xE0, 0x78, 0xE0, 0x38, 0xE0, 0x38, 0xE0,
    0x38, 0xE0, 0x78, 0xF1, 0xF0, 0xFF, 0xE0, 0xFF, 0x80, 0xE0, 0x00, 0xE0, 0x00, 0xE0, 0x00, 0xE0,
    0x00, 0xE0, 0x00, 0xE0, 0x00, 0x07, 0xE0, 0x1F, 0xF8, 0x3E, 0x7C, 0x78, 0x1E, 0x70, 0x0E, 0xF0,
    0x0F, 0xE0, 0x07, 0xE0, 0x07, 0xE0, 0x07, 0xE0, 0x07, 0xE0, 0x07, 0xF1, 0xCF, 0x70, 0xEE, 0x78,
    0x7E, 0x3F, 0xFC, 0x1F, 0xFC, 0x07, 0xFC, 0x00, 0x0E, 0xFF, 0xC0, 0xFF, 0xE0, 0xE1, 0xF0, 0xE0,
    0x78, 0xE0, 0x38, 0xE0, 0x38, 0xE0, 0x38, 0xE0, 0x70, 0xFF, 0xF0, 0xFF, 0xE0, 0xF3, 0xC0, 0xE1,
    0xE0, 0xE0, 0xE0, 0xE0, 0xF0, 0xE0, 0x70, 0xE0, 0x78, 0xE0, 0x38, 0x0F, 0x80, 0x3F, 0xE0, 0x7D,
    0xF0, 0xF0, 0x78, 0xE0, 0x30, 0xE0, 0x00, 0xF8, 0x00, 0x7F, 0x00, 0x3F, 0xE0, 0x07, 0xF0, 0x00,
    0x78, 0x00, 0x38, 0xE0, 0x38, 0xE0, 0x78, 0xF9, 0xF0, 0x7F, 0xE0, 0x1F, 0x80, 0xFF, 0xFC, 0xFF,
    0xFC, 0x07, 0x00, 0x07, 0x00, 0x07, 0x00, 0x07, 0x00, 0x07, 0x00, 0x07, 0x00, 0x07, 0x00, 0x07,
    0x00, 0x07, 0x00, 0x07, 0x00, 0x07, 0x00, 0x07, 0x00, 0x07, 0x00, 0x07, 0x00, 0x07, 0x00, 0xE0,
    0x1C, 0xE0, 0x1C, 0xE0, 0x1C, 0xE0, 0x1C, 0xE0, 0x1C, 0xE0, 0x1C, 0xE0, 0x1C, 0xE0, 0x1C, 0xE0,
    0x1C, 0xE0, 0x1C, 0xE0, 0x1C, 0xE0, 0x1C, 0xE0, 0x1C, 0x70, 0x38, 0x7C, 0xF8, 0x3F, 0xF0, 0x0F,
    0xC0, 0xE0, 0x0F, 0xF0, 0x0E, 0x70, 0x0E, 0x70, 0x1E, 0x78, 0x1C, 0x38, 0x1C, 0x38, 0x3C, 0x3C,
    0x38, 0x1C, 0x38, 0x1C, 0x70, 0x1E, 0x70, 0x0E, 0x70, 0x0E, 0xE0, 0x07, 0xE0, 0x07, 0xE0, 0x07,
    0xC0, 0x03, 0xC0, 0xE0, 0x78, 0x1E, 0xE0, 0x78, 0x1C, 0xF0, 0x7C, 0x1C, 0x70, 0x7C, 0x1C, 0x70,
    0xFC, 0x3C, 0x70, 0xEC, 0x38, 0x78, 0xEE, 0x38, 0x38, 0xCE, 0x38, 0x39, 0xCE, 0x78, 0x39, 0xC6,
    0x70, 0x3D, 0xC7, 0x70, 0x1D, 0x87, 0x70, 0x1F, 0x87, 0x60, 0x1F, 0x83, 0xE0, 0x0F, 0x83, 0xE0,
    0x0F, 0x03, 0xE0, 0x0F, 0x03, 0xC0, 0x70, 0x0E, 0x78, 0x1C, 0x3C, 0x3C, 0x1C, 0x38, 0x0E, 0x70,
    0x0F, 0xF0, 0x07, 0xE0, 0x03, 0xC0, 0x03, 0xC0, 0x07, 0xE0, 0x07, 0xE0, 0x0E, 0x70, 0x1E, 0x78,
    0x3C, 0x3C, 0x38, 0x1C, 0x78, 0x1E, 0xF0, 0x0F, 0xF0, 0x0E, 0xF0, 0x1E, 0x78, 0x3C, 0x38, 0x38,
    0x3C, 0x78, 0x1C, 0x70, 0x0E, 0xE0, 0x0F, 0xE0, 0x07, 0xC0, 0x07, 0xC0, 0x03, 0x80, 0x03, 0x80,
    0x03, 0x80, 0x03, 0x80, 0x03, 0x80, 0x03, 0x80, 0x03, 0x80, 0xFF, 0xF8, 0xFF, 0xF8, 0x00, 0x78,
    0x00, 0xF0, 0x00, 0xE0, 0x01, 0xC0, 0x03, 0xC0, 0x07, 0x80, 0x07, 0x00, 0x0F, 0x00, 0x1E, 0x00,
    0x1C, 0x00, 0x38, 0x00, 0x78, 0x00, 0xF0, 0x00, 0xFF, 0xF8, 0xFF, 0xF8, 0xFC, 0xFC, 0xE0, 0xE0,
    0xE0, 0xE0, 0xE0, 0xE0, 0xE0, 0xE0, 0xE0, 0xE0, 0xE0, 0xE0, 0xE0, 0xE0, 0xE0, 0xE0, 0xE0, 0xFC,
    0xFC, 0xC0, 0xC0, 0xE0, 0xE0, 0x60, 0x60, 0x70, 0x70, 0x30, 0x38, 0x38, 0x38, 0x18, 0x1C, 0x1C,
    0x0C, 0x0C, 0x0E, 0x0E, 0x06, 0x07, 0xFC, 0xFC, 0x1C, 0x1C, 0x1C, 0x1C, 0x1C, 0x1C, 0x1C, 0x1C,
    0x1C, 0x1C, 0x1C, 0x1C, 0x1C, 0x1C, 0x1C, 0x1C, 0x1C, 0xFC, 0xFC, 0x1C, 0x00, 0x1E, 0x00, 0x36,
    0x00, 0x33, 0x00, 0x73, 0x00, 0x61, 0x80, 0xE1, 0x80, 0xFF, 0xE0, 0xFF, 0xE0, 0xE0, 0x60, 0x70,
    0x30, 0x1F, 0x00, 0x3F, 0xC0, 0x7B, 0xE0, 0x70, 0xE0, 0x00, 0xE0, 0x07, 0xE0, 0x7F, 0xE0, 0xF0,
    0xE0, 0xE0, 0xE0, 0xE1, 0xE0, 0xFB, 0xE0, 0x7E, 0xE0, 0x3C, 0xE0, 0xE0, 0x00, 0xE0, 0x00, 0xE0,
    0x00, 0xE0, 0x00, 0xE7, 0x80, 0xEF, 0xC0, 0xFD, 0xE0, 0xF0, 0xF0, 0xE0, 0x70, 0xE0, 0x70, 0xE0,
    0x70, 0xE0, 0x70, 0xE0, 0x70, 0xF0, 0xF0, 0xFD, 0xE0, 0xEF, 0xC0, 0xE7, 0x80, 0x0F, 0x80, 0x3F,
    0xC0, 0x7D, 0xE0, 0x70, 0xF0, 0xE0, 0x00, 0xE0, 0x00, 0xE0, 0x00, 0xE0, 0x00, 0xE0, 0x40, 0x70,
    0x70, 0x7D, 0xE0, 0x3F, 0xC0, 0x0F, 0x80, 0x00, 0x70, 0x00, 0x70, 0x00, 0x70, 0x00, 0x70, 0x1E,
    0x70, 0x3F, 0x70, 0x7D, 0xF0, 0x70, 0xF0, 0xE0, 0x70, 0xE0, 0x70, 0xE0, 0x70, 0xE0, 0x70, 0xE0,
    0x70, 0x70, 0xF0, 0x7D, 0xF0, 0x3F, 0x70, 0x1E, 0x70, 0x0F, 0x80, 0x3F, 0xC0, 0x7D, 0xE0, 0x70,
    0xF0, 0xE0, 0x70, 0xFF, 0xF0, 0xFF, 0xF0, 0xF0, 0x00, 0xE0, 0x00, 0x70, 0x60, 0x7D, 0xE0, 0x3F,
    0xE0, 0x0F, 0x80, 0x07, 0x80, 0x0F, 0x80, 0x1E, 0x80, 0x1C, 0x00, 0x1C, 0x00, 0xFF, 0x80, 0xFF,
    0x80, 0x1E, 0x00, 0x1C, 0x00, 0x1C, 0x00, 0x1C, 0x00, 0x1C, 0x00, 0x1C, 0x00, 0x1C, 0x00, 0x1C,
    0x00, 0x1C, 0x00, 0x1C, 0x00, 0x1C, 0x00, 0x1E, 0x70, 0x3F, 0x70, 0x7D, 0xF0, 0x70, 0xF0, 0xE0,
    0x70, 0xE0, 0x70, 0xE0, 0x70, 0xE0, 0x70, 0xE0, 0x70, 0xF0, 0xF0, 0x7D, 0xF0, 0x3F, 0x70, 0x1E,
    0x70, 0x00, 0x70, 0x20, 0x70, 0x79, 0xE0, 0x3F, 0xE0, 0x1F, 0x80, 0xE0, 0x00, 0xE0, 0x00, 0xE0,
    0x00, 0xE0, 0x00, 0xE7, 0x80, 0xFF, 0xC0, 0xFB, 0xE0, 0xF0, 0xE0, 0xE0, 0xE0, 0xE0, 0xE0, 0xE0,
    0xE0, 0xE0, 0xE0, 0xE0, 0xE0, 0xE0, 0xE0, 0xE0, 0xE0, 0xE0, 0xE0, 0xE0, 0xE0, 0xE0, 0xE0, 0xE0,
    0x00, 0x00, 0xE0, 0xE0, 0xE0, 0xE0, 0xE0, 0xE0, 0xE0, 0xE0, 0xE0, 0xE0, 0xE0, 0xE0, 0xE0, 0x38,
    0x38, 0x38, 0x00, 0x00, 0x38, 0x38, 0x38, 0x38, 0x38, 0x38, 0x38, 0x38, 0x38, 0x38, 0x38, 0x38,
    0x38, 0x38, 0x38, 0x78, 0xF0, 0xE0, 0xE0, 0x00, 0xE0, 0x00, 0xE0, 0x00, 0xE0, 0x00, 0xE0, 0xE0,
    0xE1, 0xC0, 0xE3, 0x80, 0xE7, 0x00, 0xEE, 0x00, 0xFE, 0x00, 0xFE, 0x00, 0xFF, 0x00, 0xE7, 0x80,
    0xE3, 0x80, 0xE3, 0xC0, 0xE1, 0xE0, 0xE0, 0xF0, 0xE0, 0xE0, 0xE0, 0xE0, 0xE0, 0xE0, 0xE0, 0xE0,
    0xE0, 0xE0, 0xE0, 0xE0, 0xE0, 0xE0, 0xE0, 0xE0, 0xE0, 0xE7, 0x8F, 0x80, 0xFF, 0xDF, 0xC0, 0xFB,
    0xFB, 0xE0, 0xF0, 0xE1, 0xE0, 0xE0, 0xE0, 0xE0, 0xE0, 0xE0, 0xE0, 0xE0, 0xE0, 0xE0, 0xE0, 0xE0,
    0xE0, 0xE0, 0xE0, 0xE0, 0xE0, 0xE0, 0xE0, 0xE0, 0xE0, 0xE0, 0xE0, 0xE0, 0xE0, 0xE0, 0xE0, 0xE0,
    0xE7, 0x80, 0xFF, 0xC0, 0xFB, 0xE0, 0xF0, 0xE0, 0xE0, 0xE0, 0xE0, 0xE0, 0xE0, 0xE0, 0xE0, 0xE0,
    0xE0, 0xE0, 0xE0, 0xE0, 0xE0, 0xE0, 0xE0, 0xE0, 0xE0, 0xE0, 0x0F, 0x00, 0x3F, 0xC0, 0x7D, 0xE0,
    0x70, 0xE0, 0xE0, 0x70, 0xE0, 0x70, 0xE0, 0x70, 0xE0, 0x70, 0xE0, 0x70, 0x70, 0xE0, 0x7D, 0xE0,
    0x3F, 0xC0, 0x0F, 0x00, 0xE7, 0x80, 0xEF, 0xC0, 0xFD, 0xE0, 0xF0, 0xF0, 0xE0, 0x70, 0xE0, 0x70,
    0xE0, 0x70, 0xE0, 0x70, 0xE0, 0x70, 0xF0, 0xF0, 0xFD, 0xE0, 0xEF, 0xC0, 0xE7, 0x80, 0xE0, 0x00,
    0xE0, 0x00, 0xE0, 0x00, 0xE0, 0x00, 0xE0, 0x00, 0x1E, 0x70, 0x3F, 0x70, 0x7D, 0xF0, 0x70, 0xF0,
    0xE0, 0x70, 0xE0, 0x70, 0xE0, 0x70, 0xE0, 0x70, 0xE0, 0x70, 0x70, 0xF0, 0x7D, 0xF0, 0x3F, 0x70,
    0x1E, 0x70, 0x00, 0x70, 0x00, 0x70, 0x00, 0x70, 0x00, 0x70, 0x00, 0x70, 0xE7, 0xFF, 0xF8, 0xF0,
    0xE0, 0xE0, 0xE0, 0xE0, 0xE0, 0xE0, 0xE0, 0xE0, 0xE0, 0x1F, 0x00, 0x7F, 0xC0, 0xFB, 0xC0, 0xE0,
    0xC0, 0xE0, 0x00, 0x7C, 0x00, 0x3F, 0x80, 0x07, 0xC0, 0x00, 0xE0, 0xE0, 0xE0, 0xFB, 0xE0, 0x7F,
    0xC0, 0x3F, 0x00, 0x38, 0x38, 0x38, 0xFF, 0xFF, 0x3C, 0x38, 0x38, 0x38, 0x38, 0x38, 0x38, 0x38,
    0x3C, 0x1F, 0x0F, 0xE0, 0xE0, 0xE0, 0xE0, 0xE0, 0xE0, 0xE0, 0xE0, 0xE0, 0xE0, 0xE0, 0xE0, 0xE0,
    0xE0, 0xE0, 0xE0, 0xE0, 0xE0, 0xF1, 0xE0, 0xFB, 0xE0, 0x7F, 0xE0, 0x3C, 0xE0, 0xE0, 0x70, 0xE0,
    0x70, 0xF0, 0x70, 0x70, 0xE0, 0x70, 0xE0, 0x38, 0xE0, 0x39, 0xC0, 0x39, 0xC0, 0x1D, 0x80, 0x1F,
    0x80, 0x1F, 0x80, 0x0F, 0x00, 0x0F, 0x00, 0xE0, 0xE1, 0xC0, 0xE1, 0xE1, 0xC0, 0xE1, 0xE1, 0xC0,
    0x71, 0xE1, 0xC0, 0x73, 0xF3, 0x80, 0x73, 0xB3, 0x80, 0x73, 0x33, 0x80, 0x3B, 0x33, 0x00, 0x3F,
    0x3F, 0x00, 0x3F, 0x1F, 0x00, 0x1E, 0x1E, 0x00, 0x1E, 0x1E, 0x00, 0x1E, 0x1E, 0x00, 0xF0, 0x70,
    0x70, 0xE0, 0x38, 0xE0, 0x3D, 0xC0, 0x1F, 0x80, 0x0F, 0x80, 0x0F, 0x80, 0x1F, 0x80, 0x1F, 0xC0,
    0x39, 0xC0, 0x38, 0xE0, 0x70, 0xF0, 0xF0, 0x70, 0xE0, 0x70, 0xE0, 0x70, 0xF0, 0x70, 0x70, 0xE0,
    0x70, 0xE0, 0x38, 0xE0, 0x39, 0xC0, 0x39, 0xC0, 0x19, 0x80, 0x1F, 0x80, 0x1F, 0x80, 0x0F, 0x00,
    0x0F, 0x00, 0x0F, 0x00, 0x0E, 0x00, 0x7E, 0x00, 0x7C, 0x00, 0x78, 0x00, 0xFF, 0xE0, 0xFF, 0xE0,
    0x03, 0xE0, 0x03, 0xC0, 0x07, 0x80, 0x07, 0x00, 0x0E, 0x00, 0x1E, 0x00, 0x3C, 0x00, 0x78, 0x00,
    0x78, 0x00, 0xFF, 0xE0, 0xFF, 0xE0, 0x0F, 0x1F, 0x3C, 0x38, 0x38, 0x38, 0x38, 0x38, 0x78, 0xF0,
    0xE0, 0xF0, 0x38, 0x38, 0x38, 0x38, 0x38, 0x38, 0x3E, 0x1F, 0x0F, 0xE0, 0xE0, 0xE0, 0xE0, 0xE0,
    0xE0, 0xE0, 0xE0, 0xE0, 0xE0, 0xE0, 0xE0, 0xE0, 0xE0, 0xE0, 0xE0, 0xE0, 0xE0, 0xE0, 0xE0, 0xE0,
    0xE0, 0xE0, 0xE0, 0xE0, 0xE0, 0xE0, 0xE0, 0xF8, 0x00, 0xF8, 0x00, 0x3C, 0x00, 0x1C, 0x00, 0x1C,
    0x00, 0x1C, 0x00, 0x1C, 0x00, 0x1C, 0x00, 0x1E, 0x00, 0x0F, 0x80, 0x03, 0x80, 0x0F, 0x80, 0x1C,
    0x00, 0x1C, 0x00, 0x1C, 0x00, 0x1C, 0x00, 0x1C, 0x00, 0x1C, 0x00, 0x7C, 0x00, 0xF8, 0x00, 0x70,
    0x00, 0x38, 0x30, 0x7E, 0x30, 0xF7, 0xF0, 0xE3, 0xE0, 0xE1, 0xC0, 0x60, 0xF0, 0xF0, 0x60, 0x00,
    0x00, 0xE0, 0xE0, 0xE0, 0xE0, 0xE0, 0xE0, 0xE0, 0xE0, 0xE0, 0xE0, 0xE0, 0xE0, 0x02, 0x00, 0x02,
    0x00, 0x0F, 0x80, 0x3F, 0xC0, 0x7F, 0xE0, 0x72, 0x70, 0xE2, 0x00, 0xE2, 0x00, 0xE2, 0x00, 0xE2,
    0x00, 0xE2, 0x40, 0x72, 0x70, 0x7F, 0xE0, 0x3F, 0xC0, 0x0F, 0x80, 0x02, 0x00, 0x02, 0x00, 0x07,
    0xC0, 0x0F, 0xF0, 0x1E, 0xF0, 0x3C, 0x38, 0x38, 0x00, 0x38, 0x00, 0x38, 0x00, 0xFF, 0xC0, 0xFF,
    0xC0, 0x3C, 0x00, 0x38, 0x00, 0x38, 0x00, 0x38, 0x00, 0x38, 0x38, 0xFF, 0xF8, 0xFF, 0xF8, 0xFF,
    0xF0, 0xCF, 0xCC, 0xFF, 0xFC, 0x78, 0x78, 0x60, 0x18, 0xE0, 0x1C, 0xC0, 0x0C, 0xC0, 0x0C, 0xC0,
    0x0C, 0xC0, 0x0C, 0x60, 0x1C, 0x70, 0x38, 0xFC, 0xFC, 0xFF, 0xFC, 0x0F, 0xC0, 0xE0, 0xF0, 0xE0,
    0xE0, 0x70, 0xE0, 0x71, 0xC0, 0x39, 0xC0, 0x3B, 0x80, 0x3F, 0x80, 0x1F, 0x00, 0x7F, 0xC0, 0xFF,
    0xE0, 0x0E, 0x00, 0x0E, 0x00, 0xFF, 0xE0, 0xFF, 0xE0, 0x0F, 0x00, 0x0E, 0x00, 0x0E, 0x00, 0xE0,
    0xE0, 0xE0, 0xE0, 0xE0, 0xE0, 0xE0, 0xE0, 0x00, 0x00, 0x00, 0x00, 0xE0, 0xE0, 0xE0, 0xE0, 0xE0,
    0xE0, 0xE0, 0xE0, 0x1F, 0x00, 0x3F, 0x80, 0x7B, 0xC0, 0x71, 0xC0, 0x70, 0x00, 0x78, 0x00, 0x3E,
    0x00, 0x3F, 0x80, 0xE7, 0xC0, 0xC3, 0xE0, 0xC0, 0xE0, 0xE0, 0xE0, 0x79, 0xC0, 0x3F, 0x80, 0x0F,
    0x80, 0x03, 0xC0, 0x01, 0xC0, 0x61, 0xC0, 0x7B, 0xC0, 0x3F, 0x80, 0x1F, 0x00, 0xE7, 0xE7, 0xE7,
    0x07, 0xF8, 0x00, 0x1F, 0xFE, 0x00, 0x3E, 0x1F, 0x00, 0x39, 0xE7, 0x80, 0x77, 0xF3, 0x80, 0xF7,
    0x7B, 0xC0, 0xEE, 0x19, 0xC0, 0xEC, 0x01, 0xC0, 0xEC, 0x01, 0xC0, 0xEE, 0x19, 0xC0, 0xE7, 0x79,
    0xC0, 0x77, 0xF3, 0x80, 0x79, 0xE7, 0x80, 0x3C, 0x0F, 0x00, 0x1F, 0x3E, 0x00, 0x0F, 0xFC, 0x00,
    0x03, 0xF0, 0x00, 0x3E, 0x00, 0x7F, 0x00, 0x63, 0x80, 0x03, 0x80, 0x3F, 0x80, 0x7B, 0x80, 0xE3,
    0x80, 0xE3, 0x80, 0xFF, 0x80, 0x79, 0x80, 0x0F, 0x38, 0x0E, 0x70, 0x1C, 0xE0, 0x39, 0xC0, 0x73,
    0xC0, 0xF3, 0x80, 0x73, 0xC0, 0x39, 0xC0, 0x1C, 0xE0, 0x0E, 0x70, 0x0F, 0x38, 0xFF, 0xE0, 0xFF,
    0xE0, 0x00, 0xE0, 0x00, 0xE0, 0x00, 0xE0, 0x07, 0x80, 0x1F, 0xE0, 0x38, 0x70, 0x60, 0x38, 0x6F,
    0x98, 0xCC, 0xCC, 0xCC, 0xCC, 0xCF, 0x8C, 0xCD, 0x8C, 0xCC, 0xD8, 0x60, 0x18, 0x30, 0x70, 0x1F,
    0xE0, 0x0F, 0x80, 0xFE, 0xFE, 0x3C, 0x7E, 0xFF, 0xC3, 0xC3, 0xFF, 0x7E, 0x3C, 0x0E, 0x00, 0x0E,
    0x00, 0x0E, 0x00, 0xFF, 0xF0, 0xFF, 0xF0, 0x1E, 0x00, 0x0E, 0x00, 0x0E, 0x00, 0x0E, 0x00, 0x00,
    0x00, 0xFF, 0xF0, 0xFF, 0xF0, 0x3C, 0x7E, 0xE7, 0x07, 0x07, 0x0E, 0x3C, 0x70, 0xFF, 0xFF, 0x3C,
    0x7F, 0xE3, 0x03, 0x1E, 0x1F, 0x03, 0xE3, 0x7F, 0x3E, 0x70, 0x70, 0x60, 0xC0, 0xE0, 0xE0, 0xE0,
    0xE0, 0xE0, 0xE0, 0xE0, 0xE0, 0xE0, 0xE0, 0xE0, 0xE0, 0xE0, 0xE0, 0xE0, 0xE0, 0xE0, 0xE0, 0xF0,
    0xE0, 0xFB, 0xF0, 0xFF, 0xF8, 0xEE, 0x78, 0xE0, 0x00, 0xE0, 0x00, 0xE0, 0x00, 0xE0, 0x00, 0xE0,
    0x00, 0x1F, 0xF0, 0x3F, 0xF0, 0x7E, 0x70, 0xFE, 0x70, 0xFE, 0x70, 0xFE, 0x70, 0xFE, 0x70, 0xFE,
    0x70, 0x7E, 0x70, 0x3E, 0x70, 0x0E, 0x70, 0x00, 0x70, 0x00, 0x70, 0x00, 0x70, 0x00, 0x70, 0x00,
    0x70, 0x00, 0x70, 0x60, 0xF0, 0xF0, 0x60, 0x60, 0x60, 0x38, 0x18, 0xF0, 0x3C, 0x7C, 0xDC, 0x1C,
    0x1C, 0x1C, 0x1C, 0x1C, 0x1C, 0x1C, 0x1E, 0x00, 0x7F, 0x80, 0x61, 0x80, 0xE1, 0xC0, 0xE1, 0xC0,
    0xE1, 0xC0, 0xE1, 0xC0, 0x61, 0x80, 0x7F, 0x80, 0x1E, 0x00, 0xF3, 0x80, 0x73, 0xC0, 0x39, 0xE0,
    0x1C, 0xE0, 0x0E, 0x70, 0x0F, 0x38, 0x0E, 0x70, 0x1C, 0xE0, 0x39, 0xE0, 0x73, 0xC0, 0xF3, 0x80,
    0x38, 0x03, 0x00, 0x78, 0x07, 0x00, 0xD8, 0x06, 0x00, 0x18, 0x0C, 0x00, 0x18, 0x1C, 0x00, 0x18,
    0x18, 0x00, 0x18, 0x30, 0x00, 0x18, 0x60, 0x00, 0x18, 0xE1, 0xC0, 0x00, 0xC3, 0xC0, 0x01, 0x83,
    0xC0, 0x03, 0x86, 0xC0, 0x03, 0x0C, 0xC0, 0x06, 0x1D, 0xC0, 0x0E, 0x1F, 0xE0, 0x0C, 0x1F, 0xE0,
    0x18, 0x00, 0xC0, 0x10, 0x00, 0xC0, 0x70, 0x06, 0x00, 0xF0, 0x0E, 0x00, 0xB0, 0x0C, 0x00, 0x30,
    0x18, 0x00, 0x30, 0x38, 0x00, 0x30, 0x70, 0x00, 0x30, 0x60, 0x00, 0x30, 0xC3, 0x80, 0x31, 0xCF,
    0xE0, 0x01, 0x8C, 0x60, 0x03, 0x00, 0x60, 0x06, 0x00, 0xC0, 0x0E, 0x01, 0x80, 0x0C, 0x03, 0x00,
    0x18, 0x07, 0x00, 0x38, 0x0F, 0xE0, 0x70, 0x0F, 0xE0, 0x3C, 0x01, 0x80, 0x7E, 0x03, 0x80, 0xC6,
    0x03, 0x00, 0x06, 0x06, 0x00, 0x3C, 0x0E, 0x00, 0x1C, 0x0C, 0x00, 0x06, 0x18, 0x00, 0xC6, 0x30,
    0x00, 0xFE, 0x70, 0xE0, 0x38, 0x61, 0xE0, 0x00, 0xC3, 0xE0, 0x01, 0xC3, 0x60, 0x01, 0x86, 0x60,
    0x03, 0x0E, 0xE0, 0x07, 0x0F, 0xF0, 0x06, 0x0F, 0xF0, 0x0C, 0x00, 0x60, 0x08, 0x00, 0x60, 0x06,
    0x00, 0x0F, 0x00, 0x0F, 0x00, 0x06, 0x00, 0x00, 0x00, 0x00, 0x00, 0x0E, 0x00, 0x0E, 0x00, 0x1E,
    0x00, 0x3C, 0x00, 0x78, 0x00, 0xF0, 0x00, 0xE0, 0x00, 0xE0, 0xE0, 0xE0, 0xE0, 0x7B, 0xC0, 0x7F,
    0xC0, 0x1F, 0x00, 0x0E, 0x00, 0x07, 0x00, 0x03, 0x00, 0x03, 0x00, 0x00, 0x00, 0x07, 0xC0, 0x07,
    0xC0, 0x07, 0xC0, 0x0E, 0xE0, 0x0E, 0xE0, 0x0E, 0xE0, 0x1C, 0x70, 0x1C, 0x70, 0x3C, 0x70, 0x38,
    0x38, 0x3C, 0x78, 0x7F, 0xFC, 0x7F, 0xFC, 0x70, 0x1C, 0xF0, 0x1E, 0xE0, 0x0E, 0xE0, 0x0E, 0x00,
    0xE0, 0x01, 0xC0, 0x01, 0x80, 0x01, 0x80, 0x00, 0x00, 0x07, 0xC0, 0x07, 0xC0, 0x07, 0xC0, 0x0E,
    0xE0, 0x0E, 0xE0, 0x0E, 0xE0, 0x1C, 0x70, 0x1C, 0x70, 0x3C, 0x70, 0x38, 0x38, 0x3C, 0x78, 0x7F,
    0xFC, 0x7F, 0xFC, 0x70, 0x1C, 0xF0, 0x1E, 0xE0, 0x0E, 0xE0, 0x0E, 0x01, 0x00, 0x07, 0xC0, 0x0E,
    0xC0, 0x0C, 0x60, 0x00, 0x00, 0x00, 0x00, 0x07, 0xC0, 0x07, 0xC0, 0x07, 0xC0, 0x0E, 0xE0, 0x0E,
    0xE0, 0x0E, 0xE0, 0x1C, 0x70, 0x1C, 0x70, 0x3C, 0x70, 0x38, 0x38, 0x3C, 0x78, 0x7F, 0xFC, 0x7F,
    0xFC, 0x70, 0x1C, 0xF0, 0x1E, 0xE0, 0x0E, 0xE0, 0x0E, 0x06, 0x60, 0x0F, 0xE0, 0x08, 0xC0, 0x00,
    0x00, 0x00, 0x00, 0x07, 0xC0, 0x07, 0xC0, 0x07, 0xC0, 0x0E, 0xE0, 0x0E, 0xE0, 0x0E, 0xE0, 0x1C,
    0x70, 0x1C, 0x70, 0x3C, 0x70, 0x38, 0x38, 0x3C, 0x78, 0x7F, 0xFC, 0x7F, 0xFC, 0x70, 0x1C, 0xF0,
    0x1E, 0xE0, 0x0E, 0xE0, 0x0E, 0x0E, 0x70, 0x0E, 0x70, 0x0E, 0x70, 0x00, 0x00, 0x00, 0x00, 0x03,
    0xC0, 0x07, 0xC0, 0x07, 0xE0, 0x07, 0xE0, 0x0E, 0xE0, 0x0E, 0x70, 0x1E, 0x70, 0x1C, 0x70, 0x1C,
    0x78, 0x3C, 0x38, 0x3C, 0x38, 0x3F, 0xFC, 0x7F, 0xFC, 0x70, 0x1C, 0xF0, 0x1E, 0xE0, 0x0E, 0xE0,
    0x0E, 0x07, 0xC0, 0x0C, 0x60, 0x0C, 0x60, 0x0E, 0xE0, 0x03, 0x80, 0x00, 0x00, 0x07, 0xC0, 0x07,
    0xC0, 0x0F, 0xC0, 0x0E, 0xE0, 0x0E, 0xE0, 0x1E, 0xE0, 0x1C, 0x70, 0x1C, 0x70, 0x3C, 0x78, 0x38,
    0x38, 0x3C, 0x78, 0x7F, 0xFC, 0x7F, 0xFC, 0x70, 0x1C, 0xF0, 0x1E, 0xE0, 0x0E, 0xE0, 0x0E, 0x00,
    0xFF, 0xFC, 0x01, 0xFF, 0xFC, 0x01, 0xDF, 0xFC, 0x03, 0x9C, 0x00, 0x03, 0x9C, 0x00, 0x07, 0x1C,
    0x00, 0x07, 0x1C, 0x00, 0x0F, 0x1F, 0xFC, 0x0E, 0x1F, 0xFC, 0x1E, 0x1C, 0x00, 0x1E, 0x1C, 0x00,
    0x3F, 0xFC, 0x00, 0x3F, 0xFC, 0x00, 0x38, 0x1C, 0x00, 0x70, 0x1C, 0x00, 0x70, 0x1F, 0xFC, 0xF0,
    0x1F, 0xFC, 0x07, 0xE0, 0x1F, 0xF8, 0x3E, 0x7C, 0x78, 0x1E, 0x70, 0x0E, 0xF0, 0x0E, 0xE0, 0x00,
    0xE0, 0x00, 0xE0, 0x00, 0xE0, 0x00, 0xE0, 0x00, 0xF0, 0x0E, 0x70, 0x0E, 0x78, 0x1E, 0x3E, 0x7C,
    0x1F, 0xF8, 0x07, 0xE0, 0x01, 0x80, 0x01, 0xC0, 0x00, 0x60, 0x03, 0xC0, 0x18, 0x00, 0x1C, 0x00,
    0x0C, 0x00, 0x0E, 0x00, 0x00, 0x00, 0xFF, 0xF0, 0xFF, 0xF0, 0xE0, 0x00, 0xE0, 0x00, 0xE0, 0x00,
    0xE0, 0x00, 0xE0, 0x00, 0xFF, 0xE0, 0xFF, 0xE0, 0xE0, 0x00, 0xE0, 0x00, 0xE0, 0x00, 0xE0, 0x00,
    0xE0, 0x00, 0xE0, 0x00, 0xFF, 0xF0, 0xFF, 0xF0, 0x03, 0x80, 0x07, 0x00, 0x06, 0x00, 0x06, 0x00,
    0x00, 0x00, 0xFF, 0xF0, 0xFF, 0xF0, 0xE0, 0x00, 0xE0, 0x00, 0xE0, 0x00, 0xE0, 0x00, 0xE0, 0x00,
    0xFF, 0xE0, 0xFF, 0xE0, 0xE0, 0x00, 0xE0, 0x00, 0xE0, 0x00, 0xE0, 0x00, 0xE0, 0x00, 0xE0, 0x00,
    0xFF, 0xF0, 0xFF, 0xF0, 0x04, 0x00, 0x1F, 0x00, 0x1B, 0x80, 0x31, 0x80, 0x00, 0x00, 0x00, 0x00,
    0xFF, 0xF0, 0xFF, 0xF0, 0xE0, 0x00, 0xE0, 0x00, 0xE0, 0x00, 0xE0, 0x00, 0xE0, 0x00, 0xFF, 0xE0,
    0xFF, 0xE0, 0xE0, 0x00, 0xE0, 0x00, 0xE0, 0x00, 0xE0, 0x00, 0xE0, 0x00, 0xE0, 0x00, 0xFF, 0xF0,
    0xFF, 0xF0, 0x39, 0xC0, 0x39, 0xC0, 0x39, 0xC0, 0x00, 0x00, 0x00, 0x00, 0xFF, 0xF0, 0xFF, 0xF0,
    0xE0, 0x00, 0xE0, 0x00, 0xE0, 0x00, 0xE0, 0x00, 0xE0, 0x00, 0xFF, 0xE0, 0xFF, 0xE0, 0xE0, 0x00,
    0xE0, 0x00, 0xE0, 0x00, 0xE0, 0x00, 0xE0, 0x00, 0xE0, 0x00, 0xFF, 0xF0, 0xFF, 0xF0, 0xE0, 0x70,
    0x30, 0x30, 0x00, 0x38, 0x38, 0x38, 0x38, 0x38, 0x38, 0x38, 0x38, 0x38, 0x38, 0x38, 0x38, 0x38,
    0x38, 0x38, 0x38, 0x38, 0x38, 0x70, 0x60, 0x60, 0x00, 0xE0, 0xE0, 0xE0, 0xE0, 0xE0, 0xE0, 0xE0,
    0xE0, 0xE0, 0xE0, 0xE0, 0xE0, 0xE0, 0xE0, 0xE0, 0xE0, 0xE0, 0x10, 0x7C, 0xEE, 0xC6, 0x00, 0x00,
    0x38, 0x38, 0x38, 0x38, 0x38, 0x38, 0x38, 0x38, 0x38, 0x38, 0x38, 0x38, 0x38, 0x38, 0x38, 0x38,
    0x38, 0xE7, 0xE7, 0xE7, 0x00, 0x00, 0x1C, 0x1C, 0x1C, 0x1C, 0x1C, 0x1C, 0x1C, 0x1C, 0x1C, 0x1C,
    0x1C, 0x1C, 0x1C, 0x1C, 0x1C, 0x1C, 0x1C, 0x3F, 0xE0, 0x3F, 0xF8, 0x3C, 0xFC, 0x38, 0x1E, 0x38,
    0x0E, 0x38, 0x07, 0x38, 0x07, 0xFF, 0x87, 0xFF, 0x87, 0x3C, 0x07, 0x38, 0x07, 0x38, 0x0F, 0x38,
    0x0E, 0x38, 0x1E, 0x3C, 0xFC, 0x3F, 0xF8, 0x3F, 0xE0, 0x06, 0x20, 0x0F, 0xE0, 0x08, 0xC0, 0x00,
    0x00, 0x00, 0x00, 0xF0, 0x0E, 0xF8, 0x0E, 0xF8, 0x0E, 0xFC, 0x0E, 0xFE, 0x0E, 0xEE, 0x0E, 0xEF,
    0x0E, 0xE7, 0x8E, 0xE3, 0x8E, 0xE3, 0xCE, 0xE1, 0xEE, 0xE0, 0xEE, 0xE0, 0xFE, 0xE0, 0x7E, 0xE0,
    0x3E, 0xE0, 0x3E, 0xE0, 0x1E, 0x07, 0x00, 0x07, 0x00, 0x03, 0x80, 0x01, 0x80, 0x00, 0x00, 0x00,
    0x00, 0x07, 0xE0, 0x1F, 0xF8, 0x3E, 0x7C, 0x78, 0x1E, 0x70, 0x0E, 0xF0, 0x0F, 0xE0, 0x07, 0xE0,
    0x07, 0xE0, 0x07, 0xE0, 0x07, 0xE0, 0x07, 0xF0, 0x0F, 0x70, 0x0E, 0x78, 0x1E, 0x3E, 0x7C, 0x1F,
    0xF8, 0x07, 0xE0, 0x00, 0xE0, 0x00, 0xE0, 0x01, 0xC0, 0x01, 0x80, 0x00, 0x00, 0x00, 0x00, 0x07,
    0xE0, 0x1F, 0xF8, 0x3E, 0x7C, 0x78, 0x1E, 0x70, 0x0E, 0xF0, 0x0F, 0xE0, 0x07, 0xE0, 0x07, 0xE0,
    0x07, 0xE0, 0x07, 0xE0, 0x07, 0xF0, 0x0F, 0x70, 0x0E, 0x78, 0x1E, 0x3E, 0x7C, 0x1F, 0xF8, 0x07,
    0xE0, 0x01, 0x80, 0x03, 0xC0, 0x07, 0xE0, 0x0E, 0x70, 0x00, 0x00, 0x00, 0x00, 0x07, 0xE0, 0x1F,
    0xF8, 0x3E, 0x7C, 0x78, 0x1E, 0x70, 0x0E, 0xF0, 0x0F, 0xE0, 0x07, 0xE0, 0x07, 0xE0, 0x07, 0xE0,
    0x07, 0xE0, 0x07, 0xF0, 0x0F, 0x70, 0x0E, 0x78, 0x1E, 0x3E, 0x7C, 0x1F, 0xF8, 0x07, 0xE0, 0x07,
    0x30, 0x0F, 0xF0, 0x0C, 0xE0, 0x00, 0x00, 0x00, 0x00, 0x07, 0xE0, 0x1F, 0xF8, 0x3E, 0x7C, 0x78,
    0x1E, 0x70, 0x0E, 0xF0, 0x0F, 0xE0, 0x07, 0xE0, 0x07, 0xE0, 0x07, 0xE0, 0x07, 0xE0, 0x07, 0xF0,
    0x0F, 0x70, 0x0E, 0x78, 0x1E, 0x3E, 0x7C, 0x1F, 0xF8, 0x07, 0xE0, 0x0E, 0x70, 0x0E, 0x70, 0x0E,
    0x70, 0x00, 0x00, 0x00, 0x00, 0x07, 0xE0, 0x1F, 0xF8, 0x3E, 0x7C, 0x78, 0x1E, 0x70, 0x0E, 0xF0,
    0x0F, 0xE0, 0x07, 0xE0, 0x07, 0xE0, 0x07, 0xE0, 0x07, 0xE0, 0x07, 0xF0, 0x0F, 0x70, 0x0E, 0x78,
    0x1E, 0x3E, 0x7C, 0x1F, 0xF8, 0x07, 0xE0, 0x60, 0x60, 0xF0, 0xF0, 0x79, 0xE0, 0x3F, 0xC0, 0x1F,
    0x80, 0x0F, 0x00, 0x1F, 0x80, 0x3F, 0xC0, 0x78, 0xE0, 0x70, 0x70, 0x60, 0x20, 0x07, 0xE6, 0x1F,
    0xFC, 0x3E, 0x7C, 0x78, 0x3E, 0x70, 0x3E, 0xF0, 0x6F, 0xE0, 0xE7, 0xE0, 0xC7, 0xE1, 0x87, 0xE3,
    0x87, 0xE7, 0x07, 0xF6, 0x0F, 0x7C, 0x0E, 0x7C, 0x1E, 0x3E, 0x7C, 0x3F, 0xF8, 0x67, 0xE0, 0x0E,
    0x00, 0x0E, 0x00, 0x07, 0x00, 0x03, 0x00, 0x00, 0x00, 0x00, 0x00, 0xE0, 0x1C, 0xE0, 0x1C, 0xE0,
    0x1C, 0xE0, 0x1C, 0xE0, 0x1C, 0xE0, 0x1C, 0xE0, 0x1C, 0xE0, 0x1C, 0xE0, 0x1C, 0xE0, 0x1C, 0xE0,
    0x1C, 0xE0, 0x1C, 0xE0, 0x1C, 0x70, 0x38, 0x7C, 0xF8, 0x3F, 0xF0, 0x0F, 0xC0, 0x01, 0xC0, 0x01,
    0xC0, 0x03, 0x80, 0x03, 0x00, 0x00, 0x00, 0x00, 0x00, 0xE0, 0x1C, 0xE0, 0x1C, 0xE0, 0x1C, 0xE0,
    0x1C, 0xE0, 0x1C, 0xE0, 0x1C, 0xE0, 0x1C, 0xE0, 0x1C, 0xE0, 0x1C, 0xE0, 0x1C, 0xE0, 0x1C, 0xE0,
    0x1C, 0xE0, 0x1C, 0x70, 0x38, 0x7C, 0xF8, 0x3F, 0xF0, 0x0F, 0xC0, 0x03, 0x00, 0x07, 0x80, 0x0F,
    0xC0, 0x1C, 0xE0, 0x00, 0x00, 0x00, 0x00, 0xE0, 0x1C, 0xE0, 0x1C, 0xE0, 0x1C, 0xE0, 0x1C, 0xE0,
    0x1C, 0xE0, 0x1C, 0xE0, 0x1C, 0xE0, 0x1C, 0xE0, 0x1C, 0xE0, 0x1C, 0xE0, 0x1C, 0xE0, 0x1C, 0xF0,
    0x3C, 0x78, 0x38, 0x7F, 0xF8, 0x3F, 0xF0, 0x0F, 0xC0, 0x1C, 0xE0, 0x1C, 0xE0, 0x1C, 0xE0, 0x00,
    0x00, 0x00, 0x00, 0xE0, 0x1C, 0xE0, 0x1C, 0xE0, 0x1C, 0xE0, 0x1C, 0xE0, 0x1C, 0xE0, 0x1C, 0xE0,
    0x1C, 0xE0, 0x1C, 0xE0, 0x1C, 0xE0, 0x1C, 0xE0, 0x1C, 0xE0, 0x1C, 0xE0, 0x1C, 0x70, 0x38, 0x7C,
    0xF8, 0x3F, 0xF0, 0x0F, 0xC0, 0x00, 0xE0, 0x01, 0xC0, 0x01, 0x80, 0x01, 0x80, 0x00, 0x00, 0xF0,
    0x0E, 0xF0, 0x1E, 0x78, 0x3C, 0x38, 0x38, 0x3C, 0x78, 0x1C, 0x70, 0x0E, 0xE0, 0x0F, 0xE0, 0x07,
    0xC0, 0x07, 0xC0, 0x03, 0x80, 0x03, 0x80, 0x03, 0x80, 0x03, 0x80, 0x03, 0x80, 0x03, 0x80, 0x03,
    0x80, 0xE0, 0x00, 0xE0, 0x00, 0xE0, 0x00, 0xFF, 0x80, 0xFF, 0xC0, 0xF3, 0xE0, 0xE0, 0xF0, 0xE0,
    0x70, 0xE0, 0x70, 0xE0, 0x70, 0xE0, 0xF0, 0xFF, 0xE0, 0xFF, 0xC0, 0xF0, 0x00, 0xE0, 0x00, 0xE0,
    0x00, 0xE0, 0x00, 0x1F, 0x00, 0x7F, 0xC0, 0x7B, 0xE0, 0xF0, 0xE0, 0xE0, 0xE0, 0xE0, 0xE0, 0xE1,
    0xC0, 0xE7, 0x80, 0xE7, 0xE0, 0xE1, 0xF0, 0xE0, 0x78, 0xE0, 0x38, 0xE0, 0x38, 0xE0, 0x78, 0xE1,
    0xF0, 0xE7, 0xF0, 0xE7, 0xC0, 0x1C, 0x00, 0x1C, 0x00, 0x0C, 0x00, 0x06, 0x00, 0x00, 0x00, 0x1F,
    0x00, 0x3F, 0xC0, 0x7B, 0xE0, 0x70, 0xE0, 0x00, 0xE0, 0x07, 0xE0, 0x7F, 0xE0, 0xF0, 0xE0, 0xE0,
    0xE0, 0xE1, 0xE0, 0xFB, 0xE0, 0x7E, 0xE0, 0x3C, 0xE0, 0x03, 0x80, 0x03, 0x00, 0x07, 0x00, 0x06,
    0x00, 0x00, 0x00, 0x1F, 0x00, 0x3F, 0xC0, 0x7B, 0xE0, 0x70, 0xE0, 0x00, 0xE0, 0x07, 0xE0, 0x7F,
    0xE0, 0xF0, 0xE0, 0xE0, 0xE0, 0xE1, 0xE0, 0xFB, 0xE0, 0x7E, 0xE0, 0x3C, 0xE0, 0x04, 0x00, 0x0F,
    0x00, 0x1B, 0x80, 0x39, 0xC0, 0x00, 0x00, 0x00, 0x00, 0x1F, 0x00, 0x3F, 0xC0, 0x7B, 0xE0, 0x70,
    0xE0, 0x00, 0xE0, 0x07, 0xE0, 0x7F, 0xE0, 0xF0, 0xE0, 0xE0, 0xE0, 0xE1, 0xE0, 0xFB, 0xE0, 0x7E,
    0xE0, 0x3C, 0xE0, 0x1C, 0x80, 0x3F, 0x80, 0x33, 0x80, 0x00, 0x00, 0x00, 0x00, 0x1F, 0x00, 0x3F,
    0xC0, 0x7B, 0xE0, 0x70, 0xE0, 0x00, 0xE0, 0x07, 0xE0, 0x7F, 0xE0, 0xF0, 0xE0, 0xE0, 0xE0, 0xE1,
    0xE0, 0xFB, 0xE0, 0x7E, 0xE0, 0x3C, 0xE0, 0x39, 0xC0, 0x39, 0xC0, 0x39, 0xC0, 0x00, 0x00, 0x00,
    0x00, 0x1F, 0x80, 0x3F, 0xC0, 0x7B, 0xE0, 0x70, 0xE0, 0x00, 0xE0, 0x07, 0xE0, 0x7F, 0xE0, 0xF0,
    0xE0, 0xE0, 0xE0, 0xE1, 0xE0, 0xFB, 0xE0, 0x7E, 0xE0, 0x3C, 0xE0, 0x0F, 0x00, 0x1F, 0x80, 0x19,
    0x80, 0x19, 0x80, 0x1F, 0x80, 0x0F, 0x00, 0x00, 0x00, 0x1F, 0x80, 0x3F, 0xC0, 0x7B, 0xE0, 0x70,
    0xE0, 0x00, 0xE0, 0x07, 0xE0, 0x7F, 0xE0, 0xF0, 0xE0, 0xE0, 0xE0, 0xE1, 0xE0, 0xFB, 0xE0, 0x7E,
    0xE0, 0x3C, 0xE0, 0x1F, 0x1F, 0x00, 0x3F, 0xBF, 0xC0, 0x7B, 0xFB, 0xE0, 0x20, 0xE0, 0xE0, 0x00,
    0xE0, 0x70, 0x1F, 0xFF, 0xF0, 0x7F, 0xFF, 0xF0, 0xF8, 0xE0, 0x00, 0xE0, 0xE0, 0x00, 0xE0, 0xE0,
    0x60, 0xFB, 0xF9, 0xE0, 0x7F, 0x3F, 0xE0, 0x3E, 0x0F, 0x80, 0x0F, 0x80, 0x3F, 0xC0, 0x7D, 0xE0,
    0x70, 0xF0, 0xE0, 0x00, 0xE0, 0x00, 0xE0, 0x00, 0xE0, 0x00, 0xE0, 0x40, 0x70, 0xF0, 0x7D, 0xE0,
    0x3F, 0xC0, 0x0F, 0x80, 0x06, 0x00, 0x07, 0x80, 0x01, 0x80, 0x07, 0x80, 0x1C, 0x00, 0x0C, 0x00,
    0x0E, 0x00, 0x06, 0x00, 0x00, 0x00, 0x0F, 0x80, 0x3F, 0xC0, 0x7D, 0xE0, 0x70, 0xF0, 0xE0, 0x70,
    0xFF, 0xF0, 0xFF, 0xF0, 0xF0, 0x00, 0xE0, 0x00, 0x70, 0x60, 0x7D, 0xE0, 0x3F, 0xE0, 0x0F, 0x80,
    0x03, 0x80, 0x03, 0x00, 0x03, 0x00, 0x06, 0x00, 0x00, 0x00, 0x0F, 0x80, 0x3F, 0xC0, 0x7D, 0xE0,
    0x70, 0xF0, 0xE0, 0x70, 0xFF, 0xF0, 0xFF, 0xF0, 0xF0, 0x00, 0xE0, 0x00, 0x70, 0x60, 0x7D, 0xE0,
    0x3F, 0xE0, 0x0F, 0x80, 0x06, 0x00, 0x0F, 0x00, 0x1F, 0x80, 0x39, 0xC0, 0x00, 0x00, 0x00, 0x00,
    0x0F, 0x80, 0x3F, 0xC0, 0x7D, 0xE0, 0x70, 0xF0, 0xE0, 0x70, 0xFF, 0xF0, 0xFF, 0xF0, 0xF0, 0x00,
    0xE0, 0x00, 0x70, 0x60, 0x7D, 0xE0, 0x3F, 0xE0, 0x0F, 0x80, 0x39, 0xC0, 0x39, 0xC0, 0x39, 0xC0,
    0x00, 0x00, 0x00, 0x00, 0x0F, 0x80, 0x3F, 0xC0, 0x7D, 0xE0, 0x70, 0xF0, 0xE0, 0x70, 0xFF, 0xF0,
    0xFF, 0xF0, 0xF0, 0x00, 0xE0, 0x00, 0x70, 0x60, 0x7D, 0xE0, 0x3F, 0xE0, 0x0F, 0x80, 0xE0, 0x70,
    0x30, 0x38, 0x00, 0x38, 0x38, 0x38, 0x38, 0x38, 0x38, 0x38, 0x38, 0x38, 0x38, 0x38, 0x38, 0x38,
    0x38, 0x70, 0x70, 0x60, 0x00, 0xE0, 0xE0, 0xE0, 0xE0, 0xE0, 0xE0, 0xE0, 0xE0, 0xE0, 0xE0, 0xE0,
    0xE0, 0xE0, 0x38, 0x7C, 0xEE, 0x82, 0x00, 0x38, 0x38, 0x38, 0x38, 0x38, 0x38, 0x38, 0x38, 0x38,
    0x38, 0x38, 0x38, 0x38, 0xE7, 0xE7, 0xE7, 0x00, 0x00, 0x1C, 0x1C, 0x1C, 0x1C, 0x1C, 0x1C, 0x1C,
    0x1C, 0x1C, 0x1C, 0x1C, 0x1C, 0x1C, 0x18, 0xC0, 0x1F, 0xC0, 0x0F, 0x00, 0x1F, 0x80, 0x11, 0xC0,
    0x01, 0xE0, 0x3F, 0xE0, 0x7F, 0xE0, 0x70, 0xF0, 0xF0, 0xF0, 0xE0, 0x70, 0xE0, 0x70, 0xE0, 0x70,
    0xE0, 0x70, 0x70, 0xE0, 0x79, 0xE0, 0x3F, 0xC0, 0x0F, 0x00, 0x19, 0x80, 0x3F, 0x80, 0x33, 0x00,
    0x00, 0x00, 0x00, 0x00, 0xE7, 0x80, 0xFF, 0xC0, 0xFB, 0xE0, 0xF0, 0xE0, 0xE0, 0xE0, 0xE0, 0xE0,
    0xE0, 0xE0, 0xE0, 0xE0, 0xE0, 0xE0, 0xE0, 0xE0, 0xE0, 0xE0, 0xE0, 0xE0, 0xE0, 0xE0, 0x1C, 0x00,
    0x0C, 0x00, 0x0E, 0x00, 0x06, 0x00, 0x00, 0x00, 0x0F, 0x00, 0x3F, 0xC0, 0x7D, 0xE0, 0x70, 0xE0,
    0xE0, 0x70, 0xE0, 0x70, 0xE0, 0x70, 0xE0, 0x70, 0xE0, 0x70, 0x70, 0xE0, 0x7D, 0xE0, 0x3F, 0xC0,
    0x0F, 0x00, 0x03, 0x80, 0x03, 0x00, 0x03, 0x00, 0x06, 0x00, 0x00, 0x00, 0x0F, 0x00, 0x3F, 0xC0,
    0x7D, 0xE0, 0x70, 0xE0, 0xE0, 0x70, 0xE0, 0x70, 0xE0, 0x70, 0xE0, 0x70, 0xE0, 0x70, 0x70, 0xE0,
    0x7D, 0xE0, 0x3F, 0xC0, 0x0F, 0x00, 0x06, 0x00, 0x0F, 0x00, 0x1F, 0x80, 0x39, 0xC0, 0x00, 0x00,
    0x00, 0x00, 0x0F, 0x00, 0x3F, 0xC0, 0x7D, 0xE0, 0x70, 0xE0, 0xE0, 0x70, 0xE0, 0x70, 0xE0, 0x70,
    0xE0, 0x70, 0xE0, 0x70, 0x70, 0xE0, 0x7D, 0xE0, 0x3F, 0xC0, 0x0F, 0x00, 0x1C, 0xC0, 0x1F, 0x80,
    0x13, 0x80, 0x00, 0x00, 0x00, 0x00, 0x0F, 0x00, 0x3F, 0xC0, 0x7D, 0xE0, 0x70, 0xE0, 0xE0, 0x70,
    0xE0, 0x70, 0xE0, 0x70, 0xE0, 0x70, 0xE0, 0x70, 0x70, 0xE0, 0x7D, 0xE0, 0x3F, 0xC0, 0x0F, 0x00,
    0x39, 0xC0, 0x39, 0xC0, 0x39, 0xC0, 0x00, 0x00, 0x00, 0x00, 0x0F, 0x00, 0x3F, 0xC0, 0x7D, 0xE0,
    0x70, 0xE0, 0xE0, 0x70, 0xE0, 0x70, 0xE0, 0x70, 0xE0, 0x70, 0xE0, 0x70, 0x70, 0xE0, 0x7D, 0xE0,
    0x3F, 0xC0, 0x0F, 0x00, 0x04, 0x00, 0x0E, 0x00, 0x0E, 0x00, 0x04, 0x00, 0x00, 0x00, 0x00, 0x00,
    0xFF, 0xF0, 0xFF, 0xF0, 0x00, 0x00, 0x04, 0x00, 0x0E, 0x00, 0x0E, 0x00, 0x04, 0x00, 0x0F, 0x30,
    0x3F, 0xE0, 0x7D, 0xE0, 0x71, 0xE0, 0xE1, 0xF0, 0xE3, 0x70, 0xE6, 0x70, 0xEC, 0x70, 0xF8, 0x70,
    0x70, 0xE0, 0x7D, 0xE0, 0xFF, 0xC0, 0xCF, 0x00, 0x18, 0x00, 0x1C, 0x00, 0x0C, 0x00, 0x0C, 0x00,
    0x00, 0x00, 0xE0, 0xE0, 0xE0, 0xE0, 0xE0, 0xE0, 0xE0, 0xE0, 0xE0, 0xE0, 0xE0, 0xE0, 0xE0, 0xE0,
    0xE0, 0xE0, 0xE0, 0xE0, 0xF1, 0xE0, 0xFB, 0xE0, 0x7F, 0xE0, 0x3C, 0xE0, 0x03, 0x00, 0x07, 0x00,
    0x06, 0x00, 0x06, 0x00, 0x00, 0x00, 0xE0, 0xE0, 0xE0, 0xE0, 0xE0, 0xE0, 0xE0, 0xE0, 0xE0, 0xE0,
    0xE0, 0xE0, 0xE0, 0xE0, 0xE0, 0xE0, 0xE0, 0xE0, 0xF1, 0xE0, 0xFB, 0xE0, 0x7F, 0xE0, 0x3C, 0xE0,
    0x0E, 0x00, 0x1F, 0x00, 0x31, 0x80, 0x00, 0x00, 0x00, 0x00, 0xE0, 0xE0, 0xE0, 0xE0, 0xE0, 0xE0,
    0xE0, 0xE0, 0xE0, 0xE0, 0xE0, 0xE0, 0xE0, 0xE0, 0xE0, 0xE0, 0xE0, 0xE0, 0xF1, 0xE0, 0xFF, 0xE0,
    0x7F, 0xE0, 0x3C, 0xE0, 0x39, 0xC0, 0x39, 0xC0, 0x39, 0xC0, 0x00, 0x00, 0x00, 0x00, 0xE0, 0xE0,
    0xE0, 0xE0, 0xE0, 0xE0, 0xE0, 0xE0, 0xE0, 0xE0, 0xE0, 0xE0, 0xE0, 0xE0, 0xE0, 0xE0, 0xE0, 0xE0,
    0xF1, 0xE0, 0xFB, 0xE0, 0x7F, 0xE0, 0x3C, 0xE0, 0x03, 0x80, 0x03, 0x80, 0x03, 0x00, 0x06, 0x00,
    0x00, 0x00, 0xE0, 0x70, 0xE0, 0x70, 0xF0, 0x70, 0x70, 0xE0, 0x70, 0xE0, 0x38, 0xE0, 0x39, 0xC0,
    0x39, 0xC0, 0x19, 0x80, 0x1F, 0x80, 0x1F, 0x80, 0x0F, 0x00, 0x0F, 0x00, 0x0F, 0x00, 0x0E, 0x00,
    0x7E, 0x00, 0x7C, 0x00, 0x78, 0x00, 0xE0, 0x00, 0xE0, 0x00, 0xE0, 0x00, 0xE0, 0x00, 0xE7, 0x80,
    0xEF, 0xC0, 0xFD, 0xE0, 0xF0, 0xF0, 0xE0, 0x70, 0xE0, 0x70, 0xE0, 0x70, 0xE0, 0x70, 0xE0, 0x70,
    0xF0, 0xF0, 0xFD, 0xE0, 0xEF, 0xC0, 0xE7, 0x80, 0xE0, 0x00, 0xE0, 0x00, 0xE0, 0x00, 0xE0, 0x00,
    0xE0, 0x00, 0x39, 0xC0, 0x39, 0xC0, 0x39, 0xC0, 0x00, 0x00, 0x00, 0x00, 0xE0, 0x70, 0xE0, 0x70,
    0xF0, 0xF0, 0x70, 0xE0, 0x70, 0xE0, 0x39, 0xC0, 0x39, 0xC0, 0x39, 0xC0, 0x1B, 0x80, 0x1F, 0x80,
    0x1F, 0x80, 0x0F, 0x00, 0x0F, 0x00, 0x0E, 0x00, 0x0E, 0x00, 0x7E, 0x00, 0x7C, 0x00, 0x78, 0x00,
    0x07, 0xFF, 0xFC, 0x1F, 0xFF, 0xFC, 0x3E, 0x38, 0x00, 0x78, 0x38, 0x00, 0x70, 0x38, 0x00, 0xF0,
    0x38, 0x00, 0xE0, 0x38, 0x00, 0xE0, 0x3F, 0xF8, 0xE0, 0x3F, 0xF8, 0xE0, 0x38, 0x00, 0xE0, 0x38,
    0x00, 0xF0, 0x38, 0x00, 0x70, 0x38, 0x00, 0x78, 0x38, 0x00, 0x3E, 0x38, 0x00, 0x1F, 0xFF, 0xFC,
    0x07, 0xFF, 0xFC, 0x0F, 0x07, 0xC0, 0x3F, 0xDF, 0xF0, 0x7D, 0xFE, 0xF8, 0x70, 0xF8, 0x38, 0xE0,
    0x70, 0x1C, 0xE0, 0x7F, 0xFC, 0xE0, 0x7F, 0xFC, 0xE0, 0x78, 0x00, 0xE0, 0x70, 0x00, 0x70, 0xF8,
    0x18, 0x7D, 0xFE, 0xF8, 0x3F, 0xDF, 0xF0, 0x0F, 0x07, 0xE0, 0x38, 0xC0, 0x1D, 0xC0, 0x0F, 0x80,
    0x0F, 0x00, 0x00, 0x00, 0x00, 0x00, 0x0F, 0xC0, 0x3F, 0xE0, 0x7D, 0xF0, 0xF0, 0x78, 0xE0, 0x00,
    0xE0, 0x00, 0xF8, 0x00, 0x7F, 0x00, 0x1F, 0xE0, 0x03, 0xF0, 0x00, 0x78, 0x00, 0x38, 0xE0, 0x38,
    0xF0, 0x78, 0xFF, 0xF0, 0x7F, 0xE0, 0x1F, 0x80, 0x20, 0x80, 0x3B, 0x80, 0x1F, 0x00, 0x0E, 0x00,
    0x00, 0x00, 0x00, 0x00, 0x1F, 0x00, 0x7F, 0xC0, 0xFB, 0xC0, 0xE0, 0xC0, 0xE0, 0x00, 0x7C, 0x00,
    0x3F, 0x80, 0x07, 0xC0, 0x00, 0xE0, 0xE0, 0xE0, 0xFB, 0xE0, 0x7F, 0xC0, 0x3F, 0x00, 0x1C, 0xE0,
    0x1C, 0xE0, 0x1C, 0xE0, 0x00, 0x00, 0x00, 0x00, 0xE0, 0x1E, 0xF0, 0x3C, 0x70, 0x38, 0x78, 0x78,
    0x38, 0x70, 0x1C, 0xF0, 0x1C, 0xE0, 0x0F, 0xE0, 0x07, 0xC0, 0x07, 0xC0, 0x03, 0x80, 0x03, 0x80,
    0x03, 0x80, 0x03, 0x80, 0x03, 0x80, 0x03, 0x80, 0x03, 0x80, 0x10, 0x40, 0x1D, 0xC0, 0x0F, 0x80,
    0x07, 0x00, 0x00, 0x00, 0x00, 0x00, 0xFF, 0xF8, 0xFF, 0xF8, 0x00, 0x78, 0x00, 0xF0, 0x00, 0xE0,
    0x01, 0xC0, 0x03, 0xC0, 0x07, 0x80, 0x07, 0x00, 0x0F, 0x00, 0x1E, 0x00, 0x1C, 0x00, 0x38, 0x00,
    0x78, 0x00, 0xF0, 0x00, 0xFF, 0xF8, 0xFF, 0xF8, 0x71, 0xC0, 0x3B, 0x80, 0x1F, 0x00, 0x04, 0x00,
    0x00, 0x00, 0xFF, 0xE0, 0xFF, 0xE0, 0x03, 0xE0, 0x03, 0xC0, 0x07, 0x80, 0x07, 0x00, 0x0E, 0x00,
    0x1E, 0x00, 0x3C, 0x00, 0x78, 0x00, 0xFF, 0xE0, 0xFF, 0xE0, 0xFF, 0xE0, 0x0F, 0xC0, 0x1F, 0xC0,
    0x1E, 0x00, 0x1C, 0x00, 0x7F, 0x80, 0x7F, 0x80, 0x1C, 0x00, 0x1C, 0x00, 0x1C, 0x00, 0x1C, 0x00,
    0x1C, 0x00, 0x1C, 0x00, 0x1C, 0x00, 0x1C, 0x00, 0x1C, 0x00, 0x1C, 0x00, 0x1C, 0x00, 0x1C, 0x00,
    0x1C, 0x00, 0x3C, 0x00, 0xF8, 0x00, 0x70, 0x00, 0x08, 0x3C, 0x76, 0xE3, 0x72, 0xFE, 0xCE, 0xFF,
    0xF0, 0xFF, 0xF0, 0xFF, 0xFF, 0xFF, 0xFF, 0xFF, 0xFF, 0x30, 0x30, 0x70, 0x70, 0x60, 0xE0, 0xE0,
    0x70, 0x70, 0x60, 0xE0, 0xE0, 0xC0, 0xC0, 0x70, 0x70, 0x70, 0x70, 0x60, 0x60, 0xE0, 0x31, 0x80,
    0x31, 0x80, 0x73, 0x80, 0x73, 0x80, 0x63, 0x80, 0xE7, 0x00, 0xE7, 0x00, 0x73, 0x80, 0x73, 0x80,
    0x63, 0x00, 0xE7, 0x00, 0xE7, 0x00, 0xC6, 0x00, 0xC6, 0x00, 0x73, 0x80, 0x73, 0x80, 0x73, 0x80,
    0x73, 0x80, 0x63, 0x00, 0x63, 0x00, 0xE7, 0x00, 0x0E, 0x00, 0x0E, 0x00, 0x0E, 0x00, 0x0E, 0x00,
    0xFF, 0xE0, 0xFF, 0xE0, 0x0E, 0x00, 0x0E, 0x00, 0x0E, 0x00, 0x0E, 0x00, 0x0E, 0x00, 0x0E, 0x00,
    0x04, 0x00, 0x0E, 0x00, 0x0E, 0x00, 0x0E, 0x00, 0xFF, 0xE0, 0xFF, 0xE0, 0x0E, 0x00, 0x0E, 0x00,
    0x0E, 0x00, 0x0F, 0x00, 0xFF, 0xE0, 0xFF, 0xE0, 0x0E, 0x00, 0x0E, 0x00, 0x0E, 0x00, 0x0E, 0x00,
    0x0E, 0x00, 0x0E, 0x00, 0x3C, 0x7E, 0xFF, 0xFF, 0xFF, 0x7E, 0x3C, 0x60, 0x60, 0x60, 0xF0, 0xF0,
    0xF0, 0xF0, 0xF0, 0xF0, 0x60, 0x60, 0x60, 0x38, 0x03, 0x00, 0x00, 0x7E, 0x07, 0x00, 0x00, 0xEE,
    0x06, 0x00, 0x00, 0xC6, 0x0C, 0x00, 0x00, 0xC6, 0x18, 0x00, 0x00, 0xEE, 0x18, 0x00, 0x00, 0x7E,
    0x30, 0x00, 0x00, 0x38, 0x60, 0x00, 0x00, 0x00, 0xE0, 0x00, 0x00, 0x00, 0xC3, 0x81, 0xC0, 0x01,
    0x87, 0xE3, 0xF0, 0x03, 0x8C, 0x66, 0x30, 0x03, 0x0C, 0x66, 0x30, 0x06, 0x0C, 0x66, 0x30, 0x0C,
    0x0E, 0xE7, 0x70, 0x1C, 0x07, 0xE7, 0xF0, 0x18, 0x03, 0x81, 0xC0, 0x0F, 0x0E, 0x1C, 0x38, 0x70,
    0xF0, 0x70, 0x38, 0x1C, 0x0E, 0x0F, 0xF0, 0x70, 0x38, 0x1C, 0x0E, 0x0F, 0x0E, 0x1C, 0x38, 0x70,
    0xF0, 0x01, 0xF0, 0x07, 0xFC, 0x0F, 0xBC, 0x1E, 0x08, 0x1C, 0x00, 0x3C, 0x00, 0xFF, 0xF0, 0xFF,
    0xE0, 0x38, 0x00, 0xFF, 0xC0, 0xFF, 0xC0, 0x3C, 0x00, 0x1C, 0x00, 0x1E, 0x08, 0x0F, 0xB8, 0x07,
    0xFC, 0x01, 0xF0, 0xFB, 0x18, 0x23, 0x18, 0x23, 0xB8, 0x22, 0xE8, 0x22, 0xE8, 0x22, 0x48,
];
pub static INTER_STANDARD_LARGE: BitmapFont = BitmapFont {
    glyphs: &INTER_STANDARD_LARGE_GLYPHS,
    bitmap: &INTER_STANDARD_LARGE_BITMAP,
    extra: &INTER_STANDARD_LARGE_EXTRA,
    line_height: 31,
};

// INTER_LARGE_DETAIL: Inter Medium 13 px, line-height 18
const INTER_LARGE_DETAIL_GLYPHS: [Glyph; 95] = [
    g(0, 0, 0, 4, 0, 0),
    g(0, 1, 9, 4, 2, -9),
    g(9, 3, 3, 7, 2, -9),
    g(12, 8, 9, 9, 0, -9),
    g(21, 6, 11, 9, 1, -10),
    g(32, 10, 9, 13, 2, -9),
    g(50, 7, 9, 9, 1, -9),
    g(59, 1, 3, 5, 2, -9),
    g(62, 2, 12, 5, 2, -10),
    g(74, 3, 12, 5, 0, -10),
    g(86, 5, 5, 7, 1, -9),
    g(91, 7, 6, 9, 1, -7),
    g(97, 2, 4, 4, 1, -1),
    g(101, 4, 1, 7, 1, -4),
    g(102, 1, 2, 4, 1, -2),
    g(104, 4, 11, 5, 0, -10),
    g(115, 7, 9, 9, 1, -9),
    g(124, 4, 9, 6, 0, -9),
    g(133, 6, 9, 9, 1, -9),
    g(142, 6, 9, 9, 1, -9),
    g(151, 7, 9, 9, 1, -9),
    g(160, 6, 9, 8, 1, -9),
    g(169, 6, 9, 9, 1, -9),
    g(178, 6, 9, 8, 1, -9),
    g(187, 6, 9, 9, 1, -9),
    g(196, 6, 9, 9, 1, -9),
    g(205, 1, 7, 4, 1, -7),
    g(212, 2, 9, 5, 0, -6),
    g(221, 6, 7, 9, 1, -7),
    g(228, 6, 4, 9, 1, -6),
    g(232, 6, 7, 9, 1, -7),
    g(239, 6, 9, 7, 0, -9),
    g(248, 11, 12, 13, 1, -9),
    g(272, 9, 9, 10, 0, -9),
    g(290, 6, 9, 9, 1, -9),
    g(299, 8, 9, 10, 1, -9),
    g(308, 7, 9, 10, 1, -9),
    g(317, 6, 9, 8, 1, -9),
    g(326, 6, 9, 8, 1, -9),
    g(335, 8, 9, 10, 1, -9),
    g(344, 7, 9, 10, 1, -9),
    g(353, 1, 9, 4, 1, -9),
    g(362, 5, 9, 8, 1, -9),
    g(371, 7, 9, 9, 1, -9),
    g(380, 5, 9, 8, 1, -9),
    g(389, 9, 9, 12, 1, -9),
    g(407, 7, 9, 10, 1, -9),
    g(416, 8, 9, 10, 1, -9),
    g(425, 6, 9, 9, 1, -9),
    g(434, 8, 9, 10, 1, -9),
    g(443, 6, 9, 9, 1, -9),
    g(452, 6, 9, 9, 1, -9),
    g(461, 7, 9, 9, 1, -9),
    g(470, 7, 9, 10, 1, -9),
    g(479, 8, 9, 10, 1, -9),
    g(488, 13, 9, 14, 0, -9),
    g(506, 7, 9, 10, 1, -9),
    g(515, 7, 9, 10, 1, -9),
    g(524, 7, 9, 9, 1, -9),
    g(533, 3, 11, 5, 2, -9),
    g(544, 4, 11, 5, 0, -10),
    g(555, 3, 11, 5, 0, -9),
    g(566, 4, 5, 7, 1, -10),
    g(571, 6, 1, 7, 0, 0),
    g(572, 2, 2, 5, 1, -10),
    g(574, 6, 7, 8, 1, -7),
    g(581, 6, 9, 9, 1, -9),
    g(590, 6, 7, 8, 1, -7),
    g(597, 6, 9, 9, 1, -9),
    g(606, 6, 7, 8, 1, -7),
    g(613, 5, 9, 5, 0, -9),
    g(622, 6, 10, 9, 1, -7),
    g(632, 6, 9, 8, 1, -9),
    g(641, 1, 9, 4, 1, -9),
    g(650, 2, 12, 4, 0, -9),
    g(662, 6, 9, 8, 1, -9),
    g(671, 1, 9, 4, 1, -9),
    g(680, 9, 7, 12, 1, -7),
    g(694, 6, 7, 8, 1, -7),
    g(701, 6, 7, 8, 1, -7),
    g(708, 6, 10, 9, 1, -7),
    g(718, 6, 10, 9, 1, -7),
    g(728, 4, 7, 6, 1, -7),
    g(735, 5, 7, 7, 1, -7),
    g(742, 4, 9, 5, 0, -9),
    g(751, 6, 7, 8, 1, -7),
    g(758, 7, 7, 8, 0, -7),
    g(765, 9, 7, 11, 1, -7),
    g(779, 5, 7, 8, 1, -7),
    g(786, 7, 10, 8, 0, -7),
    g(796, 6, 7, 8, 1, -7),
    g(803, 5, 11, 6, 0, -9),
    g(814, 1, 15, 5, 2, -12),
    g(829, 4, 11, 6, 1, -9),
    g(840, 6, 2, 9, 1, -5),
];
const INTER_LARGE_DETAIL_EXTRA: [(char, Glyph); 123] = [
    ('\u{a0}', g(0, 0, 0, 4, 0, 0)),
    ('\u{a1}', g(842, 1, 9, 4, 2, -7)),
    ('\u{a2}', g(851, 7, 9, 8, 1, -9)),
    ('\u{a3}', g(860, 7, 9, 9, 1, -9)),
    ('\u{a4}', g(869, 7, 8, 10, 1, -8)),
    ('\u{a5}', g(877, 7, 9, 8, 0, -9)),
    ('\u{a6}', g(886, 1, 11, 4, 2, -9)),
    ('\u{a7}', g(897, 6, 11, 8, 1, -9)),
    ('\u{a8}', g(908, 4, 1, 8, 2, -9)),
    ('\u{a9}', g(909, 9, 9, 12, 1, -9)),
    ('\u{aa}', g(927, 5, 6, 6, 1, -10)),
    ('\u{ab}', g(933, 6, 6, 8, 1, -7)),
    ('\u{ac}', g(939, 5, 3, 9, 2, -5)),
    ('\u{ad}', g(0, 0, 0, 0, 0, 0)),
    ('\u{ae}', g(942, 7, 7, 9, 1, -9)),
    ('\u{af}', g(949, 4, 1, 7, 1, -9)),
    ('\u{b0}', g(950, 4, 4, 6, 1, -9)),
    ('\u{b1}', g(954, 6, 6, 9, 1, -7)),
    ('\u{b2}', g(960, 4, 5, 6, 1, -11)),
    ('\u{b3}', g(965, 4, 5, 6, 1, -11)),
    ('\u{b4}', g(970, 2, 2, 5, 1, -10)),
    ('\u{b5}', g(972, 7, 10, 8, 1, -7)),
    ('\u{b6}', g(982, 6, 9, 8, 1, -9)),
    ('\u{b7}', g(991, 1, 2, 4, 1, -5)),
    ('\u{b8}', g(993, 2, 3, 4, 1, 0)),
    ('\u{b9}', g(996, 2, 5, 5, 1, -11)),
    ('\u{ba}', g(1001, 5, 6, 7, 1, -10)),
    ('\u{bb}', g(1007, 6, 6, 8, 1, -7)),
    ('\u{bc}', g(1013, 10, 9, 11, 1, -9)),
    ('\u{bd}', g(1031, 10, 9, 12, 1, -9)),
    ('\u{be}', g(1049, 11, 10, 12, 1, -10)),
    ('\u{bf}', g(1069, 5, 10, 7, 1, -7)),
    ('\u{c0}', g(1079, 9, 12, 10, 0, -12)),
    ('\u{c1}', g(1103, 9, 12, 10, 0, -12)),
    ('\u{c2}', g(1127, 9, 12, 10, 0, -12)),
    ('\u{c3}', g(1151, 9, 12, 10, 0, -12)),
    ('\u{c4}', g(1175, 9, 12, 10, 0, -12)),
    ('\u{c5}', g(1199, 9, 13, 10, 0, -13)),
    ('\u{c6}', g(1225, 12, 9, 14, 1, -9)),
    ('\u{c7}', g(1243, 8, 12, 10, 1, -9)),
    ('\u{c8}', g(1255, 6, 12, 8, 1, -12)),
    ('\u{c9}', g(1267, 6, 12, 8, 1, -12)),
    ('\u{ca}', g(1279, 6, 12, 8, 1, -12)),
    ('\u{cb}', g(1291, 6, 12, 8, 1, -12)),
    ('\u{cc}', g(1303, 2, 12, 4, 0, -12)),
    ('\u{cd}', g(1315, 2, 12, 4, 1, -12)),
    ('\u{ce}', g(1327, 3, 12, 4, 0, -12)),
    ('\u{cf}', g(1339, 4, 12, 4, 0, -12)),
    ('\u{d0}', g(1351, 8, 9, 10, 1, -9)),
    ('\u{d1}', g(1360, 7, 12, 10, 1, -12)),
    ('\u{d2}', g(1372, 8, 12, 10, 1, -12)),
    ('\u{d3}', g(1384, 8, 12, 10, 1, -12)),
    ('\u{d4}', g(1396, 8, 12, 10, 1, -12)),
    ('\u{d5}', g(1408, 8, 12, 10, 1, -12)),
    ('\u{d6}', g(1420, 8, 12, 10, 1, -12)),
    ('\u{d7}', g(1432, 5, 5, 9, 2, -6)),
    ('\u{d8}', g(1437, 8, 9, 10, 1, -9)),
    ('\u{d9}', g(1446, 7, 12, 10, 1, -12)),
    ('\u{da}', g(1458, 7, 12, 10, 1, -12)),
    ('\u{db}', g(1470, 7, 12, 10, 1, -12)),
    ('\u{dc}', g(1482, 7, 12, 10, 1, -12)),
    ('\u{dd}', g(1494, 7, 12, 10, 1, -12)),
    ('\u{de}', g(1506, 6, 9, 9, 1, -9)),
    ('\u{df}', g(1515, 6, 9, 9, 1, -9)),
    ('\u{e0}', g(1524, 6, 10, 8, 1, -10)),
    ('\u{e1}', g(1534, 6, 10, 8, 1, -10)),
    ('\u{e2}', g(1544, 6, 10, 8, 1, -10)),
    ('\u{e3}', g(1554, 6, 10, 8, 1, -10)),
    ('\u{e4}', g(1564, 6, 9, 8, 1, -9)),
    ('\u{e5}', g(1573, 6, 11, 8, 1, -11)),
    ('\u{e6}', g(1584, 11, 7, 12, 1, -7)),
    ('\u{e7}', g(1598, 6, 10, 8, 1, -7)),
    ('\u{e8}', g(1608, 6, 10, 8, 1, -10)),
    ('\u{e9}', g(1618, 6, 10, 8, 1, -10)),
    ('\u{ea}', g(1628, 6, 10, 8, 1, -10)),
    ('\u{eb}', g(1638, 6, 9, 8, 1, -9)),
    ('\u{ec}', g(1647, 2, 10, 4, 0, -10)),
    ('\u{ed}', g(1657, 2, 10, 4, 1, -10)),
    ('\u{ee}', g(1667, 3, 10, 4, 0, -10)),
    ('\u{ef}', g(1677, 4, 9, 4, 0, -9)),
    ('\u{f0}', g(1686, 6, 10, 8, 1, -10)),
    ('\u{f1}', g(1696, 6, 10, 8, 1, -10)),
    ('\u{f2}', g(1706, 6, 10, 8, 1, -10)),
    ('\u{f3}', g(1716, 6, 10, 8, 1, -10)),
    ('\u{f4}', g(1726, 6, 10, 8, 1, -10)),
    ('\u{f5}', g(1736, 6, 10, 8, 1, -10)),
    ('\u{f6}', g(1746, 6, 9, 8, 1, -9)),
    ('\u{f7}', g(1755, 6, 7, 9, 1, -7)),
    ('\u{f8}', g(1762, 6, 7, 8, 1, -7)),
    ('\u{f9}', g(1769, 6, 10, 8, 1, -10)),
    ('\u{fa}', g(1779, 6, 10, 8, 1, -10)),
    ('\u{fb}', g(1789, 6, 10, 8, 1, -10)),
    ('\u{fc}', g(1799, 6, 9, 8, 1, -9)),
    ('\u{fd}', g(1808, 7, 13, 8, 0, -10)),
    ('\u{fe}', g(1821, 6, 12, 9, 1, -9)),
    ('\u{ff}', g(1833, 6, 12, 8, 1, -9)),
    ('\u{152}', g(1845, 12, 9, 14, 1, -9)),
    ('\u{153}', g(1863, 11, 7, 13, 1, -7)),
    ('\u{160}', g(1877, 6, 12, 9, 1, -12)),
    ('\u{161}', g(1889, 5, 10, 7, 1, -10)),
    ('\u{178}', g(1899, 8, 12, 10, 1, -12)),
    ('\u{17d}', g(1911, 7, 12, 9, 1, -12)),
    ('\u{17e}', g(1923, 6, 9, 8, 1, -9)),
    ('\u{192}', g(1932, 4, 12, 6, 1, -9)),
    ('\u{2c6}', g(1944, 4, 2, 6, 1, -10)),
    ('\u{2dc}', g(1946, 4, 2, 7, 1, -10)),
    ('\u{2013}', g(1948, 7, 1, 7, 0, -4)),
    ('\u{2014}', g(1949, 13, 1, 13, 0, -4)),
    ('\u{2018}', g(1951, 2, 3, 4, 1, -9)),
    ('\u{2019}', g(1954, 2, 4, 4, 1, -10)),
    ('\u{201a}', g(1958, 2, 4, 4, 1, -1)),
    ('\u{201c}', g(1962, 5, 3, 7, 1, -9)),
    ('\u{201d}', g(1965, 4, 4, 7, 1, -10)),
    ('\u{201e}', g(1969, 4, 4, 6, 1, -1)),
    ('\u{2020}', g(1973, 5, 7, 7, 1, -9)),
    ('\u{2021}', g(1980, 5, 9, 7, 1, -9)),
    ('\u{2022}', g(1989, 4, 4, 7, 1, -6)),
    ('\u{2026}', g(1993, 9, 2, 12, 1, -2)),
    ('\u{2030}', g(1997, 15, 9, 18, 2, -9)),
    ('\u{2039}', g(2015, 3, 6, 6, 1, -7)),
    ('\u{203a}', g(2021, 3, 6, 6, 1, -7)),
    ('\u{20ac}', g(2027, 7, 9, 9, 1, -9)),
    ('\u{2122}', g(2036, 6, 4, 9, 1, -10)),
];
const INTER_LARGE_DETAIL_BITMAP: [u8; 2040] = [
    0x80, 0x80, 0x80, 0x80, 0x80, 0x80, 0x00, 0x80, 0x80, 0xA0, 0xA0, 0xA0, 0x12, 0x32, 0x7F, 0x26,
    0x24, 0xFE, 0x64, 0x64, 0x44, 0x10, 0x78, 0xFC, 0x90, 0xF0, 0x78, 0x1C, 0x94, 0xFC, 0x78, 0x10,
    0xE1, 0x00, 0xB2, 0x00, 0x92, 0x00, 0xF4, 0x00, 0x08, 0x00, 0x0B, 0x80, 0x12, 0x40, 0x22, 0xC0,
    0x23, 0x80, 0x30, 0x58, 0x48, 0x70, 0x70, 0xDA, 0x8E, 0xCE, 0x7E, 0x80, 0x80, 0x80, 0x40, 0x40,
    0xC0, 0xC0, 0x80, 0x80, 0x80, 0x80, 0x80, 0xC0, 0x40, 0x40, 0xC0, 0x40, 0x40, 0x60, 0x20, 0x20,
    0x20, 0x20, 0x60, 0x60, 0x40, 0xC0, 0x20, 0xF8, 0x70, 0xF8, 0x20, 0x10, 0x10, 0xFE, 0x10, 0x10,
    0x10, 0xC0, 0x80, 0x80, 0x80, 0xF0, 0x80, 0x80, 0x10, 0x10, 0x10, 0x30, 0x20, 0x20, 0x60, 0x40,
    0x40, 0x40, 0xC0, 0x38, 0x4C, 0xC6, 0x82, 0x82, 0x82, 0xC6, 0xC4, 0x38, 0x30, 0xF0, 0x10, 0x10,
    0x10, 0x10, 0x10, 0x10, 0x10, 0x78, 0xCC, 0x84, 0x0C, 0x08, 0x10, 0x20, 0x60, 0xFC, 0x78, 0xCC,
    0x04, 0x0C, 0x38, 0x0C, 0x04, 0xCC, 0x78, 0x0C, 0x1C, 0x14, 0x24, 0x64, 0x44, 0xFE, 0x04, 0x04,
    0xFC, 0xC0, 0x80, 0xF8, 0xCC, 0x04, 0x04, 0xCC, 0x78, 0x78, 0xCC, 0x80, 0xB8, 0xCC, 0x84, 0x84,
    0xCC, 0x78, 0xFC, 0x0C, 0x08, 0x18, 0x10, 0x30, 0x20, 0x60, 0x40, 0x78, 0xCC, 0x84, 0xCC, 0x78,
    0xCC, 0x84, 0xCC, 0x78, 0x78, 0xC8, 0x84, 0x84, 0xCC, 0x7C, 0x0C, 0xC8, 0x70, 0x80, 0x80, 0x00,
    0x00, 0x00, 0x80, 0x80, 0x40, 0x40, 0x00, 0x00, 0x00, 0x40, 0x40, 0x00, 0x80, 0x04, 0x1C, 0x60,
    0xC0, 0x70, 0x1C, 0x04, 0xFC, 0x00, 0x00, 0xFC, 0x80, 0xE0, 0x18, 0x0C, 0x38, 0xE0, 0x80, 0x78,
    0xCC, 0x04, 0x0C, 0x30, 0x20, 0x00, 0x20, 0x20, 0x1F, 0x00, 0x71, 0xC0, 0x40, 0x40, 0xCF, 0x60,
    0x9B, 0x20, 0x91, 0x20, 0x91, 0x20, 0x9B, 0x60, 0xCD, 0xC0, 0x40, 0x00, 0x70, 0x00, 0x1F, 0x00,
    0x1C, 0x00, 0x1C, 0x00, 0x14, 0x00, 0x36, 0x00, 0x22, 0x00, 0x7E, 0x00, 0x63, 0x00, 0x41, 0x00,
    0xC1, 0x80, 0xF8, 0x8C, 0x84, 0x8C, 0xF8, 0x8C, 0x84, 0x8C, 0xF8, 0x3C, 0x66, 0xC3, 0x80, 0x80,
    0x80, 0xC3, 0x66, 0x3C, 0xF8, 0x8C, 0x86, 0x82, 0x82, 0x82, 0x86, 0x8C, 0xF8, 0xFC, 0x80, 0x80,
    0x80, 0xF8, 0x80, 0x80, 0x80, 0xFC, 0xFC, 0x80, 0x80, 0x80, 0xF8, 0x80, 0x80, 0x80, 0x80, 0x3C,
    0x66, 0xC1, 0x80, 0x8F, 0x81, 0xC3, 0x66, 0x3C, 0x82, 0x82, 0x82, 0x82, 0xFE, 0x82, 0x82, 0x82,
    0x82, 0x80, 0x80, 0x80, 0x80, 0x80, 0x80, 0x80, 0x80, 0x80, 0x08, 0x08, 0x08, 0x08, 0x08, 0x08,
    0x88, 0xD8, 0x70, 0x86, 0x8C, 0x98, 0xB0, 0xF0, 0xD8, 0x88, 0x8C, 0x86, 0x80, 0x80, 0x80, 0x80,
    0x80, 0x80, 0x80, 0x80, 0xF8, 0xC1, 0x80, 0xC3, 0x80, 0xE3, 0x80, 0xA2, 0x80, 0xB6, 0x80, 0xB4,
    0x80, 0x94, 0x80, 0x9C, 0x80, 0x88, 0x80, 0xC2, 0xC2, 0xE2, 0xB2, 0x92, 0x9A, 0x8E, 0x86, 0x86,
    0x3C, 0x66, 0xC3, 0x81, 0x81, 0x81, 0xC3, 0x66, 0x3C, 0xF8, 0x8C, 0x84, 0x84, 0x8C, 0xF8, 0x80,
    0x80, 0x80, 0x3C, 0x66, 0xC3, 0x81, 0x81, 0x81, 0xCB, 0x6E, 0x3E, 0xF8, 0x8C, 0x84, 0x8C, 0xF8,
    0x98, 0x88, 0x8C, 0x84, 0x78, 0xCC, 0x80, 0xC0, 0x78, 0x0C, 0x84, 0xCC, 0x78, 0xFE, 0x10, 0x10,
    0x10, 0x10, 0x10, 0x10, 0x10, 0x10, 0x82, 0x82, 0x82, 0x82, 0x82, 0x82, 0x82, 0xC6, 0x78, 0x83,
    0x82, 0xC6, 0x46, 0x64, 0x6C, 0x28, 0x38, 0x18, 0xC2, 0x18, 0x47, 0x10, 0x67, 0x10, 0x65, 0x30,
    0x25, 0xA0, 0x2D, 0xA0, 0x38, 0xE0, 0x38, 0xE0, 0x18, 0xC0, 0x86, 0x44, 0x6C, 0x38, 0x38, 0x38,
    0x6C, 0xC6, 0x82, 0x82, 0xC6, 0x4C, 0x68, 0x38, 0x10, 0x10, 0x10, 0x10, 0xFE, 0x06, 0x0C, 0x18,
    0x10, 0x30, 0x60, 0xC0, 0xFE, 0xE0, 0x80, 0x80, 0x80, 0x80, 0x80, 0x80, 0x80, 0x80, 0x80, 0xE0,
    0xC0, 0x40, 0x40, 0x40, 0x60, 0x20, 0x20, 0x30, 0x10, 0x10, 0x10, 0xE0, 0x20, 0x20, 0x20, 0x20,
    0x20, 0x20, 0x20, 0x20, 0x20, 0xE0, 0x60, 0x60, 0xD0, 0x90, 0x90, 0xFC, 0xC0, 0x40, 0x78, 0xCC,
    0x0C, 0x7C, 0x84, 0xCC, 0x74, 0x80, 0x80, 0xB8, 0xCC, 0x84, 0x84, 0x84, 0xCC, 0xB8, 0x78, 0xCC,
    0x80, 0x80, 0x80, 0xCC, 0x78, 0x04, 0x04, 0x74, 0xCC, 0x84, 0x84, 0x84, 0xCC, 0x74, 0x78, 0xCC,
    0x84, 0xFC, 0x80, 0xCC, 0x78, 0x38, 0x20, 0xF8, 0x20, 0x20, 0x20, 0x20, 0x20, 0x20, 0x74, 0xCC,
    0x84, 0x84, 0x84, 0xCC, 0x74, 0x04, 0xCC, 0x78, 0x80, 0x80, 0xB8, 0xCC, 0x84, 0x84, 0x84, 0x84,
    0x84, 0x80, 0x00, 0x80, 0x80, 0x80, 0x80, 0x80, 0x80, 0x80, 0x40, 0x00, 0x40, 0x40, 0x40, 0x40,
    0x40, 0x40, 0x40, 0x40, 0xC0, 0x80, 0x80, 0x80, 0x88, 0x90, 0xA0, 0xE0, 0xB0, 0x98, 0x8C, 0x80,
    0x80, 0x80, 0x80, 0x80, 0x80, 0x80, 0x80, 0x80, 0xB3, 0x00, 0xDD, 0x80, 0x88, 0x80, 0x88, 0x80,
    0x88, 0x80, 0x88, 0x80, 0x88, 0x80, 0xF8, 0xCC, 0x84, 0x84, 0x84, 0x84, 0x84, 0x78, 0xCC, 0x84,
    0x84, 0x84, 0xCC, 0x78, 0xB8, 0xCC, 0x84, 0x84, 0x84, 0xCC, 0xB8, 0x80, 0x80, 0x80, 0x74, 0xCC,
    0x84, 0x84, 0x84, 0xCC, 0x74, 0x04, 0x04, 0x04, 0xB0, 0xC0, 0x80, 0x80, 0x80, 0x80, 0x80, 0x70,
    0xD8, 0x80, 0x70, 0x18, 0x98, 0x70, 0x40, 0x40, 0xF0, 0x40, 0x40, 0x40, 0x40, 0x40, 0x70, 0x84,
    0x84, 0x84, 0x84, 0x84, 0xCC, 0x74, 0xC6, 0x46, 0x64, 0x2C, 0x28, 0x38, 0x18, 0x88, 0x80, 0x98,
    0x80, 0xDD, 0x80, 0xD5, 0x00, 0x77, 0x00, 0x67, 0x00, 0x62, 0x00, 0x88, 0xD8, 0x70, 0x70, 0x70,
    0xD8, 0x88, 0xC2, 0x46, 0x64, 0x2C, 0x28, 0x38, 0x18, 0x10, 0x30, 0x60, 0xFC, 0x0C, 0x18, 0x30,
    0x60, 0x40, 0xFC, 0x18, 0x30, 0x20, 0x20, 0x20, 0xC0, 0x60, 0x20, 0x20, 0x20, 0x18, 0x80, 0x80,
    0x80, 0x80, 0x80, 0x80, 0x80, 0x80, 0x80, 0x80, 0x80, 0x80, 0x80, 0x80, 0x80, 0xC0, 0x60, 0x20,
    0x20, 0x20, 0x10, 0x30, 0x20, 0x20, 0x60, 0xC0, 0x64, 0x9C, 0x80, 0x80, 0x00, 0x80, 0x80, 0x80,
    0x80, 0x80, 0x80, 0x10, 0x78, 0xFC, 0x90, 0x90, 0x90, 0xD6, 0x7C, 0x10, 0x38, 0x64, 0x40, 0x40,
    0xF8, 0x40, 0x40, 0xC6, 0xFC, 0xFA, 0xCE, 0xC6, 0x82, 0x82, 0xC6, 0xCE, 0xBA, 0xC6, 0x44, 0x6C,
    0x38, 0x7C, 0x30, 0x7C, 0x10, 0x10, 0x80, 0x80, 0x80, 0x80, 0x00, 0x00, 0x00, 0x80, 0x80, 0x80,
    0x80, 0x70, 0x98, 0x80, 0x60, 0x88, 0xC4, 0xEC, 0x38, 0x18, 0x98, 0x70, 0x90, 0x3C, 0x00, 0x63,
    0x00, 0xDD, 0x80, 0xB7, 0x80, 0xA0, 0x80, 0xB4, 0x80, 0xDD, 0x80, 0x63, 0x00, 0x3E, 0x00, 0x70,
    0x18, 0x38, 0xC8, 0x98, 0xF8, 0x2C, 0x48, 0xD0, 0xD0, 0x48, 0x2C, 0xF8, 0x08, 0x08, 0x38, 0xCC,
    0xF6, 0xBA, 0xEE, 0xEC, 0x78, 0xF0, 0x60, 0xB0, 0x90, 0xE0, 0x10, 0x10, 0xFC, 0x10, 0x00, 0xFC,
    0x60, 0x90, 0x30, 0x40, 0xF0, 0xE0, 0x10, 0x60, 0x10, 0xE0, 0x40, 0x80, 0x84, 0x84, 0x84, 0x84,
    0x84, 0xCC, 0xF6, 0x80, 0x80, 0x80, 0x7C, 0xF4, 0xF4, 0xF4, 0x74, 0x34, 0x04, 0x04, 0x04, 0x80,
    0x80, 0x80, 0xC0, 0xC0, 0xC0, 0x40, 0x40, 0x40, 0x40, 0x70, 0x98, 0x88, 0x88, 0x98, 0x70, 0x90,
    0x58, 0x2C, 0x2C, 0x58, 0x90, 0xC1, 0x00, 0x42, 0x00, 0x44, 0x00, 0x4C, 0x00, 0x49, 0x80, 0x13,
    0x80, 0x22, 0x80, 0x67, 0xC0, 0x40, 0x80, 0xC1, 0x00, 0x42, 0x00, 0x44, 0x00, 0x4C, 0x00, 0x49,
    0x80, 0x10, 0x40, 0x20, 0x80, 0x61, 0x00, 0x43, 0xC0, 0x60, 0x80, 0xB1, 0x00, 0x33, 0x00, 0x62,
    0x00, 0x34, 0x00, 0x64, 0xC0, 0x09, 0xC0, 0x11, 0x40, 0x13, 0xE0, 0x20, 0x40, 0x20, 0x20, 0x00,
    0x20, 0x60, 0xC0, 0x80, 0x88, 0xD8, 0x70, 0x10, 0x00, 0x08, 0x00, 0x00, 0x00, 0x1C, 0x00, 0x1C,
    0x00, 0x14, 0x00, 0x36, 0x00, 0x22, 0x00, 0x7E, 0x00, 0x63, 0x00, 0x41, 0x00, 0xC1, 0x80, 0x04,
    0x00, 0x08, 0x00, 0x00, 0x00, 0x1C, 0x00, 0x1C, 0x00, 0x14, 0x00, 0x36, 0x00, 0x22, 0x00, 0x7E,
    0x00, 0x63, 0x00, 0x41, 0x00, 0xC1, 0x80, 0x1C, 0x00, 0x14, 0x00, 0x00, 0x00, 0x1C, 0x00, 0x1C,
    0x00, 0x14, 0x00, 0x36, 0x00, 0x22, 0x00, 0x7E, 0x00, 0x63, 0x00, 0x41, 0x00, 0xC1, 0x80, 0x1C,
    0x00, 0x1C, 0x00, 0x00, 0x00, 0x1C, 0x00, 0x1C, 0x00, 0x14, 0x00, 0x36, 0x00, 0x22, 0x00, 0x3E,
    0x00, 0x63, 0x00, 0x41, 0x00, 0xC1, 0x80, 0x14, 0x00, 0x00, 0x00, 0x00, 0x00, 0x08, 0x00, 0x1C,
    0x00, 0x14, 0x00, 0x34, 0x00, 0x22, 0x00, 0x3E, 0x00, 0x63, 0x00, 0x41, 0x00, 0xC1, 0x80, 0x1C,
    0x00, 0x1C, 0x00, 0x1C, 0x00, 0x00, 0x00, 0x08, 0x00, 0x18, 0x00, 0x14, 0x00, 0x34, 0x00, 0x22,
    0x00, 0x3E, 0x00, 0x63, 0x00, 0x41, 0x00, 0xC1, 0x80, 0x0F, 0xF0, 0x1A, 0x00, 0x12, 0x00, 0x32,
    0x00, 0x23, 0xE0, 0x7E, 0x00, 0x62, 0x00, 0xC2, 0x00, 0xC3, 0xF0, 0x3C, 0x66, 0xC3, 0x80, 0x80,
    0x80, 0xC3, 0x66, 0x3C, 0x08, 0x0C, 0x08, 0x60, 0x20, 0x00, 0xFC, 0x80, 0x80, 0x80, 0xF8, 0x80,
    0x80, 0x80, 0xFC, 0x10, 0x20, 0x00, 0xFC, 0x80, 0x80, 0x80, 0xF8, 0x80, 0x80, 0x80, 0xFC, 0x30,
    0x50, 0x00, 0xFC, 0x80, 0x80, 0x80, 0xF8, 0x80, 0x80, 0x80, 0xFC, 0x48, 0x00, 0x00, 0xFC, 0x80,
    0x80, 0x80, 0xFC, 0x80, 0x80, 0x80, 0xFC, 0x80, 0x40, 0x00, 0x40, 0x40, 0x40, 0x40, 0x40, 0x40,
    0x40, 0x40, 0x40, 0xC0, 0x80, 0x00, 0x80, 0x80, 0x80, 0x80, 0x80, 0x80, 0x80, 0x80, 0x80, 0xC0,
    0xA0, 0x00, 0x40, 0x40, 0x40, 0x40, 0x40, 0x40, 0x40, 0x40, 0x40, 0x90, 0x00, 0x00, 0x40, 0x40,
    0x40, 0x40, 0x40, 0x40, 0x40, 0x40, 0x40, 0x7C, 0x46, 0x43, 0x41, 0xF1, 0x41, 0x43, 0x46, 0x7C,
    0x38, 0x38, 0x00, 0xC2, 0xC2, 0xE2, 0xB2, 0x92, 0x9A, 0x8E, 0x86, 0x86, 0x10, 0x10, 0x00, 0x3C,
    0x66, 0xC3, 0x81, 0x81, 0x81, 0xC3, 0x66, 0x3C, 0x08, 0x08, 0x00, 0x3C, 0x66, 0xC3, 0x81, 0x81,
    0x81, 0xC3, 0x66, 0x3C, 0x18, 0x00, 0x00, 0x3C, 0x66, 0xC3, 0x81, 0x81, 0x81, 0xC3, 0x66, 0x3C,
    0x34, 0x28, 0x00, 0x3C, 0x66, 0xC3, 0x81, 0x81, 0x81, 0xC3, 0x66, 0x3C, 0x24, 0x00, 0x00, 0x3C,
    0x66, 0xC3, 0x81, 0x81, 0x81, 0xC3, 0x66, 0x3C, 0x98, 0x70, 0x70, 0xF0, 0x88, 0x3E, 0x66, 0xC7,
    0x89, 0x99, 0x91, 0xE3, 0x66, 0xFC, 0x20, 0x10, 0x00, 0x82, 0x82, 0x82, 0x82, 0x82, 0x82, 0x82,
    0xC6, 0x78, 0x18, 0x10, 0x00, 0x82, 0x82, 0x82, 0x82, 0x82, 0x82, 0x82, 0xC6, 0x78, 0x38, 0x00,
    0x00, 0x82, 0x82, 0x82, 0x82, 0x82, 0x82, 0x86, 0xCE, 0x78, 0x28, 0x00, 0x00, 0x82, 0x82, 0x82,
    0x82, 0x82, 0x82, 0x82, 0xC6, 0x78, 0x18, 0x10, 0x00, 0x82, 0xC6, 0x4C, 0x68, 0x38, 0x10, 0x10,
    0x10, 0x10, 0x80, 0x80, 0xF8, 0x8C, 0x84, 0x8C, 0xF8, 0x80, 0x80, 0x70, 0xD8, 0x88, 0x98, 0xB0,
    0x8C, 0x84, 0x8C, 0xB8, 0x60, 0x20, 0x00, 0x78, 0xCC, 0x0C, 0x7C, 0x84, 0xCC, 0x74, 0x18, 0x10,
    0x00, 0x78, 0xCC, 0x0C, 0x7C, 0x84, 0xCC, 0x74, 0x30, 0x48, 0x00, 0x78, 0xCC, 0x0C, 0x7C, 0x84,
    0xCC, 0x74, 0x68, 0x58, 0x00, 0x78, 0xCC, 0x0C, 0x7C, 0x84, 0xCC, 0x74, 0x48, 0x00, 0x78, 0xCC,
    0x0C, 0x7C, 0x84, 0xCC, 0x74, 0x38, 0x58, 0x30, 0x00, 0x78, 0xCC, 0x0C, 0x7C, 0x84, 0xCC, 0x74,
    0x7F, 0x80, 0xCE, 0x40, 0x0C, 0x60, 0x7F, 0xE0, 0xCE, 0x00, 0x8E, 0x40, 0x73, 0xC0, 0x78, 0xCC,
    0x80, 0x80, 0x80, 0xCC, 0x78, 0x10, 0x08, 0x10, 0x20, 0x20, 0x00, 0x78, 0xCC, 0x84, 0xFC, 0x80,
    0xCC, 0x78, 0x10, 0x10, 0x00, 0x78, 0xCC, 0x84, 0xFC, 0x80, 0xCC, 0x78, 0x30, 0x58, 0x00, 0x78,
    0xCC, 0x84, 0xFC, 0x80, 0xCC, 0x78, 0x48, 0x00, 0x78, 0xCC, 0x84, 0xFC, 0x80, 0xCC, 0x78, 0x80,
    0x40, 0x00, 0x40, 0x40, 0x40, 0x40, 0x40, 0x40, 0x40, 0x40, 0x80, 0x00, 0x80, 0x80, 0x80, 0x80,
    0x80, 0x80, 0x80, 0x40, 0xA0, 0x00, 0x40, 0x40, 0x40, 0x40, 0x40, 0x40, 0x40, 0x90, 0x00, 0x40,
    0x40, 0x40, 0x40, 0x40, 0x40, 0x40, 0x68, 0x30, 0x18, 0x78, 0xCC, 0x8C, 0x84, 0x84, 0xCC, 0x78,
    0x68, 0x58, 0x00, 0xF8, 0xCC, 0x84, 0x84, 0x84, 0x84, 0x84, 0x20, 0x20, 0x00, 0x78, 0xCC, 0x84,
    0x84, 0x84, 0xCC, 0x78, 0x10, 0x10, 0x00, 0x78, 0xCC, 0x84, 0x84, 0x84, 0xCC, 0x78, 0x30, 0x58,
    0x00, 0x78, 0xCC, 0x84, 0x84, 0x84, 0xCC, 0x78, 0x68, 0x50, 0x00, 0x78, 0xCC, 0x84, 0x84, 0x84,
    0xCC, 0x78, 0x48, 0x00, 0x78, 0xCC, 0x84, 0x84, 0x84, 0xCC, 0x78, 0x10, 0x10, 0x00, 0xFC, 0x00,
    0x10, 0x10, 0x7C, 0xCC, 0x9C, 0xA4, 0xE4, 0xCC, 0xF8, 0x60, 0x20, 0x00, 0x84, 0x84, 0x84, 0x84,
    0x84, 0xCC, 0x74, 0x10, 0x10, 0x00, 0x84, 0x84, 0x84, 0x84, 0x84, 0xCC, 0x74, 0x30, 0x48, 0x00,
    0x84, 0x84, 0x84, 0x84, 0x84, 0xCC, 0x74, 0x48, 0x00, 0x84, 0x84, 0x84, 0x84, 0x84, 0xCC, 0x74,
    0x08, 0x18, 0x00, 0xC2, 0x46, 0x64, 0x2C, 0x28, 0x38, 0x18, 0x10, 0x30, 0x60, 0x80, 0x80, 0xB8,
    0xCC, 0x84, 0x84, 0x84, 0xCC, 0xB8, 0x80, 0x80, 0x80, 0x48, 0x00, 0x84, 0x8C, 0xC8, 0x48, 0x78,
    0x70, 0x30, 0x30, 0x60, 0xC0, 0x3F, 0xF0, 0x62, 0x00, 0xC2, 0x00, 0x82, 0x00, 0x83, 0xE0, 0x82,
    0x00, 0xC2, 0x00, 0x62, 0x00, 0x3F, 0xF0, 0x7B, 0xC0, 0xCE, 0x60, 0x8C, 0x20, 0x8F, 0xE0, 0x8C,
    0x00, 0xCE, 0x60, 0x7B, 0xC0, 0x50, 0x30, 0x00, 0x78, 0xCC, 0x80, 0xC0, 0x78, 0x0C, 0x84, 0xCC,
    0x78, 0x50, 0x60, 0x00, 0x70, 0xD8, 0x80, 0x70, 0x18, 0x98, 0x70, 0x24, 0x00, 0x00, 0xC3, 0x46,
    0x64, 0x3C, 0x38, 0x10, 0x10, 0x10, 0x10, 0x28, 0x38, 0x00, 0xFE, 0x06, 0x0C, 0x18, 0x10, 0x30,
    0x60, 0xC0, 0xFE, 0x30, 0x00, 0xFC, 0x0C, 0x18, 0x30, 0x60, 0x40, 0xFC, 0x70, 0x40, 0xF0, 0x40,
    0x40, 0x40, 0x40, 0x40, 0x40, 0x40, 0xC0, 0x80, 0x60, 0xB0, 0xD0, 0xB0, 0xFE, 0xFF, 0xF8, 0x40,
    0x40, 0xC0, 0x40, 0xC0, 0x80, 0x80, 0xC0, 0x80, 0x80, 0x80, 0x58, 0x50, 0xD0, 0x50, 0xD0, 0x90,
    0x90, 0xD0, 0x90, 0xB0, 0xA0, 0x20, 0x20, 0xF8, 0x20, 0x20, 0x20, 0x20, 0x20, 0x20, 0xF8, 0x20,
    0xF8, 0x20, 0x20, 0x20, 0x20, 0x60, 0xF0, 0xF0, 0x60, 0x88, 0x80, 0x88, 0x80, 0xE1, 0x00, 0xB2,
    0x00, 0x92, 0x00, 0xF4, 0x00, 0x08, 0x00, 0x0B, 0x9C, 0x12, 0x52, 0x22, 0xD6, 0x23, 0x9C, 0x20,
    0x40, 0xC0, 0xC0, 0x40, 0x20, 0x80, 0x40, 0x20, 0x20, 0x40, 0x80, 0x1E, 0x22, 0x60, 0xFC, 0x40,
    0xF8, 0x60, 0x22, 0x1E, 0x24, 0xB4, 0xBC, 0xAC,
];
pub static INTER_LARGE_DETAIL: BitmapFont = BitmapFont {
    glyphs: &INTER_LARGE_DETAIL_GLYPHS,
    bitmap: &INTER_LARGE_DETAIL_BITMAP,
    extra: &INTER_LARGE_DETAIL_EXTRA,
    line_height: 18,
};

// INTER_LARGE_BODY: Inter Medium 17 px, line-height 23
const INTER_LARGE_BODY_GLYPHS: [Glyph; 95] = [
    g(0, 0, 0, 5, 0, 0),
    g(0, 2, 13, 6, 1, -13),
    g(13, 5, 5, 9, 2, -13),
    g(18, 11, 13, 11, 0, -13),
    g(44, 9, 18, 11, 1, -16),
    g(80, 14, 13, 17, 2, -13),
    g(106, 10, 13, 12, 1, -13),
    g(132, 2, 5, 6, 2, -13),
    g(137, 4, 16, 7, 2, -14),
    g(153, 4, 16, 7, 1, -14),
    g(169, 5, 7, 9, 2, -13),
    g(176, 9, 9, 12, 1, -10),
    g(194, 3, 5, 6, 1, -1),
    g(199, 6, 2, 8, 1, -7),
    g(201, 2, 3, 6, 1, -3),
    g(204, 6, 16, 7, 0, -14),
    g(220, 9, 13, 11, 1, -13),
    g(246, 5, 13, 8, 1, -13),
    g(259, 8, 13, 11, 1, -13),
    g(272, 9, 13, 11, 1, -13),
    g(298, 10, 13, 12, 1, -13),
    g(324, 8, 13, 11, 1, -13),
    g(337, 9, 13, 11, 1, -13),
    g(363, 8, 13, 10, 1, -13),
    g(376, 9, 13, 11, 1, -13),
    g(402, 9, 13, 11, 1, -13),
    g(428, 2, 10, 6, 1, -10),
    g(438, 2, 13, 6, 2, -9),
    g(451, 8, 9, 12, 1, -10),
    g(460, 8, 6, 12, 2, -8),
    g(466, 8, 9, 12, 2, -10),
    g(475, 8, 13, 9, 1, -13),
    g(488, 15, 17, 17, 1, -13),
    g(522, 10, 13, 13, 1, -13),
    g(548, 9, 13, 12, 1, -13),
    g(574, 10, 13, 13, 1, -13),
    g(600, 10, 13, 13, 1, -13),
    g(626, 8, 13, 11, 1, -13),
    g(639, 8, 13, 11, 1, -13),
    g(652, 11, 13, 13, 1, -13),
    g(678, 10, 13, 13, 1, -13),
    g(704, 2, 13, 5, 1, -13),
    g(717, 8, 13, 10, 1, -13),
    g(730, 9, 13, 12, 1, -13),
    g(756, 8, 13, 10, 1, -13),
    g(769, 13, 13, 16, 1, -13),
    g(795, 10, 13, 13, 1, -13),
    g(821, 11, 13, 14, 1, -13),
    g(847, 9, 13, 11, 1, -13),
    g(873, 11, 14, 14, 1, -13),
    g(901, 9, 13, 12, 1, -13),
    g(927, 9, 13, 11, 1, -13),
    g(953, 10, 13, 12, 1, -13),
    g(979, 10, 13, 13, 1, -13),
    g(1005, 10, 13, 13, 1, -13),
    g(1031, 15, 13, 18, 1, -13),
    g(1057, 11, 13, 12, 0, -13),
    g(1083, 10, 13, 12, 1, -13),
    g(1109, 9, 13, 11, 1, -13),
    g(1135, 4, 17, 7, 2, -15),
    g(1152, 6, 16, 7, 0, -14),
    g(1168, 4, 17, 7, 1, -15),
    g(1185, 6, 6, 9, 1, -13),
    g(1191, 8, 2, 8, 0, 0),
    g(1193, 2, 3, 6, 2, -14),
    g(1196, 8, 10, 10, 1, -10),
    g(1206, 9, 13, 11, 1, -13),
    g(1232, 8, 10, 10, 1, -10),
    g(1242, 9, 13, 11, 1, -13),
    g(1268, 9, 10, 10, 1, -10),
    g(1288, 6, 13, 7, 0, -13),
    g(1301, 9, 14, 11, 1, -10),
    g(1329, 8, 13, 11, 1, -13),
    g(1342, 2, 13, 5, 1, -13),
    g(1355, 3, 17, 5, 0, -13),
    g(1372, 8, 13, 10, 1, -13),
    g(1385, 2, 13, 5, 1, -13),
    g(1398, 12, 10, 16, 1, -10),
    g(1418, 8, 10, 11, 1, -10),
    g(1428, 9, 10, 11, 1, -10),
    g(1448, 9, 14, 11, 1, -10),
    g(1476, 9, 14, 11, 1, -10),
    g(1504, 5, 10, 7, 1, -10),
    g(1514, 7, 10, 10, 1, -10),
    g(1524, 6, 13, 6, 0, -13),
    g(1537, 8, 10, 11, 1, -10),
    g(1547, 8, 10, 10, 1, -10),
    g(1557, 12, 10, 15, 1, -10),
    g(1577, 8, 10, 10, 1, -10),
    g(1587, 8, 14, 10, 1, -10),
    g(1601, 7, 10, 10, 1, -10),
    g(1611, 6, 16, 8, 1, -13),
    g(1627, 2, 22, 6, 2, -18),
    g(1649, 6, 16, 8, 1, -13),
    g(1665, 9, 4, 12, 1, -7),
];
const INTER_LARGE_BODY_EXTRA: [(char, Glyph); 123] = [
    ('\u{a0}', g(0, 0, 0, 5, 0, 0)),
    ('\u{a1}', g(1673, 2, 14, 6, 1, -10)),
    ('\u{a2}', g(1687, 8, 13, 10, 1, -13)),
    ('\u{a3}', g(1700, 9, 13, 11, 1, -13)),
    ('\u{a4}', g(1726, 10, 11, 13, 1, -11)),
    ('\u{a5}', g(1748, 8, 13, 10, 1, -13)),
    ('\u{a6}', g(1761, 2, 16, 5, 2, -13)),
    ('\u{a7}', g(1777, 8, 16, 10, 1, -13)),
    ('\u{a8}', g(1793, 6, 2, 11, 2, -13)),
    ('\u{a9}', g(1795, 13, 14, 16, 1, -14)),
    ('\u{aa}', g(1823, 6, 7, 8, 1, -13)),
    ('\u{ab}', g(1830, 8, 8, 11, 1, -10)),
    ('\u{ac}', g(1838, 8, 5, 12, 1, -7)),
    ('\u{ad}', g(0, 0, 0, 0, 0, 0)),
    ('\u{ae}', g(1843, 10, 11, 12, 1, -14)),
    ('\u{af}', g(1865, 5, 2, 8, 2, -14)),
    ('\u{b0}', g(1867, 6, 6, 8, 1, -13)),
    ('\u{b1}', g(1873, 8, 10, 12, 2, -10)),
    ('\u{b2}', g(1883, 6, 7, 8, 1, -15)),
    ('\u{b3}', g(1890, 6, 7, 8, 1, -15)),
    ('\u{b4}', g(1897, 2, 3, 6, 2, -14)),
    ('\u{b5}', g(1900, 9, 14, 11, 1, -10)),
    ('\u{b6}', g(1928, 8, 13, 11, 1, -13)),
    ('\u{b7}', g(1941, 2, 3, 6, 1, -8)),
    ('\u{b8}', g(1944, 2, 4, 6, 2, 0)),
    ('\u{b9}', g(1948, 4, 7, 6, 1, -15)),
    ('\u{ba}', g(1955, 7, 7, 9, 1, -13)),
    ('\u{bb}', g(1962, 8, 8, 11, 1, -10)),
    ('\u{bc}', g(1970, 12, 13, 14, 1, -13)),
    ('\u{bd}', g(1996, 13, 13, 15, 1, -13)),
    ('\u{be}', g(2022, 14, 14, 16, 1, -14)),
    ('\u{bf}', g(2050, 8, 14, 9, 1, -10)),
    ('\u{c0}', g(2064, 10, 17, 13, 1, -17)),
    ('\u{c1}', g(2098, 10, 17, 13, 1, -17)),
    ('\u{c2}', g(2132, 10, 17, 13, 1, -17)),
    ('\u{c3}', g(2166, 10, 17, 13, 1, -17)),
    ('\u{c4}', g(2200, 10, 16, 13, 1, -16)),
    ('\u{c5}', g(2232, 10, 18, 13, 1, -18)),
    ('\u{c6}', g(2268, 16, 13, 18, 0, -13)),
    ('\u{c7}', g(2294, 10, 17, 13, 1, -13)),
    ('\u{c8}', g(2328, 8, 17, 11, 1, -17)),
    ('\u{c9}', g(2345, 8, 17, 11, 1, -17)),
    ('\u{ca}', g(2362, 8, 17, 11, 1, -17)),
    ('\u{cb}', g(2379, 8, 16, 11, 1, -16)),
    ('\u{cc}', g(2395, 3, 17, 5, 0, -17)),
    ('\u{cd}', g(2412, 3, 17, 5, 1, -17)),
    ('\u{ce}', g(2429, 4, 17, 5, 0, -17)),
    ('\u{cf}', g(2446, 6, 16, 5, 0, -16)),
    ('\u{d0}', g(2462, 12, 13, 13, 0, -13)),
    ('\u{d1}', g(2488, 10, 17, 13, 1, -17)),
    ('\u{d2}', g(2522, 11, 17, 14, 1, -17)),
    ('\u{d3}', g(2556, 11, 17, 14, 1, -17)),
    ('\u{d4}', g(2590, 11, 18, 14, 1, -18)),
    ('\u{d5}', g(2626, 11, 17, 14, 1, -17)),
    ('\u{d6}', g(2660, 11, 17, 14, 1, -17)),
    ('\u{d7}', g(2694, 7, 8, 12, 2, -9)),
    ('\u{d8}', g(2702, 11, 13, 14, 1, -13)),
    ('\u{d9}', g(2728, 10, 17, 13, 1, -17)),
    ('\u{da}', g(2762, 10, 17, 13, 1, -17)),
    ('\u{db}', g(2796, 10, 17, 13, 1, -17)),
    ('\u{dc}', g(2830, 10, 17, 13, 1, -17)),
    ('\u{dd}', g(2864, 10, 17, 12, 1, -17)),
    ('\u{de}', g(2898, 8, 13, 11, 1, -13)),
    ('\u{df}', g(2911, 9, 13, 11, 1, -13)),
    ('\u{e0}', g(2937, 8, 14, 10, 1, -14)),
    ('\u{e1}', g(2951, 8, 14, 10, 1, -14)),
    ('\u{e2}', g(2965, 8, 14, 10, 1, -14)),
    ('\u{e3}', g(2979, 8, 14, 10, 1, -14)),
    ('\u{e4}', g(2993, 8, 13, 10, 1, -13)),
    ('\u{e5}', g(3006, 8, 15, 10, 1, -15)),
    ('\u{e6}', g(3021, 14, 10, 16, 1, -10)),
    ('\u{e7}', g(3041, 8, 13, 10, 1, -10)),
    ('\u{e8}', g(3054, 9, 14, 10, 1, -14)),
    ('\u{e9}', g(3082, 9, 14, 10, 1, -14)),
    ('\u{ea}', g(3110, 9, 14, 10, 1, -14)),
    ('\u{eb}', g(3138, 9, 13, 10, 1, -13)),
    ('\u{ec}', g(3164, 3, 14, 5, 0, -14)),
    ('\u{ed}', g(3178, 3, 14, 5, 1, -14)),
    ('\u{ee}', g(3192, 4, 14, 5, 0, -14)),
    ('\u{ef}', g(3206, 6, 13, 5, -1, -13)),
    ('\u{f0}', g(3219, 9, 14, 10, 1, -14)),
    ('\u{f1}', g(3247, 8, 14, 11, 1, -14)),
    ('\u{f2}', g(3261, 9, 14, 11, 1, -14)),
    ('\u{f3}', g(3289, 9, 14, 11, 1, -14)),
    ('\u{f4}', g(3317, 9, 14, 11, 1, -14)),
    ('\u{f5}', g(3345, 9, 14, 11, 1, -14)),
    ('\u{f6}', g(3373, 9, 13, 11, 1, -13)),
    ('\u{f7}', g(3399, 8, 10, 12, 2, -10)),
    ('\u{f8}', g(3409, 9, 10, 11, 1, -10)),
    ('\u{f9}', g(3429, 8, 14, 11, 1, -14)),
    ('\u{fa}', g(3443, 8, 14, 11, 1, -14)),
    ('\u{fb}', g(3457, 8, 14, 11, 1, -14)),
    ('\u{fc}', g(3471, 8, 13, 11, 1, -13)),
    ('\u{fd}', g(3484, 8, 18, 10, 1, -14)),
    ('\u{fe}', g(3502, 9, 17, 11, 1, -13)),
    ('\u{ff}', g(3536, 9, 17, 10, 0, -13)),
    ('\u{152}', g(3570, 15, 13, 18, 1, -13)),
    ('\u{153}', g(3596, 16, 10, 17, 1, -10)),
    ('\u{160}', g(3616, 9, 17, 11, 1, -17)),
    ('\u{161}', g(3650, 7, 14, 10, 1, -14)),
    ('\u{178}', g(3664, 10, 16, 12, 1, -16)),
    ('\u{17d}', g(3696, 9, 17, 11, 1, -17)),
    ('\u{17e}', g(3730, 7, 14, 10, 1, -14)),
    ('\u{192}', g(3744, 6, 17, 8, 1, -13)),
    ('\u{2c6}', g(3761, 5, 3, 8, 1, -14)),
    ('\u{2dc}', g(3764, 5, 2, 9, 2, -14)),
    ('\u{2013}', g(3766, 9, 2, 9, 0, -7)),
    ('\u{2014}', g(3770, 17, 2, 17, 0, -7)),
    ('\u{2018}', g(3776, 3, 5, 5, 1, -13)),
    ('\u{2019}', g(3781, 3, 5, 5, 1, -13)),
    ('\u{201a}', g(3786, 3, 5, 5, 1, -1)),
    ('\u{201c}', g(3791, 6, 5, 9, 1, -13)),
    ('\u{201d}', g(3796, 6, 5, 8, 1, -13)),
    ('\u{201e}', g(3801, 6, 5, 8, 1, -1)),
    ('\u{2020}', g(3806, 7, 9, 9, 1, -13)),
    ('\u{2021}', g(3815, 7, 13, 9, 1, -13)),
    ('\u{2022}', g(3828, 5, 6, 10, 2, -8)),
    ('\u{2026}', g(3834, 12, 3, 16, 1, -3)),
    ('\u{2030}', g(3840, 20, 13, 24, 2, -13)),
    ('\u{2039}', g(3879, 5, 8, 7, 1, -10)),
    ('\u{203a}', g(3887, 5, 8, 7, 1, -10)),
    ('\u{20ac}', g(3895, 9, 13, 12, 1, -13)),
    ('\u{2122}', g(3921, 8, 5, 11, 2, -13)),
];
const INTER_LARGE_BODY_BITMAP: [u8; 3926] = [
    0xC0, 0xC0, 0xC0, 0xC0, 0xC0, 0xC0, 0xC0, 0xC0, 0xC0, 0x00, 0xC0, 0xC0, 0xC0, 0xD8, 0xD8, 0xD8,
    0xD8, 0xD8, 0x18, 0x80, 0x18, 0x80, 0x19, 0x80, 0x7F, 0xE0, 0x7F, 0xC0, 0x11, 0x00, 0x11, 0x00,
    0x31, 0x00, 0xFF, 0xC0, 0x7F, 0x80, 0x23, 0x00, 0x23, 0x00, 0x22, 0x00, 0x08, 0x00, 0x08, 0x00,
    0x08, 0x00, 0x3E, 0x00, 0x7F, 0x00, 0xCB, 0x80, 0xC8, 0x00, 0xC8, 0x00, 0x78, 0x00, 0x3E, 0x00,
    0x0F, 0x00, 0x09, 0x80, 0x89, 0x80, 0xCB, 0x80, 0xFF, 0x00, 0x3E, 0x00, 0x08, 0x00, 0x08, 0x00,
    0x70, 0x20, 0xF8, 0x60, 0xD8, 0x40, 0xD8, 0x80, 0xF9, 0x80, 0x21, 0x00, 0x02, 0x00, 0x06, 0x78,
    0x04, 0xDC, 0x08, 0xCC, 0x08, 0xCC, 0x10, 0xFC, 0x20, 0x78, 0x3C, 0x00, 0x7E, 0x00, 0x66, 0x00,
    0x66, 0x00, 0x6C, 0x00, 0x3C, 0x00, 0x38, 0x00, 0x7C, 0xC0, 0xCE, 0xC0, 0xC7, 0x80, 0xC3, 0x80,
    0x7F, 0x80, 0x3C, 0xC0, 0xC0, 0xC0, 0xC0, 0xC0, 0xC0, 0x30, 0x60, 0x60, 0x60, 0x40, 0xC0, 0xC0,
    0xC0, 0xC0, 0xC0, 0xC0, 0xC0, 0x60, 0x60, 0x60, 0x30, 0xC0, 0x40, 0x60, 0x60, 0x60, 0x30, 0x30,
    0x30, 0x30, 0x30, 0x30, 0x20, 0x60, 0x60, 0x40, 0xC0, 0x20, 0x20, 0xF8, 0x70, 0xF8, 0x20, 0x20,
    0x0C, 0x00, 0x0C, 0x00, 0x0C, 0x00, 0x7F, 0x80, 0xFF, 0x80, 0x0C, 0x00, 0x0C, 0x00, 0x0C, 0x00,
    0x08, 0x00, 0x60, 0x40, 0xC0, 0xC0, 0x80, 0xFC, 0xFC, 0x80, 0xC0, 0xC0, 0x0C, 0x0C, 0x08, 0x18,
    0x18, 0x18, 0x10, 0x30, 0x30, 0x30, 0x20, 0x60, 0x60, 0x60, 0x40, 0xC0, 0x1C, 0x00, 0x7F, 0x00,
    0x63, 0x00, 0xC1, 0x80, 0xC1, 0x80, 0xC1, 0x80, 0xC1, 0x80, 0xC1, 0x80, 0xC1, 0x80, 0xC1, 0x80,
    0x63, 0x00, 0x7F, 0x00, 0x1C, 0x00, 0x38, 0x78, 0xD8, 0x98, 0x18, 0x18, 0x18, 0x18, 0x18, 0x18,
    0x18, 0x18, 0x18, 0x3C, 0x7E, 0xC3, 0xC3, 0x03, 0x07, 0x06, 0x0C, 0x18, 0x30, 0x60, 0xFF, 0xFF,
    0x3C, 0x00, 0x7E, 0x00, 0xC3, 0x00, 0x03, 0x00, 0x03, 0x00, 0x1E, 0x00, 0x1E, 0x00, 0x03, 0x00,
    0x01, 0x80, 0x81, 0x80, 0xC3, 0x80, 0x7F, 0x00, 0x3E, 0x00, 0x07, 0x00, 0x07, 0x00, 0x0F, 0x00,
    0x1B, 0x00, 0x1B, 0x00, 0x33, 0x00, 0x23, 0x00, 0x63, 0x00, 0xC3, 0x00, 0xFF, 0xC0, 0xFF, 0x80,
    0x03, 0x00, 0x03, 0x00, 0xFE, 0xFE, 0xC0, 0xC0, 0xD8, 0xFE, 0xC6, 0x03, 0x03, 0x83, 0xC6, 0xFE,
    0x7C, 0x1E, 0x00, 0x3F, 0x00, 0x63, 0x00, 0xC0, 0x00, 0xCC, 0x00, 0xFF, 0x00, 0xE3, 0x00, 0xC1,
    0x80, 0xC1, 0x80, 0xC1, 0x80, 0x63, 0x00, 0x7F, 0x00, 0x3E, 0x00, 0xFF, 0xFF, 0x03, 0x06, 0x06,
    0x0C, 0x0C, 0x18, 0x18, 0x30, 0x30, 0x20, 0x60, 0x3C, 0x00, 0x7E, 0x00, 0xC3, 0x00, 0xC3, 0x00,
    0xC3, 0x00, 0x7E, 0x00, 0x7E, 0x00, 0x63, 0x00, 0xC1, 0x80, 0xC1, 0x80, 0xC1, 0x80, 0x7F, 0x00,
    0x3E, 0x00, 0x3C, 0x00, 0x7F, 0x00, 0xE3, 0x00, 0xC1, 0x80, 0xC1, 0x80, 0xE3, 0x80, 0x7F, 0x80,
    0x3D, 0x80, 0x01, 0x80, 0xC3, 0x00, 0xE3, 0x00, 0x7E, 0x00, 0x3C, 0x00, 0x80, 0xC0, 0xC0, 0x00,
    0x00, 0x00, 0x00, 0x80, 0xC0, 0xC0, 0x80, 0xC0, 0xC0, 0x00, 0x00, 0x00, 0x00, 0x00, 0xC0, 0x80,
    0x80, 0x80, 0x80, 0x01, 0x07, 0x1E, 0x78, 0xE0, 0xE0, 0x3C, 0x0F, 0x03, 0xFF, 0xFF, 0x00, 0x00,
    0xFF, 0xFF, 0x80, 0xE0, 0x78, 0x1E, 0x07, 0x07, 0x3C, 0xF0, 0xC0, 0x3C, 0x7E, 0xC3, 0x03, 0x07,
    0x0E, 0x18, 0x30, 0x30, 0x00, 0x30, 0x30, 0x30, 0x07, 0xE0, 0x1F, 0xF0, 0x38, 0x18, 0x60, 0x0C,
    0x63, 0x6C, 0xCF, 0xE6, 0xCC, 0xE6, 0xD8, 0x66, 0xD8, 0x66, 0xD8, 0x66, 0xDC, 0x66, 0xCF, 0xFC,
    0x67, 0x38, 0x60, 0x00, 0x38, 0x00, 0x1F, 0xE0, 0x07, 0xE0, 0x0C, 0x00, 0x1E, 0x00, 0x1E, 0x00,
    0x16, 0x00, 0x33, 0x00, 0x33, 0x00, 0x33, 0x00, 0x61, 0x80, 0x7F, 0x80, 0x7F, 0x80, 0xC0, 0xC0,
    0xC0, 0xC0, 0xC0, 0xC0, 0xFC, 0x00, 0xFE, 0x00, 0xC3, 0x00, 0xC3, 0x00, 0xC3, 0x00, 0xFE, 0x00,
    0xFE, 0x00, 0xC3, 0x00, 0xC1, 0x80, 0xC1, 0x80, 0xC1, 0x80, 0xFF, 0x00, 0xFE, 0x00, 0x1F, 0x00,
    0x3F, 0x80, 0x60, 0xC0, 0x60, 0xC0, 0xC0, 0x00, 0xC0, 0x00, 0xC0, 0x00, 0xC0, 0x00, 0xC0, 0x00,
    0x60, 0xC0, 0x60, 0xC0, 0x3F, 0x80, 0x1F, 0x00, 0xFE, 0x00, 0xFF, 0x00, 0xC1, 0x80, 0xC1, 0x80,
    0xC0, 0xC0, 0xC0, 0xC0, 0xC0, 0xC0, 0xC0, 0xC0, 0xC0, 0xC0, 0xC1, 0x80, 0xC1, 0x80, 0xFF, 0x00,
    0xFE, 0x00, 0xFF, 0xFF, 0xC0, 0xC0, 0xC0, 0xFE, 0xFF, 0xC0, 0xC0, 0xC0, 0xC0, 0xFF, 0xFF, 0xFF,
    0xFE, 0xC0, 0xC0, 0xC0, 0xC0, 0xFE, 0xFE, 0xC0, 0xC0, 0xC0, 0xC0, 0xC0, 0x1F, 0x00, 0x3F, 0x80,
    0x60, 0xC0, 0x60, 0x60, 0xC0, 0x00, 0xC0, 0x00, 0xC3, 0xE0, 0xC3, 0xE0, 0xC0, 0x60, 0x60, 0x60,
    0x60, 0xC0, 0x3F, 0x80, 0x1F, 0x00, 0xC0, 0xC0, 0xC0, 0xC0, 0xC0, 0xC0, 0xC0, 0xC0, 0xC0, 0xC0,
    0xFF, 0xC0, 0xFF, 0xC0, 0xC0, 0xC0, 0xC0, 0xC0, 0xC0, 0xC0, 0xC0, 0xC0, 0xC0, 0xC0, 0xC0, 0xC0,
    0xC0, 0xC0, 0xC0, 0xC0, 0xC0, 0xC0, 0xC0, 0xC0, 0xC0, 0xC0, 0xC0, 0xC0, 0xC0, 0x03, 0x03, 0x03,
    0x03, 0x03, 0x03, 0x03, 0x03, 0xC3, 0xC3, 0xC3, 0x7E, 0x3C, 0xC1, 0x80, 0xC3, 0x00, 0xC7, 0x00,
    0xCE, 0x00, 0xCC, 0x00, 0xD8, 0x00, 0xF8, 0x00, 0xEC, 0x00, 0xC6, 0x00, 0xC6, 0x00, 0xC3, 0x00,
    0xC1, 0x80, 0xC1, 0x80, 0xC0, 0xC0, 0xC0, 0xC0, 0xC0, 0xC0, 0xC0, 0xC0, 0xC0, 0xC0, 0xC0, 0xFE,
    0xFF, 0xE0, 0x38, 0xE0, 0x78, 0xF0, 0x78, 0xF0, 0x78, 0xD0, 0xD8, 0xD8, 0xD8, 0xD8, 0xD8, 0xCD,
    0x98, 0xCD, 0x98, 0xCD, 0x18, 0xC7, 0x18, 0xC7, 0x18, 0xC6, 0x18, 0xC0, 0xC0, 0xE0, 0xC0, 0xF0,
    0xC0, 0xF0, 0xC0, 0xD8, 0xC0, 0xDC, 0xC0, 0xCC, 0xC0, 0xCE, 0xC0, 0xC6, 0xC0, 0xC3, 0xC0, 0xC3,
    0xC0, 0xC1, 0xC0, 0xC0, 0xC0, 0x1F, 0x00, 0x3F, 0x80, 0x60, 0xC0, 0x60, 0xC0, 0xC0, 0x60, 0xC0,
    0x60, 0xC0, 0x60, 0xC0, 0x60, 0xC0, 0x60, 0x60, 0xC0, 0x60, 0xC0, 0x3F, 0x80, 0x1F, 0x00, 0xFE,
    0x00, 0xFF, 0x00, 0xC3, 0x00, 0xC1, 0x80, 0xC1, 0x80, 0xC1, 0x80, 0xC3, 0x00, 0xFF, 0x00, 0xFC,
    0x00, 0xC0, 0x00, 0xC0, 0x00, 0xC0, 0x00, 0xC0, 0x00, 0x1F, 0x00, 0x3F, 0x80, 0x60, 0xC0, 0x60,
    0xC0, 0xC0, 0x60, 0xC0, 0x60, 0xC0, 0x60, 0xC0, 0x60, 0xC0, 0x60, 0x62, 0xC0, 0x73, 0xC0, 0x3F,
    0x80, 0x1F, 0x80, 0x00, 0xC0, 0xFE, 0x00, 0xFF, 0x00, 0xC3, 0x80, 0xC1, 0x80, 0xC1, 0x80, 0xC1,
    0x80, 0xFF, 0x00, 0xFE, 0x00, 0xC6, 0x00, 0xC7, 0x00, 0xC3, 0x00, 0xC3, 0x80, 0xC1, 0x80, 0x3E,
    0x00, 0x7F, 0x00, 0xC3, 0x80, 0xC0, 0x00, 0xC0, 0x00, 0x70, 0x00, 0x3E, 0x00, 0x07, 0x00, 0x01,
    0x80, 0x81, 0x80, 0xC3, 0x80, 0xFF, 0x00, 0x3E, 0x00, 0xFF, 0xC0, 0xFF, 0xC0, 0x0C, 0x00, 0x0C,
    0x00, 0x0C, 0x00, 0x0C, 0x00, 0x0C, 0x00, 0x0C, 0x00, 0x0C, 0x00, 0x0C, 0x00, 0x0C, 0x00, 0x0C,
    0x00, 0x0C, 0x00, 0xC0, 0xC0, 0xC0, 0xC0, 0xC0, 0xC0, 0xC0, 0xC0, 0xC0, 0xC0, 0xC0, 0xC0, 0xC0,
    0xC0, 0xC0, 0xC0, 0xC0, 0xC0, 0xC0, 0xC0, 0x61, 0x80, 0x7F, 0x80, 0x1E, 0x00, 0xC0, 0xC0, 0xC0,
    0xC0, 0xC0, 0xC0, 0x61, 0x80, 0x61, 0x80, 0x61, 0x80, 0x33, 0x00, 0x33, 0x00, 0x33, 0x00, 0x1A,
    0x00, 0x1E, 0x00, 0x1E, 0x00, 0x0C, 0x00, 0xC3, 0x82, 0xC3, 0x86, 0xC3, 0x86, 0xC3, 0x86, 0x46,
    0xC4, 0x66, 0xCC, 0x66, 0xCC, 0x64, 0x4C, 0x2C, 0x68, 0x3C, 0x78, 0x3C, 0x78, 0x38, 0x38, 0x18,
    0x30, 0x60, 0xC0, 0x60, 0xC0, 0x31, 0x80, 0x1B, 0x00, 0x1B, 0x00, 0x0E, 0x00, 0x0E, 0x00, 0x0E,
    0x00, 0x1B, 0x00, 0x33, 0x80, 0x31, 0x80, 0x60, 0xC0, 0xE0, 0xE0, 0xC0, 0xC0, 0xC1, 0xC0, 0x61,
    0x80, 0x73, 0x00, 0x33, 0x00, 0x1E, 0x00, 0x1E, 0x00, 0x0C, 0x00, 0x0C, 0x00, 0x0C, 0x00, 0x0C,
    0x00, 0x0C, 0x00, 0x0C, 0x00, 0xFF, 0x80, 0xFF, 0x80, 0x03, 0x00, 0x07, 0x00, 0x06, 0x00, 0x0C,
    0x00, 0x1C, 0x00, 0x18, 0x00, 0x30, 0x00, 0x70, 0x00, 0x60, 0x00, 0xFF, 0x80, 0xFF, 0x80, 0xE0,
    0xF0, 0xC0, 0xC0, 0xC0, 0xC0, 0xC0, 0xC0, 0xC0, 0xC0, 0xC0, 0xC0, 0xC0, 0xC0, 0xC0, 0xE0, 0xF0,
    0xC0, 0x40, 0x60, 0x60, 0x60, 0x20, 0x30, 0x30, 0x30, 0x10, 0x18, 0x18, 0x18, 0x08, 0x0C, 0x0C,
    0xF0, 0xF0, 0x30, 0x30, 0x30, 0x30, 0x30, 0x30, 0x30, 0x30, 0x30, 0x30, 0x30, 0x30, 0x30, 0xF0,
    0xF0, 0x30, 0x38, 0x78, 0x48, 0xCC, 0x84, 0xFF, 0xFF, 0x80, 0xC0, 0x40, 0x3C, 0x7E, 0x43, 0x03,
    0x3F, 0x73, 0xC3, 0xC3, 0xFF, 0x7B, 0xC0, 0x00, 0xC0, 0x00, 0xC0, 0x00, 0xDE, 0x00, 0xFF, 0x00,
    0xE3, 0x00, 0xC1, 0x80, 0xC1, 0x80, 0xC1, 0x80, 0xC1, 0x80, 0xE3, 0x00, 0xFF, 0x00, 0xDE, 0x00,
    0x3C, 0x7E, 0x63, 0xC0, 0xC0, 0xC0, 0xC0, 0x63, 0x7E, 0x3C, 0x01, 0x80, 0x01, 0x80, 0x01, 0x80,
    0x3D, 0x80, 0x7F, 0x80, 0xE3, 0x80, 0xC1, 0x80, 0xC1, 0x80, 0xC1, 0x80, 0xC1, 0x80, 0xE3, 0x80,
    0x7F, 0x80, 0x3D, 0x80, 0x3E, 0x00, 0x7F, 0x00, 0x63, 0x00, 0xC1, 0x80, 0xFF, 0x80, 0xFF, 0x80,
    0xC0, 0x00, 0x61, 0x00, 0x7F, 0x00, 0x3E, 0x00, 0x1C, 0x30, 0x30, 0xFC, 0x7C, 0x30, 0x30, 0x30,
    0x30, 0x30, 0x30, 0x30, 0x30, 0x3D, 0x80, 0x7F, 0x80, 0x63, 0x80, 0xC1, 0x80, 0xC1, 0x80, 0xC1,
    0x80, 0xC1, 0x80, 0xE3, 0x80, 0x7F, 0x80, 0x3D, 0x80, 0x01, 0x80, 0x41, 0x80, 0x7F, 0x00, 0x3E,
    0x00, 0xC0, 0xC0, 0xC0, 0xDC, 0xFE, 0xC3, 0xC3, 0xC3, 0xC3, 0xC3, 0xC3, 0xC3, 0xC3, 0xC0, 0x00,
    0x00, 0xC0, 0xC0, 0xC0, 0xC0, 0xC0, 0xC0, 0xC0, 0xC0, 0xC0, 0xC0, 0x60, 0x00, 0x00, 0x60, 0x60,
    0x60, 0x60, 0x60, 0x60, 0x60, 0x60, 0x60, 0x60, 0x60, 0x60, 0xC0, 0xC0, 0xC0, 0xC0, 0xC0, 0xC6,
    0xCE, 0xDC, 0xD8, 0xF0, 0xF8, 0xCC, 0xCC, 0xC6, 0xC3, 0xC0, 0xC0, 0xC0, 0xC0, 0xC0, 0xC0, 0xC0,
    0xC0, 0xC0, 0xC0, 0xC0, 0xC0, 0xC0, 0xDC, 0xE0, 0xFF, 0xF0, 0xC6, 0x30, 0xC6, 0x30, 0xC6, 0x30,
    0xC6, 0x30, 0xC6, 0x30, 0xC6, 0x30, 0xC6, 0x30, 0xC6, 0x30, 0xDC, 0xFE, 0xC3, 0xC3, 0xC3, 0xC3,
    0xC3, 0xC3, 0xC3, 0xC3, 0x3C, 0x00, 0x7F, 0x00, 0x63, 0x00, 0xC1, 0x80, 0xC1, 0x80, 0xC1, 0x80,
    0xC1, 0x80, 0x63, 0x00, 0x7F, 0x00, 0x3C, 0x00, 0xDE, 0x00, 0xFF, 0x00, 0xE3, 0x00, 0xC1, 0x80,
    0xC1, 0x80, 0xC1, 0x80, 0xC1, 0x80, 0xE3, 0x00, 0xFF, 0x00, 0xDE, 0x00, 0xC0, 0x00, 0xC0, 0x00,
    0xC0, 0x00, 0xC0, 0x00, 0x3D, 0x80, 0x7F, 0x80, 0xE3, 0x80, 0xC1, 0x80, 0xC1, 0x80, 0xC1, 0x80,
    0xC1, 0x80, 0xE3, 0x80, 0x7F, 0x80, 0x3D, 0x80, 0x01, 0x80, 0x01, 0x80, 0x01, 0x80, 0x01, 0x80,
    0xD8, 0xF8, 0xC0, 0xC0, 0xC0, 0xC0, 0xC0, 0xC0, 0xC0, 0xC0, 0x78, 0xFC, 0xC4, 0xC0, 0x78, 0x3C,
    0x06, 0xC6, 0xFE, 0x78, 0x20, 0x30, 0x30, 0xFC, 0x78, 0x30, 0x30, 0x30, 0x30, 0x30, 0x30, 0x38,
    0x1C, 0xC3, 0xC3, 0xC3, 0xC3, 0xC3, 0xC3, 0xC3, 0xC3, 0x7F, 0x7B, 0xC3, 0xC3, 0xC2, 0x46, 0x66,
    0x64, 0x2C, 0x3C, 0x38, 0x18, 0xC6, 0x10, 0xC6, 0x30, 0xC7, 0x30, 0xCF, 0x30, 0x6D, 0x20, 0x69,
    0x60, 0x69, 0xE0, 0x39, 0xE0, 0x30, 0xC0, 0x30, 0xC0, 0xC3, 0xE6, 0x6C, 0x3C, 0x38, 0x38, 0x3C,
    0x66, 0xC6, 0xC3, 0xC3, 0xC3, 0xC3, 0x46, 0x66, 0x64, 0x2C, 0x3C, 0x38, 0x18, 0x18, 0x30, 0x70,
    0xE0, 0xFE, 0xFE, 0x0C, 0x0C, 0x18, 0x30, 0x30, 0x60, 0xFE, 0xFE, 0x1C, 0x30, 0x30, 0x30, 0x30,
    0x30, 0x60, 0xC0, 0xE0, 0x30, 0x30, 0x30, 0x30, 0x30, 0x38, 0x18, 0x80, 0xC0, 0xC0, 0xC0, 0xC0,
    0xC0, 0xC0, 0xC0, 0xC0, 0xC0, 0xC0, 0xC0, 0xC0, 0xC0, 0xC0, 0xC0, 0xC0, 0xC0, 0xC0, 0xC0, 0xC0,
    0xC0, 0xE0, 0x70, 0x30, 0x30, 0x30, 0x30, 0x30, 0x1C, 0x3C, 0x30, 0x30, 0x30, 0x30, 0x30, 0xE0,
    0xC0, 0x20, 0x00, 0x79, 0x80, 0xCF, 0x80, 0xC7, 0x00, 0xC0, 0xC0, 0xC0, 0x00, 0x00, 0xC0, 0xC0,
    0xC0, 0xC0, 0xC0, 0xC0, 0xC0, 0xC0, 0xC0, 0x08, 0x18, 0x3E, 0x6B, 0xC9, 0xC8, 0xC8, 0xC8, 0xC9,
    0x6B, 0x3E, 0x18, 0x08, 0x1E, 0x00, 0x3F, 0x00, 0x61, 0x80, 0x60, 0x00, 0x60, 0x00, 0xFC, 0x00,
    0xFE, 0x00, 0x60, 0x00, 0x60, 0x00, 0x60, 0x00, 0x61, 0x80, 0xFF, 0x80, 0xFF, 0x00, 0xDE, 0xC0,
    0xFF, 0xC0, 0x61, 0x80, 0xC0, 0xC0, 0xC0, 0xC0, 0xC0, 0xC0, 0xC0, 0xC0, 0xC0, 0xC0, 0x61, 0x80,
    0xFF, 0xC0, 0x1E, 0x00, 0xC3, 0xC3, 0x66, 0x66, 0x3C, 0x3C, 0xFE, 0x18, 0x18, 0xFE, 0x7E, 0x18,
    0x18, 0xC0, 0xC0, 0xC0, 0xC0, 0xC0, 0xC0, 0x00, 0x00, 0x00, 0x00, 0xC0, 0xC0, 0xC0, 0xC0, 0xC0,
    0xC0, 0x3C, 0x7E, 0x66, 0x60, 0x30, 0x7C, 0xC6, 0xC3, 0xE3, 0x73, 0x3C, 0x0C, 0x06, 0x66, 0x7E,
    0x3C, 0xCC, 0xCC, 0x07, 0x00, 0x1F, 0xC0, 0x38, 0xE0, 0x62, 0x30, 0x6F, 0xB0, 0xDC, 0xD8, 0xD8,
    0x18, 0xD8, 0x18, 0xD8, 0xD8, 0xCF, 0xB0, 0x67, 0x30, 0x70, 0x60, 0x3F, 0xC0, 0x0F, 0x80, 0x78,
    0x4C, 0x0C, 0x7C, 0xCC, 0xCC, 0x7C, 0x1B, 0x36, 0x66, 0xCC, 0xCC, 0x66, 0x36, 0x1B, 0x7F, 0xFF,
    0x03, 0x03, 0x02, 0x0C, 0x00, 0x3F, 0x00, 0x61, 0x80, 0xDC, 0xC0, 0x92, 0x40, 0x92, 0x40, 0x9E,
    0x40, 0xD2, 0xC0, 0x61, 0x80, 0x3F, 0x00, 0x1E, 0x00, 0xF8, 0xF8, 0x78, 0xFC, 0xCC, 0xCC, 0xFC,
    0x78, 0x18, 0x18, 0xFF, 0xFF, 0x18, 0x18, 0x18, 0x00, 0xFF, 0xFF, 0x78, 0xC8, 0x0C, 0x18, 0x30,
    0x60, 0xFC, 0x78, 0xC8, 0x08, 0x38, 0x08, 0xCC, 0x78, 0xC0, 0xC0, 0x80, 0xC3, 0x00, 0xC3, 0x00,
    0xC3, 0x00, 0xC3, 0x00, 0xC3, 0x00, 0xC3, 0x00, 0xC3, 0x00, 0xC3, 0x00, 0xFF, 0x80, 0xD9, 0x80,
    0xC0, 0x00, 0xC0, 0x00, 0xC0, 0x00, 0xC0, 0x00, 0x3F, 0x7F, 0xFB, 0xFB, 0xFB, 0xFB, 0x7B, 0x3B,
    0x03, 0x03, 0x03, 0x03, 0x03, 0x80, 0xC0, 0xC0, 0x80, 0xC0, 0x40, 0xC0, 0x70, 0xF0, 0x30, 0x30,
    0x30, 0x30, 0x30, 0x38, 0x6C, 0xC6, 0xC6, 0xC6, 0x6C, 0x38, 0xCC, 0x6C, 0x36, 0x1B, 0x1B, 0x36,
    0x6C, 0xCC, 0xE0, 0xC0, 0xE1, 0x80, 0x61, 0x80, 0x63, 0x00, 0x62, 0x00, 0x66, 0x00, 0x6C, 0x60,
    0x0C, 0xE0, 0x19, 0xE0, 0x11, 0x60, 0x31, 0xF0, 0x63, 0xF0, 0x40, 0x60, 0xE0, 0x40, 0xE0, 0xC0,
    0x61, 0x80, 0x61, 0x00, 0x63, 0x00, 0x66, 0x00, 0x64, 0x70, 0x0C, 0xD8, 0x18, 0x18, 0x10, 0x30,
    0x30, 0x60, 0x60, 0xF8, 0x40, 0xF8, 0x60, 0x30, 0xF0, 0x60, 0x90, 0x60, 0x10, 0xC0, 0x70, 0x80,
    0x19, 0x80, 0x1B, 0x00, 0xF2, 0x38, 0x06, 0x38, 0x0C, 0x58, 0x08, 0x58, 0x18, 0xF8, 0x30, 0xFC,
    0x20, 0x18, 0x18, 0x18, 0x18, 0x00, 0x08, 0x18, 0x18, 0x70, 0x60, 0xC0, 0xC3, 0xC3, 0x7E, 0x3C,
    0x18, 0x00, 0x08, 0x00, 0x08, 0x00, 0x00, 0x00, 0x0C, 0x00, 0x1E, 0x00, 0x1E, 0x00, 0x16, 0x00,
    0x33, 0x00, 0x33, 0x00, 0x33, 0x00, 0x61, 0x80, 0x7F, 0x80, 0x7F, 0x80, 0xC0, 0xC0, 0xC0, 0xC0,
    0xC0, 0xC0, 0x06, 0x00, 0x04, 0x00, 0x04, 0x00, 0x00, 0x00, 0x0C, 0x00, 0x1E, 0x00, 0x1E, 0x00,
    0x16, 0x00, 0x33, 0x00, 0x33, 0x00, 0x33, 0x00, 0x61, 0x80, 0x7F, 0x80, 0x7F, 0x80, 0xC0, 0xC0,
    0xC0, 0xC0, 0xC0, 0xC0, 0x0C, 0x00, 0x1E, 0x00, 0x00, 0x00, 0x00, 0x00, 0x0C, 0x00, 0x1E, 0x00,
    0x1E, 0x00, 0x16, 0x00, 0x33, 0x00, 0x33, 0x00, 0x33, 0x00, 0x61, 0x80, 0x7F, 0x80, 0x7F, 0x80,
    0xC0, 0xC0, 0xC0, 0xC0, 0xC0, 0xC0, 0x1A, 0x00, 0x16, 0x00, 0x00, 0x00, 0x00, 0x00, 0x0C, 0x00,
    0x1E, 0x00, 0x1E, 0x00, 0x16, 0x00, 0x33, 0x00, 0x33, 0x00, 0x33, 0x00, 0x61, 0x80, 0x7F, 0x80,
    0x7F, 0x80, 0xC0, 0xC0, 0xC0, 0xC0, 0xC0, 0xC0, 0x33, 0x00, 0x00, 0x00, 0x00, 0x00, 0x1E, 0x00,
    0x1E, 0x00, 0x1E, 0x00, 0x1E, 0x00, 0x33, 0x00, 0x33, 0x00, 0x33, 0x00, 0x61, 0x80, 0x7F, 0x80,
    0x7F, 0x80, 0xC0, 0xC0, 0xC0, 0xC0, 0xC0, 0xC0, 0x0C, 0x00, 0x12, 0x00, 0x12, 0x00, 0x0C, 0x00,
    0x00, 0x00, 0x0C, 0x00, 0x1E, 0x00, 0x1E, 0x00, 0x16, 0x00, 0x33, 0x00, 0x33, 0x00, 0x33, 0x00,
    0x61, 0x80, 0x7F, 0x80, 0x7F, 0x80, 0xC0, 0xC0, 0xC0, 0xC0, 0xC0, 0xC0, 0x03, 0xFF, 0x06, 0xFE,
    0x06, 0xC0, 0x0C, 0xC0, 0x0C, 0xC0, 0x18, 0xFE, 0x18, 0xFF, 0x18, 0xC0, 0x3F, 0xC0, 0x3F, 0xC0,
    0x60, 0xC0, 0x60, 0xFE, 0xC0, 0xFF, 0x1F, 0x00, 0x3F, 0x80, 0x60, 0xC0, 0x60, 0xC0, 0xC0, 0x00,
    0xC0, 0x00, 0xC0, 0x00, 0xC0, 0x00, 0xC0, 0x00, 0x60, 0xC0, 0x60, 0xC0, 0x3F, 0x80, 0x1F, 0x00,
    0x04, 0x00, 0x06, 0x00, 0x02, 0x00, 0x06, 0x00, 0x30, 0x30, 0x10, 0x00, 0xFF, 0xFF, 0xC0, 0xC0,
    0xC0, 0xFE, 0xFF, 0xC0, 0xC0, 0xC0, 0xC0, 0xFF, 0xFF, 0x0C, 0x08, 0x18, 0x00, 0xFF, 0xFF, 0xC0,
    0xC0, 0xC0, 0xFE, 0xFF, 0xC0, 0xC0, 0xC0, 0xC0, 0xFF, 0xFF, 0x18, 0x3C, 0x00, 0x00, 0xFF, 0xFF,
    0xC0, 0xC0, 0xC0, 0xFE, 0xFF, 0xC0, 0xC0, 0xC0, 0xC0, 0xFF, 0xFF, 0x66, 0x00, 0x00, 0xFF, 0xFF,
    0xC0, 0xC0, 0xC0, 0xFE, 0xFF, 0xC0, 0xC0, 0xC0, 0xC0, 0xFF, 0xFF, 0xC0, 0xC0, 0x40, 0x00, 0x60,
    0x60, 0x60, 0x60, 0x60, 0x60, 0x60, 0x60, 0x60, 0x60, 0x60, 0x60, 0x60, 0x60, 0x40, 0xC0, 0x00,
    0xC0, 0xC0, 0xC0, 0xC0, 0xC0, 0xC0, 0xC0, 0xC0, 0xC0, 0xC0, 0xC0, 0xC0, 0xC0, 0x60, 0xF0, 0x00,
    0x00, 0x60, 0x60, 0x60, 0x60, 0x60, 0x60, 0x60, 0x60, 0x60, 0x60, 0x60, 0x60, 0x60, 0xCC, 0x00,
    0x00, 0x30, 0x30, 0x30, 0x30, 0x30, 0x30, 0x30, 0x30, 0x30, 0x30, 0x30, 0x30, 0x30, 0x3F, 0x80,
    0x3F, 0xC0, 0x30, 0x60, 0x30, 0x60, 0x30, 0x30, 0x7E, 0x30, 0xFE, 0x30, 0x30, 0x30, 0x30, 0x30,
    0x30, 0x60, 0x30, 0x60, 0x3F, 0xC0, 0x3F, 0x80, 0x1A, 0x00, 0x16, 0x00, 0x00, 0x00, 0x00, 0x00,
    0xC0, 0xC0, 0xE0, 0xC0, 0xF0, 0xC0, 0xF0, 0xC0, 0xD8, 0xC0, 0xDC, 0xC0, 0xCC, 0xC0, 0xCE, 0xC0,
    0xC6, 0xC0, 0xC3, 0xC0, 0xC3, 0xC0, 0xC1, 0xC0, 0xC0, 0xC0, 0x08, 0x00, 0x0C, 0x00, 0x04, 0x00,
    0x00, 0x00, 0x1F, 0x00, 0x3F, 0x80, 0x60, 0xC0, 0x60, 0xC0, 0xC0, 0x60, 0xC0, 0x60, 0xC0, 0x60,
    0xC0, 0x60, 0xC0, 0x60, 0x60, 0xC0, 0x60, 0xC0, 0x3F, 0x80, 0x1F, 0x00, 0x02, 0x00, 0x06, 0x00,
    0x04, 0x00, 0x00, 0x00, 0x1F, 0x00, 0x3F, 0x80, 0x60, 0xC0, 0x60, 0xC0, 0xC0, 0x60, 0xC0, 0x60,
    0xC0, 0x60, 0xC0, 0x60, 0xC0, 0x60, 0x60, 0xC0, 0x60, 0xC0, 0x3F, 0x80, 0x1F, 0x00, 0x04, 0x00,
    0x0E, 0x00, 0x1B, 0x00, 0x00, 0x00, 0x00, 0x00, 0x1F, 0x00, 0x3F, 0x80, 0x60, 0xC0, 0x60, 0xC0,
    0xC0, 0x60, 0xC0, 0x60, 0xC0, 0x60, 0xC0, 0x60, 0xC0, 0x60, 0x60, 0xC0, 0x60, 0xC0, 0x3F, 0x80,
    0x1F, 0x00, 0x1D, 0x00, 0x17, 0x00, 0x00, 0x00, 0x00, 0x00, 0x1F, 0x00, 0x3F, 0x80, 0x60, 0xC0,
    0x60, 0xC0, 0xC0, 0x60, 0xC0, 0x60, 0xC0, 0x60, 0xC0, 0x60, 0xC0, 0x60, 0x60, 0xC0, 0x60, 0xC0,
    0x3F, 0x80, 0x1F, 0x00, 0x1B, 0x00, 0x00, 0x00, 0x00, 0x00, 0x00, 0x00, 0x1F, 0x00, 0x3F, 0x80,
    0x60, 0xC0, 0x60, 0xC0, 0xC0, 0x60, 0xC0, 0x60, 0xC0, 0x60, 0xC0, 0x60, 0xC0, 0x60, 0x60, 0xC0,
    0x60, 0xC0, 0x3F, 0x80, 0x1F, 0x00, 0xC2, 0xE6, 0x7C, 0x38, 0x38, 0x6C, 0xC6, 0x82, 0x1F, 0x40,
    0x3F, 0xC0, 0x61, 0xC0, 0x61, 0xC0, 0xC3, 0x60, 0xC6, 0x60, 0xC4, 0x60, 0xCC, 0x60, 0xD8, 0x60,
    0x70, 0xC0, 0x70, 0xC0, 0x7F, 0x80, 0x5F, 0x00, 0x18, 0x00, 0x18, 0x00, 0x08, 0x00, 0x00, 0x00,
    0xC0, 0xC0, 0xC0, 0xC0, 0xC0, 0xC0, 0xC0, 0xC0, 0xC0, 0xC0, 0xC0, 0xC0, 0xC0, 0xC0, 0xC0, 0xC0,
    0xC0, 0xC0, 0xC0, 0xC0, 0x61, 0x80, 0x7F, 0x80, 0x1E, 0x00, 0x06, 0x00, 0x04, 0x00, 0x0C, 0x00,
    0x00, 0x00, 0xC0, 0xC0, 0xC0, 0xC0, 0xC0, 0xC0, 0xC0, 0xC0, 0xC0, 0xC0, 0xC0, 0xC0, 0xC0, 0xC0,
    0xC0, 0xC0, 0xC0, 0xC0, 0xC0, 0xC0, 0x61, 0x80, 0x7F, 0x80, 0x1E, 0x00, 0x1E, 0x00, 0x32, 0x00,
    0x00, 0x00, 0x00, 0x00, 0xC0, 0xC0, 0xC0, 0xC0, 0xC0, 0xC0, 0xC0, 0xC0, 0xC0, 0xC0, 0xC0, 0xC0,
    0xC0, 0xC0, 0xC0, 0xC0, 0xC0, 0xC0, 0xC0, 0xC0, 0x61, 0x80, 0x7F, 0x80, 0x1E, 0x00, 0x33, 0x00,
    0x00, 0x00, 0x00, 0x00, 0x00, 0x00, 0xC0, 0xC0, 0xC0, 0xC0, 0xC0, 0xC0, 0xC0, 0xC0, 0xC0, 0xC0,
    0xC0, 0xC0, 0xC0, 0xC0, 0xC0, 0xC0, 0xC0, 0xC0, 0xC0, 0xC0, 0x61, 0x80, 0x7F, 0x80, 0x1E, 0x00,
    0x06, 0x00, 0x04, 0x00, 0x0C, 0x00, 0x00, 0x00, 0xC0, 0xC0, 0xC1, 0xC0, 0x61, 0x80, 0x73, 0x00,
    0x33, 0x00, 0x1E, 0x00, 0x1E, 0x00, 0x0C, 0x00, 0x0C, 0x00, 0x0C, 0x00, 0x0C, 0x00, 0x0C, 0x00,
    0x0C, 0x00, 0xC0, 0xC0, 0xF8, 0xFE, 0xC7, 0xC3, 0xC3, 0xC3, 0xFE, 0xFC, 0xC0, 0xC0, 0xC0, 0x3C,
    0x00, 0x7E, 0x00, 0xC3, 0x00, 0xC3, 0x00, 0xC3, 0x00, 0xCE, 0x00, 0xDE, 0x00, 0xC3, 0x00, 0xC1,
    0x80, 0xC1, 0x80, 0xC1, 0x80, 0xCF, 0x00, 0xDE, 0x00, 0x30, 0x10, 0x18, 0x00, 0x3C, 0x7E, 0x43,
    0x03, 0x3F, 0x73, 0xC3, 0xC3, 0xFF, 0x7B, 0x0C, 0x0C, 0x08, 0x00, 0x3C, 0x7E, 0x43, 0x03, 0x3F,
    0x73, 0xC3, 0xC3, 0xFF, 0x7B, 0x18, 0x34, 0x00, 0x00, 0x3C, 0x7E, 0x43, 0x03, 0x3F, 0x73, 0xC3,
    0xC3, 0xFF, 0x7B, 0x36, 0x2C, 0x00, 0x00, 0x3C, 0x7E, 0x43, 0x03, 0x3F, 0x73, 0xC3, 0xC3, 0xFF,
    0x7B, 0x66, 0x00, 0x00, 0x3C, 0x7E, 0x43, 0x03, 0x3F, 0x73, 0xC3, 0xC3, 0xFF, 0x7B, 0x18, 0x24,
    0x24, 0x18, 0x00, 0x3C, 0x7E, 0x43, 0x03, 0x3F, 0x73, 0xC3, 0xC3, 0xFF, 0x7B, 0x3C, 0xF0, 0x7F,
    0xF8, 0x47, 0x0C, 0x02, 0x0C, 0x3F, 0xFC, 0xFF, 0xFC, 0xC2, 0x00, 0xC7, 0x0C, 0xFF, 0xF8, 0x78,
    0xF0, 0x3C, 0x7F, 0x63, 0xC0, 0xC0, 0xC0, 0xC0, 0x63, 0x7F, 0x3C, 0x08, 0x0C, 0x1C, 0x30, 0x00,
    0x18, 0x00, 0x08, 0x00, 0x00, 0x00, 0x3E, 0x00, 0x7F, 0x00, 0x63, 0x00, 0xC1, 0x80, 0xFF, 0x80,
    0xFF, 0x80, 0xC0, 0x00, 0x61, 0x00, 0x7F, 0x00, 0x3E, 0x00, 0x06, 0x00, 0x0C, 0x00, 0x08, 0x00,
    0x00, 0x00, 0x3E, 0x00, 0x7F, 0x00, 0x63, 0x00, 0xC1, 0x80, 0xFF, 0x80, 0xFF, 0x80, 0xC0, 0x00,
    0x61, 0x00, 0x7F, 0x00, 0x3E, 0x00, 0x1C, 0x00, 0x36, 0x00, 0x22, 0x00, 0x00, 0x00, 0x3E, 0x00,
    0x7F, 0x00, 0x63, 0x00, 0xC1, 0x80, 0xFF, 0x80, 0xFF, 0x80, 0xC0, 0x00, 0x61, 0x00, 0x7F, 0x00,
    0x3E, 0x00, 0x66, 0x00, 0x00, 0x00, 0x00, 0x00, 0x3E, 0x00, 0x7F, 0x00, 0x63, 0x00, 0xC1, 0x80,
    0xFF, 0x80, 0xFF, 0x80, 0xC0, 0x00, 0x61, 0x00, 0x7F, 0x00, 0x3E, 0x00, 0xC0, 0xC0, 0x40, 0x00,
    0x60, 0x60, 0x60, 0x60, 0x60, 0x60, 0x60, 0x60, 0x60, 0x60, 0x60, 0x40, 0xC0, 0x00, 0xC0, 0xC0,
    0xC0, 0xC0, 0xC0, 0xC0, 0xC0, 0xC0, 0xC0, 0xC0, 0x60, 0xF0, 0x00, 0x00, 0x60, 0x60, 0x60, 0x60,
    0x60, 0x60, 0x60, 0x60, 0x60, 0x60, 0xCC, 0x00, 0x00, 0x30, 0x30, 0x30, 0x30, 0x30, 0x30, 0x30,
    0x30, 0x30, 0x30, 0x32, 0x00, 0x1E, 0x00, 0x3C, 0x00, 0x26, 0x00, 0x1B, 0x00, 0x7F, 0x00, 0x63,
    0x80, 0xC1, 0x80, 0xC1, 0x80, 0xC1, 0x80, 0xC1, 0x80, 0xE3, 0x00, 0x7F, 0x00, 0x3C, 0x00, 0x34,
    0x6C, 0x00, 0x00, 0xDC, 0xFE, 0xC3, 0xC3, 0xC3, 0xC3, 0xC3, 0xC3, 0xC3, 0xC3, 0x30, 0x00, 0x18,
    0x00, 0x08, 0x00, 0x00, 0x00, 0x3C, 0x00, 0x7F, 0x00, 0x63, 0x00, 0xC1, 0x80, 0xC1, 0x80, 0xC1,
    0x80, 0xC1, 0x80, 0x63, 0x00, 0x7F, 0x00, 0x3C, 0x00, 0x06, 0x00, 0x0C, 0x00, 0x08, 0x00, 0x00,
    0x00, 0x3C, 0x00, 0x7F, 0x00, 0x63, 0x00, 0xC1, 0x80, 0xC1, 0x80, 0xC1, 0x80, 0xC1, 0x80, 0x63,
    0x00, 0x7F, 0x00, 0x3C, 0x00, 0x1C, 0x00, 0x36, 0x00, 0x20, 0x00, 0x00, 0x00, 0x3C, 0x00, 0x7F,
    0x00, 0x63, 0x00, 0xC1, 0x80, 0xC1, 0x80, 0xC1, 0x80, 0xC1, 0x80, 0x63, 0x00, 0x7F, 0x00, 0x3C,
    0x00, 0x3A, 0x00, 0x2E, 0x00, 0x00, 0x00, 0x00, 0x00, 0x3C, 0x00, 0x7F, 0x00, 0x63, 0x00, 0xC1,
    0x80, 0xC1, 0x80, 0xC1, 0x80, 0xC1, 0x80, 0x63, 0x00, 0x7F, 0x00, 0x3C, 0x00, 0x36, 0x00, 0x00,
    0x00, 0x00, 0x00, 0x3C, 0x00, 0x7F, 0x00, 0x63, 0x00, 0xC1, 0x80, 0xC1, 0x80, 0xC1, 0x80, 0xC1,
    0x80, 0x63, 0x00, 0x7F, 0x00, 0x3C, 0x00, 0x18, 0x18, 0x10, 0x00, 0xFF, 0xFF, 0x00, 0x18, 0x18,
    0x10, 0x3D, 0x80, 0x7F, 0x00, 0x63, 0x00, 0xC7, 0x80, 0xCD, 0x80, 0xD9, 0x80, 0xF1, 0x80, 0x63,
    0x00, 0x7F, 0x00, 0xFC, 0x00, 0x30, 0x30, 0x10, 0x00, 0xC3, 0xC3, 0xC3, 0xC3, 0xC3, 0xC3, 0xC3,
    0xC3, 0x7F, 0x7B, 0x0C, 0x08, 0x18, 0x00, 0xC3, 0xC3, 0xC3, 0xC3, 0xC3, 0xC3, 0xC3, 0xC3, 0x7F,
    0x7B, 0x18, 0x3C, 0x00, 0x00, 0xC3, 0xC3, 0xC3, 0xC3, 0xC3, 0xC3, 0xC3, 0xC7, 0x7F, 0x7B, 0x66,
    0x00, 0x00, 0xC3, 0xC3, 0xC3, 0xC3, 0xC3, 0xC3, 0xC3, 0xC3, 0x7F, 0x7B, 0x0C, 0x08, 0x18, 0x00,
    0xC3, 0xC3, 0xC3, 0x46, 0x66, 0x64, 0x2C, 0x3C, 0x38, 0x18, 0x18, 0x30, 0x70, 0xE0, 0xC0, 0x00,
    0xC0, 0x00, 0xC0, 0x00, 0xDE, 0x00, 0xFF, 0x00, 0xE3, 0x00, 0xC1, 0x80, 0xC1, 0x80, 0xC1, 0x80,
    0xC1, 0x80, 0xE3, 0x00, 0xFF, 0x00, 0xDE, 0x00, 0xC0, 0x00, 0xC0, 0x00, 0xC0, 0x00, 0xC0, 0x00,
    0x33, 0x00, 0x00, 0x00, 0x00, 0x00, 0xC1, 0x80, 0x61, 0x80, 0x61, 0x80, 0x63, 0x00, 0x33, 0x00,
    0x33, 0x00, 0x36, 0x00, 0x1E, 0x00, 0x1C, 0x00, 0x1C, 0x00, 0x0C, 0x00, 0x18, 0x00, 0x38, 0x00,
    0x70, 0x00, 0x1F, 0xFE, 0x3F, 0xFE, 0x61, 0x80, 0x61, 0x80, 0xC1, 0x80, 0xC1, 0xFC, 0xC1, 0xFE,
    0xC1, 0x80, 0xC1, 0x80, 0x61, 0x80, 0x61, 0x80, 0x3F, 0xFE, 0x1F, 0xFE, 0x3C, 0x7C, 0x7F, 0xFE,
    0x63, 0xC6, 0xC1, 0x83, 0xC1, 0xFF, 0xC1, 0xFF, 0xC1, 0x80, 0x63, 0xC2, 0x7F, 0xFE, 0x3C, 0x7C,
    0x26, 0x00, 0x1C, 0x00, 0x18, 0x00, 0x00, 0x00, 0x3E, 0x00, 0x7F, 0x00, 0xC1, 0x80, 0xC0, 0x00,
    0xC0, 0x00, 0x70, 0x00, 0x3E, 0x00, 0x07, 0x00, 0x01, 0x80, 0xC1, 0x80, 0xC3, 0x80, 0xFF, 0x00,
    0x3E, 0x00, 0x6C, 0x38, 0x10, 0x00, 0x78, 0xFC, 0xC4, 0xC0, 0x78, 0x3C, 0x06, 0xC6, 0xFE, 0x78,
    0x33, 0x00, 0x00, 0x00, 0x00, 0x00, 0xC0, 0xC0, 0xC1, 0xC0, 0x61, 0x80, 0x73, 0x00, 0x33, 0x00,
    0x1E, 0x00, 0x1E, 0x00, 0x0C, 0x00, 0x0C, 0x00, 0x0C, 0x00, 0x0C, 0x00, 0x0C, 0x00, 0x0C, 0x00,
    0x36, 0x00, 0x1C, 0x00, 0x08, 0x00, 0x00, 0x00, 0xFF, 0x80, 0xFF, 0x80, 0x03, 0x00, 0x07, 0x00,
    0x06, 0x00, 0x0C, 0x00, 0x1C, 0x00, 0x18, 0x00, 0x30, 0x00, 0x70, 0x00, 0x60, 0x00, 0xFF, 0x80,
    0xFF, 0x80, 0x6C, 0x38, 0x10, 0x00, 0xFE, 0xFE, 0x0C, 0x0C, 0x18, 0x30, 0x30, 0x60, 0xFE, 0xFE,
    0x3C, 0x60, 0x60, 0xF8, 0xF8, 0x60, 0x60, 0x60, 0x60, 0x60, 0x60, 0x60, 0x60, 0x60, 0x60, 0xE0,
    0xC0, 0x20, 0x70, 0xD8, 0x48, 0xF8, 0xFF, 0x80, 0xFF, 0x80, 0xFF, 0xFF, 0x80, 0xFF, 0xFF, 0x80,
    0x20, 0x60, 0x60, 0x60, 0xC0, 0x60, 0x60, 0x40, 0x40, 0xC0, 0x60, 0x40, 0xC0, 0xC0, 0x80, 0x24,
    0x64, 0x6C, 0x6C, 0xCC, 0x6C, 0x6C, 0x4C, 0x48, 0xC8, 0x6C, 0x4C, 0xC8, 0xC8, 0x98, 0x18, 0x18,
    0x7E, 0xFE, 0x18, 0x18, 0x18, 0x18, 0x18, 0x18, 0x18, 0x7E, 0xFE, 0x18, 0x18, 0x7E, 0xFE, 0x18,
    0x18, 0x18, 0x18, 0x18, 0x70, 0xF8, 0xF8, 0xF8, 0xF8, 0x70, 0x84, 0x20, 0xC6, 0x30, 0xC6, 0x30,
    0x70, 0x20, 0x00, 0xF8, 0x60, 0x00, 0xD8, 0x40, 0x00, 0xD8, 0x80, 0x00, 0xF9, 0x80, 0x00, 0x21,
    0x00, 0x00, 0x02, 0x00, 0x00, 0x06, 0x79, 0xE0, 0x04, 0xDF, 0x30, 0x08, 0xCF, 0x30, 0x08, 0xCF,
    0x30, 0x10, 0xFF, 0xF0, 0x20, 0x79, 0xE0, 0x18, 0x30, 0x60, 0xC0, 0xC0, 0x60, 0x30, 0x18, 0xC0,
    0x60, 0x30, 0x18, 0x18, 0x30, 0x60, 0xC0, 0x0F, 0x00, 0x1F, 0x80, 0x30, 0x00, 0x20, 0x00, 0xFF,
    0x00, 0xFE, 0x00, 0x60, 0x00, 0xFE, 0x00, 0xFC, 0x00, 0x20, 0x00, 0x30, 0x00, 0x1F, 0x80, 0x0F,
    0x00, 0x11, 0x9B, 0x9B, 0x95, 0x95,
];
pub static INTER_LARGE_BODY: BitmapFont = BitmapFont {
    glyphs: &INTER_LARGE_BODY_GLYPHS,
    bitmap: &INTER_LARGE_BODY_BITMAP,
    extra: &INTER_LARGE_BODY_EXTRA,
    line_height: 23,
};

// INTER_LARGE_HEADING: Inter SemiBold 22 px, line-height 29
const INTER_LARGE_HEADING_GLYPHS: [Glyph; 95] = [
    g(0, 0, 0, 6, 0, 0),
    g(0, 4, 16, 8, 2, -16),
    g(16, 7, 6, 12, 2, -16),
    g(22, 14, 16, 15, 0, -16),
    g(54, 12, 20, 15, 2, -18),
    g(94, 18, 16, 23, 2, -16),
    g(142, 13, 16, 15, 1, -16),
    g(174, 3, 6, 8, 2, -16),
    g(180, 5, 20, 9, 2, -17),
    g(200, 5, 20, 9, 1, -17),
    g(220, 8, 9, 12, 2, -16),
    g(229, 11, 11, 15, 2, -12),
    g(251, 4, 6, 8, 1, -2),
    g(257, 7, 2, 11, 2, -7),
    g(259, 3, 3, 8, 2, -3),
    g(262, 8, 19, 9, 0, -17),
    g(281, 12, 16, 15, 1, -16),
    g(313, 7, 16, 10, 1, -16),
    g(329, 11, 16, 14, 1, -16),
    g(361, 12, 16, 14, 1, -16),
    g(393, 13, 16, 15, 1, -16),
    g(425, 11, 16, 14, 1, -16),
    g(457, 12, 16, 15, 1, -16),
    g(489, 11, 16, 13, 1, -16),
    g(521, 12, 16, 15, 1, -16),
    g(553, 12, 16, 15, 1, -16),
    g(585, 3, 11, 8, 2, -11),
    g(596, 4, 15, 8, 1, -11),
    g(611, 11, 11, 15, 2, -12),
    g(633, 10, 7, 15, 2, -10),
    g(647, 11, 11, 15, 2, -12),
    g(669, 10, 16, 12, 1, -16),
    g(701, 20, 20, 22, 1, -16),
    g(761, 14, 16, 16, 1, -16),
    g(793, 12, 16, 15, 2, -16),
    g(825, 14, 16, 17, 1, -16),
    g(857, 13, 16, 16, 2, -16),
    g(889, 11, 16, 14, 2, -16),
    g(921, 11, 16, 13, 2, -16),
    g(953, 14, 16, 17, 1, -16),
    g(985, 13, 16, 17, 2, -16),
    g(1017, 3, 16, 7, 2, -16),
    g(1033, 10, 16, 13, 1, -16),
    g(1065, 13, 16, 16, 2, -16),
    g(1097, 10, 16, 13, 2, -16),
    g(1129, 17, 16, 21, 2, -16),
    g(1177, 14, 16, 17, 2, -16),
    g(1209, 15, 16, 17, 1, -16),
    g(1241, 12, 16, 15, 2, -16),
    g(1273, 15, 17, 17, 1, -16),
    g(1307, 12, 16, 15, 2, -16),
    g(1339, 12, 16, 15, 2, -16),
    g(1371, 13, 16, 15, 1, -16),
    g(1403, 13, 16, 17, 2, -16),
    g(1435, 14, 16, 16, 1, -16),
    g(1467, 21, 16, 23, 1, -16),
    g(1515, 14, 16, 16, 1, -16),
    g(1547, 14, 16, 16, 0, -16),
    g(1579, 12, 16, 15, 1, -16),
    g(1611, 5, 20, 9, 2, -17),
    g(1631, 8, 19, 9, 0, -17),
    g(1650, 5, 20, 9, 1, -17),
    g(1670, 8, 6, 11, 1, -15),
    g(1676, 10, 2, 11, 0, 0),
    g(1680, 4, 3, 8, 2, -16),
    g(1683, 10, 12, 13, 1, -12),
    g(1707, 11, 16, 14, 1, -16),
    g(1739, 11, 12, 13, 1, -12),
    g(1763, 11, 16, 14, 1, -16),
    g(1795, 11, 12, 14, 1, -12),
    g(1819, 8, 17, 9, 1, -17),
    g(1836, 11, 16, 14, 1, -12),
    g(1868, 11, 16, 14, 1, -16),
    g(1900, 3, 17, 6, 1, -17),
    g(1917, 5, 21, 6, 0, -17),
    g(1938, 11, 16, 13, 1, -16),
    g(1970, 3, 16, 6, 1, -16),
    g(1986, 17, 12, 20, 1, -12),
    g(2022, 11, 12, 14, 1, -12),
    g(2046, 12, 12, 14, 1, -12),
    g(2070, 11, 16, 14, 1, -12),
    g(2102, 11, 16, 14, 1, -12),
    g(2134, 7, 12, 9, 1, -12),
    g(2146, 10, 12, 13, 1, -12),
    g(2170, 7, 15, 8, 0, -15),
    g(2185, 11, 12, 14, 1, -12),
    g(2209, 11, 12, 13, 1, -12),
    g(2233, 17, 12, 19, 1, -12),
    g(2269, 10, 12, 13, 1, -12),
    g(2293, 11, 16, 13, 1, -12),
    g(2325, 10, 12, 13, 1, -12),
    g(2349, 8, 20, 10, 2, -17),
    g(2369, 3, 26, 8, 3, -21),
    g(2395, 8, 20, 10, 1, -17),
    g(2415, 12, 4, 15, 2, -8),
];
const INTER_LARGE_HEADING_EXTRA: [(char, Glyph); 123] = [
    ('\u{a0}', g(0, 0, 0, 6, 0, 0)),
    ('\u{a1}', g(2423, 4, 16, 8, 2, -12)),
    ('\u{a2}', g(2439, 10, 16, 13, 1, -16)),
    ('\u{a3}', g(2471, 12, 16, 14, 1, -16)),
    ('\u{a4}', g(2503, 13, 13, 17, 2, -13)),
    ('\u{a5}', g(2529, 11, 16, 13, 1, -16)),
    ('\u{a6}', g(2561, 3, 18, 7, 2, -16)),
    ('\u{a7}', g(2579, 11, 19, 13, 1, -16)),
    ('\u{a8}', g(2617, 8, 3, 14, 3, -17)),
    ('\u{a9}', g(2620, 17, 16, 21, 2, -16)),
    ('\u{aa}', g(2668, 8, 10, 11, 1, -17)),
    ('\u{ab}', g(2678, 12, 10, 14, 1, -12)),
    ('\u{ac}', g(2698, 10, 5, 15, 2, -8)),
    ('\u{ad}', g(0, 0, 0, 0, 0, 0)),
    ('\u{ae}', g(2708, 13, 13, 15, 1, -17)),
    ('\u{af}', g(2734, 6, 2, 10, 2, -16)),
    ('\u{b0}', g(2736, 7, 7, 11, 1, -16)),
    ('\u{b1}', g(2743, 11, 11, 15, 2, -12)),
    ('\u{b2}', g(2765, 7, 9, 10, 1, -19)),
    ('\u{b3}', g(2774, 7, 9, 11, 2, -19)),
    ('\u{b4}', g(2783, 4, 3, 8, 2, -16)),
    ('\u{b5}', g(2786, 12, 16, 14, 1, -12)),
    ('\u{b6}', g(2818, 11, 16, 14, 1, -16)),
    ('\u{b7}', g(2850, 3, 3, 8, 2, -9)),
    ('\u{b8}', g(2853, 4, 5, 8, 3, -1)),
    ('\u{b9}', g(2858, 5, 9, 8, 1, -19)),
    ('\u{ba}', g(2867, 9, 10, 11, 1, -17)),
    ('\u{bb}', g(2887, 12, 10, 14, 1, -12)),
    ('\u{bc}', g(2907, 17, 16, 19, 1, -16)),
    ('\u{bd}', g(2955, 17, 16, 20, 1, -16)),
    ('\u{be}', g(3003, 19, 16, 20, 1, -16)),
    ('\u{bf}', g(3051, 10, 16, 12, 1, -12)),
    ('\u{c0}', g(3083, 14, 20, 16, 1, -20)),
    ('\u{c1}', g(3123, 14, 20, 16, 1, -20)),
    ('\u{c2}', g(3163, 14, 21, 16, 1, -21)),
    ('\u{c3}', g(3205, 14, 21, 16, 1, -21)),
    ('\u{c4}', g(3247, 14, 20, 16, 1, -20)),
    ('\u{c5}', g(3287, 14, 22, 16, 1, -22)),
    ('\u{c6}', g(3331, 21, 16, 23, 1, -16)),
    ('\u{c7}', g(3379, 14, 20, 17, 1, -16)),
    ('\u{c8}', g(3419, 11, 20, 14, 2, -20)),
    ('\u{c9}', g(3459, 11, 20, 14, 2, -20)),
    ('\u{ca}', g(3499, 11, 21, 14, 2, -21)),
    ('\u{cb}', g(3541, 11, 20, 14, 2, -20)),
    ('\u{cc}', g(3581, 4, 20, 7, 1, -20)),
    ('\u{cd}', g(3601, 4, 20, 7, 2, -20)),
    ('\u{ce}', g(3621, 6, 21, 7, 0, -21)),
    ('\u{cf}', g(3642, 8, 20, 7, -1, -20)),
    ('\u{d0}', g(3662, 15, 16, 17, 1, -16)),
    ('\u{d1}', g(3694, 14, 21, 17, 2, -21)),
    ('\u{d2}', g(3736, 15, 21, 17, 1, -21)),
    ('\u{d3}', g(3778, 15, 21, 17, 1, -21)),
    ('\u{d4}', g(3820, 15, 21, 17, 1, -21)),
    ('\u{d5}', g(3862, 15, 21, 17, 1, -21)),
    ('\u{d6}', g(3904, 15, 21, 17, 1, -21)),
    ('\u{d7}', g(3946, 11, 10, 15, 2, -11)),
    ('\u{d8}', g(3966, 15, 16, 17, 1, -16)),
    ('\u{d9}', g(3998, 13, 21, 17, 2, -21)),
    ('\u{da}', g(4040, 13, 21, 17, 2, -21)),
    ('\u{db}', g(4082, 13, 21, 17, 2, -21)),
    ('\u{dc}', g(4124, 13, 21, 17, 2, -21)),
    ('\u{dd}', g(4166, 14, 20, 16, 0, -20)),
    ('\u{de}', g(4206, 11, 16, 15, 2, -16)),
    ('\u{df}', g(4238, 12, 16, 15, 2, -16)),
    ('\u{e0}', g(4270, 10, 17, 13, 1, -17)),
    ('\u{e1}', g(4304, 10, 17, 13, 1, -17)),
    ('\u{e2}', g(4338, 10, 17, 13, 1, -17)),
    ('\u{e3}', g(4372, 10, 17, 13, 1, -17)),
    ('\u{e4}', g(4406, 10, 17, 13, 1, -17)),
    ('\u{e5}', g(4440, 10, 18, 13, 1, -18)),
    ('\u{e6}', g(4476, 18, 12, 21, 1, -12)),
    ('\u{e7}', g(4512, 11, 16, 13, 1, -12)),
    ('\u{e8}', g(4544, 11, 17, 14, 1, -17)),
    ('\u{e9}', g(4578, 11, 17, 14, 1, -17)),
    ('\u{ea}', g(4612, 11, 17, 14, 1, -17)),
    ('\u{eb}', g(4646, 11, 17, 14, 1, -17)),
    ('\u{ec}', g(4680, 4, 16, 6, 0, -16)),
    ('\u{ed}', g(4696, 4, 16, 6, 1, -16)),
    ('\u{ee}', g(4712, 7, 17, 6, -1, -17)),
    ('\u{ef}', g(4729, 8, 17, 6, -1, -17)),
    ('\u{f0}', g(4746, 11, 17, 14, 1, -17)),
    ('\u{f1}', g(4780, 11, 17, 14, 1, -17)),
    ('\u{f2}', g(4814, 12, 17, 14, 1, -17)),
    ('\u{f3}', g(4848, 12, 17, 14, 1, -17)),
    ('\u{f4}', g(4882, 12, 17, 14, 1, -17)),
    ('\u{f5}', g(4916, 12, 17, 14, 1, -17)),
    ('\u{f6}', g(4950, 12, 17, 14, 1, -17)),
    ('\u{f7}', g(4984, 11, 12, 15, 2, -12)),
    ('\u{f8}', g(5008, 12, 12, 14, 1, -12)),
    ('\u{f9}', g(5032, 11, 17, 14, 1, -17)),
    ('\u{fa}', g(5066, 11, 17, 14, 1, -17)),
    ('\u{fb}', g(5100, 11, 17, 14, 1, -17)),
    ('\u{fc}', g(5134, 11, 17, 14, 1, -17)),
    ('\u{fd}', g(5168, 11, 21, 13, 1, -17)),
    ('\u{fe}', g(5210, 11, 20, 14, 1, -16)),
    ('\u{ff}', g(5250, 12, 21, 13, 1, -17)),
    ('\u{152}', g(5292, 20, 16, 23, 1, -16)),
    ('\u{153}', g(5340, 20, 12, 22, 1, -12)),
    ('\u{160}', g(5376, 12, 21, 15, 2, -21)),
    ('\u{161}', g(5418, 10, 17, 13, 1, -17)),
    ('\u{178}', g(5452, 14, 20, 16, 1, -20)),
    ('\u{17d}', g(5492, 12, 21, 15, 1, -21)),
    ('\u{17e}', g(5534, 10, 17, 13, 1, -17)),
    ('\u{192}', g(5568, 9, 21, 10, 0, -17)),
    ('\u{2c6}', g(5610, 7, 3, 10, 1, -17)),
    ('\u{2dc}', g(5613, 7, 3, 12, 2, -17)),
    ('\u{2013}', g(5616, 11, 2, 11, 0, -7)),
    ('\u{2014}', g(5620, 22, 2, 22, 0, -7)),
    ('\u{2018}', g(5626, 4, 6, 7, 2, -16)),
    ('\u{2019}', g(5632, 3, 6, 7, 2, -15)),
    ('\u{201a}', g(5638, 4, 6, 6, 1, -2)),
    ('\u{201c}', g(5644, 8, 6, 12, 2, -16)),
    ('\u{201d}', g(5650, 8, 6, 12, 2, -15)),
    ('\u{201e}', g(5656, 9, 6, 11, 1, -2)),
    ('\u{2020}', g(5668, 9, 12, 13, 2, -16)),
    ('\u{2021}', g(5692, 9, 16, 13, 2, -16)),
    ('\u{2022}', g(5724, 7, 7, 12, 2, -10)),
    ('\u{2026}', g(5731, 17, 3, 22, 2, -3)),
    ('\u{2030}', g(5740, 26, 16, 31, 2, -16)),
    ('\u{2039}', g(5804, 7, 10, 10, 1, -12)),
    ('\u{203a}', g(5814, 7, 10, 10, 1, -12)),
    ('\u{20ac}', g(5824, 13, 16, 15, 1, -16)),
    ('\u{2122}', g(5856, 12, 6, 14, 1, -16)),
];
const INTER_LARGE_HEADING_BITMAP: [u8; 5868] = [
    0xE0, 0xE0, 0xE0, 0xE0, 0xE0, 0xE0, 0xE0, 0xE0, 0xE0, 0xE0, 0xE0, 0x00, 0x00, 0x60, 0xF0, 0x60,
    0xEE, 0xEE, 0xEE, 0xEE, 0xEE, 0xEE, 0x0E, 0x30, 0x0C, 0x30, 0x0C, 0x30, 0x0C, 0x30, 0x7F, 0xFC,
    0x7F, 0xFC, 0x1C, 0x60, 0x18, 0x60, 0x18, 0x60, 0x18, 0xE0, 0x7F, 0xF8, 0xFF, 0xF8, 0x38, 0xC0,
    0x30, 0xC0, 0x30, 0xC0, 0x30, 0xC0, 0x04, 0x00, 0x04, 0x00, 0x1F, 0x80, 0x7F, 0xC0, 0x7D, 0xE0,
    0xE4, 0xF0, 0xE4, 0x00, 0xE4, 0x00, 0xFC, 0x00, 0x7F, 0x80, 0x1F, 0xE0, 0x05, 0xE0, 0x04, 0x70,
    0xC4, 0x70, 0xE4, 0x70, 0xFD, 0xE0, 0x7F, 0xC0, 0x1F, 0x80, 0x04, 0x00, 0x04, 0x00, 0x38, 0x06,
    0x00, 0xFE, 0x0E, 0x00, 0xEE, 0x0C, 0x00, 0xC6, 0x18, 0x00, 0xEE, 0x30, 0x00, 0xFE, 0x30, 0x00,
    0x38, 0x60, 0x00, 0x00, 0xC0, 0x00, 0x01, 0xC7, 0x00, 0x01, 0x8F, 0x80, 0x03, 0x18, 0xC0, 0x07,
    0x18, 0xC0, 0x06, 0x18, 0xC0, 0x0C, 0x1D, 0xC0, 0x1C, 0x0F, 0x80, 0x18, 0x07, 0x00, 0x1F, 0x00,
    0x3F, 0x80, 0x7B, 0xC0, 0x71, 0xC0, 0x71, 0xC0, 0x3B, 0x80, 0x3F, 0x00, 0x1E, 0x00, 0x3E, 0x38,
    0x7F, 0x38, 0xE7, 0xF8, 0xE3, 0xF0, 0xE1, 0xF0, 0xF1, 0xF0, 0x7F, 0xF0, 0x1F, 0x38, 0xE0, 0xE0,
    0xE0, 0xE0, 0xE0, 0xE0, 0x18, 0x38, 0x30, 0x70, 0x70, 0x70, 0xE0, 0xE0, 0xE0, 0xE0, 0xE0, 0xE0,
    0xE0, 0xE0, 0x60, 0x70, 0x70, 0x30, 0x38, 0x18, 0xC0, 0xE0, 0xE0, 0x70, 0x70, 0x70, 0x30, 0x38,
    0x38, 0x38, 0x38, 0x38, 0x38, 0x38, 0x70, 0x70, 0x70, 0xE0, 0xE0, 0xC0, 0x18, 0x18, 0xDB, 0xFF,
    0x3C, 0xFF, 0xDB, 0x18, 0x18, 0x0E, 0x00, 0x0E, 0x00, 0x0E, 0x00, 0x0E, 0x00, 0xFF, 0xE0, 0xFF,
    0xE0, 0x0E, 0x00, 0x0E, 0x00, 0x0E, 0x00, 0x0E, 0x00, 0x0C, 0x00, 0x70, 0x70, 0x60, 0x60, 0x60,
    0xC0, 0xFE, 0xFE, 0xC0, 0xE0, 0xC0, 0x07, 0x07, 0x06, 0x06, 0x0E, 0x0C, 0x0C, 0x1C, 0x1C, 0x18,
    0x18, 0x38, 0x38, 0x30, 0x30, 0x70, 0x60, 0x60, 0xE0, 0x0F, 0x00, 0x3F, 0xC0, 0x79, 0xE0, 0x70,
    0xE0, 0xE0, 0x60, 0xE0, 0x70, 0xE0, 0x70, 0xE0, 0x70, 0xE0, 0x70, 0xE0, 0x70, 0xE0, 0x70, 0xE0,
    0x70, 0x70, 0xE0, 0x79, 0xE0, 0x3F, 0xC0, 0x0F, 0x00, 0x1E, 0x7E, 0xFE, 0xEE, 0x8E, 0x0E, 0x0E,
    0x0E, 0x0E, 0x0E, 0x0E, 0x0E, 0x0E, 0x0E, 0x0E, 0x0E, 0x1F, 0x00, 0x7F, 0x80, 0x71, 0xC0, 0xE0,
    0xE0, 0xE0, 0xE0, 0x00, 0xE0, 0x01, 0xC0, 0x01, 0xC0, 0x03, 0x80, 0x07, 0x00, 0x0E, 0x00, 0x1C,
    0x00, 0x38, 0x00, 0x78, 0x00, 0xFF, 0xE0, 0xFF, 0xE0, 0x1F, 0x00, 0x3F, 0xC0, 0x71, 0xE0, 0xE0,
    0xE0, 0x00, 0xE0, 0x00, 0xE0, 0x01, 0xC0, 0x0F, 0x80, 0x0F, 0xC0, 0x00, 0xE0, 0x00, 0x70, 0x00,
    0x70, 0xE0, 0x70, 0x79, 0xE0, 0x7F, 0xC0, 0x1F, 0x80, 0x01, 0xE0, 0x03, 0xE0, 0x03, 0xE0, 0x07,
    0xE0, 0x0E, 0xE0, 0x0C, 0xE0, 0x1C, 0xE0, 0x18, 0xE0, 0x38, 0xE0, 0x70, 0xE0, 0x70, 0xE0, 0xFF,
    0xF8, 0xFF, 0xF8, 0x00, 0xE0, 0x00, 0xE0, 0x00, 0xE0, 0x7F, 0xC0, 0x7F, 0xC0, 0x70, 0x00, 0x60,
    0x00, 0x60, 0x00, 0x6F, 0x00, 0xFF, 0xC0, 0xF3, 0xC0, 0x00, 0xE0, 0x00, 0xE0, 0x00, 0xE0, 0xC0,
    0xE0, 0xE0, 0xE0, 0x73, 0xC0, 0x7F, 0x80, 0x1F, 0x00, 0x0F, 0x80, 0x3F, 0xC0, 0x39, 0xE0, 0x70,
    0x70, 0x60, 0x00, 0xE7, 0x80, 0xEF, 0xC0, 0xF9, 0xE0, 0xF0, 0xF0, 0xE0, 0x70, 0xE0, 0x70, 0xE0,
    0x70, 0x70, 0xE0, 0x79, 0xE0, 0x3F, 0xC0, 0x0F, 0x80, 0xFF, 0xE0, 0xFF, 0xE0, 0x00, 0xE0, 0x01,
    0xC0, 0x01, 0xC0, 0x03, 0x80, 0x03, 0x80, 0x07, 0x00, 0x07, 0x00, 0x0E, 0x00, 0x0E, 0x00, 0x1C,
    0x00, 0x1C, 0x00, 0x38, 0x00, 0x38, 0x00, 0x70, 0x00, 0x1F, 0x00, 0x7F, 0xC0, 0x71, 0xE0, 0xE0,
    0xE0, 0xE0, 0xE0, 0xE0, 0xE0, 0x71, 0xC0, 0x3F, 0x80, 0x3F, 0xC0, 0x70, 0xE0, 0xE0, 0x70, 0xE0,
    0x70, 0xE0, 0x70, 0x71, 0xE0, 0x7F, 0xC0, 0x1F, 0x80, 0x1F, 0x00, 0x3F, 0xC0, 0x79, 0xE0, 0xE0,
    0xE0, 0xE0, 0x60, 0xE0, 0x70, 0xE0, 0xF0, 0x71, 0xF0, 0x7F, 0x70, 0x3E, 0x70, 0x00, 0x70, 0x00,
    0xE0, 0xE0, 0xE0, 0x79, 0xC0, 0x3F, 0x80, 0x1F, 0x00, 0xC0, 0xE0, 0xC0, 0x00, 0x00, 0x00, 0x00,
    0x00, 0xC0, 0xE0, 0xC0, 0x60, 0x70, 0x60, 0x00, 0x00, 0x00, 0x00, 0x00, 0x00, 0x60, 0x60, 0x60,
    0x60, 0x40, 0xC0, 0x00, 0x60, 0x01, 0xE0, 0x07, 0xC0, 0x3F, 0x00, 0xFC, 0x00, 0xF0, 0x00, 0xF8,
    0x00, 0x7E, 0x00, 0x0F, 0x80, 0x03, 0xE0, 0x00, 0xE0, 0xFF, 0xC0, 0xFF, 0xC0, 0x00, 0x00, 0x00,
    0x00, 0x00, 0x00, 0xFF, 0xC0, 0xFF, 0xC0, 0xC0, 0x00, 0xF0, 0x00, 0xFC, 0x00, 0x3F, 0x00, 0x07,
    0xC0, 0x01, 0xE0, 0x03, 0xC0, 0x1F, 0x80, 0x7E, 0x00, 0xF8, 0x00, 0xE0, 0x00, 0x1E, 0x00, 0x7F,
    0x80, 0xF3, 0xC0, 0xE1, 0xC0, 0x01, 0xC0, 0x01, 0xC0, 0x03, 0x80, 0x0F, 0x80, 0x0E, 0x00, 0x1C,
    0x00, 0x1C, 0x00, 0x00, 0x00, 0x00, 0x00, 0x0C, 0x00, 0x1E, 0x00, 0x0C, 0x00, 0x01, 0xFC, 0x00,
    0x0F, 0xFF, 0x00, 0x1F, 0x0F, 0x80, 0x3C, 0x01, 0xC0, 0x78, 0x00, 0xE0, 0x71, 0xEC, 0xE0, 0x63,
    0xFC, 0x70, 0xE7, 0x1C, 0x70, 0xE6, 0x0C, 0x70, 0xE6, 0x0C, 0x70, 0xE6, 0x0C, 0x70, 0xE6, 0x0C,
    0x70, 0xE6, 0x0C, 0x70, 0xE7, 0x1E, 0xE0, 0x73, 0xFF, 0xE0, 0x79, 0xE3, 0xC0, 0x3C, 0x00, 0x00,
    0x1F, 0x04, 0x00, 0x0F, 0xFE, 0x00, 0x03, 0xF8, 0x00, 0x07, 0x80, 0x07, 0x80, 0x0F, 0xC0, 0x0F,
    0xC0, 0x0C, 0xC0, 0x1C, 0xE0, 0x1C, 0xE0, 0x1C, 0xE0, 0x38, 0x70, 0x38, 0x70, 0x3F, 0xF0, 0x7F,
    0xF8, 0x70, 0x38, 0x70, 0x38, 0xE0, 0x1C, 0xE0, 0x1C, 0xFF, 0x80, 0xFF, 0xC0, 0xE1, 0xE0, 0xE0,
    0xE0, 0xE0, 0xE0, 0xE0, 0xE0, 0xE1, 0xC0, 0xFF, 0x80, 0xFF, 0xC0, 0xE0, 0xE0, 0xE0, 0x70, 0xE0,
    0x70, 0xE0, 0x70, 0xE0, 0xE0, 0xFF, 0xE0, 0xFF, 0x80, 0x07, 0xC0, 0x1F, 0xF0, 0x3C, 0x78, 0x70,
    0x38, 0x70, 0x1C, 0xE0, 0x00, 0xE0, 0x00, 0xE0, 0x00, 0xE0, 0x00, 0xE0, 0x00, 0xE0, 0x00, 0x70,
    0x1C, 0x70, 0x38, 0x3C, 0x78, 0x1F, 0xF0, 0x07, 0xC0, 0xFF, 0x00, 0xFF, 0xC0, 0xE1, 0xE0, 0xE0,
    0x70, 0xE0, 0x70, 0xE0, 0x38, 0xE0, 0x38, 0xE0, 0x38, 0xE0, 0x38, 0xE0, 0x38, 0xE0, 0x38, 0xE0,
    0x70, 0xE0, 0x70, 0xE1, 0xE0, 0xFF, 0xC0, 0xFF, 0x00, 0xFF, 0xE0, 0xFF, 0xE0, 0xE0, 0x00, 0xE0,
    0x00, 0xE0, 0x00, 0xE0, 0x00, 0xE0, 0x00, 0xFF, 0xC0, 0xFF, 0xC0, 0xE0, 0x00, 0xE0, 0x00, 0xE0,
    0x00, 0xE0, 0x00, 0xE0, 0x00, 0xFF, 0xE0, 0xFF, 0xE0, 0xFF, 0xE0, 0xFF, 0xE0, 0xE0, 0x00, 0xE0,
    0x00, 0xE0, 0x00, 0xE0, 0x00, 0xE0, 0x00, 0xE0, 0x00, 0xFF, 0xC0, 0xFF, 0xC0, 0xE0, 0x00, 0xE0,
    0x00, 0xE0, 0x00, 0xE0, 0x00, 0xE0, 0x00, 0xE0, 0x00, 0x07, 0xC0, 0x1F, 0xF0, 0x3C, 0x78, 0x70,
    0x38, 0x70, 0x1C, 0xE0, 0x00, 0xE0, 0x00, 0xE0, 0x00, 0xE0, 0xFC, 0xE0, 0xFC, 0xE0, 0x1C, 0x70,
    0x1C, 0x70, 0x38, 0x3C, 0x78, 0x1F, 0xF0, 0x07, 0xC0, 0xE0, 0x38, 0xE0, 0x38, 0xE0, 0x38, 0xE0,
    0x38, 0xE0, 0x38, 0xE0, 0x38, 0xE0, 0x38, 0xFF, 0xF8, 0xFF, 0xF8, 0xE0, 0x38, 0xE0, 0x38, 0xE0,
    0x38, 0xE0, 0x38, 0xE0, 0x38, 0xE0, 0x38, 0xE0, 0x38, 0xE0, 0xE0, 0xE0, 0xE0, 0xE0, 0xE0, 0xE0,
    0xE0, 0xE0, 0xE0, 0xE0, 0xE0, 0xE0, 0xE0, 0xE0, 0xE0, 0x01, 0xC0, 0x01, 0xC0, 0x01, 0xC0, 0x01,
    0xC0, 0x01, 0xC0, 0x01, 0xC0, 0x01, 0xC0, 0x01, 0xC0, 0x01, 0xC0, 0x01, 0xC0, 0xE1, 0xC0, 0xE1,
    0xC0, 0xE1, 0xC0, 0xF3, 0x80, 0x7F, 0x80, 0x1E, 0x00, 0xE0, 0x78, 0xE0, 0xF0, 0xE1, 0xE0, 0xE1,
    0xC0, 0xE3, 0x80, 0xE7, 0x00, 0xEE, 0x00, 0xFE, 0x00, 0xFF, 0x00, 0xF3, 0x80, 0xF3, 0xC0, 0xE1,
    0xC0, 0xE0, 0xE0, 0xE0, 0xF0, 0xE0, 0x70, 0xE0, 0x38, 0xE0, 0x00, 0xE0, 0x00, 0xE0, 0x00, 0xE0,
    0x00, 0xE0, 0x00, 0xE0, 0x00, 0xE0, 0x00, 0xE0, 0x00, 0xE0, 0x00, 0xE0, 0x00, 0xE0, 0x00, 0xE0,
    0x00, 0xE0, 0x00, 0xE0, 0x00, 0xFF, 0xC0, 0xFF, 0xC0, 0xF8, 0x0F, 0x80, 0xF8, 0x0F, 0x80, 0xF8,
    0x0F, 0x80, 0xFC, 0x1F, 0x80, 0xFC, 0x1F, 0x80, 0xEC, 0x1B, 0x80, 0xEE, 0x3B, 0x80, 0xEE, 0x3B,
    0x80, 0xE6, 0x33, 0x80, 0xE7, 0x73, 0x80, 0xE7, 0x73, 0x80, 0xE3, 0x63, 0x80, 0xE3, 0xE3, 0x80,
    0xE3, 0xE3, 0x80, 0xE1, 0xC3, 0x80, 0xE1, 0xC3, 0x80, 0xF0, 0x1C, 0xF0, 0x1C, 0xF8, 0x1C, 0xFC,
    0x1C, 0xFC, 0x1C, 0xEE, 0x1C, 0xEF, 0x1C, 0xE7, 0x1C, 0xE3, 0x9C, 0xE3, 0xDC, 0xE1, 0xDC, 0xE0,
    0xFC, 0xE0, 0xFC, 0xE0, 0x7C, 0xE0, 0x3C, 0xE0, 0x3C, 0x07, 0xC0, 0x1F, 0xF0, 0x3C, 0x78, 0x70,
    0x3C, 0x70, 0x1C, 0xE0, 0x0E, 0xE0, 0x0E, 0xE0, 0x0E, 0xE0, 0x0E, 0xE0, 0x0E, 0xE0, 0x0E, 0x70,
    0x1C, 0x70, 0x3C, 0x3C, 0x78, 0x1F, 0xF0, 0x07, 0xC0, 0xFF, 0x80, 0xFF, 0xC0, 0xE1, 0xE0, 0xE0,
    0x70, 0xE0, 0x70, 0xE0, 0x70, 0xE0, 0x70, 0xE0, 0xE0, 0xFF, 0xE0, 0xFF, 0x80, 0xE0, 0x00, 0xE0,
    0x00, 0xE0, 0x00, 0xE0, 0x00, 0xE0, 0x00, 0xE0, 0x00, 0x07, 0xC0, 0x1F, 0xF0, 0x3C, 0x78, 0x70,
    0x3C, 0x70, 0x1C, 0xE0, 0x0E, 0xE0, 0x0E, 0xE0, 0x0E, 0xE0, 0x0E, 0xE0, 0x0E, 0xE1, 0x8E, 0x71,
    0xDC, 0x78, 0xFC, 0x3F, 0xF8, 0x1F, 0xF8, 0x07, 0xF8, 0x00, 0x1C, 0xFF, 0x80, 0xFF, 0xC0, 0xE1,
    0xE0, 0xE0, 0x70, 0xE0, 0x70, 0xE0, 0x70, 0xE0, 0x70, 0xE0, 0xE0, 0xFF, 0xE0, 0xFF, 0x80, 0xE3,
    0x80, 0xE1, 0xC0, 0xE1, 0xC0, 0xE0, 0xE0, 0xE0, 0xF0, 0xE0, 0x70, 0x1F, 0x80, 0x7F, 0xC0, 0x71,
    0xE0, 0xE0, 0x70, 0xE0, 0x00, 0xE0, 0x00, 0xFC, 0x00, 0x7F, 0x80, 0x1F, 0xE0, 0x01, 0xE0, 0x00,
    0x70, 0xC0, 0x70, 0xE0, 0x70, 0xF1, 0xE0, 0x7F, 0xC0, 0x1F, 0x80, 0xFF, 0xF8, 0xFF, 0xF8, 0x07,
    0x00, 0x07, 0x00, 0x07, 0x00, 0x07, 0x00, 0x07, 0x00, 0x07, 0x00, 0x07, 0x00, 0x07, 0x00, 0x07,
    0x00, 0x07, 0x00, 0x07, 0x00, 0x07, 0x00, 0x07, 0x00, 0x07, 0x00, 0xE0, 0x38, 0xE0, 0x38, 0xE0,
    0x38, 0xE0, 0x38, 0xE0, 0x38, 0xE0, 0x38, 0xE0, 0x38, 0xE0, 0x38, 0xE0, 0x38, 0xE0, 0x38, 0xE0,
    0x38, 0xE0, 0x38, 0xF0, 0x78, 0x78, 0xF0, 0x3F, 0xE0, 0x0F, 0x80, 0xE0, 0x1C, 0xE0, 0x1C, 0xF0,
    0x1C, 0x70, 0x38, 0x70, 0x38, 0x78, 0x38, 0x38, 0x70, 0x38, 0x70, 0x1C, 0x70, 0x1C, 0xE0, 0x1C,
    0xE0, 0x0C, 0xC0, 0x0F, 0xC0, 0x0F, 0xC0, 0x07, 0x80, 0x07, 0x80, 0xE0, 0x70, 0x38, 0xE0, 0xF0,
    0x70, 0xE0, 0xF0, 0x70, 0xE0, 0xF8, 0x70, 0x70, 0xF8, 0x70, 0x71, 0xD8, 0xE0, 0x71, 0xD8, 0xE0,
    0x31, 0x9C, 0xE0, 0x39, 0x9C, 0xE0, 0x3B, 0x8C, 0xC0, 0x3B, 0x8D, 0xC0, 0x1B, 0x0F, 0xC0, 0x1F,
    0x0F, 0xC0, 0x1F, 0x07, 0x80, 0x1F, 0x07, 0x80, 0x0E, 0x07, 0x80, 0xF0, 0x3C, 0x70, 0x38, 0x38,
    0x70, 0x3C, 0xF0, 0x1C, 0xE0, 0x0F, 0xC0, 0x0F, 0xC0, 0x07, 0x80, 0x07, 0x80, 0x0F, 0xC0, 0x1F,
    0xE0, 0x1C, 0xE0, 0x38, 0x70, 0x78, 0x78, 0x70, 0x38, 0xE0, 0x1C, 0xF0, 0x1C, 0x70, 0x1C, 0x38,
    0x38, 0x38, 0x78, 0x1C, 0x70, 0x1E, 0xE0, 0x0E, 0xE0, 0x07, 0xC0, 0x07, 0xC0, 0x03, 0x80, 0x03,
    0x80, 0x03, 0x80, 0x03, 0x80, 0x03, 0x80, 0x03, 0x80, 0x03, 0x80, 0xFF, 0xF0, 0xFF, 0xF0, 0x00,
    0xE0, 0x00, 0xE0, 0x01, 0xC0, 0x03, 0x80, 0x07, 0x80, 0x07, 0x00, 0x0E, 0x00, 0x1E, 0x00, 0x1C,
    0x00, 0x38, 0x00, 0x70, 0x00, 0x70, 0x00, 0xFF, 0xF0, 0xFF, 0xF0, 0xF8, 0xF8, 0xE0, 0xE0, 0xE0,
    0xE0, 0xE0, 0xE0, 0xE0, 0xE0, 0xE0, 0xE0, 0xE0, 0xE0, 0xE0, 0xE0, 0xE0, 0xE0, 0xF8, 0xF8, 0xE0,
    0x60, 0x60, 0x70, 0x30, 0x30, 0x38, 0x38, 0x18, 0x18, 0x1C, 0x1C, 0x0C, 0x0C, 0x0E, 0x06, 0x06,
    0x07, 0x07, 0xF8, 0xF8, 0x38, 0x38, 0x38, 0x38, 0x38, 0x38, 0x38, 0x38, 0x38, 0x38, 0x38, 0x38,
    0x38, 0x38, 0x38, 0x38, 0xF8, 0xF8, 0x1C, 0x3C, 0x36, 0x66, 0x63, 0xE3, 0xFF, 0xC0, 0xFF, 0xC0,
    0xE0, 0x60, 0x70, 0x1F, 0x00, 0x7F, 0x80, 0x73, 0xC0, 0x21, 0xC0, 0x01, 0xC0, 0x3F, 0xC0, 0x7D,
    0xC0, 0xE1, 0xC0, 0xE1, 0xC0, 0xF3, 0xC0, 0x7F, 0xC0, 0x3D, 0xC0, 0xE0, 0x00, 0xE0, 0x00, 0xE0,
    0x00, 0xE0, 0x00, 0xEF, 0x00, 0xFF, 0xC0, 0xF1, 0xC0, 0xE0, 0xE0, 0xE0, 0xE0, 0xE0, 0xE0, 0xE0,
    0xE0, 0xE0, 0xE0, 0xE0, 0xE0, 0xF1, 0xC0, 0xFF, 0xC0, 0xEF, 0x00, 0x1F, 0x00, 0x3F, 0xC0, 0x79,
    0xC0, 0xF0, 0xE0, 0xE0, 0x00, 0xE0, 0x00, 0xE0, 0x00, 0xE0, 0x00, 0xE0, 0xE0, 0x79, 0xC0, 0x3F,
    0xC0, 0x1F, 0x00, 0x00, 0xE0, 0x00, 0xE0, 0x00, 0xE0, 0x00, 0xE0, 0x1E, 0xE0, 0x7F, 0xE0, 0x71,
    0xE0, 0xE0, 0xE0, 0xE0, 0xE0, 0xE0, 0xE0, 0xE0, 0xE0, 0xE0, 0xE0, 0xE0, 0xE0, 0x71, 0xE0, 0x7F,
    0xE0, 0x1E, 0xE0, 0x1F, 0x00, 0x3F, 0x80, 0x71, 0xC0, 0xE0, 0xE0, 0xE0, 0xE0, 0xFF, 0xE0, 0xFF,
    0xE0, 0xE0, 0x00, 0xE0, 0x00, 0x79, 0xE0, 0x3F, 0xC0, 0x1F, 0x00, 0x0F, 0x1F, 0x38, 0x38, 0x38,
    0xFF, 0xFF, 0x38, 0x38, 0x38, 0x38, 0x38, 0x38, 0x38, 0x38, 0x38, 0x38, 0x1E, 0xE0, 0x7F, 0xE0,
    0x71, 0xE0, 0xE0, 0xE0, 0xE0, 0xE0, 0xE0, 0xE0, 0xE0, 0xE0, 0xE0, 0xE0, 0xE0, 0xE0, 0x71, 0xE0,
    0x7F, 0xE0, 0x1E, 0xE0, 0x00, 0xE0, 0x71, 0xE0, 0x7F, 0xC0, 0x1F, 0x00, 0xE0, 0x00, 0xE0, 0x00,
    0xE0, 0x00, 0xE0, 0x00, 0xE7, 0x80, 0xFF, 0xC0, 0xF1, 0xC0, 0xE0, 0xE0, 0xE0, 0xE0, 0xE0, 0xE0,
    0xE0, 0xE0, 0xE0, 0xE0, 0xE0, 0xE0, 0xE0, 0xE0, 0xE0, 0xE0, 0xE0, 0xE0, 0xC0, 0xE0, 0xC0, 0x00,
    0x00, 0xE0, 0xE0, 0xE0, 0xE0, 0xE0, 0xE0, 0xE0, 0xE0, 0xE0, 0xE0, 0xE0, 0xE0, 0x30, 0x38, 0x30,
    0x00, 0x00, 0x38, 0x38, 0x38, 0x38, 0x38, 0x38, 0x38, 0x38, 0x38, 0x38, 0x38, 0x38, 0x38, 0x78,
    0xF0, 0xE0, 0xE0, 0x00, 0xE0, 0x00, 0xE0, 0x00, 0xE0, 0x00, 0xE1, 0xC0, 0xE3, 0xC0, 0xE7, 0x80,
    0xE7, 0x00, 0xEE, 0x00, 0xFC, 0x00, 0xFE, 0x00, 0xFF, 0x00, 0xE7, 0x80, 0xE3, 0x80, 0xE1, 0xC0,
    0xE1, 0xE0, 0xE0, 0xE0, 0xE0, 0xE0, 0xE0, 0xE0, 0xE0, 0xE0, 0xE0, 0xE0, 0xE0, 0xE0, 0xE0, 0xE0,
    0xE0, 0xE0, 0xEF, 0x1E, 0x00, 0xFF, 0xBF, 0x00, 0xF3, 0xE7, 0x80, 0xE1, 0xC3, 0x80, 0xE1, 0xC3,
    0x80, 0xE1, 0xC3, 0x80, 0xE1, 0xC3, 0x80, 0xE1, 0xC3, 0x80, 0xE1, 0xC3, 0x80, 0xE1, 0xC3, 0x80,
    0xE1, 0xC3, 0x80, 0xE1, 0xC3, 0x80, 0xE7, 0x80, 0xFF, 0xC0, 0xF1, 0xC0, 0xE0, 0xE0, 0xE0, 0xE0,
    0xE0, 0xE0, 0xE0, 0xE0, 0xE0, 0xE0, 0xE0, 0xE0, 0xE0, 0xE0, 0xE0, 0xE0, 0xE0, 0xE0, 0x1F, 0x00,
    0x3F, 0xC0, 0x79, 0xE0, 0xF0, 0xE0, 0xE0, 0x70, 0xE0, 0x70, 0xE0, 0x70, 0xE0, 0x70, 0xF0, 0xE0,
    0x79, 0xE0, 0x3F, 0xC0, 0x1F, 0x00, 0xEF, 0x00, 0xFF, 0xC0, 0xF1, 0xC0, 0xE0, 0xE0, 0xE0, 0xE0,
    0xE0, 0xE0, 0xE0, 0xE0, 0xE0, 0xE0, 0xE0, 0xE0, 0xF1, 0xC0, 0xFF, 0xC0, 0xEF, 0x00, 0xE0, 0x00,
    0xE0, 0x00, 0xE0, 0x00, 0xE0, 0x00, 0x1E, 0xE0, 0x7F, 0xE0, 0x71, 0xE0, 0xE0, 0xE0, 0xE0, 0xE0,
    0xE0, 0xE0, 0xE0, 0xE0, 0xE0, 0xE0, 0xE0, 0xE0, 0x71, 0xE0, 0x7F, 0xE0, 0x1E, 0xE0, 0x00, 0xE0,
    0x00, 0xE0, 0x00, 0xE0, 0x00, 0xE0, 0xEE, 0xFE, 0xF0, 0xE0, 0xE0, 0xE0, 0xE0, 0xE0, 0xE0, 0xE0,
    0xE0, 0xE0, 0x3E, 0x00, 0x7F, 0x80, 0xF3, 0x80, 0xE1, 0x00, 0xE0, 0x00, 0x7E, 0x00, 0x1F, 0x80,
    0x03, 0xC0, 0xC1, 0xC0, 0xE3, 0xC0, 0x7F, 0x80, 0x3E, 0x00, 0x38, 0x38, 0x38, 0xFE, 0xFE, 0x38,
    0x38, 0x38, 0x38, 0x38, 0x38, 0x38, 0x38, 0x3E, 0x0E, 0xE0, 0xE0, 0xE0, 0xE0, 0xE0, 0xE0, 0xE0,
    0xE0, 0xE0, 0xE0, 0xE0, 0xE0, 0xE0, 0xE0, 0xE0, 0xE0, 0xE0, 0xE0, 0xF1, 0xE0, 0x7E, 0xE0, 0x3C,
    0xE0, 0xE0, 0xE0, 0xE0, 0xE0, 0xE0, 0xE0, 0x71, 0xC0, 0x71, 0xC0, 0x71, 0x80, 0x3B, 0x80, 0x3B,
    0x80, 0x1B, 0x00, 0x1F, 0x00, 0x1F, 0x00, 0x0E, 0x00, 0xE1, 0xC3, 0x80, 0xE1, 0xC3, 0x80, 0xE3,
    0xC7, 0x00, 0x63, 0xC7, 0x00, 0x73, 0x67, 0x00, 0x73, 0x66, 0x00, 0x76, 0x6E, 0x00, 0x36, 0x6E,
    0x00, 0x3E, 0x3C, 0x00, 0x3E, 0x3C, 0x00, 0x1C, 0x3C, 0x00, 0x1C, 0x3C, 0x00, 0xE1, 0xC0, 0x71,
    0xC0, 0x73, 0x80, 0x3F, 0x00, 0x3F, 0x00, 0x1E, 0x00, 0x1E, 0x00, 0x3F, 0x00, 0x33, 0x00, 0x73,
    0x80, 0xE1, 0xC0, 0xE1, 0xC0, 0xE0, 0xE0, 0xE0, 0xE0, 0xE0, 0xE0, 0x71, 0xC0, 0x71, 0xC0, 0x31,
    0x80, 0x3B, 0x80, 0x3B, 0x80, 0x1F, 0x00, 0x1F, 0x00, 0x0E, 0x00, 0x0E, 0x00, 0x0E, 0x00, 0x1C,
    0x00, 0x7C, 0x00, 0x70, 0x00, 0xFF, 0xC0, 0xFF, 0xC0, 0x03, 0x80, 0x07, 0x80, 0x07, 0x00, 0x0E,
    0x00, 0x1C, 0x00, 0x3C, 0x00, 0x78, 0x00, 0x70, 0x00, 0xFF, 0xC0, 0xFF, 0xC0, 0x0E, 0x1F, 0x3C,
    0x38, 0x38, 0x38, 0x38, 0x38, 0xF0, 0xE0, 0xF0, 0x78, 0x38, 0x38, 0x38, 0x38, 0x38, 0x3C, 0x1F,
    0x0E, 0xE0, 0xE0, 0xE0, 0xE0, 0xE0, 0xE0, 0xE0, 0xE0, 0xE0, 0xE0, 0xE0, 0xE0, 0xE0, 0xE0, 0xE0,
    0xE0, 0xE0, 0xE0, 0xE0, 0xE0, 0xE0, 0xE0, 0xE0, 0xE0, 0xE0, 0xE0, 0x70, 0xF8, 0x3C, 0x1C, 0x1C,
    0x1C, 0x1C, 0x1C, 0x0F, 0x07, 0x0F, 0x1E, 0x1C, 0x1C, 0x1C, 0x1C, 0x1C, 0x3C, 0xF8, 0x70, 0x78,
    0x70, 0xFE, 0xF0, 0xE7, 0xE0, 0xE1, 0xC0, 0x60, 0xF0, 0x60, 0x00, 0x00, 0xE0, 0xE0, 0xE0, 0xE0,
    0xE0, 0xE0, 0xE0, 0xE0, 0xE0, 0xE0, 0xE0, 0x04, 0x00, 0x04, 0x00, 0x1F, 0x00, 0x3F, 0x80, 0x7D,
    0xC0, 0xE4, 0xC0, 0xE4, 0x00, 0xE4, 0x00, 0xE4, 0x00, 0xE4, 0x00, 0xE4, 0xC0, 0x75, 0xC0, 0x3F,
    0xC0, 0x1F, 0x00, 0x04, 0x00, 0x04, 0x00, 0x07, 0x80, 0x1F, 0xE0, 0x1C, 0xE0, 0x38, 0x70, 0x38,
    0x00, 0x38, 0x00, 0x38, 0x00, 0xFF, 0x80, 0xFF, 0x80, 0x38, 0x00, 0x38, 0x00, 0x38, 0x00, 0x38,
    0x70, 0x70, 0x70, 0xFF, 0xF0, 0xFF, 0xE0, 0xCF, 0x98, 0xFF, 0xF8, 0x70, 0x70, 0x60, 0x30, 0xC0,
    0x18, 0xC0, 0x18, 0xC0, 0x18, 0xC0, 0x18, 0xC0, 0x38, 0x60, 0x30, 0x78, 0xF8, 0xFF, 0xF8, 0x0F,
    0x80, 0xE0, 0xE0, 0xE0, 0xE0, 0x71, 0xC0, 0x71, 0xC0, 0x33, 0x80, 0x3B, 0x80, 0x1F, 0x00, 0x1F,
    0x00, 0xFF, 0xC0, 0x7F, 0xC0, 0x0E, 0x00, 0xFF, 0xC0, 0xFF, 0xC0, 0x0E, 0x00, 0x0E, 0x00, 0x0E,
    0x00, 0xE0, 0xE0, 0xE0, 0xE0, 0xE0, 0xE0, 0xE0, 0x00, 0x00, 0x00, 0x00, 0xE0, 0xE0, 0xE0, 0xE0,
    0xE0, 0xE0, 0xE0, 0x1F, 0x00, 0x3F, 0x80, 0x7B, 0x80, 0x71, 0x80, 0x70, 0x00, 0x38, 0x00, 0x1F,
    0x00, 0x7F, 0x80, 0xE3, 0xC0, 0xE0, 0xE0, 0xF0, 0xE0, 0x7C, 0xC0, 0x1F, 0x00, 0x07, 0x80, 0x03,
    0xC0, 0x21, 0xC0, 0x71, 0xC0, 0x7F, 0x80, 0x3F, 0x00, 0x42, 0xE7, 0xC6, 0x07, 0xF0, 0x00, 0x1F,
    0xFC, 0x00, 0x3C, 0x1E, 0x00, 0x7B, 0xCE, 0x00, 0x77, 0xE7, 0x00, 0xEE, 0x77, 0x00, 0xEC, 0x33,
    0x80, 0xEC, 0x03, 0x80, 0xEC, 0x03, 0x80, 0xEE, 0x33, 0x80, 0xE7, 0xF7, 0x00, 0x73, 0xE7, 0x00,
    0x38, 0x0E, 0x00, 0x3E, 0x3C, 0x00, 0x0F, 0xF8, 0x00, 0x03, 0xE0, 0x00, 0x3C, 0x7F, 0x63, 0x03,
    0x3F, 0xFB, 0xE3, 0xC7, 0xFF, 0x7B, 0x0E, 0x70, 0x1C, 0xE0, 0x39, 0xC0, 0x73, 0x80, 0xF7, 0x00,
    0xF7, 0x00, 0x73, 0x80, 0x39, 0xC0, 0x1C, 0xE0, 0x0E, 0x70, 0xFF, 0xC0, 0xFF, 0xC0, 0x01, 0xC0,
    0x01, 0xC0, 0x01, 0xC0, 0x0F, 0x00, 0x1F, 0xC0, 0x30, 0xE0, 0x60, 0x30, 0xCF, 0x30, 0xC9, 0x98,
    0xC9, 0x98, 0xCF, 0x18, 0xC9, 0x18, 0x69, 0xB0, 0x70, 0x60, 0x3F, 0xC0, 0x0F, 0x80, 0xFC, 0xFC,
    0x7C, 0x7C, 0xC6, 0xC6, 0xEE, 0x7C, 0x38, 0x0E, 0x00, 0x0E, 0x00, 0x0E, 0x00, 0xFF, 0xE0, 0xFF,
    0xE0, 0x0E, 0x00, 0x0E, 0x00, 0x0E, 0x00, 0x00, 0x00, 0xFF, 0xE0, 0xFF, 0xE0, 0x3C, 0xFE, 0xC6,
    0x06, 0x0E, 0x1C, 0x70, 0xFE, 0xFE, 0x7C, 0xFE, 0x06, 0x3E, 0x3C, 0x06, 0xC6, 0xFE, 0x7C, 0x70,
    0x60, 0xC0, 0xE0, 0xE0, 0xE0, 0xE0, 0xE0, 0xE0, 0xE0, 0xE0, 0xE0, 0xE0, 0xE0, 0xE0, 0xE0, 0xE0,
    0xE0, 0xE0, 0xE0, 0xE0, 0xF1, 0xE0, 0xFF, 0xF0, 0xEE, 0x70, 0xE0, 0x00, 0xE0, 0x00, 0xE0, 0x00,
    0xE0, 0x00, 0x1F, 0xE0, 0x7F, 0xE0, 0x7C, 0xE0, 0xFC, 0xE0, 0xFC, 0xE0, 0xFC, 0xE0, 0xFC, 0xE0,
    0x7C, 0xE0, 0x7C, 0xE0, 0x1C, 0xE0, 0x00, 0xE0, 0x00, 0xE0, 0x00, 0xE0, 0x00, 0xE0, 0x00, 0xE0,
    0x00, 0xE0, 0xC0, 0xE0, 0xC0, 0xC0, 0xE0, 0x30, 0x30, 0xE0, 0x38, 0x78, 0xD8, 0x18, 0x18, 0x18,
    0x18, 0x18, 0x18, 0x1E, 0x00, 0x7F, 0x00, 0x63, 0x80, 0xE1, 0x80, 0xC1, 0x80, 0xC1, 0x80, 0xE1,
    0x80, 0x63, 0x80, 0x7F, 0x00, 0x1E, 0x00, 0xE7, 0x00, 0x73, 0x80, 0x39, 0xC0, 0x1C, 0xE0, 0x0E,
    0xF0, 0x0E, 0xF0, 0x1C, 0xE0, 0x39, 0xC0, 0x73, 0x80, 0xE7, 0x00, 0x70, 0x0C, 0x00, 0xF0, 0x0C,
    0x00, 0xB0, 0x18, 0x00, 0x30, 0x30, 0x00, 0x30, 0x70, 0x00, 0x30, 0x60, 0x00, 0x30, 0xC0, 0x00,
    0x31, 0x82, 0x00, 0x31, 0x87, 0x00, 0x03, 0x0F, 0x00, 0x06, 0x1F, 0x00, 0x06, 0x1B, 0x00, 0x0C,
    0x33, 0x00, 0x18, 0x3F, 0x80, 0x18, 0x3F, 0x80, 0x30, 0x03, 0x00, 0x70, 0x0C, 0x00, 0xF0, 0x18,
    0x00, 0xB0, 0x30, 0x00, 0x30, 0x30, 0x00, 0x30, 0x60, 0x00, 0x30, 0xC0, 0x00, 0x30, 0xC0, 0x00,
    0x31, 0x86, 0x00, 0x33, 0x1F, 0x80, 0x03, 0x19, 0x80, 0x06, 0x01, 0x80, 0x0C, 0x03, 0x00, 0x0C,
    0x06, 0x00, 0x18, 0x0C, 0x00, 0x30, 0x1F, 0x80, 0x30, 0x1F, 0x80, 0x3C, 0x03, 0x00, 0x7E, 0x03,
    0x00, 0xE6, 0x06, 0x00, 0x06, 0x0C, 0x00, 0x1C, 0x1C, 0x00, 0x0E, 0x18, 0x00, 0x06, 0x30, 0x00,
    0xEE, 0x70, 0x00, 0x7C, 0x61, 0xC0, 0x00, 0xC3, 0xC0, 0x01, 0x87, 0xC0, 0x01, 0x86, 0xC0, 0x03,
    0x0C, 0xC0, 0x06, 0x0F, 0xE0, 0x0E, 0x0F, 0xE0, 0x0C, 0x00, 0xC0, 0x0C, 0x00, 0x1E, 0x00, 0x0C,
    0x00, 0x00, 0x00, 0x00, 0x00, 0x0E, 0x00, 0x0E, 0x00, 0x1C, 0x00, 0x3C, 0x00, 0x70, 0x00, 0xE0,
    0x00, 0xE0, 0x00, 0xE1, 0xC0, 0xF3, 0xC0, 0x7F, 0x80, 0x1E, 0x00, 0x0E, 0x00, 0x06, 0x00, 0x03,
    0x00, 0x00, 0x00, 0x07, 0x80, 0x07, 0x80, 0x0F, 0xC0, 0x0F, 0xC0, 0x0C, 0xC0, 0x1C, 0xE0, 0x1C,
    0xE0, 0x1C, 0xE0, 0x38, 0x70, 0x38, 0x70, 0x3F, 0xF0, 0x7F, 0xF8, 0x70, 0x38, 0x70, 0x38, 0xE0,
    0x1C, 0xE0, 0x1C, 0x01, 0xC0, 0x01, 0x80, 0x03, 0x00, 0x00, 0x00, 0x07, 0x80, 0x07, 0x80, 0x0F,
    0xC0, 0x0F, 0xC0, 0x0C, 0xC0, 0x1C, 0xE0, 0x1C, 0xE0, 0x1C, 0xE0, 0x38, 0x70, 0x38, 0x70, 0x3F,
    0xF0, 0x7F, 0xF8, 0x70, 0x38, 0x70, 0x38, 0xE0, 0x1C, 0xE0, 0x1C, 0x03, 0x00, 0x07, 0x80, 0x0C,
    0xC0, 0x08, 0x40, 0x00, 0x00, 0x07, 0x80, 0x07, 0x80, 0x0F, 0xC0, 0x0F, 0xC0, 0x0C, 0xC0, 0x1C,
    0xE0, 0x1C, 0xE0, 0x1C, 0xE0, 0x38, 0x70, 0x38, 0x70, 0x3F, 0xF0, 0x7F, 0xF8, 0x70, 0x38, 0x70,
    0x38, 0xE0, 0x1C, 0xE0, 0x1C, 0x06, 0x40, 0x0F, 0xC0, 0x09, 0x80, 0x00, 0x00, 0x00, 0x00, 0x07,
    0x80, 0x07, 0x80, 0x0F, 0xC0, 0x0F, 0xC0, 0x0C, 0xC0, 0x1C, 0xE0, 0x1C, 0xE0, 0x1C, 0xE0, 0x38,
    0x70, 0x38, 0x70, 0x3F, 0xF0, 0x7F, 0xF8, 0x70, 0x38, 0x70, 0x38, 0xE0, 0x1C, 0xE0, 0x1C, 0x0C,
    0x60, 0x1C, 0xE0, 0x08, 0x40, 0x00, 0x00, 0x07, 0x80, 0x07, 0xC0, 0x0F, 0xC0, 0x0F, 0xC0, 0x0D,
    0xE0, 0x1C, 0xE0, 0x1C, 0xE0, 0x1C, 0xE0, 0x38, 0x70, 0x38, 0x70, 0x3F, 0xF0, 0x7F, 0xF8, 0x70,
    0x38, 0x70, 0x38, 0xE0, 0x1C, 0xE0, 0x1C, 0x07, 0x80, 0x0C, 0xC0, 0x0C, 0xC0, 0x0C, 0xC0, 0x07,
    0x80, 0x00, 0x00, 0x07, 0x80, 0x07, 0x80, 0x0F, 0xC0, 0x0F, 0xC0, 0x0C, 0xC0, 0x1C, 0xE0, 0x1C,
    0xE0, 0x1C, 0xE0, 0x38, 0x70, 0x38, 0x70, 0x3F, 0xF0, 0x7F, 0xF8, 0x70, 0x38, 0x70, 0x38, 0xE0,
    0x1C, 0xE0, 0x1C, 0x01, 0xFF, 0xF8, 0x03, 0xFF, 0xF8, 0x03, 0xB8, 0x00, 0x07, 0x38, 0x00, 0x07,
    0x38, 0x00, 0x0E, 0x38, 0x00, 0x0E, 0x38, 0x00, 0x0E, 0x3F, 0xF0, 0x1C, 0x3F, 0xF0, 0x1C, 0x38,
    0x00, 0x3F, 0xF8, 0x00, 0x3F, 0xF8, 0x00, 0x70, 0x38, 0x00, 0x70, 0x38, 0x00, 0xF0, 0x3F, 0xF8,
    0xE0, 0x3F, 0xF8, 0x07, 0xC0, 0x1F, 0xF0, 0x3C, 0x78, 0x70, 0x3C, 0x70, 0x1C, 0xE0, 0x00, 0xE0,
    0x00, 0xE0, 0x00, 0xE0, 0x00, 0xE0, 0x00, 0xE0, 0x00, 0x70, 0x1C, 0x70, 0x3C, 0x3C, 0x78, 0x1F,
    0xF0, 0x07, 0xC0, 0x03, 0x00, 0x01, 0xC0, 0x00, 0xC0, 0x03, 0xC0, 0x38, 0x00, 0x1C, 0x00, 0x0C,
    0x00, 0x00, 0x00, 0xFF, 0xE0, 0xFF, 0xE0, 0xE0, 0x00, 0xE0, 0x00, 0xE0, 0x00, 0xE0, 0x00, 0xE0,
    0x00, 0xFF, 0xC0, 0xFF, 0xC0, 0xE0, 0x00, 0xE0, 0x00, 0xE0, 0x00, 0xE0, 0x00, 0xE0, 0x00, 0xFF,
    0xE0, 0xFF, 0xE0, 0x07, 0x00, 0x06, 0x00, 0x0E, 0x00, 0x00, 0x00, 0xFF, 0xE0, 0xFF, 0xE0, 0xE0,
    0x00, 0xE0, 0x00, 0xE0, 0x00, 0xE0, 0x00, 0xE0, 0x00, 0xFF, 0xC0, 0xFF, 0xC0, 0xE0, 0x00, 0xE0,
    0x00, 0xE0, 0x00, 0xE0, 0x00, 0xE0, 0x00, 0xFF, 0xE0, 0xFF, 0xE0, 0x04, 0x00, 0x1E, 0x00, 0x3B,
    0x00, 0x21, 0x00, 0x00, 0x00, 0xFF, 0xE0, 0xFF, 0xE0, 0xE0, 0x00, 0xE0, 0x00, 0xE0, 0x00, 0xE0,
    0x00, 0xE0, 0x00, 0xFF, 0xC0, 0xFF, 0xC0, 0xE0, 0x00, 0xE0, 0x00, 0xE0, 0x00, 0xE0, 0x00, 0xE0,
    0x00, 0xFF, 0xE0, 0xFF, 0xE0, 0x31, 0x80, 0x73, 0x80, 0x21, 0x00, 0x00, 0x00, 0xFF, 0xE0, 0xFF,
    0xE0, 0xE0, 0x00, 0xE0, 0x00, 0xE0, 0x00, 0xE0, 0x00, 0xE0, 0x00, 0xFF, 0xC0, 0xFF, 0xC0, 0xE0,
    0x00, 0xE0, 0x00, 0xE0, 0x00, 0xE0, 0x00, 0xE0, 0x00, 0xFF, 0xE0, 0xFF, 0xE0, 0xC0, 0xE0, 0x60,
    0x00, 0x70, 0x70, 0x70, 0x70, 0x70, 0x70, 0x70, 0x70, 0x70, 0x70, 0x70, 0x70, 0x70, 0x70, 0x70,
    0x70, 0x30, 0x60, 0x60, 0x00, 0xE0, 0xE0, 0xE0, 0xE0, 0xE0, 0xE0, 0xE0, 0xE0, 0xE0, 0xE0, 0xE0,
    0xE0, 0xE0, 0xE0, 0xE0, 0xE0, 0x10, 0x7C, 0xEC, 0x84, 0x00, 0x38, 0x38, 0x38, 0x38, 0x38, 0x38,
    0x38, 0x38, 0x38, 0x38, 0x38, 0x38, 0x38, 0x38, 0x38, 0x38, 0xC6, 0xE7, 0x42, 0x00, 0x38, 0x38,
    0x38, 0x38, 0x38, 0x38, 0x38, 0x38, 0x38, 0x38, 0x38, 0x38, 0x38, 0x38, 0x38, 0x38, 0x3F, 0xC0,
    0x3F, 0xF0, 0x38, 0x78, 0x38, 0x1C, 0x38, 0x1C, 0x38, 0x0E, 0x38, 0x0E, 0xFF, 0x0E, 0xFF, 0x0E,
    0x38, 0x0E, 0x38, 0x0E, 0x38, 0x1C, 0x38, 0x1C, 0x38, 0x78, 0x3F, 0xF0, 0x3F, 0xC0, 0x0E, 0x40,
    0x0F, 0xC0, 0x19, 0xC0, 0x00, 0x00, 0x00, 0x00, 0xF0, 0x1C, 0xF0, 0x1C, 0xF8, 0x1C, 0xFC, 0x1C,
    0xFC, 0x1C, 0xEE, 0x1C, 0xEF, 0x1C, 0xE7, 0x1C, 0xE3, 0x9C, 0xE3, 0xDC, 0xE1, 0xDC, 0xE0, 0xFC,
    0xE0, 0xFC, 0xE0, 0x7C, 0xE0, 0x3C, 0xE0, 0x3C, 0x06, 0x00, 0x07, 0x00, 0x03, 0x00, 0x00, 0x00,
    0x00, 0x00, 0x07, 0xC0, 0x1F, 0xF0, 0x3C, 0x78, 0x70, 0x3C, 0x70, 0x1C, 0xE0, 0x0E, 0xE0, 0x0E,
    0xE0, 0x0E, 0xE0, 0x0E, 0xE0, 0x0E, 0xE0, 0x0E, 0x70, 0x1C, 0x70, 0x3C, 0x3C, 0x78, 0x1F, 0xF0,
    0x07, 0xC0, 0x00, 0xC0, 0x01, 0xC0, 0x01, 0x80, 0x00, 0x00, 0x00, 0x00, 0x07, 0xC0, 0x1F, 0xF0,
    0x3C, 0x78, 0x70, 0x3C, 0x70, 0x1C, 0xE0, 0x0E, 0xE0, 0x0E, 0xE0, 0x0E, 0xE0, 0x0E, 0xE0, 0x0E,
    0xE0, 0x0E, 0x70, 0x1C, 0x70, 0x3C, 0x3C, 0x78, 0x1F, 0xF0, 0x07, 0xC0, 0x03, 0x80, 0x07, 0xC0,
    0x0E, 0xE0, 0x08, 0x60, 0x00, 0x00, 0x07, 0xC0, 0x1F, 0xF0, 0x3C, 0x78, 0x70, 0x3C, 0x70, 0x1C,
    0xE0, 0x0E, 0xE0, 0x0E, 0xE0, 0x0E, 0xE0, 0x0E, 0xE0, 0x0E, 0xE0, 0x0E, 0x70, 0x1C, 0x70, 0x3C,
    0x3C, 0x78, 0x1F, 0xF0, 0x07, 0xC0, 0x06, 0x60, 0x0F, 0xE0, 0x08, 0xC0, 0x00, 0x00, 0x00, 0x00,
    0x07, 0xC0, 0x1F, 0xF0, 0x3C, 0x78, 0x70, 0x3C, 0x70, 0x1C, 0xE0, 0x0E, 0xE0, 0x0E, 0xE0, 0x0E,
    0xE0, 0x0E, 0xE0, 0x0E, 0xE0, 0x0E, 0x70, 0x1C, 0x70, 0x3C, 0x3C, 0x78, 0x1F, 0xF0, 0x07, 0xC0,
    0x04, 0x40, 0x0E, 0xE0, 0x0C, 0x60, 0x00, 0x00, 0x00, 0x00, 0x07, 0xC0, 0x1F, 0xF0, 0x3C, 0x78,
    0x70, 0x3C, 0x70, 0x1C, 0xE0, 0x0E, 0xE0, 0x0E, 0xE0, 0x0E, 0xE0, 0x0E, 0xE0, 0x0E, 0xE0, 0x0E,
    0x70, 0x1C, 0x70, 0x3C, 0x3C, 0x78, 0x1F, 0xF0, 0x07, 0xC0, 0x60, 0xC0, 0xF1, 0xC0, 0x7B, 0x80,
    0x3F, 0x00, 0x1F, 0x00, 0x1F, 0x00, 0x3F, 0x80, 0x73, 0xC0, 0xE1, 0xE0, 0x40, 0xC0, 0x07, 0xCC,
    0x1F, 0xF8, 0x3C, 0x78, 0x70, 0x3C, 0x70, 0x7C, 0xE0, 0xCE, 0xE1, 0xCE, 0xE1, 0x8E, 0xE3, 0x0E,
    0xE6, 0x0E, 0xE6, 0x0E, 0x7C, 0x1C, 0x78, 0x3C, 0x3C, 0x78, 0x3F, 0xF0, 0x67, 0xC0, 0x0C, 0x00,
    0x0E, 0x00, 0x06, 0x00, 0x00, 0x00, 0x00, 0x00, 0xE0, 0x38, 0xE0, 0x38, 0xE0, 0x38, 0xE0, 0x38,
    0xE0, 0x38, 0xE0, 0x38, 0xE0, 0x38, 0xE0, 0x38, 0xE0, 0x38, 0xE0, 0x38, 0xE0, 0x38, 0xE0, 0x38,
    0xF0, 0x78, 0x78, 0xF0, 0x3F, 0xE0, 0x0F, 0x80, 0x01, 0x80, 0x03, 0x80, 0x03, 0x00, 0x00, 0x00,
    0x00, 0x00, 0xE0, 0x38, 0xE0, 0x38, 0xE0, 0x38, 0xE0, 0x38, 0xE0, 0x38, 0xE0, 0x38, 0xE0, 0x38,
    0xE0, 0x38, 0xE0, 0x38, 0xE0, 0x38, 0xE0, 0x38, 0xE0, 0x38, 0xF0, 0x78, 0x78, 0xF0, 0x3F, 0xE0,
    0x0F, 0x80, 0x07, 0x00, 0x0F, 0x80, 0x1D, 0xC0, 0x10, 0x40, 0x00, 0x00, 0xE0, 0x38, 0xE0, 0x38,
    0xE0, 0x38, 0xE0, 0x38, 0xE0, 0x38, 0xE0, 0x38, 0xE0, 0x38, 0xE0, 0x38, 0xE0, 0x38, 0xE0, 0x38,
    0xE0, 0x38, 0xE0, 0x38, 0xF0, 0x78, 0x7F, 0xF0, 0x3F, 0xE0, 0x0F, 0x80, 0x08, 0x80, 0x1D, 0xC0,
    0x18, 0xC0, 0x00, 0x00, 0x00, 0x00, 0xE0, 0x38, 0xE0, 0x38, 0xE0, 0x38, 0xE0, 0x38, 0xE0, 0x38,
    0xE0, 0x38, 0xE0, 0x38, 0xE0, 0x38, 0xE0, 0x38, 0xE0, 0x38, 0xE0, 0x38, 0xE0, 0x38, 0xF0, 0x78,
    0x78, 0xF0, 0x3F, 0xE0, 0x0F, 0x80, 0x00, 0xC0, 0x01, 0x80, 0x01, 0x80, 0x00, 0x00, 0xF0, 0x1C,
    0x70, 0x1C, 0x38, 0x38, 0x38, 0x78, 0x1C, 0x70, 0x1E, 0xE0, 0x0E, 0xE0, 0x07, 0xC0, 0x07, 0xC0,
    0x03, 0x80, 0x03, 0x80, 0x03, 0x80, 0x03, 0x80, 0x03, 0x80, 0x03, 0x80, 0x03, 0x80, 0xE0, 0x00,
    0xE0, 0x00, 0xE0, 0x00, 0xFF, 0x00, 0xFF, 0xC0, 0xE1, 0xC0, 0xE0, 0xE0, 0xE0, 0xE0, 0xE0, 0xE0,
    0xE0, 0xE0, 0xE1, 0xC0, 0xFF, 0xC0, 0xFF, 0x00, 0xE0, 0x00, 0xE0, 0x00, 0xE0, 0x00, 0x1F, 0x00,
    0x7F, 0xC0, 0xF1, 0xC0, 0xE0, 0xE0, 0xE0, 0xE0, 0xE0, 0xE0, 0xE1, 0xC0, 0xE7, 0x80, 0xE7, 0xC0,
    0xE0, 0xE0, 0xE0, 0x70, 0xE0, 0x70, 0xE0, 0x70, 0xE0, 0xE0, 0xE7, 0xE0, 0xE7, 0x80, 0x18, 0x00,
    0x1C, 0x00, 0x0C, 0x00, 0x00, 0x00, 0x00, 0x00, 0x1F, 0x00, 0x7F, 0x80, 0x73, 0xC0, 0x21, 0xC0,
    0x01, 0xC0, 0x3F, 0xC0, 0x7D, 0xC0, 0xE1, 0xC0, 0xE1, 0xC0, 0xF3, 0xC0, 0x7F, 0xC0, 0x3D, 0xC0,
    0x07, 0x00, 0x06, 0x00, 0x04, 0x00, 0x00, 0x00, 0x00, 0x00, 0x1F, 0x00, 0x7F, 0x80, 0x73, 0xC0,
    0x21, 0xC0, 0x01, 0xC0, 0x3F, 0xC0, 0x7D, 0xC0, 0xE1, 0xC0, 0xE1, 0xC0, 0xF3, 0xC0, 0x7F, 0xC0,
    0x3D, 0xC0, 0x0E, 0x00, 0x1F, 0x00, 0x33, 0x80, 0x00, 0x00, 0x00, 0x00, 0x1F, 0x00, 0x7F, 0x80,
    0x73, 0xC0, 0x21, 0xC0, 0x01, 0xC0, 0x3F, 0xC0, 0x7D, 0xC0, 0xE1, 0xC0, 0xE1, 0xC0, 0xF3, 0xC0,
    0x7F, 0xC0, 0x3D, 0xC0, 0x19, 0x00, 0x3F, 0x00, 0x23, 0x00, 0x00, 0x00, 0x00, 0x00, 0x1F, 0x00,
    0x7F, 0x80, 0x73, 0xC0, 0x21, 0xC0, 0x01, 0xC0, 0x3F, 0xC0, 0x7D, 0xC0, 0xE1, 0xC0, 0xE1, 0xC0,
    0xF3, 0xC0, 0x7F, 0xC0, 0x3D, 0xC0, 0x31, 0x80, 0x3B, 0x80, 0x11, 0x00, 0x00, 0x00, 0x00, 0x00,
    0x1F, 0x00, 0x7F, 0x80, 0x73, 0xC0, 0x21, 0xC0, 0x01, 0xC0, 0x3F, 0xC0, 0x7D, 0xC0, 0xE1, 0xC0,
    0xE1, 0xC0, 0xF3, 0xC0, 0x7F, 0xC0, 0x3D, 0xC0, 0x1F, 0x00, 0x31, 0x80, 0x31, 0x80, 0x1B, 0x00,
    0x0E, 0x00, 0x00, 0x00, 0x1F, 0x00, 0x7F, 0x80, 0x73, 0xC0, 0x21, 0xC0, 0x01, 0xC0, 0x3F, 0xC0,
    0x7D, 0xC0, 0xE1, 0xC0, 0xE1, 0xC0, 0xF3, 0xC0, 0x7F, 0xC0, 0x3D, 0xC0, 0x1E, 0x3E, 0x00, 0x7F,
    0xFF, 0x80, 0x73, 0xE3, 0xC0, 0x01, 0xC1, 0xC0, 0x01, 0xC1, 0xC0, 0x3F, 0xFF, 0xC0, 0x7F, 0xFF,
    0xC0, 0xE1, 0xC0, 0x00, 0xE1, 0xC0, 0x80, 0xF3, 0xE3, 0xC0, 0x7F, 0x7F, 0x80, 0x3C, 0x3F, 0x00,
    0x1F, 0x00, 0x3F, 0xC0, 0x79, 0xE0, 0xF0, 0xE0, 0xE0, 0x00, 0xE0, 0x00, 0xE0, 0x00, 0xE0, 0x00,
    0xF0, 0xE0, 0x79, 0xE0, 0x3F, 0xC0, 0x1F, 0x00, 0x06, 0x00, 0x07, 0x80, 0x01, 0x80, 0x07, 0x00,
    0x18, 0x00, 0x0C, 0x00, 0x0C, 0x00, 0x00, 0x00, 0x00, 0x00, 0x1F, 0x00, 0x3F, 0x80, 0x71, 0xC0,
    0xE0, 0xE0, 0xE0, 0xE0, 0xFF, 0xE0, 0xFF, 0xE0, 0xE0, 0x00, 0xE0, 0x00, 0x79, 0xE0, 0x3F, 0xC0,
    0x1F, 0x00, 0x03, 0x00, 0x06, 0x00, 0x06, 0x00, 0x00, 0x00, 0x00, 0x00, 0x1F, 0x00, 0x3F, 0x80,
    0x71, 0xC0, 0xE0, 0xE0, 0xE0, 0xE0, 0xFF, 0xE0, 0xFF, 0xE0, 0xE0, 0x00, 0xE0, 0x00, 0x79, 0xE0,
    0x3F, 0xC0, 0x1F, 0x00, 0x0E, 0x00, 0x1F, 0x00, 0x31, 0x80, 0x00, 0x00, 0x00, 0x00, 0x1F, 0x00,
    0x3F, 0x80, 0x71, 0xC0, 0xE0, 0xE0, 0xE0, 0xE0, 0xFF, 0xE0, 0xFF, 0xE0, 0xE0, 0x00, 0xE0, 0x00,
    0x79, 0xE0, 0x3F, 0xC0, 0x1F, 0x00, 0x31, 0x80, 0x3B, 0x80, 0x11, 0x00, 0x00, 0x00, 0x00, 0x00,
    0x1F, 0x00, 0x3F, 0x80, 0x71, 0xC0, 0xE0, 0xE0, 0xE0, 0xE0, 0xFF, 0xE0, 0xFF, 0xE0, 0xE0, 0x00,
    0xE0, 0x00, 0x79, 0xE0, 0x3F, 0xC0, 0x1F, 0x00, 0xC0, 0xE0, 0x60, 0x00, 0x70, 0x70, 0x70, 0x70,
    0x70, 0x70, 0x70, 0x70, 0x70, 0x70, 0x70, 0x70, 0x30, 0x70, 0x60, 0x00, 0xE0, 0xE0, 0xE0, 0xE0,
    0xE0, 0xE0, 0xE0, 0xE0, 0xE0, 0xE0, 0xE0, 0xE0, 0x10, 0x7C, 0xEE, 0x84, 0x00, 0x38, 0x38, 0x38,
    0x38, 0x38, 0x38, 0x38, 0x38, 0x38, 0x38, 0x38, 0x38, 0xC6, 0xE7, 0x42, 0x00, 0x00, 0x38, 0x38,
    0x38, 0x38, 0x38, 0x38, 0x38, 0x38, 0x38, 0x38, 0x38, 0x38, 0x10, 0x00, 0x3D, 0x80, 0x0F, 0x00,
    0x1F, 0x00, 0x33, 0x80, 0x01, 0xC0, 0x3F, 0xC0, 0x7F, 0xC0, 0x71, 0xE0, 0xE0, 0xE0, 0xE0, 0xE0,
    0xE0, 0xE0, 0xE0, 0xE0, 0xE0, 0xE0, 0x71, 0xC0, 0x3F, 0x80, 0x1F, 0x00, 0x19, 0x80, 0x3F, 0x80,
    0x23, 0x00, 0x00, 0x00, 0x00, 0x00, 0xE7, 0x80, 0xFF, 0xC0, 0xF1, 0xC0, 0xE0, 0xE0, 0xE0, 0xE0,
    0xE0, 0xE0, 0xE0, 0xE0, 0xE0, 0xE0, 0xE0, 0xE0, 0xE0, 0xE0, 0xE0, 0xE0, 0xE0, 0xE0, 0x1C, 0x00,
    0x0C, 0x00, 0x0E, 0x00, 0x00, 0x00, 0x00, 0x00, 0x1F, 0x00, 0x3F, 0xC0, 0x79, 0xE0, 0xF0, 0xE0,
    0xE0, 0x70, 0xE0, 0x70, 0xE0, 0x70, 0xE0, 0x70, 0xF0, 0xE0, 0x79, 0xE0, 0x3F, 0xC0, 0x1F, 0x00,
    0x03, 0x80, 0x03, 0x00, 0x06, 0x00, 0x00, 0x00, 0x00, 0x00, 0x1F, 0x00, 0x3F, 0xC0, 0x79, 0xE0,
    0xF0, 0xE0, 0xE0, 0x70, 0xE0, 0x70, 0xE0, 0x70, 0xE0, 0x70, 0xF0, 0xE0, 0x79, 0xE0, 0x3F, 0xC0,
    0x1F, 0x00, 0x0F, 0x00, 0x1F, 0x80, 0x39, 0xC0, 0x00, 0x00, 0x00, 0x00, 0x1F, 0x00, 0x3F, 0xC0,
    0x79, 0xE0, 0xF0, 0xE0, 0xE0, 0x70, 0xE0, 0x70, 0xE0, 0x70, 0xE0, 0x70, 0xF0, 0xE0, 0x79, 0xE0,
    0x3F, 0xC0, 0x1F, 0x00, 0x1C, 0x80, 0x3F, 0x80, 0x33, 0x00, 0x00, 0x00, 0x00, 0x00, 0x1F, 0x00,
    0x3F, 0xC0, 0x79, 0xE0, 0xF0, 0xE0, 0xE0, 0x70, 0xE0, 0x70, 0xE0, 0x70, 0xE0, 0x70, 0xF0, 0xE0,
    0x79, 0xE0, 0x3F, 0xC0, 0x1F, 0x00, 0x31, 0x80, 0x39, 0xC0, 0x10, 0x80, 0x00, 0x00, 0x00, 0x00,
    0x1F, 0x00, 0x3F, 0xC0, 0x79, 0xE0, 0xF0, 0xE0, 0xE0, 0x70, 0xE0, 0x70, 0xE0, 0x70, 0xE0, 0x70,
    0xF0, 0xE0, 0x79, 0xE0, 0x3F, 0xC0, 0x1F, 0x00, 0x0C, 0x00, 0x0E, 0x00, 0x0C, 0x00, 0x00, 0x00,
    0x00, 0x00, 0xFF, 0xE0, 0xFF, 0xE0, 0x00, 0x00, 0x00, 0x00, 0x0C, 0x00, 0x0E, 0x00, 0x0C, 0x00,
    0x1F, 0x30, 0x3F, 0xE0, 0x79, 0xE0, 0xF1, 0xE0, 0xE3, 0xF0, 0xE3, 0x70, 0xE6, 0x70, 0xEC, 0x70,
    0xF8, 0xE0, 0x79, 0xE0, 0x7F, 0xC0, 0x5F, 0x00, 0x38, 0x00, 0x1C, 0x00, 0x0C, 0x00, 0x00, 0x00,
    0x00, 0x00, 0xE0, 0xE0, 0xE0, 0xE0, 0xE0, 0xE0, 0xE0, 0xE0, 0xE0, 0xE0, 0xE0, 0xE0, 0xE0, 0xE0,
    0xE0, 0xE0, 0xE0, 0xE0, 0xF1, 0xE0, 0x7E, 0xE0, 0x3C, 0xE0, 0x03, 0x00, 0x07, 0x00, 0x06, 0x00,
    0x00, 0x00, 0x00, 0x00, 0xE0, 0xE0, 0xE0, 0xE0, 0xE0, 0xE0, 0xE0, 0xE0, 0xE0, 0xE0, 0xE0, 0xE0,
    0xE0, 0xE0, 0xE0, 0xE0, 0xE0, 0xE0, 0xF1, 0xE0, 0x7E, 0xE0, 0x3C, 0xE0, 0x0E, 0x00, 0x1F, 0x00,
    0x3B, 0x80, 0x20, 0x80, 0x00, 0x00, 0xE0, 0xE0, 0xE0, 0xE0, 0xE0, 0xE0, 0xE0, 0xE0, 0xE0, 0xE0,
    0xE0, 0xE0, 0xE0, 0xE0, 0xE0, 0xE0, 0xE0, 0xE0, 0xF3, 0xE0, 0x7E, 0xE0, 0x3C, 0xE0, 0x31, 0x80,
    0x73, 0x80, 0x21, 0x00, 0x00, 0x00, 0x00, 0x00, 0xE0, 0xE0, 0xE0, 0xE0, 0xE0, 0xE0, 0xE0, 0xE0,
    0xE0, 0xE0, 0xE0, 0xE0, 0xE0, 0xE0, 0xE0, 0xE0, 0xE0, 0xE0, 0xF1, 0xE0, 0x7E, 0xE0, 0x3C, 0xE0,
    0x03, 0x00, 0x07, 0x00, 0x06, 0x00, 0x00, 0x00, 0x00, 0x00, 0xE0, 0xE0, 0xE0, 0xE0, 0xE0, 0xE0,
    0x71, 0xC0, 0x71, 0xC0, 0x31, 0x80, 0x3B, 0x80, 0x3B, 0x80, 0x1F, 0x00, 0x1F, 0x00, 0x0E, 0x00,
    0x0E, 0x00, 0x0E, 0x00, 0x1C, 0x00, 0x7C, 0x00, 0x70, 0x00, 0xE0, 0x00, 0xE0, 0x00, 0xE0, 0x00,
    0xE0, 0x00, 0xEF, 0x00, 0xFF, 0xC0, 0xF1, 0xC0, 0xE0, 0xE0, 0xE0, 0xE0, 0xE0, 0xE0, 0xE0, 0xE0,
    0xE0, 0xE0, 0xE0, 0xE0, 0xF1, 0xC0, 0xFF, 0xC0, 0xEF, 0x00, 0xE0, 0x00, 0xE0, 0x00, 0xE0, 0x00,
    0xE0, 0x00, 0x31, 0x80, 0x39, 0xC0, 0x10, 0x80, 0x00, 0x00, 0x00, 0x00, 0xE0, 0x70, 0xE0, 0x60,
    0x70, 0xE0, 0x70, 0xE0, 0x71, 0xC0, 0x39, 0xC0, 0x39, 0x80, 0x1B, 0x80, 0x1F, 0x80, 0x1F, 0x00,
    0x0F, 0x00, 0x0E, 0x00, 0x0E, 0x00, 0x1E, 0x00, 0x7C, 0x00, 0x78, 0x00, 0x07, 0xFF, 0xF0, 0x1F,
    0xFF, 0xF0, 0x3C, 0x70, 0x00, 0x70, 0x70, 0x00, 0x70, 0x70, 0x00, 0xE0, 0x70, 0x00, 0xE0, 0x70,
    0x00, 0xE0, 0x7F, 0xF0, 0xE0, 0x7F, 0xF0, 0xE0, 0x70, 0x00, 0xE0, 0x70, 0x00, 0x70, 0x70, 0x00,
    0x70, 0x70, 0x00, 0x3C, 0x70, 0x00, 0x1F, 0xFF, 0xF0, 0x07, 0xFF, 0xF0, 0x1F, 0x0F, 0x80, 0x3F,
    0xDF, 0xC0, 0x79, 0xF8, 0xE0, 0xF0, 0xF0, 0x70, 0xE0, 0x70, 0x70, 0xE0, 0x7F, 0xF0, 0xE0, 0x7F,
    0xF0, 0xE0, 0x70, 0x00, 0xF0, 0xF0, 0x00, 0x79, 0xFC, 0xF0, 0x3F, 0xDF, 0xE0, 0x1F, 0x0F, 0x80,
    0x39, 0x80, 0x1B, 0x80, 0x0F, 0x00, 0x00, 0x00, 0x00, 0x00, 0x1F, 0x80, 0x7F, 0xE0, 0x71, 0xE0,
    0xE0, 0x70, 0xE0, 0x00, 0xE0, 0x00, 0x7C, 0x00, 0x3F, 0x80, 0x0F, 0xE0, 0x01, 0xE0, 0x00, 0x70,
    0xC0, 0x70, 0xE0, 0x70, 0xF9, 0xE0, 0x7F, 0xC0, 0x1F, 0x80, 0x73, 0x00, 0x3E, 0x00, 0x1C, 0x00,
    0x00, 0x00, 0x00, 0x00, 0x3E, 0x00, 0x7F, 0x80, 0xF3, 0x80, 0xE1, 0x00, 0xE0, 0x00, 0x7E, 0x00,
    0x1F, 0x80, 0x03, 0xC0, 0xC1, 0xC0, 0xE3, 0xC0, 0x7F, 0x80, 0x3E, 0x00, 0x18, 0xC0, 0x1C, 0xE0,
    0x08, 0x40, 0x00, 0x00, 0xE0, 0x1C, 0xF0, 0x38, 0x70, 0x38, 0x38, 0x70, 0x3C, 0xE0, 0x1C, 0xE0,
    0x1F, 0xC0, 0x0F, 0x80, 0x0F, 0x80, 0x07, 0x00, 0x07, 0x00, 0x07, 0x00, 0x07, 0x00, 0x07, 0x00,
    0x07, 0x00, 0x07, 0x00, 0x10, 0x80, 0x19, 0x80, 0x0F, 0x00, 0x06, 0x00, 0x00, 0x00, 0xFF, 0xF0,
    0xFF, 0xF0, 0x00, 0xE0, 0x00, 0xE0, 0x01, 0xC0, 0x03, 0x80, 0x07, 0x80, 0x07, 0x00, 0x0E, 0x00,
    0x1E, 0x00, 0x1C, 0x00, 0x38, 0x00, 0x70, 0x00, 0x70, 0x00, 0xFF, 0xF0, 0xFF, 0xF0, 0x21, 0x00,
    0x33, 0x00, 0x1E, 0x00, 0x0C, 0x00, 0x00, 0x00, 0xFF, 0xC0, 0xFF, 0xC0, 0x03, 0x80, 0x07, 0x80,
    0x07, 0x00, 0x0E, 0x00, 0x1C, 0x00, 0x3C, 0x00, 0x78, 0x00, 0x70, 0x00, 0xFF, 0xC0, 0xFF, 0xC0,
    0x07, 0x80, 0x0F, 0x80, 0x1E, 0x00, 0x1C, 0x00, 0x1C, 0x00, 0x7F, 0x00, 0x7F, 0x00, 0x1C, 0x00,
    0x1C, 0x00, 0x1C, 0x00, 0x1C, 0x00, 0x1C, 0x00, 0x1C, 0x00, 0x1C, 0x00, 0x1C, 0x00, 0x1C, 0x00,
    0x1C, 0x00, 0x1C, 0x00, 0x3C, 0x00, 0xF8, 0x00, 0x70, 0x00, 0x38, 0x7C, 0xE6, 0x76, 0xFE, 0xDC,
    0xFF, 0xE0, 0xFF, 0xE0, 0xFF, 0xFF, 0xFC, 0xFF, 0xFF, 0xFC, 0x70, 0x60, 0x60, 0x60, 0xE0, 0xE0,
    0x60, 0xE0, 0xE0, 0xC0, 0xC0, 0xC0, 0x70, 0x70, 0x60, 0x60, 0x60, 0xC0, 0x73, 0x63, 0x63, 0x67,
    0xE7, 0xE6, 0x67, 0xE7, 0xE6, 0xC6, 0xC6, 0xCC, 0x73, 0x80, 0x73, 0x00, 0x67, 0x00, 0x67, 0x00,
    0x66, 0x00, 0xC6, 0x00, 0x1C, 0x00, 0x1C, 0x00, 0x1C, 0x00, 0xFF, 0x80, 0xFF, 0x80, 0x1C, 0x00,
    0x1C, 0x00, 0x1C, 0x00, 0x1C, 0x00, 0x1C, 0x00, 0x18, 0x00, 0x08, 0x00, 0x1C, 0x00, 0x1C, 0x00,
    0x1C, 0x00, 0xFF, 0x80, 0xFF, 0x80, 0x1C, 0x00, 0x1C, 0x00, 0x1C, 0x00, 0xFF, 0x80, 0xFF, 0x80,
    0x1C, 0x00, 0x1C, 0x00, 0x1C, 0x00, 0x1C, 0x00, 0x18, 0x00, 0x18, 0x00, 0x38, 0x7C, 0xFE, 0xFE,
    0xFE, 0x7C, 0x38, 0xC0, 0xC1, 0x80, 0xE1, 0xC3, 0x80, 0xC0, 0xC1, 0x80, 0x38, 0x06, 0x00, 0x00,
    0xFE, 0x0E, 0x00, 0x00, 0xEE, 0x0C, 0x00, 0x00, 0xC6, 0x18, 0x00, 0x00, 0xEE, 0x30, 0x00, 0x00,
    0xFE, 0x30, 0x00, 0x00, 0x38, 0x60, 0x00, 0x00, 0x00, 0xC0, 0x00, 0x00, 0x01, 0xC7, 0x07, 0x00,
    0x01, 0x8F, 0x8F, 0x80, 0x03, 0x18, 0xD8, 0xC0, 0x07, 0x18, 0xD8, 0xC0, 0x06, 0x18, 0xD8, 0xC0,
    0x0C, 0x1D, 0xDD, 0xC0, 0x1C, 0x0F, 0x8F, 0x80, 0x18, 0x07, 0x07, 0x00, 0x0E, 0x1C, 0x38, 0x70,
    0xF0, 0xF0, 0x70, 0x38, 0x1C, 0x0E, 0xE0, 0x70, 0x38, 0x1C, 0x0E, 0x0E, 0x1C, 0x38, 0x70, 0xE0,
    0x03, 0xF0, 0x07, 0xF8, 0x0F, 0x30, 0x1C, 0x00, 0x1C, 0x00, 0xFF, 0xE0, 0xFF, 0xE0, 0x38, 0x00,
    0xFF, 0x80, 0xFF, 0x80, 0x38, 0x00, 0x18, 0x00, 0x1C, 0x00, 0x0F, 0x30, 0x07, 0xF8, 0x03, 0xF0,
    0xFB, 0x30, 0x23, 0x30, 0x23, 0x30, 0x22, 0xD0, 0x22, 0xD0, 0x22, 0x10,
];
pub static INTER_LARGE_HEADING: BitmapFont = BitmapFont {
    glyphs: &INTER_LARGE_HEADING_GLYPHS,
    bitmap: &INTER_LARGE_HEADING_BITMAP,
    extra: &INTER_LARGE_HEADING_EXTRA,
    line_height: 29,
};

// INTER_LARGE_LARGE: Inter SemiBold 26 px, line-height 34
const INTER_LARGE_LARGE_GLYPHS: [Glyph; 95] = [
    g(0, 0, 0, 7, 0, 0),
    g(0, 4, 20, 9, 2, -20),
    g(20, 8, 8, 14, 3, -20),
    g(28, 16, 20, 17, 0, -20),
    g(68, 14, 26, 17, 2, -23),
    g(120, 21, 20, 27, 3, -20),
    g(180, 16, 20, 18, 1, -20),
    g(220, 3, 8, 9, 3, -20),
    g(228, 6, 25, 10, 2, -21),
    g(253, 6, 25, 10, 1, -21),
    g(278, 10, 11, 15, 2, -20),
    g(300, 13, 14, 18, 2, -15),
    g(328, 4, 8, 9, 2, -2),
    g(336, 9, 3, 13, 2, -10),
    g(342, 4, 4, 9, 2, -4),
    g(346, 8, 24, 10, 1, -21),
    g(370, 14, 20, 18, 1, -20),
    g(410, 8, 20, 11, 1, -20),
    g(430, 13, 20, 17, 2, -20),
    g(470, 14, 20, 17, 1, -20),
    g(510, 15, 20, 18, 1, -20),
    g(550, 13, 20, 16, 1, -20),
    g(590, 14, 20, 17, 1, -20),
    g(630, 13, 20, 15, 1, -20),
    g(670, 14, 20, 17, 1, -20),
    g(710, 14, 20, 17, 1, -20),
    g(750, 4, 14, 9, 2, -14),
    g(764, 5, 19, 9, 1, -13),
    g(783, 13, 14, 18, 2, -15),
    g(811, 12, 9, 18, 3, -12),
    g(829, 13, 14, 18, 3, -15),
    g(857, 12, 20, 15, 1, -20),
    g(897, 23, 26, 26, 1, -20),
    g(975, 18, 20, 19, 0, -20),
    g(1035, 14, 20, 18, 2, -20),
    g(1075, 16, 20, 20, 1, -20),
    g(1115, 15, 20, 19, 2, -20),
    g(1155, 13, 20, 16, 2, -20),
    g(1195, 12, 20, 16, 2, -20),
    g(1235, 17, 20, 20, 1, -20),
    g(1295, 15, 20, 20, 2, -20),
    g(1335, 3, 20, 8, 2, -20),
    g(1355, 12, 20, 16, 1, -20),
    g(1395, 15, 20, 19, 2, -20),
    g(1435, 12, 20, 15, 2, -20),
    g(1475, 20, 20, 24, 2, -20),
    g(1535, 16, 20, 20, 2, -20),
    g(1575, 17, 20, 20, 1, -20),
    g(1635, 14, 20, 17, 2, -20),
    g(1675, 17, 22, 21, 1, -20),
    g(1741, 14, 20, 17, 2, -20),
    g(1781, 14, 20, 17, 2, -20),
    g(1821, 15, 20, 18, 1, -20),
    g(1861, 15, 20, 20, 2, -20),
    g(1901, 17, 20, 19, 1, -20),
    g(1961, 25, 20, 27, 1, -20),
    g(2041, 16, 20, 19, 1, -20),
    g(2081, 17, 20, 19, 1, -20),
    g(2141, 14, 20, 17, 2, -20),
    g(2181, 6, 25, 10, 2, -21),
    g(2206, 8, 24, 10, 1, -21),
    g(2230, 6, 25, 10, 1, -21),
    g(2255, 11, 8, 13, 1, -19),
    g(2271, 12, 3, 13, 0, 0),
    g(2277, 5, 4, 10, 2, -21),
    g(2281, 12, 15, 15, 1, -15),
    g(2311, 13, 20, 17, 2, -20),
    g(2351, 13, 15, 16, 1, -15),
    g(2381, 13, 20, 17, 1, -20),
    g(2421, 13, 15, 16, 1, -15),
    g(2451, 10, 21, 11, 0, -21),
    g(2493, 13, 21, 17, 1, -15),
    g(2535, 12, 20, 16, 2, -20),
    g(2575, 3, 21, 7, 1, -21),
    g(2596, 5, 26, 7, 0, -20),
    g(2622, 13, 20, 15, 2, -20),
    g(2662, 3, 20, 7, 2, -20),
    g(2682, 19, 15, 24, 2, -15),
    g(2727, 12, 15, 16, 2, -15),
    g(2757, 13, 15, 16, 1, -15),
    g(2787, 13, 21, 17, 2, -15),
    g(2829, 13, 21, 17, 1, -15),
    g(2871, 8, 15, 11, 2, -15),
    g(2886, 12, 15, 15, 2, -15),
    g(2916, 8, 19, 10, 1, -19),
    g(2935, 12, 15, 16, 2, -15),
    g(2965, 14, 15, 16, 1, -15),
    g(2995, 20, 15, 22, 1, -15),
    g(3040, 13, 15, 15, 1, -15),
    g(3070, 14, 21, 16, 1, -15),
    g(3112, 11, 15, 15, 2, -15),
    g(3142, 9, 25, 12, 2, -21),
    g(3192, 3, 33, 10, 3, -27),
    g(3225, 9, 25, 12, 1, -21),
    g(3275, 14, 6, 18, 2, -11),
];
const INTER_LARGE_LARGE_EXTRA: [(char, Glyph); 123] = [
    ('\u{a0}', g(0, 0, 0, 7, 0, 0)),
    ('\u{a1}', g(3287, 4, 20, 9, 2, -15)),
    ('\u{a2}', g(3307, 13, 20, 16, 1, -20)),
    ('\u{a3}', g(3347, 14, 20, 17, 1, -20)),
    ('\u{a4}', g(3387, 15, 17, 20, 2, -17)),
    ('\u{a5}', g(3421, 13, 20, 15, 1, -20)),
    ('\u{a6}', g(3461, 3, 23, 9, 3, -20)),
    ('\u{a7}', g(3484, 12, 24, 15, 1, -20)),
    ('\u{a8}', g(3532, 9, 4, 16, 3, -21)),
    ('\u{a9}', g(3540, 20, 20, 24, 2, -20)),
    ('\u{aa}', g(3600, 10, 11, 12, 1, -20)),
    ('\u{ab}', g(3622, 14, 13, 17, 1, -15)),
    ('\u{ac}', g(3648, 12, 7, 18, 2, -10)),
    ('\u{ad}', g(0, 0, 0, 0, 0, 0)),
    ('\u{ae}', g(3662, 15, 15, 18, 1, -20)),
    ('\u{af}', g(3692, 7, 3, 12, 2, -21)),
    ('\u{b0}', g(3695, 9, 10, 12, 2, -21)),
    ('\u{b1}', g(3715, 13, 14, 18, 2, -15)),
    ('\u{b2}', g(3743, 9, 11, 12, 1, -23)),
    ('\u{b3}', g(3765, 9, 11, 13, 2, -23)),
    ('\u{b4}', g(3787, 5, 4, 10, 2, -21)),
    ('\u{b5}', g(3791, 14, 21, 16, 2, -15)),
    ('\u{b6}', g(3833, 13, 20, 16, 1, -20)),
    ('\u{b7}', g(3873, 4, 4, 9, 2, -11)),
    ('\u{b8}', g(3877, 5, 6, 9, 2, 0)),
    ('\u{b9}', g(3883, 6, 11, 9, 1, -23)),
    ('\u{ba}', g(3894, 11, 11, 13, 1, -20)),
    ('\u{bb}', g(3916, 14, 13, 17, 1, -15)),
    ('\u{bc}', g(3942, 20, 20, 22, 0, -20)),
    ('\u{bd}', g(4002, 21, 20, 23, 0, -20)),
    ('\u{be}', g(4062, 21, 20, 24, 2, -20)),
    ('\u{bf}', g(4122, 12, 21, 15, 1, -15)),
    ('\u{c0}', g(4164, 18, 26, 19, 0, -26)),
    ('\u{c1}', g(4242, 18, 26, 19, 0, -26)),
    ('\u{c2}', g(4320, 18, 26, 19, 0, -26)),
    ('\u{c3}', g(4398, 18, 25, 19, 0, -25)),
    ('\u{c4}', g(4473, 18, 26, 19, 0, -26)),
    ('\u{c5}', g(4551, 18, 28, 19, 0, -28)),
    ('\u{c6}', g(4635, 24, 20, 27, 1, -20)),
    ('\u{c7}', g(4695, 17, 26, 20, 1, -20)),
    ('\u{c8}', g(4773, 13, 26, 16, 2, -26)),
    ('\u{c9}', g(4825, 13, 26, 16, 2, -26)),
    ('\u{ca}', g(4877, 13, 26, 16, 2, -26)),
    ('\u{cb}', g(4929, 13, 26, 16, 2, -26)),
    ('\u{cc}', g(4981, 5, 26, 8, 0, -26)),
    ('\u{cd}', g(5007, 5, 26, 8, 2, -26)),
    ('\u{ce}', g(5033, 9, 26, 8, -1, -26)),
    ('\u{cf}', g(5085, 9, 26, 8, -1, -26)),
    ('\u{d0}', g(5137, 18, 20, 20, 0, -20)),
    ('\u{d1}', g(5197, 16, 25, 20, 2, -25)),
    ('\u{d2}', g(5247, 17, 26, 20, 1, -26)),
    ('\u{d3}', g(5325, 17, 26, 20, 1, -26)),
    ('\u{d4}', g(5403, 17, 26, 20, 1, -26)),
    ('\u{d5}', g(5481, 17, 25, 20, 1, -25)),
    ('\u{d6}', g(5556, 17, 26, 20, 1, -26)),
    ('\u{d7}', g(5634, 12, 13, 18, 3, -14)),
    ('\u{d8}', g(5660, 17, 20, 20, 1, -20)),
    ('\u{d9}', g(5720, 15, 26, 20, 2, -26)),
    ('\u{da}', g(5772, 15, 26, 20, 2, -26)),
    ('\u{db}', g(5824, 15, 26, 20, 2, -26)),
    ('\u{dc}', g(5876, 15, 26, 20, 2, -26)),
    ('\u{dd}', g(5928, 17, 26, 19, 1, -26)),
    ('\u{de}', g(6006, 13, 20, 18, 2, -20)),
    ('\u{df}', g(6046, 13, 20, 17, 2, -20)),
    ('\u{e0}', g(6086, 12, 21, 15, 1, -21)),
    ('\u{e1}', g(6128, 12, 21, 15, 1, -21)),
    ('\u{e2}', g(6170, 12, 21, 15, 1, -21)),
    ('\u{e3}', g(6212, 12, 20, 15, 1, -20)),
    ('\u{e4}', g(6252, 12, 21, 15, 1, -21)),
    ('\u{e5}', g(6294, 12, 23, 15, 1, -23)),
    ('\u{e6}', g(6340, 21, 15, 24, 1, -15)),
    ('\u{e7}', g(6385, 13, 20, 16, 1, -15)),
    ('\u{e8}', g(6425, 13, 21, 16, 1, -21)),
    ('\u{e9}', g(6467, 13, 21, 16, 1, -21)),
    ('\u{ea}', g(6509, 13, 21, 16, 1, -21)),
    ('\u{eb}', g(6551, 13, 21, 16, 1, -21)),
    ('\u{ec}', g(6593, 5, 21, 7, 0, -21)),
    ('\u{ed}', g(6614, 5, 21, 7, 2, -21)),
    ('\u{ee}', g(6635, 9, 21, 7, -1, -21)),
    ('\u{ef}', g(6677, 9, 21, 7, -1, -21)),
    ('\u{f0}', g(6719, 13, 21, 16, 1, -21)),
    ('\u{f1}', g(6761, 12, 20, 16, 2, -20)),
    ('\u{f2}', g(6801, 13, 21, 16, 1, -21)),
    ('\u{f3}', g(6843, 13, 21, 16, 1, -21)),
    ('\u{f4}', g(6885, 13, 21, 16, 1, -21)),
    ('\u{f5}', g(6927, 13, 20, 16, 1, -20)),
    ('\u{f6}', g(6967, 13, 21, 16, 1, -21)),
    ('\u{f7}', g(7009, 13, 15, 18, 2, -15)),
    ('\u{f8}', g(7039, 13, 15, 16, 1, -15)),
    ('\u{f9}', g(7069, 12, 21, 16, 2, -21)),
    ('\u{fa}', g(7111, 12, 21, 16, 2, -21)),
    ('\u{fb}', g(7153, 12, 21, 16, 2, -21)),
    ('\u{fc}', g(7195, 12, 21, 16, 2, -21)),
    ('\u{fd}', g(7237, 14, 26, 16, 1, -20)),
    ('\u{fe}', g(7289, 13, 26, 17, 2, -20)),
    ('\u{ff}', g(7341, 13, 26, 16, 1, -20)),
    ('\u{152}', g(7393, 24, 20, 27, 1, -20)),
    ('\u{153}', g(7453, 23, 15, 26, 1, -15)),
    ('\u{160}', g(7498, 14, 26, 17, 2, -26)),
    ('\u{161}', g(7550, 12, 21, 15, 2, -21)),
    ('\u{178}', g(7592, 17, 26, 19, 1, -26)),
    ('\u{17d}', g(7670, 14, 26, 17, 2, -26)),
    ('\u{17e}', g(7722, 11, 21, 15, 2, -21)),
    ('\u{192}', g(7764, 10, 26, 12, 0, -20)),
    ('\u{2c6}', g(7816, 9, 4, 12, 1, -21)),
    ('\u{2dc}', g(7824, 8, 3, 14, 2, -20)),
    ('\u{2013}', g(7827, 13, 3, 13, 0, -10)),
    ('\u{2014}', g(7833, 26, 3, 26, 0, -10)),
    ('\u{2018}', g(7845, 5, 8, 8, 2, -20)),
    ('\u{2019}', g(7853, 4, 8, 8, 2, -20)),
    ('\u{201a}', g(7861, 4, 8, 8, 2, -2)),
    ('\u{201c}', g(7869, 10, 8, 14, 2, -20)),
    ('\u{201d}', g(7885, 10, 8, 14, 2, -20)),
    ('\u{201e}', g(7901, 9, 8, 13, 2, -2)),
    ('\u{2020}', g(7917, 11, 15, 15, 2, -20)),
    ('\u{2021}', g(7947, 11, 20, 15, 2, -20)),
    ('\u{2022}', g(7987, 8, 8, 14, 2, -12)),
    ('\u{2026}', g(7995, 20, 4, 25, 2, -4)),
    ('\u{2030}', g(8007, 30, 20, 36, 3, -20)),
    ('\u{2039}', g(8087, 8, 13, 11, 1, -15)),
    ('\u{203a}', g(8100, 8, 13, 11, 1, -15)),
    ('\u{20ac}', g(8113, 15, 20, 18, 1, -20)),
    ('\u{2122}', g(8153, 14, 7, 17, 1, -19)),
];
const INTER_LARGE_LARGE_BITMAP: [u8; 8167] = [
    0x70, 0x70, 0x70, 0x70, 0x70, 0x70, 0x70, 0x70, 0x70, 0x70, 0x70, 0x70, 0x70, 0x00, 0x00, 0x00,
    0x60, 0xF0, 0xF0, 0x60, 0xE7, 0xE7, 0xE7, 0xE7, 0xE7, 0xE7, 0xE7, 0xE7, 0x07, 0x0C, 0x07, 0x0C,
    0x06, 0x0C, 0x06, 0x1C, 0x06, 0x1C, 0x3F, 0xFF, 0x3F, 0xFF, 0x3F, 0xFF, 0x0E, 0x18, 0x0C, 0x38,
    0x0C, 0x38, 0x0C, 0x38, 0x7F, 0xFE, 0x7F, 0xFE, 0xFF, 0xFE, 0x18, 0x30, 0x18, 0x70, 0x18, 0x70,
    0x38, 0x70, 0x38, 0x60, 0x03, 0x00, 0x03, 0x00, 0x03, 0x00, 0x0F, 0xC0, 0x3F, 0xF0, 0x7F, 0xF8,
    0x73, 0x78, 0xF3, 0x3C, 0xE3, 0x00, 0xF3, 0x00, 0xFB, 0x00, 0x7F, 0x00, 0x3F, 0xE0, 0x1F, 0xF0,
    0x03, 0xF8, 0x03, 0x7C, 0x03, 0x3C, 0xE3, 0x1C, 0xE3, 0x3C, 0xF3, 0x78, 0x7F, 0xF8, 0x3F, 0xF0,
    0x0F, 0xC0, 0x03, 0x00, 0x03, 0x00, 0x02, 0x00, 0x3C, 0x01, 0xC0, 0x7E, 0x03, 0x80, 0xFF, 0x03,
    0x80, 0xC3, 0x07, 0x00, 0xC3, 0x06, 0x00, 0xC3, 0x0E, 0x00, 0xFF, 0x1C, 0x00, 0x7E, 0x1C, 0x00,
    0x3C, 0x38, 0x00, 0x00, 0x70, 0x00, 0x00, 0x70, 0x00, 0x00, 0xE1, 0xE0, 0x01, 0xC3, 0xF0, 0x01,
    0xC7, 0x38, 0x03, 0x86, 0x18, 0x07, 0x06, 0x18, 0x07, 0x07, 0x18, 0x0E, 0x07, 0xF8, 0x1C, 0x03,
    0xF0, 0x1C, 0x01, 0xE0, 0x0F, 0x80, 0x1F, 0xC0, 0x3F, 0xE0, 0x39, 0xE0, 0x38, 0xE0, 0x39, 0xE0,
    0x3D, 0xC0, 0x3F, 0xC0, 0x1F, 0x80, 0x1F, 0x00, 0x3F, 0x80, 0x7F, 0x8E, 0xF3, 0xDE, 0xF1, 0xFE,
    0xE0, 0xFC, 0xF0, 0xFC, 0xF0, 0x7C, 0x7F, 0xFC, 0x3F, 0xFE, 0x0F, 0x8F, 0xE0, 0xE0, 0xE0, 0xE0,
    0xE0, 0xE0, 0xE0, 0xE0, 0x1C, 0x1C, 0x38, 0x38, 0x78, 0x70, 0x70, 0x70, 0xF0, 0xF0, 0xF0, 0xE0,
    0xE0, 0xE0, 0xE0, 0xF0, 0xF0, 0xF0, 0x70, 0x70, 0x78, 0x38, 0x38, 0x1C, 0x1C, 0xE0, 0x70, 0x70,
    0x78, 0x38, 0x38, 0x3C, 0x3C, 0x1C, 0x1C, 0x1C, 0x1C, 0x1C, 0x1C, 0x1C, 0x1C, 0x1C, 0x3C, 0x3C,
    0x38, 0x38, 0x78, 0x70, 0x70, 0xE0, 0x0C, 0x00, 0x0C, 0x00, 0x4C, 0x80, 0xED, 0xC0, 0x7F, 0x80,
    0x1E, 0x00, 0x7F, 0x80, 0xED, 0xC0, 0x4C, 0x80, 0x0C, 0x00, 0x0C, 0x00, 0x07, 0x00, 0x07, 0x00,
    0x07, 0x00, 0x07, 0x00, 0x07, 0x00, 0xFF, 0xF8, 0xFF, 0xF8, 0xFF, 0xF8, 0x07, 0x00, 0x07, 0x00,
    0x07, 0x00, 0x07, 0x00, 0x07, 0x00, 0x07, 0x00, 0x70, 0xF0, 0xE0, 0xE0, 0xE0, 0xE0, 0xC0, 0xC0,
    0xFF, 0x80, 0xFF, 0x80, 0xFF, 0x80, 0x60, 0xF0, 0xF0, 0x60, 0x03, 0x07, 0x07, 0x07, 0x0E, 0x0E,
    0x0E, 0x0E, 0x1C, 0x1C, 0x1C, 0x1C, 0x38, 0x38, 0x38, 0x38, 0x70, 0x70, 0x70, 0x60, 0xE0, 0xE0,
    0xE0, 0xC0, 0x07, 0xC0, 0x1F, 0xE0, 0x3F, 0xF0, 0x78, 0x78, 0x78, 0x38, 0x70, 0x3C, 0xF0, 0x1C,
    0xF0, 0x1C, 0xE0, 0x1C, 0xE0, 0x1C, 0xE0, 0x1C, 0xE0, 0x1C, 0xF0, 0x1C, 0xF0, 0x1C, 0x70, 0x3C,
    0x70, 0x38, 0x78, 0x78, 0x3F, 0xF0, 0x1F, 0xE0, 0x07, 0xC0, 0x0F, 0x1F, 0x7F, 0x77, 0xE7, 0xC7,
    0x07, 0x07, 0x07, 0x07, 0x07, 0x07, 0x07, 0x07, 0x07, 0x07, 0x07, 0x07, 0x07, 0x07, 0x0F, 0x80,
    0x3F, 0xE0, 0x7F, 0xF0, 0x70, 0x70, 0xF0, 0x78, 0xE0, 0x38, 0x00, 0x38, 0x00, 0x78, 0x00, 0x70,
    0x00, 0xF0, 0x01, 0xE0, 0x03, 0xC0, 0x07, 0x80, 0x0F, 0x00, 0x1E, 0x00, 0x3E, 0x00, 0x7C, 0x00,
    0xFF, 0xF8, 0xFF, 0xF8, 0xFF, 0xF8, 0x0F, 0xC0, 0x3F, 0xE0, 0x7F, 0xF0, 0xF0, 0x78, 0xF0, 0x38,
    0x00, 0x38, 0x00, 0x38, 0x00, 0x78, 0x07, 0xF0, 0x07, 0xC0, 0x07, 0xF0, 0x00, 0x78, 0x00, 0x3C,
    0x00, 0x1C, 0xE0, 0x1C, 0xF0, 0x3C, 0xF8, 0x78, 0x7F, 0xF8, 0x3F, 0xF0, 0x0F, 0xC0, 0x00, 0xF0,
    0x01, 0xF0, 0x01, 0xF0, 0x03, 0xF0, 0x07, 0xF0, 0x07, 0x70, 0x0E, 0x70, 0x0E, 0x70, 0x1C, 0x70,
    0x3C, 0x70, 0x38, 0x70, 0x70, 0x70, 0x70, 0x70, 0xFF, 0xFC, 0xFF, 0xFE, 0xFF, 0xFE, 0x00, 0x70,
    0x00, 0x70, 0x00, 0x70, 0x00, 0x70, 0x7F, 0xF0, 0x7F, 0xF0, 0x7F, 0xF0, 0x70, 0x00, 0x70, 0x00,
    0x70, 0x00, 0x70, 0x00, 0x77, 0xC0, 0x7F, 0xE0, 0xFF, 0xF0, 0x70, 0x78, 0x00, 0x78, 0x00, 0x38,
    0x00, 0x38, 0x00, 0x38, 0xF0, 0x78, 0xF0, 0x78, 0x7F, 0xF0, 0x3F, 0xE0, 0x0F, 0x80, 0x07, 0xC0,
    0x1F, 0xF0, 0x3F, 0xF8, 0x38, 0x78, 0x78, 0x3C, 0x70, 0x00, 0xF0, 0x00, 0xF3, 0xC0, 0xEF, 0xF0,
    0xFF, 0xF8, 0xF8, 0x78, 0xF0, 0x3C, 0xF0, 0x1C, 0xF0, 0x1C, 0xF0, 0x3C, 0x70, 0x3C, 0x78, 0x78,
    0x3F, 0xF8, 0x1F, 0xF0, 0x07, 0xC0, 0xFF, 0xF8, 0xFF, 0xF8, 0xFF, 0xF8, 0x00, 0x78, 0x00, 0x70,
    0x00, 0xF0, 0x00, 0xE0, 0x01, 0xE0, 0x01, 0xC0, 0x03, 0xC0, 0x03, 0x80, 0x07, 0x80, 0x07, 0x00,
    0x0F, 0x00, 0x0E, 0x00, 0x1E, 0x00, 0x1E, 0x00, 0x3C, 0x00, 0x3C, 0x00, 0x38, 0x00, 0x0F, 0xC0,
    0x3F, 0xF0, 0x3F, 0xF0, 0x78, 0x78, 0x70, 0x38, 0x70, 0x38, 0x70, 0x38, 0x78, 0x78, 0x3F, 0xF0,
    0x1F, 0xE0, 0x3F, 0xF0, 0x78, 0x78, 0xF0, 0x3C, 0xE0, 0x1C, 0xE0, 0x1C, 0xF0, 0x3C, 0xF8, 0x78,
    0x7F, 0xF8, 0x3F, 0xF0, 0x0F, 0xC0, 0x0F, 0x80, 0x3F, 0xE0, 0x7F, 0xF0, 0x78, 0x78, 0xF0, 0x38,
    0xF0, 0x3C, 0xE0, 0x3C, 0xE0, 0x3C, 0xF0, 0x3C, 0x78, 0x7C, 0x7F, 0xFC, 0x3F, 0xDC, 0x0F, 0x3C,
    0x00, 0x3C, 0x00, 0x38, 0xF0, 0x78, 0x78, 0x70, 0x7F, 0xF0, 0x3F, 0xE0, 0x0F, 0x80, 0x60, 0xF0,
    0xF0, 0x60, 0x00, 0x00, 0x00, 0x00, 0x00, 0x00, 0x60, 0xF0, 0xF0, 0x60, 0x30, 0x78, 0x78, 0x30,
    0x00, 0x00, 0x00, 0x00, 0x00, 0x00, 0x00, 0x70, 0x70, 0x70, 0x70, 0x60, 0x60, 0xE0, 0xE0, 0x00,
    0x18, 0x00, 0x78, 0x01, 0xF8, 0x07, 0xF0, 0x1F, 0x80, 0x7E, 0x00, 0xF8, 0x00, 0xF0, 0x00, 0xFC,
    0x00, 0x3F, 0x80, 0x0F, 0xE0, 0x03, 0xF0, 0x00, 0xF8, 0x00, 0x38, 0xFF, 0xF0, 0xFF, 0xF0, 0xFF,
    0xF0, 0x00, 0x00, 0x00, 0x00, 0x00, 0x00, 0xFF, 0xF0, 0xFF, 0xF0, 0xFF, 0xF0, 0xC0, 0x00, 0xF0,
    0x00, 0xFC, 0x00, 0x7F, 0x00, 0x1F, 0xC0, 0x07, 0xF0, 0x01, 0xF8, 0x00, 0xF8, 0x03, 0xF0, 0x0F,
    0xE0, 0x3F, 0x00, 0xFC, 0x00, 0xF0, 0x00, 0xC0, 0x00, 0x1F, 0x80, 0x3F, 0xC0, 0x7F, 0xE0, 0xF0,
    0xF0, 0xF0, 0xF0, 0x00, 0x70, 0x00, 0xF0, 0x00, 0xE0, 0x03, 0xE0, 0x07, 0xC0, 0x0F, 0x00, 0x0F,
    0x00, 0x0E, 0x00, 0x0E, 0x00, 0x00, 0x00, 0x00, 0x00, 0x0C, 0x00, 0x1E, 0x00, 0x1E, 0x00, 0x0C,
    0x00, 0x00, 0xFE, 0x00, 0x03, 0xFF, 0xC0, 0x0F, 0xFF, 0xE0, 0x1F, 0x00, 0xF0, 0x3E, 0x00, 0x78,
    0x3C, 0x00, 0x38, 0x78, 0x00, 0x1C, 0x70, 0x7B, 0x9C, 0x70, 0xFF, 0x8E, 0xF1, 0xFF, 0x8E, 0xF1,
    0xC7, 0x8E, 0xE3, 0x83, 0x8E, 0xE3, 0x83, 0x8E, 0xE3, 0x83, 0x8E, 0xE3, 0x83, 0x8E, 0xF3, 0x83,
    0x8E, 0xF3, 0xC7, 0x9C, 0x71, 0xFF, 0xFC, 0x70, 0xFD, 0xF8, 0x78, 0x78, 0xF0, 0x3C, 0x00, 0x00,
    0x3E, 0x00, 0x00, 0x1F, 0x00, 0x80, 0x0F, 0xFF, 0xC0, 0x03, 0xFF, 0xC0, 0x00, 0xFF, 0x00, 0x01,
    0xE0, 0x00, 0x03, 0xF0, 0x00, 0x03, 0xF0, 0x00, 0x03, 0xF0, 0x00, 0x07, 0x78, 0x00, 0x07, 0x38,
    0x00, 0x07, 0x38, 0x00, 0x0F, 0x3C, 0x00, 0x0E, 0x3C, 0x00, 0x0E, 0x1C, 0x00, 0x1E, 0x1E, 0x00,
    0x1E, 0x1E, 0x00, 0x1F, 0xFE, 0x00, 0x3F, 0xFF, 0x00, 0x3F, 0xFF, 0x00, 0x38, 0x07, 0x00, 0x78,
    0x07, 0x80, 0x78, 0x07, 0x80, 0x70, 0x03, 0x80, 0xF0, 0x03, 0xC0, 0xFF, 0xC0, 0xFF, 0xF0, 0xFF,
    0xF8, 0xE0, 0x78, 0xE0, 0x38, 0xE0, 0x38, 0xE0, 0x38, 0xE0, 0x78, 0xFF, 0xF0, 0xFF, 0xE0, 0xFF,
    0xF0, 0xE0, 0x78, 0xE0, 0x3C, 0xE0, 0x1C, 0xE0, 0x1C, 0xE0, 0x3C, 0xE0, 0x3C, 0xFF, 0xF8, 0xFF,
    0xF0, 0xFF, 0xE0, 0x03, 0xF0, 0x0F, 0xFC, 0x1F, 0xFE, 0x3C, 0x1E, 0x78, 0x0F, 0x70, 0x07, 0xF0,
    0x07, 0xF0, 0x00, 0xE0, 0x00, 0xE0, 0x00, 0xE0, 0x00, 0xE0, 0x00, 0xF0, 0x00, 0xF0, 0x07, 0x70,
    0x07, 0x78, 0x0F, 0x3C, 0x1E, 0x1F, 0xFE, 0x0F, 0xF8, 0x03, 0xF0, 0xFF, 0xC0, 0xFF, 0xF0, 0xFF,
    0xF8, 0xE0, 0x7C, 0xE0, 0x3C, 0xE0, 0x1E, 0xE0, 0x1E, 0xE0, 0x0E, 0xE0, 0x0E, 0xE0, 0x0E, 0xE0,
    0x0E, 0xE0, 0x0E, 0xE0, 0x0E, 0xE0, 0x1E, 0xE0, 0x1E, 0xE0, 0x3C, 0xE0, 0x7C, 0xFF, 0xF8, 0xFF,
    0xF0, 0xFF, 0xC0, 0xFF, 0xF8, 0xFF, 0xF8, 0xFF, 0xF0, 0xE0, 0x00, 0xE0, 0x00, 0xE0, 0x00, 0xE0,
    0x00, 0xE0, 0x00, 0xE0, 0x00, 0xFF, 0xF0, 0xFF, 0xF0, 0xFF, 0xE0, 0xE0, 0x00, 0xE0, 0x00, 0xE0,
    0x00, 0xE0, 0x00, 0xE0, 0x00, 0xFF, 0xF0, 0xFF, 0xF8, 0xFF, 0xF8, 0xFF, 0xF0, 0xFF, 0xF0, 0xFF,
    0xF0, 0xE0, 0x00, 0xE0, 0x00, 0xE0, 0x00, 0xE0, 0x00, 0xE0, 0x00, 0xE0, 0x00, 0xFF, 0xE0, 0xFF,
    0xF0, 0xFF, 0xF0, 0xE0, 0x00, 0xE0, 0x00, 0xE0, 0x00, 0xE0, 0x00, 0xE0, 0x00, 0xE0, 0x00, 0xE0,
    0x00, 0xE0, 0x00, 0x03, 0xF0, 0x00, 0x0F, 0xFC, 0x00, 0x1F, 0xFE, 0x00, 0x3C, 0x1F, 0x00, 0x78,
    0x0F, 0x00, 0x70, 0x07, 0x80, 0xF0, 0x00, 0x00, 0xF0, 0x00, 0x00, 0xE0, 0x00, 0x00, 0xE0, 0x7F,
    0x80, 0xE0, 0x7F, 0x80, 0xE0, 0x7F, 0x80, 0xF0, 0x03, 0x80, 0xF0, 0x07, 0x80, 0x70, 0x07, 0x80,
    0x78, 0x07, 0x00, 0x3C, 0x1F, 0x00, 0x1F, 0xFE, 0x00, 0x0F, 0xFC, 0x00, 0x03, 0xF0, 0x00, 0xE0,
    0x0E, 0xE0, 0x0E, 0xE0, 0x0E, 0xE0, 0x0E, 0xE0, 0x0E, 0xE0, 0x0E, 0xE0, 0x0E, 0xE0, 0x0E, 0xFF,
    0xFE, 0xFF, 0xFE, 0xFF, 0xFE, 0xE0, 0x0E, 0xE0, 0x0E, 0xE0, 0x0E, 0xE0, 0x0E, 0xE0, 0x0E, 0xE0,
    0x0E, 0xE0, 0x0E, 0xE0, 0x0E, 0xE0, 0x0E, 0xE0, 0xE0, 0xE0, 0xE0, 0xE0, 0xE0, 0xE0, 0xE0, 0xE0,
    0xE0, 0xE0, 0xE0, 0xE0, 0xE0, 0xE0, 0xE0, 0xE0, 0xE0, 0xE0, 0xE0, 0x00, 0x70, 0x00, 0x70, 0x00,
    0x70, 0x00, 0x70, 0x00, 0x70, 0x00, 0x70, 0x00, 0x70, 0x00, 0x70, 0x00, 0x70, 0x00, 0x70, 0x00,
    0x70, 0x00, 0x70, 0x00, 0x70, 0xE0, 0x70, 0xE0, 0x70, 0xF0, 0x70, 0xF0, 0xF0, 0x7F, 0xE0, 0x3F,
    0xE0, 0x1F, 0x80, 0xE0, 0x1E, 0xE0, 0x3C, 0xE0, 0x78, 0xE0, 0xF8, 0xE0, 0xF0, 0xE1, 0xE0, 0xE3,
    0xC0, 0xE7, 0x80, 0xEF, 0x80, 0xFF, 0x80, 0xFF, 0xC0, 0xFF, 0xC0, 0xF9, 0xE0, 0xF0, 0xE0, 0xE0,
    0xF0, 0xE0, 0x78, 0xE0, 0x78, 0xE0, 0x3C, 0xE0, 0x1E, 0xE0, 0x1E, 0xE0, 0x00, 0xE0, 0x00, 0xE0,
    0x00, 0xE0, 0x00, 0xE0, 0x00, 0xE0, 0x00, 0xE0, 0x00, 0xE0, 0x00, 0xE0, 0x00, 0xE0, 0x00, 0xE0,
    0x00, 0xE0, 0x00, 0xE0, 0x00, 0xE0, 0x00, 0xE0, 0x00, 0xE0, 0x00, 0xE0, 0x00, 0xFF, 0xE0, 0xFF,
    0xF0, 0xFF, 0xF0, 0xF8, 0x01, 0xF0, 0xFC, 0x01, 0xF0, 0xFC, 0x03, 0xF0, 0xFC, 0x03, 0xF0, 0xFE,
    0x03, 0xF0, 0xEE, 0x07, 0x70, 0xEE, 0x07, 0x70, 0xEF, 0x07, 0x70, 0xE7, 0x0F, 0x70, 0xE7, 0x0E,
    0x70, 0xE7, 0x9E, 0x70, 0xE3, 0x9E, 0x70, 0xE3, 0x9C, 0x70, 0xE3, 0xDC, 0x70, 0xE1, 0xFC, 0x70,
    0xE1, 0xF8, 0x70, 0xE0, 0xF8, 0x70, 0xE0, 0xF0, 0x70, 0xE0, 0xF0, 0x70, 0xE0, 0x70, 0x70, 0xF0,
    0x07, 0xF8, 0x07, 0xF8, 0x07, 0xFC, 0x07, 0xFE, 0x07, 0xEE, 0x07, 0xEF, 0x07, 0xE7, 0x07, 0xE7,
    0x87, 0xE3, 0x87, 0xE1, 0xC7, 0xE1, 0xE7, 0xE0, 0xE7, 0xE0, 0xF7, 0xE0, 0x7F, 0xE0, 0x3F, 0xE0,
    0x3F, 0xE0, 0x1F, 0xE0, 0x1F, 0xE0, 0x0F, 0x03, 0xF0, 0x00, 0x0F, 0xFC, 0x00, 0x1F, 0xFE, 0x00,
    0x3C, 0x1F, 0x00, 0x78, 0x0F, 0x00, 0x70, 0x07, 0x80, 0xF0, 0x07, 0x80, 0xF0, 0x03, 0x80, 0xE0,
    0x03, 0x80, 0xE0, 0x03, 0x80, 0xE0, 0x03, 0x80, 0xE0, 0x03, 0x80, 0xF0, 0x03, 0x80, 0xF0, 0x07,
    0x80, 0x70, 0x07, 0x80, 0x78, 0x0F, 0x00, 0x3C, 0x1F, 0x00, 0x1F, 0xFE, 0x00, 0x0F, 0xFC, 0x00,
    0x03, 0xF0, 0x00, 0xFF, 0xC0, 0xFF, 0xF0, 0xFF, 0xF8, 0xE0, 0x78, 0xE0, 0x3C, 0xE0, 0x1C, 0xE0,
    0x1C, 0xE0, 0x1C, 0xE0, 0x3C, 0xE0, 0x78, 0xFF, 0xF8, 0xFF, 0xF0, 0xFF, 0xC0, 0xE0, 0x00, 0xE0,
    0x00, 0xE0, 0x00, 0xE0, 0x00, 0xE0, 0x00, 0xE0, 0x00, 0xE0, 0x00, 0x03, 0xF0, 0x00, 0x0F, 0xFC,
    0x00, 0x1F, 0xFE, 0x00, 0x3C, 0x1F, 0x00, 0x78, 0x0F, 0x00, 0x70, 0x07, 0x80, 0xF0, 0x07, 0x80,
    0xF0, 0x03, 0x80, 0xE0, 0x03, 0x80, 0xE0, 0x03, 0x80, 0xE0, 0x03, 0x80, 0xE0, 0x03, 0x80, 0xF0,
    0x03, 0x80, 0xF0, 0xE7, 0x80, 0x70, 0xF7, 0x80, 0x78, 0x7F, 0x00, 0x3C, 0x3F, 0x00, 0x1F, 0xFE,
    0x00, 0x0F, 0xFE, 0x00, 0x03, 0xFE, 0x00, 0x00, 0x07, 0x00, 0x00, 0x03, 0x00, 0xFF, 0xC0, 0xFF,
    0xF0, 0xFF, 0xF8, 0xE0, 0x78, 0xE0, 0x3C, 0xE0, 0x1C, 0xE0, 0x1C, 0xE0, 0x1C, 0xE0, 0x3C, 0xE0,
    0x78, 0xFF, 0xF8, 0xFF, 0xF0, 0xFF, 0xE0, 0xE1, 0xE0, 0xE0, 0xF0, 0xE0, 0x70, 0xE0, 0x78, 0xE0,
    0x38, 0xE0, 0x3C, 0xE0, 0x1C, 0x0F, 0xC0, 0x3F, 0xF0, 0x7F, 0xF8, 0x70, 0x78, 0xF0, 0x3C, 0xE0,
    0x00, 0xF0, 0x00, 0xF8, 0x00, 0x7F, 0x00, 0x3F, 0xE0, 0x1F, 0xF0, 0x01, 0xF8, 0x00, 0x7C, 0x00,
    0x3C, 0xE0, 0x1C, 0xE0, 0x3C, 0xF0, 0x78, 0x7F, 0xF8, 0x3F, 0xF0, 0x0F, 0xC0, 0xFF, 0xFE, 0xFF,
    0xFE, 0xFF, 0xFE, 0x03, 0x80, 0x03, 0x80, 0x03, 0x80, 0x03, 0x80, 0x03, 0x80, 0x03, 0x80, 0x03,
    0x80, 0x03, 0x80, 0x03, 0x80, 0x03, 0x80, 0x03, 0x80, 0x03, 0x80, 0x03, 0x80, 0x03, 0x80, 0x03,
    0x80, 0x03, 0x80, 0x03, 0x80, 0xE0, 0x0E, 0xE0, 0x0E, 0xE0, 0x0E, 0xE0, 0x0E, 0xE0, 0x0E, 0xE0,
    0x0E, 0xE0, 0x0E, 0xE0, 0x0E, 0xE0, 0x0E, 0xE0, 0x0E, 0xE0, 0x0E, 0xE0, 0x0E, 0xE0, 0x0E, 0xE0,
    0x0E, 0xF0, 0x0E, 0x70, 0x1E, 0x78, 0x3C, 0x3F, 0xFC, 0x1F, 0xF8, 0x07, 0xE0, 0xF0, 0x07, 0x80,
    0xF0, 0x07, 0x80, 0xF0, 0x07, 0x00, 0x70, 0x0F, 0x00, 0x78, 0x0F, 0x00, 0x78, 0x0E, 0x00, 0x38,
    0x0E, 0x00, 0x3C, 0x1E, 0x00, 0x3C, 0x1C, 0x00, 0x1C, 0x1C, 0x00, 0x1E, 0x3C, 0x00, 0x0E, 0x38,
    0x00, 0x0E, 0x38, 0x00, 0x0F, 0x78, 0x00, 0x07, 0x70, 0x00, 0x07, 0x70, 0x00, 0x07, 0xF0, 0x00,
    0x03, 0xE0, 0x00, 0x03, 0xE0, 0x00, 0x03, 0xE0, 0x00, 0xE0, 0x3C, 0x07, 0x80, 0xF0, 0x3C, 0x07,
    0x80, 0xF0, 0x3E, 0x07, 0x00, 0x70, 0x3E, 0x0F, 0x00, 0x70, 0x7E, 0x0F, 0x00, 0x78, 0x7E, 0x0E,
    0x00, 0x78, 0x77, 0x0E, 0x00, 0x38, 0x77, 0x0E, 0x00, 0x38, 0xE7, 0x1E, 0x00, 0x38, 0xE7, 0x1C,
    0x00, 0x3C, 0xE3, 0x9C, 0x00, 0x1C, 0xE3, 0x9C, 0x00, 0x1C, 0xC3, 0xBC, 0x00, 0x1D, 0xC3, 0xB8,
    0x00, 0x1D, 0xC1, 0xB8, 0x00, 0x0F, 0xC1, 0xF8, 0x00, 0x0F, 0x81, 0xF8, 0x00, 0x0F, 0x81, 0xF0,
    0x00, 0x0F, 0x80, 0xF0, 0x00, 0x07, 0x80, 0xF0, 0x00, 0xF0, 0x0F, 0x78, 0x1E, 0x78, 0x1C, 0x3C,
    0x3C, 0x1E, 0x78, 0x1E, 0x78, 0x0F, 0xF0, 0x07, 0xE0, 0x07, 0xE0, 0x03, 0xC0, 0x03, 0xC0, 0x07,
    0xE0, 0x0F, 0xF0, 0x0E, 0x70, 0x1E, 0x78, 0x3C, 0x3C, 0x38, 0x3C, 0x78, 0x1E, 0xF0, 0x0F, 0xF0,
    0x0F, 0xF0, 0x07, 0x80, 0x78, 0x07, 0x00, 0x78, 0x0F, 0x00, 0x3C, 0x1E, 0x00, 0x1C, 0x1E, 0x00,
    0x1E, 0x3C, 0x00, 0x0E, 0x3C, 0x00, 0x0F, 0x78, 0x00, 0x07, 0x70, 0x00, 0x07, 0xF0, 0x00, 0x03,
    0xE0, 0x00, 0x01, 0xE0, 0x00, 0x01, 0xC0, 0x00, 0x01, 0xC0, 0x00, 0x01, 0xC0, 0x00, 0x01, 0xC0,
    0x00, 0x01, 0xC0, 0x00, 0x01, 0xC0, 0x00, 0x01, 0xC0, 0x00, 0x01, 0xC0, 0x00, 0xFF, 0xFC, 0xFF,
    0xFC, 0xFF, 0xFC, 0x00, 0x38, 0x00, 0x70, 0x00, 0xF0, 0x01, 0xE0, 0x01, 0xC0, 0x03, 0xC0, 0x07,
    0x80, 0x07, 0x80, 0x0F, 0x00, 0x0E, 0x00, 0x1E, 0x00, 0x3C, 0x00, 0x38, 0x00, 0x70, 0x00, 0xFF,
    0xFC, 0xFF, 0xFC, 0xFF, 0xFC, 0xFC, 0xFC, 0xFC, 0xE0, 0xE0, 0xE0, 0xE0, 0xE0, 0xE0, 0xE0, 0xE0,
    0xE0, 0xE0, 0xE0, 0xE0, 0xE0, 0xE0, 0xE0, 0xE0, 0xE0, 0xE0, 0xE0, 0xFC, 0xFC, 0xFC, 0xC0, 0xE0,
    0xE0, 0xE0, 0xE0, 0x70, 0x70, 0x70, 0x30, 0x38, 0x38, 0x38, 0x18, 0x1C, 0x1C, 0x1C, 0x0C, 0x0E,
    0x0E, 0x0E, 0x07, 0x07, 0x07, 0x07, 0x7C, 0xFC, 0xFC, 0x1C, 0x1C, 0x1C, 0x1C, 0x1C, 0x1C, 0x1C,
    0x1C, 0x1C, 0x1C, 0x1C, 0x1C, 0x1C, 0x1C, 0x1C, 0x1C, 0x1C, 0x1C, 0x1C, 0x7C, 0xFC, 0xFC, 0x0E,
    0x00, 0x1F, 0x00, 0x1F, 0x00, 0x3B, 0x80, 0x31, 0x80, 0x71, 0xC0, 0x60, 0xC0, 0xE0, 0xE0, 0xFF,
    0xF0, 0xFF, 0xF0, 0xFF, 0xF0, 0xE0, 0x70, 0x30, 0x38, 0x0F, 0x80, 0x3F, 0xE0, 0x7F, 0xF0, 0x70,
    0xF0, 0x00, 0x70, 0x00, 0x70, 0x07, 0xF0, 0x3F, 0xF0, 0x7C, 0x70, 0xF0, 0x70, 0xE0, 0x70, 0xF0,
    0xF0, 0xFF, 0xF0, 0x7F, 0x70, 0x3E, 0x70, 0xE0, 0x00, 0xE0, 0x00, 0xE0, 0x00, 0xE0, 0x00, 0xE0,
    0x00, 0xE7, 0xC0, 0xEF, 0xE0, 0xFF, 0xF0, 0xF8, 0x78, 0xF0, 0x78, 0xF0, 0x38, 0xE0, 0x38, 0xE0,
    0x38, 0xE0, 0x38, 0xF0, 0x38, 0xF0, 0x78, 0xF8, 0x78, 0xFF, 0xF0, 0xEF, 0xE0, 0xE7, 0xC0, 0x0F,
    0x80, 0x1F, 0xE0, 0x3F, 0xF0, 0x78, 0x78, 0x70, 0x78, 0xF0, 0x00, 0xE0, 0x00, 0xE0, 0x00, 0xE0,
    0x00, 0xF0, 0x00, 0x70, 0x38, 0x78, 0x78, 0x3F, 0xF0, 0x1F, 0xE0, 0x0F, 0x80, 0x00, 0x38, 0x00,
    0x38, 0x00, 0x38, 0x00, 0x38, 0x00, 0x38, 0x0F, 0x38, 0x3F, 0xB8, 0x7F, 0xF8, 0x78, 0x78, 0xF0,
    0x78, 0xF0, 0x38, 0xE0, 0x38, 0xE0, 0x38, 0xE0, 0x38, 0xF0, 0x38, 0xF0, 0x78, 0x78, 0x78, 0x7F,
    0xF8, 0x3F, 0xB8, 0x0F, 0x38, 0x0F, 0x80, 0x1F, 0xE0, 0x3F, 0xF0, 0x78, 0x70, 0x70, 0x78, 0xE0,
    0x38, 0xFF, 0xF8, 0xFF, 0xF8, 0xFF, 0xF8, 0xF0, 0x00, 0xF0, 0x00, 0x78, 0x78, 0x3F, 0xF0, 0x1F,
    0xF0, 0x0F, 0xC0, 0x03, 0xC0, 0x0F, 0xC0, 0x1F, 0xC0, 0x1E, 0x00, 0x1C, 0x00, 0x1C, 0x00, 0xFF,
    0xC0, 0xFF, 0xC0, 0x7F, 0x80, 0x1C, 0x00, 0x1C, 0x00, 0x1C, 0x00, 0x1C, 0x00, 0x1C, 0x00, 0x1C,
    0x00, 0x1C, 0x00, 0x1C, 0x00, 0x1C, 0x00, 0x1C, 0x00, 0x1C, 0x00, 0x1C, 0x00, 0x0F, 0x38, 0x3F,
    0xB8, 0x7F, 0xF8, 0x78, 0x78, 0xF0, 0x78, 0xF0, 0x38, 0xE0, 0x38, 0xE0, 0x38, 0xE0, 0x38, 0xF0,
    0x38, 0xF0, 0x78, 0x78, 0x78, 0x7F, 0xF8, 0x3F, 0xB8, 0x0F, 0x38, 0x00, 0x38, 0x00, 0x38, 0x70,
    0x78, 0x7F, 0xF0, 0x3F, 0xE0, 0x0F, 0xC0, 0xE0, 0x00, 0xE0, 0x00, 0xE0, 0x00, 0xE0, 0x00, 0xE0,
    0x00, 0xE3, 0xC0, 0xEF, 0xE0, 0xFF, 0xF0, 0xF0, 0xF0, 0xF0, 0x70, 0xE0, 0x70, 0xE0, 0x70, 0xE0,
    0x70, 0xE0, 0x70, 0xE0, 0x70, 0xE0, 0x70, 0xE0, 0x70, 0xE0, 0x70, 0xE0, 0x70, 0xE0, 0x70, 0x60,
    0xE0, 0xE0, 0x60, 0x00, 0x00, 0xE0, 0xE0, 0xE0, 0xE0, 0xE0, 0xE0, 0xE0, 0xE0, 0xE0, 0xE0, 0xE0,
    0xE0, 0xE0, 0xE0, 0xE0, 0x18, 0x38, 0x38, 0x18, 0x00, 0x38, 0x38, 0x38, 0x38, 0x38, 0x38, 0x38,
    0x38, 0x38, 0x38, 0x38, 0x38, 0x38, 0x38, 0x38, 0x38, 0x38, 0x38, 0xF8, 0xF0, 0xE0, 0xE0, 0x00,
    0xE0, 0x00, 0xE0, 0x00, 0xE0, 0x00, 0xE0, 0x00, 0xE0, 0xF0, 0xE1, 0xE0, 0xE1, 0xC0, 0xE3, 0xC0,
    0xE7, 0x80, 0xEF, 0x00, 0xFE, 0x00, 0xFF, 0x00, 0xFF, 0x00, 0xF7, 0x80, 0xE3, 0xC0, 0xE1, 0xE0,
    0xE1, 0xE0, 0xE0, 0xF0, 0xE0, 0x78, 0xE0, 0xE0, 0xE0, 0xE0, 0xE0, 0xE0, 0xE0, 0xE0, 0xE0, 0xE0,
    0xE0, 0xE0, 0xE0, 0xE0, 0xE0, 0xE0, 0xE0, 0xE0, 0xE0, 0xE0, 0xE7, 0x87, 0x80, 0xEF, 0xCF, 0xC0,
    0xFF, 0xFF, 0xE0, 0xF1, 0xF1, 0xE0, 0xF0, 0xF0, 0xE0, 0xE0, 0xE0, 0xE0, 0xE0, 0xE0, 0xE0, 0xE0,
    0xE0, 0xE0, 0xE0, 0xE0, 0xE0, 0xE0, 0xE0, 0xE0, 0xE0, 0xE0, 0xE0, 0xE0, 0xE0, 0xE0, 0xE0, 0xE0,
    0xE0, 0xE0, 0xE0, 0xE0, 0xE0, 0xE0, 0xE0, 0xE3, 0xC0, 0xEF, 0xE0, 0xFF, 0xF0, 0xF0, 0xF0, 0xF0,
    0x70, 0xE0, 0x70, 0xE0, 0x70, 0xE0, 0x70, 0xE0, 0x70, 0xE0, 0x70, 0xE0, 0x70, 0xE0, 0x70, 0xE0,
    0x70, 0xE0, 0x70, 0xE0, 0x70, 0x0F, 0x80, 0x3F, 0xE0, 0x3F, 0xF0, 0x78, 0x70, 0x70, 0x78, 0xF0,
    0x38, 0xE0, 0x38, 0xE0, 0x38, 0xE0, 0x38, 0xF0, 0x38, 0xF0, 0x78, 0x78, 0x70, 0x3F, 0xF0, 0x3F,
    0xE0, 0x0F, 0x80, 0xE3, 0xC0, 0xEF, 0xE0, 0xFF, 0xF0, 0xF8, 0x78, 0xF0, 0x78, 0xF0, 0x38, 0xE0,
    0x38, 0xE0, 0x38, 0xE0, 0x38, 0xF0, 0x38, 0xF0, 0x78, 0xF8, 0x78, 0xFF, 0xF0, 0xEF, 0xE0, 0xE7,
    0xC0, 0xE0, 0x00, 0xE0, 0x00, 0xE0, 0x00, 0xE0, 0x00, 0xE0, 0x00, 0xE0, 0x00, 0x0F, 0x38, 0x3F,
    0xB8, 0x7F, 0xF8, 0x78, 0x78, 0xF0, 0x78, 0xF0, 0x38, 0xE0, 0x38, 0xE0, 0x38, 0xE0, 0x38, 0xF0,
    0x38, 0xF0, 0x78, 0x78, 0x78, 0x7F, 0xF8, 0x3F, 0xB8, 0x0F, 0x38, 0x00, 0x38, 0x00, 0x38, 0x00,
    0x38, 0x00, 0x38, 0x00, 0x38, 0x00, 0x38, 0xE7, 0xEF, 0xFF, 0xF8, 0xF0, 0xE0, 0xE0, 0xE0, 0xE0,
    0xE0, 0xE0, 0xE0, 0xE0, 0xE0, 0xE0, 0x1F, 0x80, 0x7F, 0xC0, 0xFF, 0xE0, 0xF0, 0xF0, 0xE0, 0x00,
    0xF0, 0x00, 0x7E, 0x00, 0x3F, 0xC0, 0x07, 0xE0, 0x00, 0xF0, 0x60, 0x70, 0xF0, 0xF0, 0xFF, 0xE0,
    0x7F, 0xC0, 0x1F, 0x80, 0x38, 0x38, 0x38, 0x38, 0xFF, 0xFF, 0xFF, 0x38, 0x38, 0x38, 0x38, 0x38,
    0x38, 0x38, 0x38, 0x3C, 0x3F, 0x1F, 0x0F, 0xE0, 0x70, 0xE0, 0x70, 0xE0, 0x70, 0xE0, 0x70, 0xE0,
    0x70, 0xE0, 0x70, 0xE0, 0x70, 0xE0, 0x70, 0xE0, 0x70, 0xE0, 0x70, 0xF0, 0x70, 0xF0, 0xF0, 0x7F,
    0xF0, 0x7F, 0x70, 0x1E, 0x70, 0xE0, 0x3C, 0xF0, 0x38, 0xF0, 0x78, 0x70, 0x78, 0x70, 0x70, 0x78,
    0x70, 0x38, 0xE0, 0x38, 0xE0, 0x3C, 0xE0, 0x1D, 0xC0, 0x1D, 0xC0, 0x0F, 0xC0, 0x0F, 0x80, 0x0F,
    0x80, 0x07, 0x80, 0xE0, 0xF0, 0x70, 0xE0, 0xF0, 0xF0, 0xF0, 0xF0, 0xF0, 0x70, 0xF0, 0xE0, 0x71,
    0xF8, 0xE0, 0x71, 0xF9, 0xE0, 0x79, 0xB9, 0xC0, 0x39, 0x99, 0xC0, 0x3B, 0x99, 0xC0, 0x3B, 0x9D,
    0xC0, 0x1F, 0x1F, 0x80, 0x1F, 0x0F, 0x80, 0x1F, 0x0F, 0x80, 0x1F, 0x0F, 0x00, 0x0E, 0x07, 0x00,
    0xF0, 0x70, 0x70, 0xF0, 0x78, 0xE0, 0x39, 0xE0, 0x3D, 0xC0, 0x1F, 0x80, 0x0F, 0x80, 0x0F, 0x80,
    0x1F, 0x80, 0x1F, 0xC0, 0x3D, 0xC0, 0x39, 0xE0, 0x78, 0xE0, 0xF0, 0x70, 0xE0, 0x78, 0xE0, 0x3C,
    0xE0, 0x38, 0xF0, 0x38, 0x70, 0x78, 0x70, 0x70, 0x78, 0x70, 0x38, 0xE0, 0x38, 0xE0, 0x3C, 0xE0,
    0x1D, 0xC0, 0x1D, 0xC0, 0x0F, 0xC0, 0x0F, 0x80, 0x0F, 0x80, 0x07, 0x80, 0x07, 0x00, 0x07, 0x00,
    0x0F, 0x00, 0x7E, 0x00, 0x7C, 0x00, 0x78, 0x00, 0xFF, 0xE0, 0xFF, 0xE0, 0xFF, 0xE0, 0x01, 0xC0,
    0x03, 0x80, 0x07, 0x80, 0x0F, 0x00, 0x0E, 0x00, 0x1E, 0x00, 0x3C, 0x00, 0x38, 0x00, 0x78, 0x00,
    0xFF, 0xE0, 0xFF, 0xE0, 0xFF, 0xE0, 0x03, 0x00, 0x0F, 0x80, 0x1F, 0x80, 0x1E, 0x00, 0x1C, 0x00,
    0x1C, 0x00, 0x1C, 0x00, 0x1C, 0x00, 0x1C, 0x00, 0x3C, 0x00, 0x3C, 0x00, 0xF8, 0x00, 0xF0, 0x00,
    0xF8, 0x00, 0x3C, 0x00, 0x3C, 0x00, 0x1C, 0x00, 0x1C, 0x00, 0x1C, 0x00, 0x1C, 0x00, 0x1C, 0x00,
    0x1E, 0x00, 0x1F, 0x00, 0x0F, 0x80, 0x07, 0x00, 0xE0, 0xE0, 0xE0, 0xE0, 0xE0, 0xE0, 0xE0, 0xE0,
    0xE0, 0xE0, 0xE0, 0xE0, 0xE0, 0xE0, 0xE0, 0xE0, 0xE0, 0xE0, 0xE0, 0xE0, 0xE0, 0xE0, 0xE0, 0xE0,
    0xE0, 0xE0, 0xE0, 0xE0, 0xE0, 0xE0, 0xE0, 0xE0, 0xE0, 0xE0, 0x00, 0xF8, 0x00, 0xFC, 0x00, 0x3C,
    0x00, 0x1C, 0x00, 0x1C, 0x00, 0x1C, 0x00, 0x1C, 0x00, 0x1C, 0x00, 0x1E, 0x00, 0x1E, 0x00, 0x0F,
    0x80, 0x07, 0x80, 0x0F, 0x80, 0x1E, 0x00, 0x1E, 0x00, 0x1C, 0x00, 0x1C, 0x00, 0x1C, 0x00, 0x1C,
    0x00, 0x1C, 0x00, 0x3C, 0x00, 0xFC, 0x00, 0xF8, 0x00, 0xF0, 0x00, 0x18, 0x00, 0x7E, 0x1C, 0x7F,
    0x3C, 0xE3, 0xF8, 0xE1, 0xF8, 0x00, 0xF0, 0x60, 0xF0, 0xF0, 0x60, 0x00, 0x00, 0x00, 0x70, 0x70,
    0x70, 0x70, 0x70, 0x70, 0x70, 0x70, 0x70, 0x70, 0x70, 0x70, 0x70, 0x03, 0x00, 0x03, 0x00, 0x07,
    0x80, 0x1F, 0xE0, 0x3F, 0xF0, 0x7B, 0x78, 0x73, 0x38, 0xF3, 0x00, 0xF3, 0x00, 0xE3, 0x00, 0xE3,
    0x00, 0xF3, 0x00, 0xF3, 0x20, 0x73, 0x38, 0x7B, 0x78, 0x3F, 0xF0, 0x1F, 0xE0, 0x07, 0x80, 0x03,
    0x00, 0x03, 0x00, 0x03, 0xC0, 0x0F, 0xF0, 0x1F, 0xF8, 0x1C, 0x38, 0x3C, 0x3C, 0x38, 0x00, 0x38,
    0x00, 0x38, 0x00, 0x38, 0x00, 0xFF, 0xC0, 0xFF, 0xC0, 0xFF, 0xC0, 0x38, 0x00, 0x38, 0x00, 0x38,
    0x00, 0x38, 0x00, 0x70, 0x1C, 0xFF, 0xFC, 0xFF, 0xF8, 0xFF, 0xF0, 0x43, 0x84, 0xEF, 0xF6, 0xFF,
    0xFE, 0x78, 0x3C, 0x70, 0x1C, 0x60, 0x0E, 0xE0, 0x06, 0xC0, 0x06, 0xC0, 0x06, 0xC0, 0x06, 0xE0,
    0x06, 0xE0, 0x0E, 0x70, 0x1C, 0x78, 0x3C, 0xFF, 0xFE, 0xDF, 0xF6, 0x07, 0xC0, 0xF0, 0x38, 0xF0,
    0x78, 0x70, 0x70, 0x78, 0x70, 0x38, 0xF0, 0x38, 0xE0, 0x1D, 0xE0, 0x1D, 0xC0, 0x0F, 0xC0, 0x0F,
    0x80, 0x7F, 0xF0, 0x7F, 0xF0, 0x07, 0x80, 0x07, 0x80, 0x7F, 0xF0, 0x7F, 0xF0, 0x07, 0x00, 0x07,
    0x00, 0x07, 0x00, 0x07, 0x00, 0xE0, 0xE0, 0xE0, 0xE0, 0xE0, 0xE0, 0xE0, 0xE0, 0xE0, 0x00, 0x00,
    0x00, 0x00, 0x00, 0xE0, 0xE0, 0xE0, 0xE0, 0xE0, 0xE0, 0xE0, 0xE0, 0xE0, 0x1F, 0x80, 0x3F, 0xC0,
    0x7F, 0xE0, 0x70, 0xE0, 0x70, 0xE0, 0x70, 0x00, 0x78, 0x00, 0x3E, 0x00, 0x3F, 0x80, 0x67, 0xE0,
    0xE1, 0xE0, 0xE0, 0xF0, 0xE0, 0x70, 0x78, 0x70, 0x7E, 0x60, 0x1F, 0xC0, 0x07, 0xC0, 0x01, 0xE0,
    0x00, 0xE0, 0x70, 0xE0, 0x70, 0xE0, 0x7F, 0xE0, 0x3F, 0xC0, 0x1F, 0x80, 0x63, 0x00, 0xE3, 0x80,
    0xE3, 0x80, 0x63, 0x00, 0x01, 0xF8, 0x00, 0x07, 0xFE, 0x00, 0x1F, 0xFF, 0x80, 0x3E, 0x07, 0xC0,
    0x38, 0xE3, 0xC0, 0x71, 0xF9, 0xE0, 0x73, 0xFC, 0xE0, 0xE7, 0x1C, 0xF0, 0xE6, 0x0E, 0xF0, 0xE6,
    0x00, 0x70, 0xE6, 0x00, 0x70, 0xE6, 0x0C, 0xF0, 0xE7, 0x1C, 0xF0, 0x73, 0xFC, 0xE0, 0x71, 0xF9,
    0xE0, 0x38, 0xE3, 0xC0, 0x3E, 0x07, 0xC0, 0x1F, 0xFF, 0x80, 0x07, 0xFE, 0x00, 0x01, 0xF8, 0x00,
    0x1E, 0x00, 0x7F, 0x80, 0x73, 0xC0, 0x01, 0xC0, 0x07, 0xC0, 0x7F, 0xC0, 0xF1, 0xC0, 0xE1, 0xC0,
    0xE3, 0xC0, 0xFF, 0xC0, 0x3D, 0xC0, 0x07, 0x1C, 0x0F, 0x38, 0x1E, 0x78, 0x1C, 0xF0, 0x39, 0xE0,
    0x79, 0xC0, 0xF3, 0xC0, 0x79, 0xC0, 0x39, 0xE0, 0x1C, 0xF0, 0x1E, 0x78, 0x0F, 0x38, 0x07, 0x1C,
    0x7F, 0xF0, 0xFF, 0xF0, 0xFF, 0xF0, 0x00, 0x70, 0x00, 0x70, 0x00, 0x70, 0x00, 0x70, 0x07, 0xC0,
    0x1F, 0xF0, 0x38, 0x38, 0x70, 0x1C, 0x67, 0x8C, 0xC6, 0xC6, 0xC6, 0xC6, 0xC7, 0x86, 0xC6, 0x86,
    0xC6, 0xC6, 0x66, 0xCC, 0x70, 0x1C, 0x38, 0x38, 0x1F, 0xF0, 0x07, 0xC0, 0xFE, 0xFE, 0xFE, 0x1C,
    0x00, 0x3E, 0x00, 0x7F, 0x00, 0xE3, 0x80, 0xC1, 0x80, 0xC1, 0x80, 0xE3, 0x80, 0x7F, 0x00, 0x7F,
    0x00, 0x1C, 0x00, 0x07, 0x00, 0x07, 0x00, 0x07, 0x00, 0xFF, 0xF8, 0xFF, 0xF8, 0xFF, 0xF8, 0x07,
    0x00, 0x07, 0x00, 0x07, 0x00, 0x07, 0x00, 0x00, 0x00, 0xFF, 0xF8, 0xFF, 0xF8, 0xFF, 0xF8, 0x3E,
    0x00, 0x7F, 0x00, 0xE7, 0x80, 0x03, 0x80, 0x03, 0x80, 0x07, 0x00, 0x1E, 0x00, 0x3C, 0x00, 0x70,
    0x00, 0xFF, 0x80, 0xFF, 0x80, 0x3E, 0x00, 0xFF, 0x00, 0xE3, 0x80, 0x03, 0x80, 0x1E, 0x00, 0x1F,
    0x00, 0x07, 0x00, 0x03, 0x80, 0xE7, 0x80, 0xFF, 0x00, 0x3E, 0x00, 0x38, 0x70, 0x70, 0xE0, 0xE0,
    0x70, 0xE0, 0x70, 0xE0, 0x70, 0xE0, 0x70, 0xE0, 0x70, 0xE0, 0x70, 0xE0, 0x70, 0xE0, 0x70, 0xE0,
    0x70, 0xE0, 0x70, 0xF0, 0x70, 0xF0, 0xF0, 0xFF, 0xFC, 0xFF, 0xBC, 0xE7, 0x1C, 0xE0, 0x00, 0xE0,
    0x00, 0xE0, 0x00, 0xE0, 0x00, 0xE0, 0x00, 0xE0, 0x00, 0x0F, 0xF8, 0x3F, 0xF8, 0x7F, 0xF8, 0x7E,
    0x38, 0xFE, 0x38, 0xFE, 0x38, 0xFE, 0x38, 0xFE, 0x38, 0xFE, 0x38, 0x7E, 0x38, 0x7E, 0x38, 0x3E,
    0x38, 0x06, 0x38, 0x00, 0x38, 0x00, 0x38, 0x00, 0x38, 0x00, 0x38, 0x00, 0x38, 0x00, 0x38, 0x00,
    0x38, 0x60, 0xF0, 0xF0, 0x60, 0x60, 0x60, 0x78, 0x18, 0x78, 0xF0, 0x3C, 0xFC, 0xFC, 0x9C, 0x1C,
    0x1C, 0x1C, 0x1C, 0x1C, 0x1C, 0x1C, 0x1F, 0x00, 0x3F, 0x80, 0x71, 0xC0, 0xE0, 0xE0, 0xE0, 0xE0,
    0xE0, 0xE0, 0xE0, 0xE0, 0xE0, 0xE0, 0x71, 0xC0, 0x3F, 0x80, 0x1F, 0x00, 0xF3, 0xC0, 0x79, 0xC0,
    0x38, 0xE0, 0x1C, 0xF0, 0x1E, 0x78, 0x0F, 0x3C, 0x07, 0x3C, 0x0F, 0x3C, 0x1E, 0x78, 0x1C, 0xF0,
    0x38, 0xE0, 0x79, 0xC0, 0xF3, 0xC0, 0x38, 0x01, 0x80, 0x78, 0x03, 0x80, 0xD8, 0x03, 0x00, 0x18,
    0x06, 0x00, 0x18, 0x0E, 0x00, 0x18, 0x0C, 0x00, 0x18, 0x18, 0x00, 0x18, 0x38, 0x00, 0x18, 0x30,
    0x00, 0x18, 0x60, 0xE0, 0x18, 0xE1, 0xE0, 0x01, 0xC1, 0xE0, 0x01, 0x83, 0xE0, 0x03, 0x87, 0x60,
    0x07, 0x06, 0x60, 0x06, 0x0E, 0x60, 0x0C, 0x0F, 0xF0, 0x1C, 0x0F, 0xF0, 0x18, 0x00, 0x60, 0x10,
    0x00, 0x60, 0x38, 0x01, 0x80, 0x78, 0x01, 0x80, 0xF8, 0x03, 0x00, 0x18, 0x07, 0x00, 0x18, 0x06,
    0x00, 0x18, 0x0C, 0x00, 0x18, 0x1C, 0x00, 0x18, 0x38, 0x00, 0x18, 0x30, 0x00, 0x18, 0x70, 0xE0,
    0x18, 0xE1, 0xF0, 0x00, 0xC3, 0xB8, 0x01, 0xC0, 0x18, 0x03, 0x80, 0x38, 0x03, 0x00, 0x30, 0x06,
    0x00, 0x60, 0x0E, 0x00, 0xC0, 0x0C, 0x01, 0xC0, 0x18, 0x03, 0xF8, 0x38, 0x03, 0xF8, 0x7C, 0x00,
    0xC0, 0xFE, 0x01, 0xC0, 0xC6, 0x01, 0x80, 0x06, 0x03, 0x00, 0x3C, 0x07, 0x00, 0x3E, 0x06, 0x00,
    0x07, 0x0C, 0x00, 0x07, 0x1C, 0x00, 0xC7, 0x38, 0x00, 0xFE, 0x30, 0x70, 0x7C, 0x70, 0xF0, 0x00,
    0xE0, 0xF0, 0x00, 0xC1, 0xF0, 0x01, 0xC1, 0xB0, 0x03, 0x83, 0x30, 0x03, 0x07, 0x30, 0x07, 0x07,
    0xF8, 0x0E, 0x07, 0xF8, 0x0C, 0x00, 0x30, 0x08, 0x00, 0x30, 0x06, 0x00, 0x0F, 0x00, 0x0F, 0x00,
    0x06, 0x00, 0x00, 0x00, 0x00, 0x00, 0x07, 0x00, 0x07, 0x00, 0x0F, 0x00, 0x0F, 0x00, 0x1E, 0x00,
    0x7C, 0x00, 0x78, 0x00, 0xF0, 0x00, 0xF0, 0x00, 0xE0, 0x70, 0xF0, 0xF0, 0xF0, 0xF0, 0x7F, 0xE0,
    0x3F, 0xC0, 0x1F, 0x80, 0x03, 0x80, 0x00, 0x03, 0x80, 0x00, 0x01, 0xC0, 0x00, 0x01, 0xC0, 0x00,
    0x00, 0x00, 0x00, 0x00, 0x00, 0x00, 0x01, 0xE0, 0x00, 0x03, 0xF0, 0x00, 0x03, 0xF0, 0x00, 0x03,
    0xF0, 0x00, 0x07, 0x78, 0x00, 0x07, 0x38, 0x00, 0x07, 0x38, 0x00, 0x0F, 0x3C, 0x00, 0x0E, 0x3C,
    0x00, 0x0E, 0x1C, 0x00, 0x1E, 0x1E, 0x00, 0x1E, 0x1E, 0x00, 0x1F, 0xFE, 0x00, 0x3F, 0xFF, 0x00,
    0x3F, 0xFF, 0x00, 0x38, 0x07, 0x00, 0x78, 0x07, 0x80, 0x78, 0x07, 0x80, 0x70, 0x03, 0x80, 0xF0,
    0x03, 0xC0, 0x00, 0x70, 0x00, 0x00, 0x70, 0x00, 0x00, 0xE0, 0x00, 0x00, 0xC0, 0x00, 0x00, 0x00,
    0x00, 0x00, 0x00, 0x00, 0x01, 0xE0, 0x00, 0x03, 0xF0, 0x00, 0x03, 0xF0, 0x00, 0x03, 0xF0, 0x00,
    0x07, 0x78, 0x00, 0x07, 0x38, 0x00, 0x07, 0x38, 0x00, 0x0F, 0x3C, 0x00, 0x0E, 0x3C, 0x00, 0x0E,
    0x1C, 0x00, 0x1E, 0x1E, 0x00, 0x1E, 0x1E, 0x00, 0x1F, 0xFE, 0x00, 0x3F, 0xFF, 0x00, 0x3F, 0xFF,
    0x00, 0x38, 0x07, 0x00, 0x78, 0x07, 0x80, 0x78, 0x07, 0x80, 0x70, 0x03, 0x80, 0xF0, 0x03, 0xC0,
    0x00, 0xC0, 0x00, 0x01, 0xE0, 0x00, 0x03, 0x70, 0x00, 0x07, 0x38, 0x00, 0x00, 0x00, 0x00, 0x00,
    0x00, 0x00, 0x01, 0xE0, 0x00, 0x03, 0xF0, 0x00, 0x03, 0xF0, 0x00, 0x03, 0xF0, 0x00, 0x07, 0x78,
    0x00, 0x07, 0x38, 0x00, 0x07, 0x38, 0x00, 0x0F, 0x3C, 0x00, 0x0E, 0x3C, 0x00, 0x0E, 0x1C, 0x00,
    0x1E, 0x1E, 0x00, 0x1E, 0x1E, 0x00, 0x1F, 0xFE, 0x00, 0x3F, 0xFF, 0x00, 0x3F, 0xFF, 0x00, 0x38,
    0x07, 0x00, 0x78, 0x07, 0x80, 0x78, 0x07, 0x80, 0x70, 0x03, 0x80, 0xF0, 0x03, 0xC0, 0x03, 0x98,
    0x00, 0x07, 0xF8, 0x00, 0x06, 0x70, 0x00, 0x00, 0x00, 0x00, 0x00, 0x00, 0x00, 0x01, 0xE0, 0x00,
    0x03, 0xF0, 0x00, 0x03, 0xF0, 0x00, 0x03, 0xF0, 0x00, 0x07, 0x78, 0x00, 0x07, 0x38, 0x00, 0x07,
    0x38, 0x00, 0x0F, 0x3C, 0x00, 0x0E, 0x3C, 0x00, 0x0E, 0x1C, 0x00, 0x1E, 0x1E, 0x00, 0x1E, 0x1E,
    0x00, 0x1F, 0xFE, 0x00, 0x3F, 0xFF, 0x00, 0x3F, 0xFF, 0x00, 0x38, 0x07, 0x00, 0x78, 0x07, 0x80,
    0x78, 0x07, 0x80, 0x70, 0x03, 0x80, 0xF0, 0x03, 0xC0, 0x06, 0x18, 0x00, 0x07, 0x38, 0x00, 0x07,
    0x38, 0x00, 0x06, 0x18, 0x00, 0x00, 0x00, 0x00, 0x00, 0x00, 0x00, 0x01, 0xE0, 0x00, 0x03, 0xF0,
    0x00, 0x03, 0xF0, 0x00, 0x03, 0xF0, 0x00, 0x07, 0x78, 0x00, 0x07, 0x38, 0x00, 0x07, 0x38, 0x00,
    0x0F, 0x3C, 0x00, 0x0E, 0x3C, 0x00, 0x0E, 0x1C, 0x00, 0x1E, 0x1E, 0x00, 0x1E, 0x1E, 0x00, 0x1F,
    0xFE, 0x00, 0x3F, 0xFF, 0x00, 0x3F, 0xFF, 0x00, 0x38, 0x07, 0x00, 0x78, 0x07, 0x80, 0x78, 0x07,
    0x80, 0x70, 0x03, 0x80, 0xF0, 0x03, 0xC0, 0x01, 0xC0, 0x00, 0x03, 0xE0, 0x00, 0x06, 0x30, 0x00,
    0x06, 0x30, 0x00, 0x06, 0x30, 0x00, 0x03, 0xE0, 0x00, 0x01, 0xC0, 0x00, 0x00, 0x00, 0x00, 0x03,
    0xE0, 0x00, 0x03, 0xE0, 0x00, 0x03, 0xF0, 0x00, 0x07, 0xF0, 0x00, 0x07, 0x70, 0x00, 0x07, 0x78,
    0x00, 0x0F, 0x38, 0x00, 0x0E, 0x38, 0x00, 0x0E, 0x3C, 0x00, 0x1E, 0x3C, 0x00, 0x1E, 0x1C, 0x00,
    0x1C, 0x1E, 0x00, 0x3F, 0xFE, 0x00, 0x3F, 0xFF, 0x00, 0x3F, 0xFF, 0x00, 0x38, 0x07, 0x00, 0x78,
    0x07, 0x80, 0x78, 0x07, 0x80, 0x70, 0x03, 0x80, 0xF0, 0x03, 0xC0, 0x00, 0xFF, 0xFF, 0x00, 0xFF,
    0xFF, 0x01, 0xEF, 0xFF, 0x01, 0xCE, 0x00, 0x01, 0xCE, 0x00, 0x03, 0xCE, 0x00, 0x03, 0x8E, 0x00,
    0x07, 0x8E, 0x00, 0x07, 0x0E, 0x00, 0x07, 0x0F, 0xFF, 0x0F, 0x0F, 0xFF, 0x0E, 0x0F, 0xFE, 0x1F,
    0xFE, 0x00, 0x1F, 0xFE, 0x00, 0x3F, 0xFE, 0x00, 0x3C, 0x0E, 0x00, 0x38, 0x0E, 0x00, 0x78, 0x0F,
    0xFF, 0x70, 0x0F, 0xFF, 0xF0, 0x0F, 0xFF, 0x03, 0xF0, 0x00, 0x0F, 0xFC, 0x00, 0x1F, 0xFE, 0x00,
    0x3C, 0x1F, 0x00, 0x78, 0x0F, 0x00, 0x70, 0x07, 0x80, 0xF0, 0x03, 0x00, 0xF0, 0x00, 0x00, 0xE0,
    0x00, 0x00, 0xE0, 0x00, 0x00, 0xE0, 0x00, 0x00, 0xE0, 0x00, 0x00, 0xF0, 0x00, 0x00, 0xF0, 0x03,
    0x00, 0x70, 0x07, 0x80, 0x78, 0x0F, 0x00, 0x3C, 0x1F, 0x00, 0x1F, 0xFE, 0x00, 0x0F, 0xFC, 0x00,
    0x03, 0xF0, 0x00, 0x00, 0x80, 0x00, 0x00, 0xE0, 0x00, 0x00, 0x30, 0x00, 0x00, 0x30, 0x00, 0x01,
    0xF0, 0x00, 0x00, 0x80, 0x00, 0x1C, 0x00, 0x1C, 0x00, 0x0E, 0x00, 0x06, 0x00, 0x00, 0x00, 0x00,
    0x00, 0xFF, 0xF8, 0xFF, 0xF8, 0xFF, 0xF0, 0xE0, 0x00, 0xE0, 0x00, 0xE0, 0x00, 0xE0, 0x00, 0xE0,
    0x00, 0xE0, 0x00, 0xFF, 0xF0, 0xFF, 0xF0, 0xFF, 0xE0, 0xE0, 0x00, 0xE0, 0x00, 0xE0, 0x00, 0xE0,
    0x00, 0xE0, 0x00, 0xFF, 0xF0, 0xFF, 0xF8, 0xFF, 0xF8, 0x03, 0x80, 0x03, 0x80, 0x03, 0x00, 0x07,
    0x00, 0x00, 0x00, 0x00, 0x00, 0xFF, 0xF8, 0xFF, 0xF8, 0xFF, 0xF0, 0xE0, 0x00, 0xE0, 0x00, 0xE0,
    0x00, 0xE0, 0x00, 0xE0, 0x00, 0xE0, 0x00, 0xFF, 0xF0, 0xFF, 0xF0, 0xFF, 0xE0, 0xE0, 0x00, 0xE0,
    0x00, 0xE0, 0x00, 0xE0, 0x00, 0xE0, 0x00, 0xFF, 0xF0, 0xFF, 0xF8, 0xFF, 0xF8, 0x06, 0x00, 0x0F,
    0x00, 0x1D, 0x80, 0x39, 0xC0, 0x00, 0x00, 0x00, 0x00, 0xFF, 0xF8, 0xFF, 0xF8, 0xFF, 0xF0, 0xE0,
    0x00, 0xE0, 0x00, 0xE0, 0x00, 0xE0, 0x00, 0xE0, 0x00, 0xE0, 0x00, 0xFF, 0xF0, 0xFF, 0xF0, 0xFF,
    0xE0, 0xE0, 0x00, 0xE0, 0x00, 0xE0, 0x00, 0xE0, 0x00, 0xE0, 0x00, 0xFF, 0xF0, 0xFF, 0xF8, 0xFF,
    0xF8, 0x30, 0xC0, 0x39, 0xC0, 0x39, 0xC0, 0x30, 0xC0, 0x00, 0x00, 0x00, 0x00, 0xFF, 0xF8, 0xFF,
    0xF8, 0xFF, 0xF0, 0xE0, 0x00, 0xE0, 0x00, 0xE0, 0x00, 0xE0, 0x00, 0xE0, 0x00, 0xE0, 0x00, 0xFF,
    0xF0, 0xFF, 0xF0, 0xFF, 0xE0, 0xE0, 0x00, 0xE0, 0x00, 0xE0, 0x00, 0xE0, 0x00, 0xE0, 0x00, 0xFF,
    0xF0, 0xFF, 0xF8, 0xFF, 0xF8, 0xE0, 0x70, 0x30, 0x38, 0x00, 0x00, 0x38, 0x38, 0x38, 0x38, 0x38,
    0x38, 0x38, 0x38, 0x38, 0x38, 0x38, 0x38, 0x38, 0x38, 0x38, 0x38, 0x38, 0x38, 0x38, 0x38, 0x38,
    0x30, 0x70, 0x60, 0x00, 0x00, 0xE0, 0xE0, 0xE0, 0xE0, 0xE0, 0xE0, 0xE0, 0xE0, 0xE0, 0xE0, 0xE0,
    0xE0, 0xE0, 0xE0, 0xE0, 0xE0, 0xE0, 0xE0, 0xE0, 0xE0, 0x0C, 0x00, 0x3E, 0x00, 0x77, 0x00, 0xE3,
    0x80, 0x00, 0x00, 0x00, 0x00, 0x1C, 0x00, 0x1C, 0x00, 0x1C, 0x00, 0x1C, 0x00, 0x1C, 0x00, 0x1C,
    0x00, 0x1C, 0x00, 0x1C, 0x00, 0x1C, 0x00, 0x1C, 0x00, 0x1C, 0x00, 0x1C, 0x00, 0x1C, 0x00, 0x1C,
    0x00, 0x1C, 0x00, 0x1C, 0x00, 0x1C, 0x00, 0x1C, 0x00, 0x1C, 0x00, 0x1C, 0x00, 0x63, 0x00, 0xE3,
    0x80, 0xE3, 0x80, 0x63, 0x00, 0x00, 0x00, 0x00, 0x00, 0x1C, 0x00, 0x1C, 0x00, 0x1C, 0x00, 0x1C,
    0x00, 0x1C, 0x00, 0x1C, 0x00, 0x1C, 0x00, 0x1C, 0x00, 0x1C, 0x00, 0x1C, 0x00, 0x1C, 0x00, 0x1C,
    0x00, 0x1C, 0x00, 0x1C, 0x00, 0x1C, 0x00, 0x1C, 0x00, 0x1C, 0x00, 0x1C, 0x00, 0x1C, 0x00, 0x1C,
    0x00, 0x1F, 0xF8, 0x00, 0x1F, 0xFE, 0x00, 0x1F, 0xFF, 0x00, 0x1C, 0x0F, 0x80, 0x1C, 0x07, 0x80,
    0x1C, 0x03, 0xC0, 0x1C, 0x03, 0xC0, 0x1C, 0x01, 0xC0, 0x1C, 0x01, 0xC0, 0xFF, 0xE1, 0xC0, 0xFF,
    0xE1, 0xC0, 0x7F, 0xC1, 0xC0, 0x1C, 0x01, 0xC0, 0x1C, 0x03, 0xC0, 0x1C, 0x03, 0xC0, 0x1C, 0x07,
    0x80, 0x1C, 0x0F, 0x80, 0x1F, 0xFF, 0x00, 0x1F, 0xFE, 0x00, 0x1F, 0xF8, 0x00, 0x07, 0x30, 0x0F,
    0xF0, 0x0C, 0xE0, 0x00, 0x00, 0x00, 0x00, 0xF0, 0x07, 0xF8, 0x07, 0xF8, 0x07, 0xFC, 0x07, 0xFE,
    0x07, 0xEE, 0x07, 0xEF, 0x07, 0xE7, 0x07, 0xE7, 0x87, 0xE3, 0x87, 0xE1, 0xC7, 0xE1, 0xE7, 0xE0,
    0xE7, 0xE0, 0xF7, 0xE0, 0x7F, 0xE0, 0x3F, 0xE0, 0x3F, 0xE0, 0x1F, 0xE0, 0x1F, 0xE0, 0x0F, 0x07,
    0x00, 0x00, 0x03, 0x80, 0x00, 0x01, 0x80, 0x00, 0x01, 0xC0, 0x00, 0x00, 0x00, 0x00, 0x00, 0x00,
    0x00, 0x03, 0xF0, 0x00, 0x0F, 0xFC, 0x00, 0x1F, 0xFE, 0x00, 0x3C, 0x1F, 0x00, 0x78, 0x0F, 0x00,
    0x70, 0x07, 0x80, 0xF0, 0x07, 0x80, 0xF0, 0x03, 0x80, 0xE0, 0x03, 0x80, 0xE0, 0x03, 0x80, 0xE0,
    0x03, 0x80, 0xE0, 0x03, 0x80, 0xF0, 0x03, 0x80, 0xF0, 0x07, 0x80, 0x70, 0x07, 0x80, 0x78, 0x0F,
    0x00, 0x3C, 0x1F, 0x00, 0x1F, 0xFE, 0x00, 0x0F, 0xFC, 0x00, 0x03, 0xF0, 0x00, 0x00, 0x70, 0x00,
    0x00, 0x60, 0x00, 0x00, 0xE0, 0x00, 0x00, 0xC0, 0x00, 0x00, 0x00, 0x00, 0x00, 0x00, 0x00, 0x03,
    0xF0, 0x00, 0x0F, 0xFC, 0x00, 0x1F, 0xFE, 0x00, 0x3C, 0x1F, 0x00, 0x78, 0x0F, 0x00, 0x70, 0x07,
    0x80, 0xF0, 0x07, 0x80, 0xF0, 0x03, 0x80, 0xE0, 0x03, 0x80, 0xE0, 0x03, 0x80, 0xE0, 0x03, 0x80,
    0xE0, 0x03, 0x80, 0xF0, 0x03, 0x80, 0xF0, 0x07, 0x80, 0x70, 0x07, 0x80, 0x78, 0x0F, 0x00, 0x3C,
    0x1F, 0x00, 0x1F, 0xFE, 0x00, 0x0F, 0xFC, 0x00, 0x03, 0xF0, 0x00, 0x01, 0xC0, 0x00, 0x03, 0xE0,
    0x00, 0x07, 0x70, 0x00, 0x0E, 0x38, 0x00, 0x00, 0x00, 0x00, 0x00, 0x00, 0x00, 0x03, 0xF0, 0x00,
    0x0F, 0xFC, 0x00, 0x1F, 0xFE, 0x00, 0x3C, 0x1F, 0x00, 0x78, 0x0F, 0x00, 0x70, 0x07, 0x80, 0xF0,
    0x07, 0x80, 0xF0, 0x03, 0x80, 0xE0, 0x03, 0x80, 0xE0, 0x03, 0x80, 0xE0, 0x03, 0x80, 0xE0, 0x03,
    0x80, 0xF0, 0x03, 0x80, 0xF0, 0x07, 0x80, 0x70, 0x07, 0x80, 0x78, 0x0F, 0x00, 0x3C, 0x1F, 0x00,
    0x1F, 0xFE, 0x00, 0x0F, 0xFC, 0x00, 0x03, 0xF0, 0x00, 0x07, 0x98, 0x00, 0x07, 0xF8, 0x00, 0x06,
    0x70, 0x00, 0x00, 0x00, 0x00, 0x00, 0x00, 0x00, 0x03, 0xF0, 0x00, 0x0F, 0xFC, 0x00, 0x1F, 0xFE,
    0x00, 0x3C, 0x1F, 0x00, 0x78, 0x0F, 0x00, 0x70, 0x07, 0x80, 0xF0, 0x07, 0x80, 0xF0, 0x03, 0x80,
    0xE0, 0x03, 0x80, 0xE0, 0x03, 0x80, 0xE0, 0x03, 0x80, 0xE0, 0x03, 0x80, 0xF0, 0x03, 0x80, 0xF0,
    0x07, 0x80, 0x70, 0x07, 0x80, 0x78, 0x0F, 0x00, 0x3C, 0x1F, 0x00, 0x1F, 0xFE, 0x00, 0x0F, 0xFC,
    0x00, 0x03, 0xF0, 0x00, 0x06, 0x30, 0x00, 0x0E, 0x38, 0x00, 0x0E, 0x38, 0x00, 0x06, 0x30, 0x00,
    0x00, 0x00, 0x00, 0x00, 0x00, 0x00, 0x03, 0xF0, 0x00, 0x0F, 0xFC, 0x00, 0x1F, 0xFE, 0x00, 0x3C,
    0x1F, 0x00, 0x78, 0x0F, 0x00, 0x70, 0x07, 0x80, 0xF0, 0x07, 0x80, 0xF0, 0x03, 0x80, 0xE0, 0x03,
    0x80, 0xE0, 0x03, 0x80, 0xE0, 0x03, 0x80, 0xE0, 0x03, 0x80, 0xF0, 0x03, 0x80, 0xF0, 0x07, 0x80,
    0x70, 0x07, 0x80, 0x78, 0x0F, 0x00, 0x3C, 0x1F, 0x00, 0x1F, 0xFE, 0x00, 0x0F, 0xFC, 0x00, 0x03,
    0xF0, 0x00, 0xC0, 0x60, 0xE0, 0xF0, 0xF1, 0xE0, 0x7B, 0xC0, 0x3F, 0x80, 0x1F, 0x00, 0x1F, 0x00,
    0x3F, 0x80, 0x7F, 0xC0, 0x79, 0xE0, 0xF0, 0xF0, 0xE0, 0x60, 0x40, 0x20, 0x03, 0xF3, 0x00, 0x0F,
    0xFF, 0x00, 0x1F, 0xFE, 0x00, 0x3C, 0x1F, 0x00, 0x78, 0x1F, 0x00, 0x70, 0x3F, 0x80, 0xF0, 0x37,
    0x80, 0xF0, 0x73, 0x80, 0xE0, 0xE3, 0x80, 0xE0, 0xC3, 0x80, 0xE1, 0xC3, 0x80, 0xE3, 0x83, 0x80,
    0xF3, 0x03, 0x80, 0xF7, 0x07, 0x80, 0x7E, 0x07, 0x80, 0x7C, 0x0F, 0x00, 0x3C, 0x1F, 0x00, 0x3F,
    0xFE, 0x00, 0x3F, 0xFC, 0x00, 0x73, 0xF0, 0x00, 0x0E, 0x00, 0x07, 0x00, 0x03, 0x00, 0x03, 0x80,
    0x00, 0x00, 0x00, 0x00, 0xE0, 0x0E, 0xE0, 0x0E, 0xE0, 0x0E, 0xE0, 0x0E, 0xE0, 0x0E, 0xE0, 0x0E,
    0xE0, 0x0E, 0xE0, 0x0E, 0xE0, 0x0E, 0xE0, 0x0E, 0xE0, 0x0E, 0xE0, 0x0E, 0xE0, 0x0E, 0xE0, 0x0E,
    0xF0, 0x0E, 0x70, 0x1E, 0x78, 0x3C, 0x3F, 0xFC, 0x1F, 0xF8, 0x07, 0xE0, 0x00, 0xE0, 0x00, 0xC0,
    0x01, 0xC0, 0x01, 0x80, 0x00, 0x00, 0x00, 0x00, 0xE0, 0x0E, 0xE0, 0x0E, 0xE0, 0x0E, 0xE0, 0x0E,
    0xE0, 0x0E, 0xE0, 0x0E, 0xE0, 0x0E, 0xE0, 0x0E, 0xE0, 0x0E, 0xE0, 0x0E, 0xE0, 0x0E, 0xE0, 0x0E,
    0xE0, 0x0E, 0xE0, 0x0E, 0xF0, 0x0E, 0x70, 0x1E, 0x78, 0x3C, 0x3F, 0xFC, 0x1F, 0xF8, 0x07, 0xE0,
    0x03, 0x80, 0x07, 0xC0, 0x0E, 0xE0, 0x1C, 0x70, 0x00, 0x00, 0x00, 0x00, 0xE0, 0x0E, 0xE0, 0x0E,
    0xE0, 0x0E, 0xE0, 0x0E, 0xE0, 0x0E, 0xE0, 0x0E, 0xE0, 0x0E, 0xE0, 0x0E, 0xE0, 0x0E, 0xE0, 0x0E,
    0xE0, 0x0E, 0xE0, 0x0E, 0xE0, 0x0E, 0xE0, 0x0E, 0xF0, 0x0E, 0x70, 0x1E, 0x78, 0x3C, 0x3F, 0xFC,
    0x1F, 0xF8, 0x07, 0xE0, 0x0C, 0x60, 0x1C, 0x70, 0x1C, 0x70, 0x0C, 0x60, 0x00, 0x00, 0x00, 0x00,
    0xE0, 0x0E, 0xE0, 0x0E, 0xE0, 0x0E, 0xE0, 0x0E, 0xE0, 0x0E, 0xE0, 0x0E, 0xE0, 0x0E, 0xE0, 0x0E,
    0xE0, 0x0E, 0xE0, 0x0E, 0xE0, 0x0E, 0xE0, 0x0E, 0xE0, 0x0E, 0xE0, 0x0E, 0xF0, 0x0E, 0x70, 0x1E,
    0x78, 0x3C, 0x3F, 0xFC, 0x1F, 0xF8, 0x07, 0xE0, 0x00, 0x70, 0x00, 0x00, 0xE0, 0x00, 0x00, 0xE0,
    0x00, 0x00, 0xC0, 0x00, 0x00, 0x00, 0x00, 0x00, 0x00, 0x00, 0xF0, 0x07, 0x80, 0x78, 0x07, 0x00,
    0x78, 0x0F, 0x00, 0x3C, 0x1E, 0x00, 0x1C, 0x1E, 0x00, 0x1E, 0x3C, 0x00, 0x0E, 0x3C, 0x00, 0x0F,
    0x78, 0x00, 0x07, 0x70, 0x00, 0x07, 0xF0, 0x00, 0x03, 0xE0, 0x00, 0x01, 0xE0, 0x00, 0x01, 0xC0,
    0x00, 0x01, 0xC0, 0x00, 0x01, 0xC0, 0x00, 0x01, 0xC0, 0x00, 0x01, 0xC0, 0x00, 0x01, 0xC0, 0x00,
    0x01, 0xC0, 0x00, 0x01, 0xC0, 0x00, 0xE0, 0x00, 0xE0, 0x00, 0xE0, 0x00, 0xE0, 0x00, 0xFF, 0x80,
    0xFF, 0xE0, 0xFF, 0xF0, 0xE0, 0x78, 0xE0, 0x38, 0xE0, 0x38, 0xE0, 0x38, 0xE0, 0x38, 0xE0, 0x78,
    0xFF, 0xF0, 0xFF, 0xE0, 0xFF, 0x80, 0xE0, 0x00, 0xE0, 0x00, 0xE0, 0x00, 0xE0, 0x00, 0x1F, 0x80,
    0x3F, 0xE0, 0x7F, 0xF0, 0xF0, 0xF0, 0xF0, 0x70, 0xE0, 0x70, 0xE0, 0x70, 0xE0, 0xF0, 0xE3, 0xE0,
    0xE7, 0xC0, 0xE7, 0xF0, 0xE0, 0x78, 0xE0, 0x38, 0xE0, 0x38, 0xE0, 0x38, 0xE0, 0x38, 0xE0, 0x78,
    0xE3, 0xF8, 0xE7, 0xF0, 0xE7, 0xC0, 0x1C, 0x00, 0x0E, 0x00, 0x0E, 0x00, 0x07, 0x00, 0x00, 0x00,
    0x00, 0x00, 0x0F, 0x80, 0x3F, 0xE0, 0x7F, 0xF0, 0x70, 0xF0, 0x00, 0x70, 0x00, 0x70, 0x07, 0xF0,
    0x3F, 0xF0, 0x7C, 0x70, 0xF0, 0x70, 0xE0, 0x70, 0xF0, 0xF0, 0xFF, 0xF0, 0x7F, 0x70, 0x3E, 0x70,
    0x01, 0xC0, 0x03, 0x80, 0x03, 0x80, 0x07, 0x00, 0x00, 0x00, 0x00, 0x00, 0x0F, 0x80, 0x3F, 0xE0,
    0x7F, 0xF0, 0x70, 0xF0, 0x00, 0x70, 0x00, 0x70, 0x07, 0xF0, 0x3F, 0xF0, 0x7C, 0x70, 0xF0, 0x70,
    0xE0, 0x70, 0xF0, 0xF0, 0xFF, 0xF0, 0x7F, 0x70, 0x3E, 0x70, 0x07, 0x00, 0x0F, 0x80, 0x1D, 0xC0,
    0x38, 0xE0, 0x00, 0x00, 0x00, 0x00, 0x0F, 0x80, 0x3F, 0xE0, 0x7F, 0xF0, 0x70, 0xF0, 0x00, 0x70,
    0x00, 0x70, 0x07, 0xF0, 0x3F, 0xF0, 0x7C, 0x70, 0xF0, 0x70, 0xE0, 0x70, 0xF0, 0xF0, 0xFF, 0xF0,
    0x7F, 0x70, 0x3E, 0x70, 0x1E, 0x60, 0x1F, 0xC0, 0x31, 0xC0, 0x00, 0x00, 0x00, 0x00, 0x0F, 0x80,
    0x3F, 0xE0, 0x7F, 0xF0, 0x70, 0xF0, 0x00, 0x70, 0x00, 0x70, 0x07, 0xF0, 0x3F, 0xF0, 0x7C, 0x70,
    0xF0, 0x70, 0xE0, 0x70, 0xF0, 0xF0, 0xFF, 0xF0, 0x7F, 0x70, 0x3E, 0x70, 0x18, 0xC0, 0x38, 0xE0,
    0x38, 0xE0, 0x18, 0xC0, 0x00, 0x00, 0x00, 0x00, 0x0F, 0x80, 0x3F, 0xE0, 0x7F, 0xF0, 0x70, 0xF0,
    0x00, 0x70, 0x00, 0x70, 0x07, 0xF0, 0x3F, 0xF0, 0x7C, 0x70, 0xF0, 0x70, 0xE0, 0x70, 0xF0, 0xF0,
    0xFF, 0xF0, 0x7F, 0x70, 0x3E, 0x70, 0x07, 0x00, 0x0F, 0x80, 0x19, 0xC0, 0x18, 0xC0, 0x18, 0xC0,
    0x0F, 0x80, 0x07, 0x00, 0x00, 0x00, 0x0F, 0x80, 0x3F, 0xE0, 0x7F, 0xF0, 0x70, 0xF0, 0x00, 0x70,
    0x00, 0x70, 0x07, 0xF0, 0x3F, 0xF0, 0x7C, 0x70, 0xF0, 0x70, 0xE0, 0x70, 0xF0, 0xF0, 0xFF, 0xF0,
    0x7F, 0x70, 0x3E, 0x70, 0x0F, 0x8F, 0x80, 0x3F, 0xFF, 0xE0, 0x7F, 0xFF, 0xF0, 0x70, 0xF8, 0x78,
    0x00, 0xF0, 0x38, 0x00, 0xF0, 0x38, 0x1F, 0xFF, 0xF8, 0x7F, 0xFF, 0xF8, 0x7F, 0xFF, 0xF8, 0xF0,
    0xF0, 0x00, 0xE0, 0xF0, 0x00, 0xF1, 0xF8, 0x78, 0xFF, 0xFF, 0xF8, 0x7F, 0x9F, 0xF0, 0x3E, 0x0F,
    0xC0, 0x0F, 0x80, 0x1F, 0xE0, 0x3F, 0xF0, 0x78, 0x78, 0x70, 0x38, 0xF0, 0x00, 0xE0, 0x00, 0xE0,
    0x00, 0xE0, 0x00, 0xF0, 0x00, 0x70, 0x38, 0x78, 0x78, 0x3F, 0xF0, 0x1F, 0xE0, 0x0F, 0x80, 0x03,
    0x00, 0x03, 0x80, 0x00, 0xC0, 0x03, 0xC0, 0x07, 0x80, 0x1C, 0x00, 0x0E, 0x00, 0x06, 0x00, 0x07,
    0x00, 0x00, 0x00, 0x00, 0x00, 0x0F, 0x80, 0x1F, 0xE0, 0x3F, 0xF0, 0x78, 0x70, 0x70, 0x78, 0xE0,
    0x38, 0xFF, 0xF8, 0xFF, 0xF8, 0xFF, 0xF8, 0xF0, 0x00, 0xF0, 0x00, 0x78, 0x78, 0x3F, 0xF0, 0x1F,
    0xF0, 0x0F, 0xC0, 0x01, 0xC0, 0x01, 0x80, 0x03, 0x80, 0x03, 0x00, 0x00, 0x00, 0x00, 0x00, 0x0F,
    0x80, 0x1F, 0xE0, 0x3F, 0xF0, 0x78, 0x70, 0x70, 0x78, 0xE0, 0x38, 0xFF, 0xF8, 0xFF, 0xF8, 0xFF,
    0xF8, 0xF0, 0x00, 0xF0, 0x00, 0x78, 0x78, 0x3F, 0xF0, 0x1F, 0xF0, 0x0F, 0xC0, 0x07, 0x00, 0x0F,
    0x80, 0x1D, 0xC0, 0x38, 0xE0, 0x00, 0x00, 0x00, 0x00, 0x0F, 0x80, 0x1F, 0xE0, 0x3F, 0xF0, 0x78,
    0x70, 0x70, 0x78, 0xE0, 0x38, 0xFF, 0xF8, 0xFF, 0xF8, 0xFF, 0xF8, 0xF0, 0x00, 0xF0, 0x00, 0x78,
    0x78, 0x3F, 0xF0, 0x1F, 0xF0, 0x0F, 0xC0, 0x18, 0xC0, 0x38, 0xE0, 0x38, 0xE0, 0x18, 0xC0, 0x00,
    0x00, 0x00, 0x00, 0x0F, 0x80, 0x1F, 0xE0, 0x3F, 0xF0, 0x78, 0x70, 0x70, 0x78, 0xE0, 0x38, 0xFF,
    0xF8, 0xFF, 0xF8, 0xFF, 0xF8, 0xF0, 0x00, 0xF0, 0x00, 0x78, 0x78, 0x3F, 0xF0, 0x1F, 0xF0, 0x0F,
    0xC0, 0xE0, 0x70, 0x30, 0x38, 0x00, 0x00, 0x38, 0x38, 0x38, 0x38, 0x38, 0x38, 0x38, 0x38, 0x38,
    0x38, 0x38, 0x38, 0x38, 0x38, 0x38, 0x38, 0x30, 0x70, 0x60, 0x00, 0x00, 0xE0, 0xE0, 0xE0, 0xE0,
    0xE0, 0xE0, 0xE0, 0xE0, 0xE0, 0xE0, 0xE0, 0xE0, 0xE0, 0xE0, 0xE0, 0x1C, 0x00, 0x3E, 0x00, 0x77,
    0x00, 0xE3, 0x80, 0x00, 0x00, 0x00, 0x00, 0x1C, 0x00, 0x1C, 0x00, 0x1C, 0x00, 0x1C, 0x00, 0x1C,
    0x00, 0x1C, 0x00, 0x1C, 0x00, 0x1C, 0x00, 0x1C, 0x00, 0x1C, 0x00, 0x1C, 0x00, 0x1C, 0x00, 0x1C,
    0x00, 0x1C, 0x00, 0x1C, 0x00, 0x63, 0x00, 0xE3, 0x80, 0xE3, 0x80, 0x63, 0x00, 0x00, 0x00, 0x00,
    0x00, 0x1C, 0x00, 0x1C, 0x00, 0x1C, 0x00, 0x1C, 0x00, 0x1C, 0x00, 0x1C, 0x00, 0x1C, 0x00, 0x1C,
    0x00, 0x1C, 0x00, 0x1C, 0x00, 0x1C, 0x00, 0x1C, 0x00, 0x1C, 0x00, 0x1C, 0x00, 0x1C, 0x00, 0x18,
    0x00, 0x1E, 0x60, 0x0F, 0xC0, 0x07, 0x80, 0x1F, 0xC0, 0x19, 0xE0, 0x00, 0xF0, 0x0F, 0x70, 0x3F,
    0xF0, 0x7F, 0xF8, 0x78, 0x78, 0xF0, 0x78, 0xF0, 0x38, 0xE0, 0x38, 0xE0, 0x38, 0xF0, 0x38, 0xF0,
    0x78, 0x78, 0x70, 0x7F, 0xF0, 0x3F, 0xE0, 0x0F, 0x80, 0x1E, 0xC0, 0x3F, 0xC0, 0x33, 0x80, 0x00,
    0x00, 0x00, 0x00, 0xE3, 0xC0, 0xEF, 0xE0, 0xFF, 0xF0, 0xF0, 0xF0, 0xF0, 0x70, 0xE0, 0x70, 0xE0,
    0x70, 0xE0, 0x70, 0xE0, 0x70, 0xE0, 0x70, 0xE0, 0x70, 0xE0, 0x70, 0xE0, 0x70, 0xE0, 0x70, 0xE0,
    0x70, 0x1C, 0x00, 0x0E, 0x00, 0x06, 0x00, 0x07, 0x00, 0x00, 0x00, 0x00, 0x00, 0x0F, 0x80, 0x3F,
    0xE0, 0x3F, 0xF0, 0x78, 0x70, 0x70, 0x78, 0xF0, 0x38, 0xE0, 0x38, 0xE0, 0x38, 0xE0, 0x38, 0xF0,
    0x38, 0xF0, 0x78, 0x78, 0x70, 0x3F, 0xF0, 0x3F, 0xE0, 0x0F, 0x80, 0x01, 0xC0, 0x01, 0x80, 0x03,
    0x80, 0x03, 0x00, 0x00, 0x00, 0x00, 0x00, 0x0F, 0x80, 0x3F, 0xE0, 0x3F, 0xF0, 0x78, 0x70, 0x70,
    0x78, 0xF0, 0x38, 0xE0, 0x38, 0xE0, 0x38, 0xE0, 0x38, 0xF0, 0x38, 0xF0, 0x78, 0x78, 0x70, 0x3F,
    0xF0, 0x3F, 0xE0, 0x0F, 0x80, 0x07, 0x00, 0x0F, 0x80, 0x1D, 0xC0, 0x38, 0xE0, 0x00, 0x00, 0x00,
    0x00, 0x0F, 0x80, 0x3F, 0xE0, 0x3F, 0xF0, 0x78, 0x70, 0x70, 0x78, 0xF0, 0x38, 0xE0, 0x38, 0xE0,
    0x38, 0xE0, 0x38, 0xF0, 0x38, 0xF0, 0x78, 0x78, 0x70, 0x3F, 0xF0, 0x3F, 0xE0, 0x0F, 0x80, 0x1E,
    0x60, 0x1F, 0xC0, 0x19, 0xC0, 0x00, 0x00, 0x00, 0x00, 0x0F, 0x80, 0x3F, 0xE0, 0x3F, 0xF0, 0x78,
    0x70, 0x70, 0x78, 0xF0, 0x38, 0xE0, 0x38, 0xE0, 0x38, 0xE0, 0x38, 0xF0, 0x38, 0xF0, 0x78, 0x78,
    0x70, 0x3F, 0xF0, 0x3F, 0xE0, 0x0F, 0x80, 0x18, 0x60, 0x1C, 0xE0, 0x1C, 0xE0, 0x18, 0x60, 0x00,
    0x00, 0x00, 0x00, 0x0F, 0x80, 0x3F, 0xE0, 0x3F, 0xF0, 0x78, 0x70, 0x70, 0x78, 0xF0, 0x38, 0xE0,
    0x38, 0xE0, 0x38, 0xE0, 0x38, 0xF0, 0x38, 0xF0, 0x78, 0x78, 0x70, 0x3F, 0xF0, 0x3F, 0xE0, 0x0F,
    0x80, 0x06, 0x00, 0x0F, 0x00, 0x0F, 0x00, 0x06, 0x00, 0x00, 0x00, 0x00, 0x00, 0xFF, 0xF8, 0xFF,
    0xF8, 0xFF, 0xF8, 0x00, 0x00, 0x00, 0x00, 0x06, 0x00, 0x0F, 0x00, 0x0F, 0x00, 0x06, 0x00, 0x0F,
    0x98, 0x3F, 0xF8, 0x3F, 0xF0, 0x78, 0xF0, 0x70, 0xF8, 0xF1, 0xF8, 0xE3, 0xB8, 0xE7, 0x38, 0xE6,
    0x38, 0xFC, 0x38, 0xF8, 0x78, 0x78, 0x70, 0x7F, 0xF0, 0xFF, 0xE0, 0xCF, 0x80, 0x1C, 0x00, 0x1C,
    0x00, 0x0E, 0x00, 0x06, 0x00, 0x00, 0x00, 0x00, 0x00, 0xE0, 0x70, 0xE0, 0x70, 0xE0, 0x70, 0xE0,
    0x70, 0xE0, 0x70, 0xE0, 0x70, 0xE0, 0x70, 0xE0, 0x70, 0xE0, 0x70, 0xE0, 0x70, 0xF0, 0x70, 0xF0,
    0xF0, 0x7F, 0xF0, 0x7F, 0x70, 0x1E, 0x70, 0x03, 0xC0, 0x03, 0x80, 0x03, 0x00, 0x07, 0x00, 0x00,
    0x00, 0x00, 0x00, 0xE0, 0x70, 0xE0, 0x70, 0xE0, 0x70, 0xE0, 0x70, 0xE0, 0x70, 0xE0, 0x70, 0xE0,
    0x70, 0xE0, 0x70, 0xE0, 0x70, 0xE0, 0x70, 0xF0, 0x70, 0xF0, 0xF0, 0x7F, 0xF0, 0x7F, 0x70, 0x1E,
    0x70, 0x0F, 0x00, 0x0F, 0x80, 0x1D, 0xC0, 0x38, 0xC0, 0x00, 0x00, 0x00, 0x00, 0xE0, 0x70, 0xE0,
    0x70, 0xE0, 0x70, 0xE0, 0x70, 0xE0, 0x70, 0xE0, 0x70, 0xE0, 0x70, 0xE0, 0x70, 0xE0, 0x70, 0xE0,
    0x70, 0xF0, 0x70, 0xF0, 0xF0, 0x7F, 0xF0, 0x7F, 0x70, 0x1E, 0x70, 0x30, 0xC0, 0x39, 0xC0, 0x39,
    0xC0, 0x30, 0xC0, 0x00, 0x00, 0x00, 0x00, 0xE0, 0x70, 0xE0, 0x70, 0xE0, 0x70, 0xE0, 0x70, 0xE0,
    0x70, 0xE0, 0x70, 0xE0, 0x70, 0xE0, 0x70, 0xE0, 0x70, 0xE0, 0x70, 0xF0, 0x70, 0xF0, 0xF0, 0x7F,
    0xF0, 0x7F, 0x70, 0x1E, 0x70, 0x01, 0xC0, 0x01, 0x80, 0x03, 0x80, 0x03, 0x00, 0x00, 0x00, 0xE0,
    0x3C, 0xE0, 0x38, 0xF0, 0x38, 0x70, 0x78, 0x70, 0x70, 0x78, 0x70, 0x38, 0xE0, 0x38, 0xE0, 0x3C,
    0xE0, 0x1D, 0xC0, 0x1D, 0xC0, 0x0F, 0xC0, 0x0F, 0x80, 0x0F, 0x80, 0x07, 0x80, 0x07, 0x00, 0x07,
    0x00, 0x0F, 0x00, 0x7E, 0x00, 0x7C, 0x00, 0x78, 0x00, 0xE0, 0x00, 0xE0, 0x00, 0xE0, 0x00, 0xE0,
    0x00, 0xE0, 0x00, 0xE7, 0xC0, 0xEF, 0xE0, 0xFF, 0xF0, 0xF8, 0x78, 0xF0, 0x78, 0xF0, 0x38, 0xE0,
    0x38, 0xE0, 0x38, 0xE0, 0x38, 0xF0, 0x38, 0xF0, 0x78, 0xF8, 0x78, 0xFF, 0xF0, 0xEF, 0xE0, 0xE7,
    0xC0, 0xE0, 0x00, 0xE0, 0x00, 0xE0, 0x00, 0xE0, 0x00, 0xE0, 0x00, 0xE0, 0x00, 0x18, 0xC0, 0x38,
    0xE0, 0x38, 0xE0, 0x18, 0xC0, 0x00, 0x00, 0xE0, 0x38, 0xE0, 0x38, 0xF0, 0x78, 0x70, 0x70, 0x70,
    0x70, 0x78, 0xF0, 0x38, 0xE0, 0x38, 0xE0, 0x3D, 0xE0, 0x1D, 0xC0, 0x1D, 0xC0, 0x1F, 0xC0, 0x0F,
    0x80, 0x0F, 0x80, 0x0F, 0x00, 0x07, 0x00, 0x0F, 0x00, 0x0E, 0x00, 0x7E, 0x00, 0x7C, 0x00, 0x78,
    0x00, 0x03, 0xFF, 0xFF, 0x0F, 0xFF, 0xFF, 0x1F, 0xFF, 0xFE, 0x3C, 0x1C, 0x00, 0x78, 0x1C, 0x00,
    0x70, 0x1C, 0x00, 0xF0, 0x1C, 0x00, 0xF0, 0x1C, 0x00, 0xE0, 0x1C, 0x00, 0xE0, 0x1F, 0xFE, 0xE0,
    0x1F, 0xFE, 0xE0, 0x1F, 0xFE, 0xF0, 0x1C, 0x00, 0xF0, 0x1C, 0x00, 0x70, 0x1C, 0x00, 0x78, 0x1C,
    0x00, 0x3C, 0x1C, 0x00, 0x1F, 0xFF, 0xFE, 0x0F, 0xFF, 0xFF, 0x03, 0xFF, 0xFF, 0x0F, 0x83, 0xE0,
    0x3F, 0xE7, 0xF8, 0x3F, 0xFF, 0xFC, 0x78, 0x7E, 0x1C, 0x70, 0x7C, 0x1E, 0xF0, 0x3C, 0x0E, 0xE0,
    0x3F, 0xFE, 0xE0, 0x3F, 0xFE, 0xE0, 0x3F, 0xFE, 0xF0, 0x3C, 0x00, 0xF0, 0x7C, 0x00, 0x78, 0x7E,
    0x1E, 0x3F, 0xFF, 0xFC, 0x3F, 0xE7, 0xFC, 0x0F, 0x83, 0xF0, 0x38, 0xE0, 0x1D, 0xC0, 0x0F, 0x80,
    0x07, 0x80, 0x00, 0x00, 0x00, 0x00, 0x0F, 0xC0, 0x3F, 0xF0, 0x7F, 0xF8, 0x70, 0x78, 0xF0, 0x3C,
    0xE0, 0x00, 0xF0, 0x00, 0xF8, 0x00, 0x7F, 0x00, 0x3F, 0xE0, 0x1F, 0xF0, 0x01, 0xF8, 0x00, 0x7C,
    0x00, 0x3C, 0xE0, 0x1C, 0xE0, 0x3C, 0xF0, 0x78, 0x7F, 0xF8, 0x3F, 0xF0, 0x0F, 0xC0, 0x71, 0xC0,
    0x39, 0xC0, 0x1F, 0x80, 0x0F, 0x00, 0x00, 0x00, 0x00, 0x00, 0x1F, 0x80, 0x7F, 0xC0, 0xFF, 0xE0,
    0xF0, 0xF0, 0xE0, 0x00, 0xF0, 0x00, 0x7E, 0x00, 0x3F, 0xC0, 0x07, 0xE0, 0x00, 0xF0, 0x60, 0x70,
    0xF0, 0xF0, 0xFF, 0xE0, 0x7F, 0xC0, 0x1F, 0x80, 0x06, 0x30, 0x00, 0x0E, 0x38, 0x00, 0x0E, 0x38,
    0x00, 0x06, 0x30, 0x00, 0x00, 0x00, 0x00, 0x00, 0x00, 0x00, 0xF0, 0x07, 0x80, 0x78, 0x0F, 0x00,
    0x78, 0x0F, 0x00, 0x3C, 0x1E, 0x00, 0x3C, 0x1E, 0x00, 0x1E, 0x3C, 0x00, 0x0E, 0x3C, 0x00, 0x0F,
    0x78, 0x00, 0x07, 0xF0, 0x00, 0x07, 0xF0, 0x00, 0x03, 0xE0, 0x00, 0x01, 0xE0, 0x00, 0x01, 0xC0,
    0x00, 0x01, 0xC0, 0x00, 0x01, 0xC0, 0x00, 0x01, 0xC0, 0x00, 0x01, 0xC0, 0x00, 0x01, 0xC0, 0x00,
    0x01, 0xC0, 0x00, 0x01, 0xC0, 0x00, 0x18, 0x60, 0x1C, 0xE0, 0x0F, 0xC0, 0x07, 0x80, 0x00, 0x00,
    0x00, 0x00, 0xFF, 0xFC, 0xFF, 0xFC, 0xFF, 0xFC, 0x00, 0x38, 0x00, 0x70, 0x00, 0xF0, 0x01, 0xE0,
    0x01, 0xC0, 0x03, 0xC0, 0x07, 0x80, 0x07, 0x80, 0x0F, 0x00, 0x0E, 0x00, 0x1E, 0x00, 0x3C, 0x00,
    0x38, 0x00, 0x70, 0x00, 0xFF, 0xFC, 0xFF, 0xFC, 0xFF, 0xFC, 0x71, 0xC0, 0x3B, 0x80, 0x1F, 0x00,
    0x0E, 0x00, 0x00, 0x00, 0x00, 0x00, 0xFF, 0xE0, 0xFF, 0xE0, 0xFF, 0xE0, 0x01, 0xC0, 0x03, 0x80,
    0x07, 0x80, 0x0F, 0x00, 0x0E, 0x00, 0x1E, 0x00, 0x3C, 0x00, 0x38, 0x00, 0x78, 0x00, 0xFF, 0xE0,
    0xFF, 0xE0, 0xFF, 0xE0, 0x07, 0xC0, 0x0F, 0xC0, 0x1F, 0xC0, 0x1E, 0x00, 0x1C, 0x00, 0x7F, 0x80,
    0x7F, 0x80, 0x7F, 0x80, 0x1C, 0x00, 0x1C, 0x00, 0x1C, 0x00, 0x1C, 0x00, 0x1C, 0x00, 0x1C, 0x00,
    0x1C, 0x00, 0x1C, 0x00, 0x1C, 0x00, 0x1C, 0x00, 0x1C, 0x00, 0x1C, 0x00, 0x1C, 0x00, 0x1C, 0x00,
    0x1C, 0x00, 0x7C, 0x00, 0xF8, 0x00, 0x70, 0x00, 0x1E, 0x00, 0x3E, 0x00, 0x77, 0x00, 0xE3, 0x80,
    0x73, 0xFF, 0xCE, 0xFF, 0xF8, 0xFF, 0xF8, 0xFF, 0xF8, 0xFF, 0xFF, 0xFF, 0xC0, 0xFF, 0xFF, 0xFF,
    0xC0, 0xFF, 0xFF, 0xFF, 0xC0, 0x38, 0x30, 0x30, 0x70, 0x70, 0x70, 0xF0, 0xF0, 0x70, 0x70, 0x70,
    0x70, 0x60, 0xE0, 0xE0, 0xE0, 0x70, 0xF0, 0xE0, 0xE0, 0xE0, 0xE0, 0xC0, 0xC0, 0x38, 0xC0, 0x31,
    0xC0, 0x31, 0xC0, 0x71, 0xC0, 0x71, 0xC0, 0x73, 0x80, 0xF3, 0x80, 0xF3, 0x80, 0x71, 0xC0, 0x73,
    0xC0, 0x73, 0x80, 0x73, 0x80, 0x63, 0x80, 0xE3, 0x00, 0xE3, 0x00, 0xE3, 0x00, 0x73, 0x80, 0xF3,
    0x80, 0xE3, 0x80, 0xE3, 0x00, 0xE7, 0x00, 0xE7, 0x00, 0xC7, 0x00, 0xC6, 0x00, 0x0E, 0x00, 0x0E,
    0x00, 0x0E, 0x00, 0x0E, 0x00, 0xFF, 0xE0, 0xFF, 0xE0, 0xFF, 0xE0, 0x0E, 0x00, 0x0E, 0x00, 0x0E,
    0x00, 0x0E, 0x00, 0x0E, 0x00, 0x0E, 0x00, 0x0E, 0x00, 0x04, 0x00, 0x0E, 0x00, 0x0E, 0x00, 0x0E,
    0x00, 0x0E, 0x00, 0xFF, 0xE0, 0xFF, 0xE0, 0xFF, 0xE0, 0x0E, 0x00, 0x0E, 0x00, 0x0E, 0x00, 0xFF,
    0xE0, 0xFF, 0xE0, 0xFF, 0xE0, 0x0E, 0x00, 0x0E, 0x00, 0x0E, 0x00, 0x0E, 0x00, 0x0E, 0x00, 0x0E,
    0x00, 0x06, 0x00, 0x3C, 0x7E, 0xFF, 0xFF, 0xFF, 0xFF, 0x7E, 0x3C, 0x60, 0x60, 0x60, 0xF0, 0xF0,
    0xF0, 0xF0, 0xF0, 0xF0, 0x60, 0x60, 0x60, 0x3C, 0x01, 0xC0, 0x00, 0x7E, 0x03, 0x80, 0x00, 0xFF,
    0x03, 0x80, 0x00, 0xC3, 0x07, 0x00, 0x00, 0xC3, 0x06, 0x00, 0x00, 0xC3, 0x0E, 0x00, 0x00, 0xFF,
    0x1C, 0x00, 0x00, 0x7E, 0x1C, 0x00, 0x00, 0x3C, 0x38, 0x00, 0x00, 0x00, 0x70, 0x00, 0x00, 0x00,
    0x70, 0x00, 0x00, 0x00, 0xE1, 0xE0, 0xF8, 0x01, 0xC3, 0xF0, 0xFC, 0x01, 0xC7, 0x39, 0x8C, 0x03,
    0x86, 0x19, 0x8C, 0x07, 0x06, 0x19, 0x8C, 0x07, 0x07, 0x19, 0x8C, 0x0E, 0x07, 0xF9, 0xFC, 0x1C,
    0x03, 0xF0, 0xF8, 0x1C, 0x01, 0xE0, 0x70, 0x07, 0x0F, 0x1E, 0x1C, 0x38, 0x78, 0xF0, 0x78, 0x38,
    0x1C, 0x1E, 0x0F, 0x07, 0xF0, 0x78, 0x38, 0x1C, 0x1E, 0x0F, 0x07, 0x0F, 0x1E, 0x1C, 0x38, 0x78,
    0xF0, 0x01, 0xF8, 0x07, 0xFE, 0x0F, 0xFE, 0x0F, 0x0C, 0x1E, 0x00, 0x1C, 0x00, 0x3C, 0x00, 0xFF,
    0xF8, 0xFF, 0xF0, 0x38, 0x00, 0x38, 0x00, 0xFF, 0xE0, 0xFF, 0xC0, 0x3C, 0x00, 0x1C, 0x00, 0x1E,
    0x00, 0x0F, 0x0C, 0x0F, 0xFE, 0x07, 0xFE, 0x01, 0xF8, 0xFD, 0x8C, 0x31, 0x8C, 0x31, 0xDC, 0x31,
    0xDC, 0x31, 0xFC, 0x31, 0xAC, 0x21, 0x24,
];
pub static INTER_LARGE_LARGE: BitmapFont = BitmapFont {
    glyphs: &INTER_LARGE_LARGE_GLYPHS,
    bitmap: &INTER_LARGE_LARGE_BITMAP,
    extra: &INTER_LARGE_LARGE_EXTRA,
    line_height: 34,
};
