//! Generated by tools/fontgen/gen_bitmap_fonts.py; do not edit by hand.
//!
//! Reader body strikes.
//! Printable ASCII plus Latin-1 and the Windows-1252 typographic
//! characters. Rasterized from Literata (SIL Open Font License 1.1,
//! see docs/licenses/FONT_NOTICES.md); the font files themselves are
//! not distributed.

use super::typography::{g, BitmapFont, Glyph};

// LITERATA_LARGE: Literata Medium 23 px, opsz 22, line-height 28
const LITERATA_LARGE_GLYPHS: [Glyph; 95] = [
    g(0, 0, 0, 5, 0, 0),
    g(0, 4, 16, 8, 2, -16),
    g(16, 6, 6, 10, 2, -18),
    g(22, 14, 13, 15, 1, -13),
    g(48, 12, 21, 14, 1, -19),
    g(90, 18, 14, 20, 1, -14),
    g(132, 17, 16, 19, 1, -16),
    g(180, 3, 6, 6, 2, -18),
    g(186, 6, 23, 9, 2, -19),
    g(209, 6, 24, 8, 1, -19),
    g(233, 8, 9, 10, 1, -18),
    g(242, 10, 10, 14, 2, -12),
    g(262, 4, 7, 8, 2, -3),
    g(269, 6, 1, 8, 1, -7),
    g(270, 4, 3, 8, 2, -3),
    g(273, 10, 21, 10, 0, -18),
    g(315, 12, 16, 14, 1, -16),
    g(347, 8, 16, 10, 1, -16),
    g(363, 10, 16, 12, 1, -16),
    g(395, 10, 16, 12, 1, -16),
    g(427, 13, 16, 14, 0, -16),
    g(459, 11, 16, 12, 0, -16),
    g(491, 11, 16, 13, 1, -16),
    g(523, 11, 17, 12, 1, -16),
    g(557, 12, 16, 14, 1, -16),
    g(589, 11, 16, 13, 1, -16),
    g(621, 4, 12, 8, 2, -12),
    g(633, 4, 16, 8, 2, -12),
    g(649, 9, 11, 13, 2, -12),
    g(671, 10, 5, 14, 2, -9),
    g(681, 9, 11, 13, 3, -12),
    g(703, 10, 16, 13, 1, -16),
    g(735, 18, 17, 20, 1, -13),
    g(786, 17, 16, 19, 1, -16),
    g(834, 13, 16, 15, 1, -16),
    g(866, 13, 16, 16, 1, -16),
    g(898, 15, 16, 17, 1, -16),
    g(930, 12, 16, 14, 1, -16),
    g(962, 12, 16, 14, 1, -16),
    g(994, 15, 16, 17, 1, -16),
    g(1026, 17, 16, 19, 1, -16),
    g(1074, 7, 16, 9, 1, -16),
    g(1090, 12, 16, 13, 0, -16),
    g(1122, 16, 16, 17, 1, -16),
    g(1154, 12, 16, 14, 1, -16),
    g(1186, 20, 16, 22, 1, -16),
    g(1234, 17, 16, 19, 1, -16),
    g(1282, 15, 16, 17, 1, -16),
    g(1314, 13, 16, 14, 1, -16),
    g(1346, 19, 20, 17, 1, -16),
    g(1406, 15, 16, 16, 1, -16),
    g(1438, 12, 16, 14, 1, -16),
    g(1470, 16, 16, 18, 1, -16),
    g(1502, 16, 16, 18, 1, -16),
    g(1534, 16, 16, 18, 1, -16),
    g(1566, 24, 16, 26, 1, -16),
    g(1614, 16, 16, 18, 1, -16),
    g(1646, 16, 16, 18, 1, -16),
    g(1678, 13, 16, 15, 1, -16),
    g(1710, 5, 23, 8, 2, -18),
    g(1733, 10, 21, 10, 0, -18),
    g(1775, 5, 23, 8, 1, -18),
    g(1798, 11, 8, 13, 1, -16),
    g(1814, 11, 1, 11, 0, 1),
    g(1816, 4, 4, 12, 3, -18),
    g(1820, 11, 12, 12, 1, -12),
    g(1844, 13, 17, 14, 0, -17),
    g(1878, 10, 12, 12, 1, -12),
    g(1902, 13, 17, 15, 1, -17),
    g(1936, 10, 12, 12, 1, -12),
    g(1960, 10, 17, 9, 1, -17),
    g(1994, 12, 18, 14, 1, -13),
    g(2030, 14, 17, 16, 1, -17),
    g(2064, 6, 17, 8, 1, -17),
    g(2081, 5, 22, 8, 1, -17),
    g(2103, 14, 17, 15, 1, -17),
    g(2137, 6, 17, 8, 1, -17),
    g(2154, 21, 12, 23, 1, -12),
    g(2190, 14, 12, 16, 1, -12),
    g(2214, 12, 12, 14, 1, -12),
    g(2238, 13, 17, 15, 1, -12),
    g(2272, 13, 17, 15, 1, -12),
    g(2306, 10, 12, 12, 1, -12),
    g(2330, 9, 12, 11, 1, -12),
    g(2354, 9, 16, 10, 1, -16),
    g(2386, 14, 12, 15, 0, -12),
    g(2410, 13, 12, 14, 0, -12),
    g(2434, 20, 12, 20, 0, -12),
    g(2470, 13, 12, 15, 1, -12),
    g(2494, 13, 17, 15, 1, -12),
    g(2528, 10, 12, 12, 1, -12),
    g(2552, 7, 24, 9, 1, -19),
    g(2576, 2, 21, 10, 4, -18),
    g(2597, 7, 24, 9, 1, -19),
    g(2621, 10, 2, 13, 2, -8),
];
const LITERATA_LARGE_EXTRA: [(char, Glyph); 123] = [
    ('\u{a0}', g(0, 0, 0, 5, 0, 0)),
    ('\u{a1}', g(2625, 3, 17, 7, 2, -12)),
    ('\u{a2}', g(2642, 10, 16, 12, 1, -15)),
    ('\u{a3}', g(2674, 12, 16, 13, 1, -16)),
    ('\u{a4}', g(2706, 10, 10, 12, 1, -13)),
    ('\u{a5}', g(2726, 16, 16, 17, 1, -16)),
    ('\u{a6}', g(2758, 2, 21, 10, 4, -18)),
    ('\u{a7}', g(2779, 12, 20, 14, 1, -16)),
    ('\u{a8}', g(2819, 8, 3, 12, 2, -17)),
    ('\u{a9}', g(2822, 16, 15, 19, 2, -15)),
    ('\u{aa}', g(2852, 9, 9, 10, 1, -18)),
    ('\u{ab}', g(2870, 10, 10, 12, 1, -11)),
    ('\u{ac}', g(2890, 10, 5, 14, 2, -8)),
    ('\u{ad}', g(0, 0, 0, 0, 0, 0)),
    ('\u{ae}', g(2900, 9, 8, 11, 1, -17)),
    ('\u{af}', g(2916, 7, 1, 11, 2, -16)),
    ('\u{b0}', g(2917, 6, 5, 8, 1, -18)),
    ('\u{b1}', g(2922, 10, 12, 14, 2, -12)),
    ('\u{b2}', g(2946, 8, 10, 10, 1, -19)),
    ('\u{b3}', g(2956, 7, 10, 9, 1, -19)),
    ('\u{b4}', g(2966, 4, 4, 12, 5, -18)),
    ('\u{b5}', g(2970, 12, 17, 15, 2, -12)),
    ('\u{b6}', g(3004, 12, 20, 14, 1, -16)),
    ('\u{b7}', g(3044, 4, 4, 8, 2, -9)),
    ('\u{b8}', g(3048, 5, 5, 11, 3, 0)),
    ('\u{b9}', g(3053, 6, 11, 8, 1, -20)),
    ('\u{ba}', g(3064, 8, 9, 10, 1, -18)),
    ('\u{bb}', g(3073, 9, 10, 12, 1, -11)),
    ('\u{bc}', g(3093, 20, 17, 22, 1, -16)),
    ('\u{bd}', g(3144, 21, 17, 23, 1, -16)),
    ('\u{be}', g(3195, 21, 17, 23, 1, -16)),
    ('\u{bf}', g(3246, 9, 17, 12, 2, -12)),
    ('\u{c0}', g(3280, 17, 21, 19, 1, -21)),
    ('\u{c1}', g(3343, 17, 22, 19, 1, -22)),
    ('\u{c2}', g(3409, 17, 22, 19, 1, -22)),
    ('\u{c3}', g(3475, 17, 21, 19, 1, -21)),
    ('\u{c4}', g(3538, 17, 21, 19, 1, -21)),
    ('\u{c5}', g(3601, 17, 22, 19, 1, -22)),
    ('\u{c6}', g(3667, 22, 16, 24, 1, -16)),
    ('\u{c7}', g(3715, 14, 21, 16, 1, -16)),
    ('\u{c8}', g(3757, 12, 22, 14, 1, -22)),
    ('\u{c9}', g(3801, 12, 21, 14, 1, -21)),
    ('\u{ca}', g(3843, 12, 21, 14, 1, -21)),
    ('\u{cb}', g(3885, 12, 21, 14, 1, -21)),
    ('\u{cc}', g(3927, 7, 22, 9, 1, -22)),
    ('\u{cd}', g(3949, 7, 22, 9, 1, -22)),
    ('\u{ce}', g(3971, 7, 22, 9, 1, -22)),
    ('\u{cf}', g(3993, 8, 21, 10, 1, -21)),
    ('\u{d0}', g(4014, 16, 16, 17, 0, -16)),
    ('\u{d1}', g(4046, 17, 21, 19, 1, -21)),
    ('\u{d2}', g(4109, 15, 22, 17, 1, -22)),
    ('\u{d3}', g(4153, 15, 22, 17, 1, -22)),
    ('\u{d4}', g(4197, 15, 22, 17, 1, -22)),
    ('\u{d5}', g(4241, 15, 21, 17, 1, -21)),
    ('\u{d6}', g(4283, 15, 21, 17, 1, -21)),
    ('\u{d7}', g(4325, 8, 8, 13, 3, -11)),
    ('\u{d8}', g(4333, 15, 16, 17, 1, -16)),
    ('\u{d9}', g(4365, 16, 21, 18, 1, -21)),
    ('\u{da}', g(4407, 16, 22, 18, 1, -22)),
    ('\u{db}', g(4451, 16, 22, 18, 1, -22)),
    ('\u{dc}', g(4495, 16, 21, 18, 1, -21)),
    ('\u{dd}', g(4537, 16, 21, 18, 1, -21)),
    ('\u{de}', g(4579, 13, 16, 14, 1, -16)),
    ('\u{df}', g(4611, 15, 17, 17, 1, -17)),
    ('\u{e0}', g(4645, 11, 17, 12, 1, -17)),
    ('\u{e1}', g(4679, 11, 17, 12, 1, -17)),
    ('\u{e2}', g(4713, 11, 19, 12, 1, -19)),
    ('\u{e3}', g(4751, 11, 17, 12, 1, -17)),
    ('\u{e4}', g(4785, 11, 17, 12, 1, -17)),
    ('\u{e5}', g(4819, 11, 19, 12, 1, -19)),
    ('\u{e6}', g(4857, 17, 12, 19, 1, -12)),
    ('\u{e7}', g(4893, 10, 17, 12, 1, -12)),
    ('\u{e8}', g(4927, 10, 17, 12, 1, -17)),
    ('\u{e9}', g(4961, 10, 17, 12, 1, -17)),
    ('\u{ea}', g(4995, 10, 19, 12, 1, -19)),
    ('\u{eb}', g(5033, 10, 17, 12, 1, -17)),
    ('\u{ec}', g(5067, 6, 17, 8, 1, -17)),
    ('\u{ed}', g(5084, 6, 17, 8, 1, -17)),
    ('\u{ee}', g(5101, 7, 18, 8, 0, -18)),
    ('\u{ef}', g(5119, 8, 17, 9, 0, -17)),
    ('\u{f0}', g(5136, 12, 17, 14, 1, -17)),
    ('\u{f1}', g(5170, 14, 17, 16, 1, -17)),
    ('\u{f2}', g(5204, 12, 17, 14, 1, -17)),
    ('\u{f3}', g(5238, 12, 17, 14, 1, -17)),
    ('\u{f4}', g(5272, 12, 18, 14, 1, -18)),
    ('\u{f5}', g(5308, 12, 17, 14, 1, -17)),
    ('\u{f6}', g(5342, 12, 17, 14, 1, -17)),
    ('\u{f7}', g(5376, 10, 10, 14, 2, -12)),
    ('\u{f8}', g(5396, 12, 12, 14, 1, -12)),
    ('\u{f9}', g(5420, 14, 17, 15, 0, -17)),
    ('\u{fa}', g(5454, 14, 17, 15, 0, -17)),
    ('\u{fb}', g(5488, 14, 19, 15, 0, -19)),
    ('\u{fc}', g(5526, 14, 17, 15, 0, -17)),
    ('\u{fd}', g(5560, 13, 22, 15, 1, -17)),
    ('\u{fe}', g(5604, 13, 22, 15, 1, -17)),
    ('\u{ff}', g(5648, 13, 22, 15, 1, -17)),
    ('\u{152}', g(5692, 23, 16, 25, 1, -16)),
    ('\u{153}', g(5740, 19, 12, 21, 1, -12)),
    ('\u{160}', g(5776, 12, 22, 14, 1, -22)),
    ('\u{161}', g(5820, 9, 18, 11, 1, -18)),
    ('\u{178}', g(5856, 16, 21, 18, 1, -21)),
    ('\u{17d}', g(5898, 13, 22, 15, 1, -22)),
    ('\u{17e}', g(5942, 10, 18, 12, 1, -18)),
    ('\u{192}', g(5978, 15, 21, 13, -2, -16)),
    ('\u{2c6}', g(6020, 7, 5, 12, 2, -18)),
    ('\u{2dc}', g(6025, 7, 2, 12, 2, -17)),
    ('\u{2013}', g(6027, 11, 1, 13, 1, -7)),
    ('\u{2014}', g(6029, 22, 1, 24, 1, -7)),
    ('\u{2018}', g(6032, 4, 6, 8, 2, -18)),
    ('\u{2019}', g(6038, 4, 6, 8, 2, -17)),
    ('\u{201a}', g(6044, 4, 6, 8, 2, -3)),
    ('\u{201c}', g(6050, 8, 6, 12, 2, -18)),
    ('\u{201d}', g(6056, 8, 6, 12, 2, -17)),
    ('\u{201e}', g(6062, 9, 6, 11, 1, -3)),
    ('\u{2020}', g(6074, 9, 19, 11, 1, -17)),
    ('\u{2021}', g(6112, 9, 19, 11, 1, -17)),
    ('\u{2022}', g(6150, 5, 5, 9, 2, -10)),
    ('\u{2026}', g(6155, 18, 3, 20, 1, -3)),
    ('\u{2030}', g(6164, 27, 14, 29, 1, -14)),
    ('\u{2039}', g(6220, 5, 10, 7, 1, -11)),
    ('\u{203a}', g(6230, 5, 10, 7, 1, -11)),
    ('\u{20ac}', g(6240, 14, 16, 16, 0, -16)),
    ('\u{2122}', g(6272, 24, 9, 24, 0, -15)),
];
const LITERATA_LARGE_BITMAP: [u8; 6299] = [
    0xF0, 0xF0, 0xF0, 0xF0, 0xE0, 0xE0, 0xE0, 0x40, 0x40, 0x40, 0x40, 0x40, 0x00, 0xF0, 0xF0, 0xF0,
    0xCC, 0xDC, 0xCC, 0xCC, 0xC8, 0x48, 0x08, 0x20, 0x0C, 0x60, 0x08, 0x60, 0x7F, 0xFC, 0x18, 0x60,
    0x18, 0x40, 0x18, 0x40, 0x18, 0xC0, 0x18, 0xC0, 0xFF, 0xF8, 0x38, 0xC0, 0x30, 0xC0, 0x30, 0x80,
    0x02, 0x00, 0x02, 0x00, 0x02, 0x00, 0x1F, 0xA0, 0x3F, 0xE0, 0x72, 0x60, 0x72, 0x30, 0x72, 0x20,
    0x7A, 0x00, 0x7E, 0x00, 0x3F, 0xC0, 0x0F, 0xE0, 0x03, 0xF0, 0x02, 0xF0, 0xC2, 0x70, 0x62, 0x70,
    0x72, 0x70, 0x7F, 0xE0, 0x4F, 0x80, 0x02, 0x00, 0x02, 0x00, 0x7C, 0x18, 0x00, 0xEE, 0x18, 0x00,
    0xC6, 0x30, 0x00, 0xC6, 0x30, 0x00, 0xC6, 0x60, 0x00, 0xEE, 0xC0, 0x00, 0x7C, 0xC0, 0x00, 0x01,
    0x8F, 0x80, 0x01, 0x9B, 0xC0, 0x03, 0x31, 0xC0, 0x07, 0x31, 0xC0, 0x06, 0x31, 0xC0, 0x0C, 0x3F,
    0x80, 0x0C, 0x0F, 0x00, 0x1F, 0x80, 0x00, 0x3F, 0xC0, 0x00, 0x70, 0xC0, 0x00, 0x70, 0xC0, 0x00,
    0x70, 0x87, 0x00, 0x38, 0x0F, 0x80, 0x1E, 0x1B, 0x00, 0x3F, 0x10, 0x00, 0x67, 0x90, 0x00, 0xE3,
    0xF0, 0x00, 0xE1, 0xF0, 0x00, 0xE0, 0xF0, 0x00, 0xE0, 0x78, 0x00, 0xF0, 0x7D, 0x80, 0x7F, 0xDF,
    0x00, 0x1F, 0x8E, 0x00, 0xC0, 0xE0, 0xC0, 0xC0, 0xC0, 0x40, 0x04, 0x0C, 0x18, 0x38, 0x30, 0x70,
    0x70, 0x60, 0xE0, 0xE0, 0xE0, 0xE0, 0xE0, 0xE0, 0xE0, 0xE0, 0x60, 0x70, 0x70, 0x30, 0x38, 0x18,
    0x0C, 0x80, 0xC0, 0x60, 0x70, 0x30, 0x38, 0x38, 0x38, 0x1C, 0x1C, 0x1C, 0x1C, 0x1C, 0x1C, 0x1C,
    0x1C, 0x38, 0x38, 0x30, 0x30, 0x60, 0x60, 0xC0, 0x80, 0x18, 0x18, 0xDB, 0x7F, 0x3C, 0xFF, 0xDB,
    0x18, 0x18, 0x0C, 0x00, 0x0C, 0x00, 0x0C, 0x00, 0x0C, 0x00, 0xFF, 0xC0, 0x0C, 0x00, 0x0C, 0x00,
    0x0C, 0x00, 0x0C, 0x00, 0x0C, 0x00, 0xE0, 0xF0, 0xF0, 0x30, 0x60, 0x60, 0xC0, 0xFC, 0xF0, 0xF0,
    0xF0, 0x00, 0xC0, 0x01, 0x80, 0x01, 0x80, 0x01, 0x80, 0x03, 0x00, 0x03, 0x00, 0x06, 0x00, 0x06,
    0x00, 0x06, 0x00, 0x0C, 0x00, 0x0C, 0x00, 0x0C, 0x00, 0x18, 0x00, 0x18, 0x00, 0x18, 0x00, 0x30,
    0x00, 0x30, 0x00, 0x20, 0x00, 0x60, 0x00, 0x60, 0x00, 0xC0, 0x00, 0x0F, 0x80, 0x3F, 0xC0, 0x70,
    0xE0, 0x70, 0xE0, 0xE0, 0x70, 0xE0, 0x70, 0xE0, 0x70, 0xE0, 0x70, 0xE0, 0x70, 0xE0, 0x70, 0xE0,
    0x70, 0xE0, 0x70, 0x70, 0xE0, 0x70, 0xE0, 0x3F, 0xC0, 0x1F, 0x00, 0xFC, 0xFC, 0x1C, 0x1C, 0x1C,
    0x1C, 0x1C, 0x1C, 0x1C, 0x1C, 0x1C, 0x1C, 0x1C, 0x1C, 0x3E, 0xFF, 0x3F, 0x00, 0x7F, 0x80, 0xC1,
    0xC0, 0xE1, 0xC0, 0xE1, 0xC0, 0x01, 0xC0, 0x01, 0xC0, 0x03, 0x80, 0x07, 0x00, 0x0E, 0x00, 0x0C,
    0x00, 0x18, 0x40, 0x30, 0xC0, 0x60, 0xC0, 0xFF, 0xC0, 0xFF, 0xC0, 0x3F, 0x00, 0x7F, 0x80, 0xC3,
    0xC0, 0xE1, 0xC0, 0xE1, 0xC0, 0x03, 0xC0, 0x03, 0x80, 0x1E, 0x00, 0x1F, 0x00, 0x03, 0xC0, 0x01,
    0xC0, 0x01, 0xC0, 0x01, 0xC0, 0xC3, 0xC0, 0xFF, 0x80, 0x3E, 0x00, 0x00, 0xE0, 0x01, 0xE0, 0x03,
    0xE0, 0x03, 0xE0, 0x06, 0xE0, 0x0C, 0xE0, 0x0C, 0xE0, 0x18, 0xE0, 0x30, 0xE0, 0x30, 0xE0, 0x60,
    0xE0, 0xFF, 0xF8, 0x00, 0xE0, 0x00, 0xE0, 0x01, 0xE0, 0x07, 0xF8, 0x3F, 0xC0, 0x3F, 0xC0, 0x30,
    0x00, 0x60, 0x00, 0x60, 0x00, 0x60, 0x00, 0x7F, 0x80, 0x77, 0xC0, 0x01, 0xE0, 0x00, 0xE0, 0x00,
    0xE0, 0x00, 0xE0, 0x00, 0xE0, 0xC1, 0xC0, 0x7F, 0x80, 0x3F, 0x00, 0x0F, 0xC0, 0x1F, 0xE0, 0x30,
    0xE0, 0x70, 0xC0, 0x60, 0x00, 0xEF, 0x80, 0xFB, 0xC0, 0xF1, 0xE0, 0xE0, 0xE0, 0xE0, 0xE0, 0xE0,
    0xE0, 0xE0, 0xE0, 0xE0, 0xE0, 0x71, 0xC0, 0x3F, 0xC0, 0x1F, 0x00, 0xFF, 0xE0, 0xFF, 0xE0, 0xC0,
    0xC0, 0xC1, 0xC0, 0x81, 0x80, 0x03, 0x00, 0x07, 0x00, 0x06, 0x00, 0x0E, 0x00, 0x0E, 0x00, 0x0C,
    0x00, 0x1C, 0x00, 0x1C, 0x00, 0x1C, 0x00, 0x1C, 0x00, 0x1C, 0x00, 0x18, 0x00, 0x1F, 0x80, 0x7F,
    0xC0, 0xE0, 0xE0, 0xE0, 0xE0, 0xE0, 0xE0, 0xF0, 0xC0, 0x7D, 0x80, 0x1F, 0x80, 0x3F, 0xC0, 0x71,
    0xE0, 0xE0, 0xF0, 0xE0, 0x70, 0xE0, 0x70, 0xF0, 0xE0, 0x7F, 0xE0, 0x3F, 0x80, 0x1F, 0x00, 0x7F,
    0xC0, 0x71, 0xC0, 0xE0, 0xE0, 0xE0, 0xE0, 0xE0, 0xE0, 0xE0, 0xE0, 0xE0, 0xE0, 0x73, 0xE0, 0x3F,
    0xE0, 0x00, 0xE0, 0x00, 0xE0, 0x01, 0xC0, 0x41, 0xC0, 0xFF, 0x80, 0x3F, 0x00, 0x60, 0xF0, 0xF0,
    0x60, 0x00, 0x00, 0x00, 0x00, 0x00, 0xF0, 0xF0, 0xF0, 0x60, 0xF0, 0xF0, 0x60, 0x00, 0x00, 0x00,
    0x00, 0x00, 0xE0, 0xF0, 0xF0, 0x30, 0x60, 0x60, 0xC0, 0x01, 0x80, 0x03, 0x80, 0x0E, 0x00, 0x3C,
    0x00, 0x70, 0x00, 0xE0, 0x00, 0x70, 0x00, 0x3C, 0x00, 0x0E, 0x00, 0x03, 0x80, 0x01, 0x80, 0xFF,
    0xC0, 0x00, 0x00, 0x00, 0x00, 0x00, 0x00, 0xFF, 0xC0, 0xC0, 0x00, 0xE0, 0x00, 0x38, 0x00, 0x1E,
    0x00, 0x07, 0x00, 0x03, 0x80, 0x07, 0x00, 0x1E, 0x00, 0x38, 0x00, 0xE0, 0x00, 0xC0, 0x00, 0x3F,
    0x00, 0x7F, 0x80, 0xC1, 0xC0, 0xE1, 0xC0, 0xC1, 0xC0, 0x03, 0x80, 0x07, 0x80, 0x0E, 0x00, 0x0C,
    0x00, 0x08, 0x00, 0x08, 0x00, 0x08, 0x00, 0x00, 0x00, 0x3C, 0x00, 0x3C, 0x00, 0x3C, 0x00, 0x07,
    0xFC, 0x00, 0x0F, 0xBE, 0x00, 0x38, 0x03, 0x00, 0x30, 0x01, 0x80, 0x63, 0xF9, 0xC0, 0xE7, 0xB8,
    0xC0, 0xCE, 0x18, 0xC0, 0xCE, 0x38, 0xC0, 0xCC, 0x38, 0xC0, 0xCC, 0x38, 0xC0, 0xCC, 0x59, 0x80,
    0xCF, 0xDF, 0x80, 0xE7, 0x9E, 0x00, 0x60, 0x00, 0x00, 0x30, 0x04, 0x00, 0x1E, 0x3C, 0x00, 0x0F,
    0xF0, 0x00, 0x01, 0xC0, 0x00, 0x01, 0xE0, 0x00, 0x03, 0xE0, 0x00, 0x03, 0xE0, 0x00, 0x06, 0x70,
    0x00, 0x06, 0x70, 0x00, 0x06, 0x70, 0x00, 0x0C, 0x78, 0x00, 0x0C, 0x38, 0x00, 0x0C, 0x3C, 0x00,
    0x1F, 0xFC, 0x00, 0x18, 0x1C, 0x00, 0x38, 0x1E, 0x00, 0x30, 0x0E, 0x00, 0x70, 0x1F, 0x00, 0xFC,
    0x3F, 0x80, 0xFF, 0xC0, 0x7F, 0xE0, 0x38, 0x70, 0x38, 0x70, 0x38, 0x70, 0x38, 0x70, 0x39, 0xE0,
    0x3F, 0xC0, 0x39, 0xF0, 0x38, 0x78, 0x38, 0x38, 0x38, 0x38, 0x38, 0x38, 0x38, 0x78, 0x7F, 0xF0,
    0xFF, 0xC0, 0x0F, 0xD8, 0x1F, 0xF8, 0x38, 0x38, 0x70, 0x18, 0x60, 0x08, 0xE0, 0x00, 0xE0, 0x00,
    0xE0, 0x00, 0xE0, 0x00, 0xE0, 0x00, 0xE0, 0x00, 0x70, 0x00, 0x70, 0x08, 0x38, 0x18, 0x1F, 0xF0,
    0x07, 0xE0, 0xFF, 0xE0, 0x7F, 0xF0, 0x38, 0x3C, 0x38, 0x1C, 0x38, 0x1E, 0x38, 0x0E, 0x38, 0x0E,
    0x38, 0x0E, 0x38, 0x0E, 0x38, 0x0E, 0x38, 0x0E, 0x38, 0x1C, 0x38, 0x1C, 0x38, 0x38, 0x7F, 0xF0,
    0xFF, 0xC0, 0xFF, 0xE0, 0x7F, 0xE0, 0x38, 0x70, 0x38, 0x30, 0x38, 0x00, 0x38, 0xC0, 0x38, 0xC0,
    0x3F, 0xC0, 0x39, 0xC0, 0x38, 0xC0, 0x38, 0x00, 0x38, 0x10, 0x38, 0x30, 0x38, 0x30, 0x78, 0xF0,
    0xFF, 0xF0, 0xFF, 0xE0, 0x7F, 0xE0, 0x38, 0x70, 0x38, 0x30, 0x38, 0x30, 0x38, 0x00, 0x38, 0xC0,
    0x38, 0xC0, 0x3F, 0xC0, 0x39, 0xC0, 0x38, 0xC0, 0x38, 0x00, 0x38, 0x00, 0x38, 0x00, 0x78, 0x00,
    0xFE, 0x00, 0x0F, 0xD8, 0x1F, 0xF8, 0x38, 0x18, 0x70, 0x1C, 0x60, 0x0C, 0xE0, 0x00, 0xE0, 0x00,
    0xE0, 0x00, 0xE0, 0x7E, 0xE0, 0x3C, 0xE0, 0x1C, 0xF0, 0x1C, 0x70, 0x1C, 0x38, 0x3C, 0x1F, 0xFC,
    0x0F, 0xEC, 0xFE, 0x3F, 0x80, 0x78, 0x1E, 0x00, 0x38, 0x0E, 0x00, 0x38, 0x0E, 0x00, 0x38, 0x0E,
    0x00, 0x38, 0x0E, 0x00, 0x38, 0x0E, 0x00, 0x3F, 0xFE, 0x00, 0x3F, 0xFE, 0x00, 0x38, 0x0E, 0x00,
    0x38, 0x0E, 0x00, 0x38, 0x0E, 0x00, 0x38, 0x0E, 0x00, 0x38, 0x0E, 0x00, 0x7C, 0x1F, 0x00, 0xFE,
    0x3F, 0x80, 0xFE, 0x78, 0x38, 0x38, 0x38, 0x38, 0x38, 0x38, 0x38, 0x38, 0x38, 0x38, 0x38, 0x38,
    0x7C, 0xFE, 0x07, 0xF0, 0x01, 0xE0, 0x01, 0xC0, 0x01, 0xC0, 0x01, 0xC0, 0x01, 0xC0, 0x01, 0xC0,
    0x01, 0xC0, 0x01, 0xC0, 0x01, 0xC0, 0x01, 0xC0, 0x71, 0xC0, 0x71, 0xC0, 0xF1, 0xC0, 0x7F, 0x80,
    0x3F, 0x00, 0xFE, 0x7E, 0x78, 0x3C, 0x38, 0x38, 0x38, 0x70, 0x38, 0xE0, 0x39, 0xC0, 0x3B, 0x80,
    0x3F, 0x80, 0x3F, 0x80, 0x39, 0xC0, 0x39, 0xE0, 0x38, 0xE0, 0x38, 0x70, 0x38, 0x78, 0x78, 0x3D,
    0xFE, 0x1F, 0xFE, 0x00, 0x78, 0x00, 0x38, 0x00, 0x38, 0x00, 0x38, 0x00, 0x38, 0x00, 0x38, 0x00,
    0x38, 0x00, 0x38, 0x00, 0x38, 0x00, 0x38, 0x00, 0x38, 0x10, 0x38, 0x30, 0x38, 0x30, 0x79, 0xF0,
    0xFF, 0xF0, 0x7E, 0x03, 0xF0, 0x3E, 0x07, 0xE0, 0x3E, 0x07, 0xC0, 0x3F, 0x0F, 0xC0, 0x37, 0x0D,
    0xC0, 0x37, 0x0D, 0xC0, 0x33, 0x9D, 0xC0, 0x33, 0x99, 0xC0, 0x33, 0x99, 0xC0, 0x31, 0xF1, 0xC0,
    0x31, 0xF1, 0xC0, 0x30, 0xE1, 0xC0, 0x30, 0xE1, 0xC0, 0x30, 0x41, 0xC0, 0x78, 0x01, 0xE0, 0xFC,
    0x07, 0xF0, 0xFC, 0x1F, 0x80, 0x7E, 0x0E, 0x00, 0x3E, 0x06, 0x00, 0x3F, 0x06, 0x00, 0x37, 0x06,
    0x00, 0x37, 0x86, 0x00, 0x33, 0xC6, 0x00, 0x31, 0xC6, 0x00, 0x31, 0xE6, 0x00, 0x30, 0xE6, 0x00,
    0x30, 0xF6, 0x00, 0x30, 0x76, 0x00, 0x30, 0x3E, 0x00, 0x30, 0x3E, 0x00, 0x78, 0x1E, 0x00, 0xFC,
    0x0E, 0x00, 0x0F, 0xE0, 0x1F, 0xF0, 0x38, 0x38, 0x70, 0x1C, 0x60, 0x1E, 0xE0, 0x0E, 0xE0, 0x0E,
    0xE0, 0x0E, 0xE0, 0x0E, 0xE0, 0x0E, 0xE0, 0x0E, 0xF0, 0x0C, 0x70, 0x1C, 0x38, 0x38, 0x1F, 0xF0,
    0x0F, 0xE0, 0xFF, 0xC0, 0x7F, 0xE0, 0x38, 0x70, 0x38, 0x78, 0x38, 0x78, 0x38, 0x70, 0x38, 0x70,
    0x38, 0xE0, 0x3F, 0xC0, 0x38, 0x00, 0x38, 0x00, 0x38, 0x00, 0x38, 0x00, 0x38, 0x00, 0x7C, 0x00,
    0xFE, 0x00, 0x0F, 0xE0, 0x00, 0x1F, 0xF0, 0x00, 0x38, 0x38, 0x00, 0x70, 0x1C, 0x00, 0x60, 0x1E,
    0x00, 0xE0, 0x0E, 0x00, 0xE0, 0x0E, 0x00, 0xE0, 0x0E, 0x00, 0xE0, 0x0E, 0x00, 0xE0, 0x0E, 0x00,
    0xEF, 0x0E, 0x00, 0xFB, 0x8C, 0x00, 0x71, 0xDC, 0x00, 0x38, 0xF8, 0x00, 0x1F, 0xF0, 0x00, 0x0F,
    0xF0, 0x00, 0x00, 0x38, 0x00, 0x00, 0x1C, 0x60, 0x00, 0x1F, 0xC0, 0x00, 0x0F, 0x80, 0xFF, 0xC0,
    0x7F, 0xF0, 0x38, 0x70, 0x38, 0x78, 0x38, 0x70, 0x38, 0x70, 0x38, 0xE0, 0x3F, 0xC0, 0x3B, 0xC0,
    0x39, 0xE0, 0x38, 0xE0, 0x38, 0xF0, 0x38, 0x70, 0x38, 0x70, 0x7C, 0x3E, 0xFE, 0x1E, 0x1F, 0x20,
    0x3F, 0xE0, 0x70, 0x60, 0x70, 0x70, 0x70, 0x20, 0x78, 0x00, 0x7E, 0x00, 0x3F, 0xC0, 0x0F, 0xE0,
    0x01, 0xF0, 0x00, 0xF0, 0xC0, 0x70, 0x60, 0x70, 0x70, 0x70, 0x7F, 0xE0, 0x4F, 0x80, 0x7F, 0xFE,
    0x7F, 0xFE, 0x63, 0x86, 0xC3, 0x83, 0xC3, 0x83, 0x03, 0x80, 0x03, 0x80, 0x03, 0x80, 0x03, 0x80,
    0x03, 0x80, 0x03, 0x80, 0x03, 0x80, 0x03, 0x80, 0x03, 0x80, 0x07, 0xC0, 0x0F, 0xF0, 0xFE, 0x1F,
    0x78, 0x0E, 0x38, 0x06, 0x38, 0x06, 0x38, 0x06, 0x38, 0x06, 0x38, 0x06, 0x38, 0x06, 0x38, 0x06,
    0x38, 0x06, 0x38, 0x06, 0x38, 0x06, 0x38, 0x0C, 0x1C, 0x0C, 0x1F, 0xF8, 0x07, 0xF0, 0xFE, 0x3F,
    0x7C, 0x1E, 0x38, 0x0C, 0x3C, 0x1C, 0x1C, 0x18, 0x1C, 0x18, 0x1E, 0x38, 0x0E, 0x30, 0x0E, 0x30,
    0x06, 0x30, 0x07, 0x60, 0x07, 0x60, 0x03, 0x40, 0x03, 0xC0, 0x03, 0xC0, 0x01, 0x80, 0xFE, 0x1C,
    0x3F, 0x7C, 0x1C, 0x1E, 0x38, 0x3C, 0x0C, 0x3C, 0x3E, 0x18, 0x1C, 0x3E, 0x18, 0x1C, 0x2E, 0x18,
    0x1C, 0x66, 0x18, 0x1E, 0x67, 0x30, 0x0E, 0x67, 0x30, 0x0E, 0x47, 0x30, 0x0E, 0x43, 0x30, 0x0E,
    0xC3, 0xA0, 0x07, 0xC3, 0xE0, 0x07, 0x81, 0xE0, 0x07, 0x81, 0xE0, 0x03, 0x81, 0xC0, 0xFE, 0x3E,
    0x7C, 0x1C, 0x3C, 0x18, 0x1C, 0x30, 0x0E, 0x60, 0x07, 0x60, 0x07, 0xC0, 0x03, 0x80, 0x03, 0xC0,
    0x03, 0xE0, 0x06, 0xE0, 0x0C, 0x70, 0x1C, 0x78, 0x38, 0x3C, 0x78, 0x3E, 0xFC, 0x7F, 0xFE, 0x3F,
    0x7C, 0x1E, 0x3C, 0x1C, 0x1C, 0x18, 0x1E, 0x30, 0x0E, 0x30, 0x0F, 0x60, 0x07, 0xC0, 0x03, 0xC0,
    0x03, 0x80, 0x03, 0x80, 0x03, 0x80, 0x03, 0x80, 0x03, 0x80, 0x03, 0xC0, 0x0F, 0xE0, 0x7F, 0xF8,
    0x7F, 0xF8, 0x60, 0x70, 0x60, 0xF0, 0x60, 0xE0, 0x01, 0xC0, 0x03, 0xC0, 0x07, 0x80, 0x07, 0x00,
    0x0F, 0x00, 0x1E, 0x00, 0x1C, 0x08, 0x38, 0x18, 0x78, 0x18, 0x78, 0x78, 0xFF, 0xF8, 0xF8, 0xE0,
    0xE0, 0xE0, 0xE0, 0xE0, 0xE0, 0xE0, 0xE0, 0xE0, 0xE0, 0xE0, 0xE0, 0xE0, 0xE0, 0xE0, 0xE0, 0xE0,
    0xE0, 0xE0, 0xE0, 0xE0, 0xF8, 0xC0, 0x00, 0x60, 0x00, 0x60, 0x00, 0x20, 0x00, 0x30, 0x00, 0x30,
    0x00, 0x18, 0x00, 0x18, 0x00, 0x18, 0x00, 0x0C, 0x00, 0x0C, 0x00, 0x0C, 0x00, 0x06, 0x00, 0x06,
    0x00, 0x06, 0x00, 0x03, 0x00, 0x03, 0x00, 0x01, 0x80, 0x01, 0x80, 0x01, 0x80, 0x00, 0xC0, 0xF8,
    0x78, 0x38, 0x38, 0x38, 0x38, 0x38, 0x38, 0x38, 0x38, 0x38, 0x38, 0x38, 0x38, 0x38, 0x38, 0x38,
    0x38, 0x38, 0x38, 0x38, 0x38, 0xF8, 0x06, 0x00, 0x0E, 0x00, 0x1F, 0x00, 0x19, 0x80, 0x31, 0x80,
    0x60, 0xC0, 0x60, 0x60, 0xC0, 0x60, 0xFF, 0xE0, 0xC0, 0xE0, 0x70, 0x30, 0x3E, 0x00, 0xFF, 0x00,
    0xE3, 0x80, 0xE3, 0x80, 0x03, 0x80, 0x3F, 0x80, 0x7B, 0x80, 0xE3, 0x80, 0xE3, 0x80, 0xE3, 0x80,
    0xFF, 0xE0, 0x79, 0xE0, 0xF8, 0x00, 0x78, 0x00, 0x38, 0x00, 0x38, 0x00, 0x38, 0x00, 0x3B, 0xE0,
    0x3F, 0xF0, 0x3C, 0x78, 0x38, 0x38, 0x38, 0x38, 0x38, 0x38, 0x38, 0x38, 0x38, 0x38, 0x38, 0x38,
    0x38, 0x70, 0x3F, 0xE0, 0x37, 0xC0, 0x1F, 0x00, 0x3F, 0x80, 0x71, 0xC0, 0xE1, 0xC0, 0xE1, 0x80,
    0xE0, 0x00, 0xE0, 0x00, 0xE0, 0x00, 0xE0, 0x00, 0x70, 0x00, 0x7F, 0xC0, 0x1F, 0x00, 0x03, 0xE0,
    0x00, 0xE0, 0x00, 0xE0, 0x00, 0xE0, 0x00, 0xE0, 0x1F, 0xE0, 0x3F, 0xE0, 0x70, 0xE0, 0xE0, 0xE0,
    0xE0, 0xE0, 0xE0, 0xE0, 0xE0, 0xE0, 0xE0, 0xE0, 0xE0, 0xE0, 0x71, 0xE0, 0x7F, 0xF0, 0x3E, 0xF8,
    0x1F, 0x00, 0x3F, 0x80, 0x71, 0xC0, 0xE1, 0xC0, 0xE1, 0xC0, 0xFF, 0xC0, 0xE0, 0x00, 0xE0, 0x00,
    0xE0, 0x00, 0x70, 0x40, 0x7F, 0xC0, 0x1F, 0x00, 0x0F, 0x80, 0x1F, 0xC0, 0x39, 0xC0, 0x38, 0x00,
    0x38, 0x00, 0xFF, 0x00, 0xFF, 0x00, 0x38, 0x00, 0x38, 0x00, 0x38, 0x00, 0x38, 0x00, 0x38, 0x00,
    0x38, 0x00, 0x38, 0x00, 0x38, 0x00, 0x7C, 0x00, 0xFE, 0x00, 0x00, 0x70, 0x1F, 0x70, 0x7F, 0xC0,
    0xF1, 0xC0, 0xE0, 0xE0, 0xE0, 0xE0, 0xE0, 0xE0, 0x71, 0xC0, 0x3F, 0x80, 0x60, 0x00, 0x60, 0x00,
    0x7F, 0xE0, 0x3F, 0xF0, 0x60, 0x70, 0xE0, 0x70, 0xE0, 0x70, 0xFF, 0xE0, 0x3F, 0x80, 0xF0, 0x00,
    0x70, 0x00, 0x70, 0x00, 0x70, 0x00, 0x70, 0x00, 0x77, 0xC0, 0x7F, 0xE0, 0x78, 0x70, 0x70, 0x70,
    0x70, 0x70, 0x70, 0x70, 0x70, 0x70, 0x70, 0x70, 0x70, 0x70, 0x70, 0x70, 0x78, 0x78, 0xFC, 0xFC,
    0x70, 0x70, 0x70, 0x00, 0x00, 0xF0, 0xF0, 0x70, 0x70, 0x70, 0x70, 0x70, 0x70, 0x70, 0x70, 0xF8,
    0xFC, 0x70, 0x78, 0x70, 0x00, 0x00, 0xF8, 0x78, 0x38, 0x38, 0x38, 0x38, 0x38, 0x38, 0x38, 0x38,
    0x38, 0x38, 0x38, 0x30, 0x70, 0xE0, 0xC0, 0xF8, 0x00, 0x78, 0x00, 0x38, 0x00, 0x38, 0x00, 0x38,
    0x00, 0x39, 0xF8, 0x38, 0xF0, 0x38, 0xC0, 0x39, 0x80, 0x3B, 0x00, 0x3F, 0x00, 0x3B, 0x80, 0x3B,
    0xC0, 0x39, 0xC0, 0x38, 0xE0, 0xFC, 0x7C, 0xFC, 0x38, 0xF8, 0x78, 0x38, 0x38, 0x38, 0x38, 0x38,
    0x38, 0x38, 0x38, 0x38, 0x38, 0x38, 0x38, 0x38, 0x78, 0xFC, 0xF3, 0xC7, 0xC0, 0x7F, 0xEF, 0xE0,
    0x78, 0x78, 0xE0, 0x70, 0x70, 0xE0, 0x70, 0x70, 0xE0, 0x70, 0x70, 0xE0, 0x70, 0x70, 0xE0, 0x70,
    0x70, 0xE0, 0x70, 0x70, 0xE0, 0x70, 0x70, 0xE0, 0x78, 0xF0, 0xF0, 0xFD, 0xF9, 0xF8, 0xF7, 0xC0,
    0x7F, 0xE0, 0x78, 0x70, 0x70, 0x70, 0x70, 0x70, 0x70, 0x70, 0x70, 0x70, 0x70, 0x70, 0x70, 0x70,
    0x70, 0x70, 0x78, 0x78, 0xFC, 0xFC, 0x1F, 0x80, 0x3F, 0xC0, 0x70, 0xE0, 0xE0, 0xF0, 0xE0, 0x70,
    0xE0, 0x70, 0xE0, 0x70, 0xE0, 0x70, 0xE0, 0x60, 0x70, 0xE0, 0x3F, 0xC0, 0x1F, 0x80, 0xF7, 0xC0,
    0xFF, 0xF0, 0x78, 0x70, 0x70, 0x38, 0x70, 0x38, 0x70, 0x38, 0x70, 0x38, 0x70, 0x38, 0x70, 0x70,
    0x70, 0x70, 0x7F, 0xE0, 0x7F, 0xC0, 0x70, 0x00, 0x70, 0x00, 0x70, 0x00, 0x78, 0x00, 0xFC, 0x00,
    0x1F, 0x60, 0x3F, 0xE0, 0x70, 0xE0, 0xE0, 0xE0, 0xE0, 0xE0, 0xE0, 0xE0, 0xE0, 0xE0, 0xE0, 0xE0,
    0xE0, 0xE0, 0x71, 0xE0, 0x7F, 0xE0, 0x3E, 0xE0, 0x00, 0xE0, 0x00, 0xE0, 0x00, 0xE0, 0x00, 0xF0,
    0x01, 0xF8, 0xF7, 0x80, 0xFF, 0xC0, 0x79, 0xC0, 0x71, 0xC0, 0x70, 0x00, 0x70, 0x00, 0x70, 0x00,
    0x70, 0x00, 0x70, 0x00, 0x70, 0x00, 0x78, 0x00, 0xFE, 0x00, 0x3F, 0x80, 0x7F, 0x80, 0xC3, 0x80,
    0xC1, 0x80, 0xF0, 0x00, 0x7E, 0x00, 0x3F, 0x00, 0x03, 0x80, 0x81, 0x80, 0xC1, 0x80, 0xFF, 0x00,
    0xFE, 0x00, 0x18, 0x00, 0x18, 0x00, 0x38, 0x00, 0x38, 0x00, 0xFF, 0x00, 0xFF, 0x00, 0x38, 0x00,
    0x38, 0x00, 0x38, 0x00, 0x38, 0x00, 0x38, 0x00, 0x38, 0x00, 0x38, 0x00, 0x38, 0x00, 0x3F, 0x80,
    0x1F, 0x00, 0xF8, 0xF0, 0x78, 0xF0, 0x38, 0x70, 0x38, 0x70, 0x38, 0x70, 0x38, 0x70, 0x38, 0x70,
    0x38, 0x70, 0x38, 0x70, 0x38, 0xF0, 0x1F, 0xFC, 0x1F, 0x7C, 0xFC, 0xF8, 0x78, 0x70, 0x38, 0x20,
    0x38, 0x60, 0x38, 0x60, 0x1C, 0x40, 0x1C, 0xC0, 0x1C, 0xC0, 0x0F, 0x80, 0x0F, 0x80, 0x07, 0x00,
    0x07, 0x00, 0xFC, 0x71, 0xF0, 0x78, 0x70, 0xE0, 0x38, 0xF0, 0xC0, 0x38, 0xF8, 0x80, 0x38, 0xB8,
    0x80, 0x1C, 0x99, 0x80, 0x1D, 0x9D, 0x80, 0x1D, 0x9D, 0x00, 0x0D, 0x1F, 0x00, 0x0F, 0x0F, 0x00,
    0x0F, 0x0E, 0x00, 0x0F, 0x0E, 0x00, 0xFC, 0xF8, 0x78, 0x70, 0x3C, 0x40, 0x1C, 0xC0, 0x0F, 0x80,
    0x0F, 0x00, 0x07, 0x80, 0x0F, 0x80, 0x19, 0xC0, 0x30, 0xE0, 0x70, 0xF0, 0xF9, 0xF8, 0xFC, 0xF8,
    0x78, 0x70, 0x38, 0x60, 0x38, 0x60, 0x18, 0x40, 0x1C, 0xC0, 0x1C, 0xC0, 0x0F, 0x80, 0x0F, 0x80,
    0x07, 0x00, 0x07, 0x00, 0x07, 0x00, 0x06, 0x00, 0x46, 0x00, 0xEC, 0x00, 0xFC, 0x00, 0x70, 0x00,
    0xFF, 0xC0, 0xFF, 0xC0, 0xC3, 0x80, 0xC7, 0x00, 0x07, 0x00, 0x0E, 0x00, 0x1C, 0x00, 0x3C, 0x00,
    0x38, 0x40, 0x70, 0xC0, 0xF1, 0xC0, 0xFF, 0xC0, 0x1E, 0x3C, 0x38, 0x38, 0x38, 0x38, 0x38, 0x38,
    0x38, 0x38, 0x30, 0xE0, 0x70, 0x38, 0x38, 0x38, 0x38, 0x38, 0x38, 0x38, 0x38, 0x38, 0x3E, 0x1E,
    0xC0, 0xC0, 0xC0, 0xC0, 0xC0, 0xC0, 0xC0, 0xC0, 0xC0, 0xC0, 0xC0, 0xC0, 0xC0, 0xC0, 0xC0, 0xC0,
    0xC0, 0xC0, 0xC0, 0xC0, 0xC0, 0xF0, 0x78, 0x38, 0x38, 0x38, 0x38, 0x38, 0x38, 0x38, 0x38, 0x18,
    0x0E, 0x1C, 0x38, 0x38, 0x38, 0x38, 0x38, 0x38, 0x38, 0x38, 0x38, 0xF8, 0xF0, 0xFC, 0xC0, 0xFF,
    0x80, 0xE0, 0xE0, 0xE0, 0x00, 0x00, 0x40, 0x40, 0x40, 0x40, 0x40, 0xC0, 0xE0, 0xE0, 0xE0, 0xE0,
    0xE0, 0xE0, 0x02, 0x00, 0x02, 0x00, 0x1F, 0x00, 0x3F, 0xC0, 0x77, 0xC0, 0xE5, 0xC0, 0xE4, 0x80,
    0xEC, 0x00, 0xEC, 0x00, 0xEC, 0x00, 0xE8, 0x00, 0x78, 0x00, 0x78, 0xC0, 0x3F, 0x80, 0x18, 0x00,
    0x10, 0x00, 0x0F, 0x80, 0x3F, 0xC0, 0x70, 0xE0, 0x70, 0xE0, 0x70, 0xC0, 0x70, 0x00, 0x70, 0x00,
    0x78, 0x00, 0xFF, 0xC0, 0x3C, 0x00, 0x1C, 0x00, 0x1C, 0x00, 0x18, 0x30, 0x38, 0x60, 0x7F, 0xE0,
    0xFF, 0xE0, 0xC0, 0x40, 0xFF, 0xC0, 0x7F, 0x80, 0x71, 0x80, 0x61, 0x80, 0x61, 0x80, 0x61, 0x80,
    0x73, 0x80, 0x7F, 0x80, 0xC0, 0xC0, 0xFE, 0x3F, 0x7C, 0x1E, 0x3C, 0x1C, 0x1C, 0x18, 0x1E, 0x30,
    0x0E, 0x30, 0x0F, 0x60, 0x7F, 0xFC, 0x07, 0xC0, 0x03, 0x80, 0x7F, 0xFC, 0x03, 0x80, 0x03, 0x80,
    0x03, 0x80, 0x03, 0x80, 0x0F, 0xE0, 0xC0, 0xC0, 0xC0, 0xC0, 0xC0, 0xC0, 0xC0, 0xC0, 0xC0, 0x00,
    0x00, 0x00, 0xC0, 0xC0, 0xC0, 0xC0, 0xC0, 0xC0, 0xC0, 0xC0, 0xC0, 0x0F, 0x80, 0x1F, 0xC0, 0x39,
    0xC0, 0x39, 0xC0, 0x38, 0x00, 0x3C, 0x00, 0x7F, 0x00, 0xCF, 0x80, 0xC3, 0xC0, 0xE1, 0xE0, 0x70,
    0x70, 0x7C, 0x70, 0x3E, 0x30, 0x0F, 0xF0, 0x07, 0xE0, 0x03, 0xC0, 0x39, 0xC0, 0x39, 0xC0, 0x3B,
    0xC0, 0x3F, 0x80, 0xE7, 0xE7, 0xE7, 0x0F, 0xF0, 0x1E, 0x78, 0x30, 0x0C, 0x63, 0xF6, 0xC7, 0x73,
    0x8E, 0x33, 0x8C, 0x01, 0x8C, 0x01, 0x8C, 0x01, 0x8E, 0x03, 0xC7, 0x33, 0x43, 0xE6, 0x60, 0x0C,
    0x3C, 0x38, 0x0F, 0xF0, 0x7C, 0x00, 0xEE, 0x00, 0xC6, 0x00, 0x06, 0x00, 0x7F, 0x00, 0xE7, 0x00,
    0xE7, 0x00, 0xEF, 0x00, 0x7B, 0x80, 0x08, 0xC0, 0x19, 0x80, 0x33, 0x80, 0x77, 0x00, 0xE6, 0x00,
    0xE7, 0x00, 0x77, 0x00, 0x3B, 0x80, 0x18, 0xC0, 0x08, 0x40, 0xFF, 0xC0, 0x00, 0xC0, 0x00, 0xC0,
    0x00, 0xC0, 0x00, 0xC0, 0x3E, 0x00, 0x77, 0x00, 0xFB, 0x80, 0xF7, 0x80, 0xF7, 0x80, 0xFB, 0x80,
    0x7F, 0x00, 0x3E, 0x00, 0xFE, 0x78, 0xDC, 0x84, 0xCC, 0x78, 0x0C, 0x00, 0x0C, 0x00, 0x0C, 0x00,
    0xFF, 0xC0, 0x0C, 0x00, 0x0C, 0x00, 0x0C, 0x00, 0x0C, 0x00, 0x0C, 0x00, 0x00, 0x00, 0xFF, 0xC0,
    0xFF, 0xC0, 0x7E, 0xC7, 0xC7, 0x07, 0x06, 0x0C, 0x18, 0x31, 0xFF, 0xFF, 0x7C, 0xCE, 0xC6, 0x06,
    0x1C, 0x1E, 0x06, 0x06, 0xCE, 0x7C, 0x30, 0x70, 0xE0, 0xC0, 0xE1, 0xC0, 0xE1, 0xC0, 0xE1, 0xC0,
    0xE1, 0xC0, 0xE1, 0xC0, 0xE1, 0xC0, 0xE1, 0xC0, 0xE1, 0xC0, 0xE1, 0xC0, 0xE3, 0xC0, 0xFF, 0xF0,
    0xFC, 0xF0, 0xE0, 0x00, 0xE0, 0x00, 0xE0, 0x00, 0xE0, 0x00, 0xE0, 0x00, 0x1D, 0xF0, 0x7D, 0xC0,
    0x7D, 0xC0, 0xFD, 0xC0, 0xFD, 0xC0, 0xFD, 0xC0, 0xFD, 0xC0, 0xFD, 0xC0, 0x7D, 0xC0, 0x7D, 0xC0,
    0x1D, 0xC0, 0x01, 0xC0, 0x01, 0xC0, 0x01, 0xC0, 0x01, 0xC0, 0x01, 0xC0, 0x01, 0xC0, 0x01, 0xC0,
    0x03, 0xC0, 0x07, 0xC0, 0x60, 0xF0, 0xF0, 0x60, 0x60, 0x70, 0x18, 0xB8, 0xF0, 0x10, 0xF8, 0x38,
    0x38, 0x38, 0x38, 0x38, 0x38, 0x38, 0x38, 0xFC, 0x3E, 0x67, 0xE3, 0xE3, 0xE3, 0xE3, 0xE3, 0x77,
    0x3C, 0x88, 0x00, 0xCE, 0x00, 0x67, 0x00, 0x73, 0x80, 0x3B, 0x80, 0x3B, 0x80, 0x73, 0x80, 0x66,
    0x00, 0xCC, 0x00, 0x88, 0x00, 0xF8, 0x06, 0x00, 0x38, 0x0C, 0x00, 0x38, 0x0C, 0x00, 0x38, 0x18,
    0x00, 0x38, 0x18, 0x00, 0x38, 0x30, 0x60, 0x38, 0x30, 0xE0, 0x38, 0x61, 0xE0, 0x38, 0x62, 0xE0,
    0xFC, 0xC6, 0xE0, 0x00, 0x84, 0xE0, 0x01, 0x88, 0xE0, 0x01, 0x18, 0xE0, 0x03, 0x1F, 0xF0, 0x02,
    0x00, 0xE0, 0x06, 0x00, 0xE0, 0x04, 0x00, 0xC0, 0xF8, 0x03, 0x00, 0x78, 0x06, 0x00, 0x38, 0x0E,
    0x00, 0x38, 0x0C, 0x00, 0x38, 0x18, 0x00, 0x38, 0x1B, 0xF0, 0x38, 0x37, 0x78, 0x38, 0x27, 0x38,
    0x38, 0x67, 0x38, 0xFC, 0xC0, 0x38, 0xFC, 0xC0, 0x70, 0x01, 0x80, 0xE0, 0x01, 0x01, 0xC0, 0x03,
    0x03, 0x88, 0x02, 0x07, 0xF8, 0x06, 0x07, 0xF8, 0x04, 0x00, 0x00, 0x7C, 0x03, 0x00, 0xEE, 0x03,
    0x00, 0xE6, 0x06, 0x00, 0xE6, 0x0C, 0x00, 0x0C, 0x0C, 0x00, 0x1C, 0x18, 0x00, 0x0E, 0x18, 0x60,
    0x07, 0x30, 0xE0, 0x07, 0x31, 0xE0, 0xCF, 0x63, 0x60, 0x7E, 0xC2, 0x60, 0x00, 0xC6, 0x60, 0x01,
    0x8C, 0x60, 0x01, 0x8F, 0xF8, 0x03, 0x00, 0x60, 0x06, 0x00, 0x60, 0x06, 0x00, 0x60, 0x1E, 0x00,
    0x1E, 0x00, 0x1E, 0x00, 0x00, 0x00, 0x04, 0x00, 0x04, 0x00, 0x04, 0x00, 0x0C, 0x00, 0x1C, 0x00,
    0x38, 0x00, 0x78, 0x00, 0xF0, 0x00, 0xE3, 0x80, 0xE3, 0x80, 0xE1, 0x80, 0x7B, 0x00, 0x3E, 0x00,
    0x03, 0x00, 0x00, 0x03, 0x80, 0x00, 0x01, 0xC0, 0x00, 0x00, 0x40, 0x00, 0x00, 0x00, 0x00, 0x01,
    0xC0, 0x00, 0x01, 0xE0, 0x00, 0x03, 0xE0, 0x00, 0x03, 0xE0, 0x00, 0x06, 0x70, 0x00, 0x06, 0x70,
    0x00, 0x06, 0x70, 0x00, 0x0C, 0x78, 0x00, 0x0C, 0x38, 0x00, 0x0C, 0x3C, 0x00, 0x1F, 0xFC, 0x00,
    0x18, 0x1C, 0x00, 0x38, 0x1E, 0x00, 0x30, 0x0E, 0x00, 0x70, 0x1F, 0x00, 0xFC, 0x3F, 0x80, 0x00,
    0x20, 0x00, 0x00, 0x70, 0x00, 0x00, 0xE0, 0x00, 0x01, 0xC0, 0x00, 0x01, 0x00, 0x00, 0x00, 0x00,
    0x00, 0x01, 0xC0, 0x00, 0x01, 0xE0, 0x00, 0x03, 0xE0, 0x00, 0x03, 0xE0, 0x00, 0x06, 0x70, 0x00,
    0x06, 0x70, 0x00, 0x06, 0x70, 0x00, 0x0C, 0x78, 0x00, 0x0C, 0x38, 0x00, 0x0C, 0x3C, 0x00, 0x1F,
    0xFC, 0x00, 0x18, 0x1C, 0x00, 0x38, 0x1E, 0x00, 0x30, 0x0E, 0x00, 0x70, 0x1F, 0x00, 0xFC, 0x3F,
    0x80, 0x00, 0x80, 0x00, 0x01, 0xC0, 0x00, 0x03, 0xE0, 0x00, 0x07, 0x70, 0x00, 0x04, 0x10, 0x00,
    0x00, 0x00, 0x00, 0x01, 0xC0, 0x00, 0x01, 0xE0, 0x00, 0x03, 0xE0, 0x00, 0x03, 0xE0, 0x00, 0x06,
    0x70, 0x00, 0x06, 0x70, 0x00, 0x06, 0x70, 0x00, 0x0C, 0x78, 0x00, 0x0C, 0x38, 0x00, 0x0C, 0x3C,
    0x00, 0x1F, 0xFC, 0x00, 0x18, 0x1C, 0x00, 0x38, 0x1E, 0x00, 0x30, 0x0E, 0x00, 0x70, 0x1F, 0x00,
    0xFC, 0x3F, 0x80, 0x03, 0x90, 0x00, 0x07, 0xF0, 0x00, 0x04, 0xF0, 0x00, 0x00, 0x00, 0x00, 0x00,
    0x00, 0x00, 0x01, 0xC0, 0x00, 0x01, 0xE0, 0x00, 0x03, 0xE0, 0x00, 0x03, 0xE0, 0x00, 0x06, 0x70,
    0x00, 0x06, 0x70, 0x00, 0x06, 0x70, 0x00, 0x0C, 0x78, 0x00, 0x0C, 0x38, 0x00, 0x0C, 0x3C, 0x00,
    0x1F, 0xFC, 0x00, 0x18, 0x1C, 0x00, 0x38, 0x1E, 0x00, 0x30, 0x0E, 0x00, 0x70, 0x1F, 0x00, 0xFC,
    0x3F, 0x80, 0x0E, 0x70, 0x00, 0x0E, 0x70, 0x00, 0x0E, 0x70, 0x00, 0x00, 0x00, 0x00, 0x00, 0x00,
    0x00, 0x03, 0xC0, 0x00, 0x03, 0xC0, 0x00, 0x03, 0xE0, 0x00, 0x06, 0xE0, 0x00, 0x06, 0xF0, 0x00,
    0x06, 0xF0, 0x00, 0x0C, 0x70, 0x00, 0x0C, 0x78, 0x00, 0x0C, 0x38, 0x00, 0x1C, 0x3C, 0x00, 0x1F,
    0xFC, 0x00, 0x18, 0x3C, 0x00, 0x30, 0x1E, 0x00, 0x30, 0x1E, 0x00, 0x70, 0x1F, 0x00, 0xFC, 0x3F,
    0x80, 0x03, 0xC0, 0x00, 0x06, 0x60, 0x00, 0x06, 0x60, 0x00, 0x07, 0xE0, 0x00, 0x03, 0xC0, 0x00,
    0x00, 0x00, 0x00, 0x01, 0xC0, 0x00, 0x03, 0xC0, 0x00, 0x03, 0xE0, 0x00, 0x02, 0xE0, 0x00, 0x06,
    0xF0, 0x00, 0x04, 0x70, 0x00, 0x0C, 0x70, 0x00, 0x0C, 0x78, 0x00, 0x08, 0x38, 0x00, 0x18, 0x38,
    0x00, 0x1F, 0xFC, 0x00, 0x18, 0x3C, 0x00, 0x30, 0x1E, 0x00, 0x30, 0x1E, 0x00, 0x70, 0x1F, 0x00,
    0xFC, 0x3F, 0x80, 0x01, 0xFF, 0xF8, 0x00, 0xFF, 0xF8, 0x00, 0x9C, 0x18, 0x01, 0x9C, 0x08, 0x01,
    0x1C, 0x00, 0x03, 0x1C, 0x20, 0x03, 0x1C, 0x60, 0x07, 0xFF, 0xE0, 0x06, 0x1C, 0x60, 0x0C, 0x1C,
    0x20, 0x0C, 0x1C, 0x00, 0x18, 0x1C, 0x0C, 0x18, 0x1C, 0x0C, 0x30, 0x1C, 0x1C, 0x78, 0x3C, 0x38,
    0xFC, 0x7F, 0xF8, 0x0F, 0xD8, 0x1F, 0xF8, 0x38, 0x38, 0x70, 0x18, 0x60, 0x0C, 0xE0, 0x00, 0xE0,
    0x00, 0xE0, 0x00, 0xE0, 0x00, 0xE0, 0x00, 0xE0, 0x00, 0x70, 0x00, 0x70, 0x08, 0x38, 0x1C, 0x1F,
    0xF8, 0x0F, 0xE0, 0x03, 0x00, 0x03, 0xC0, 0x00, 0xC0, 0x04, 0xC0, 0x07, 0xC0, 0x08, 0x00, 0x1C,
    0x00, 0x1E, 0x00, 0x07, 0x00, 0x01, 0x00, 0x00, 0x00, 0xFF, 0xE0, 0x7F, 0xE0, 0x38, 0x70, 0x38,
    0x30, 0x38, 0x00, 0x38, 0xC0, 0x38, 0xC0, 0x3F, 0xC0, 0x39, 0xC0, 0x38, 0xC0, 0x38, 0x00, 0x38,
    0x10, 0x38, 0x30, 0x38, 0x30, 0x78, 0xF0, 0xFF, 0xF0, 0x03, 0x80, 0x07, 0x80, 0x0F, 0x00, 0x08,
    0x00, 0x00, 0x00, 0xFF, 0xE0, 0x7F, 0xE0, 0x38, 0x70, 0x38, 0x30, 0x38, 0x00, 0x38, 0xC0, 0x38,
    0xC0, 0x3F, 0xC0, 0x39, 0xC0, 0x38, 0xC0, 0x38, 0x00, 0x38, 0x10, 0x38, 0x30, 0x38, 0x30, 0x78,
    0xF0, 0xFF, 0xF0, 0x07, 0x00, 0x0F, 0x00, 0x1D, 0x80, 0x30, 0xC0, 0x00, 0x00, 0xFF, 0xE0, 0x7F,
    0xE0, 0x38, 0x70, 0x38, 0x30, 0x38, 0x00, 0x38, 0xC0, 0x38, 0xC0, 0x3F, 0xC0, 0x39, 0xC0, 0x38,
    0xC0, 0x38, 0x00, 0x38, 0x10, 0x38, 0x30, 0x38, 0x30, 0x78, 0xF0, 0xFF, 0xF0, 0x39, 0xC0, 0x39,
    0xC0, 0x39, 0xC0, 0x00, 0x00, 0x00, 0x00, 0xFF, 0xE0, 0x7F, 0xE0, 0x38, 0x70, 0x38, 0x30, 0x38,
    0x00, 0x38, 0xC0, 0x38, 0xC0, 0x3F, 0xC0, 0x39, 0xC0, 0x38, 0xC0, 0x38, 0x00, 0x38, 0x10, 0x38,
    0x30, 0x38, 0x30, 0x78, 0xF0, 0xFF, 0xF0, 0x40, 0xE0, 0x70, 0x38, 0x08, 0x00, 0xFE, 0x78, 0x38,
    0x38, 0x38, 0x38, 0x38, 0x38, 0x38, 0x38, 0x38, 0x38, 0x38, 0x38, 0x7C, 0xFE, 0x04, 0x0E, 0x1C,
    0x38, 0x60, 0x00, 0xFE, 0x78, 0x38, 0x38, 0x38, 0x38, 0x38, 0x38, 0x38, 0x38, 0x38, 0x38, 0x38,
    0x38, 0x7C, 0xFE, 0x10, 0x38, 0x7C, 0xEE, 0x82, 0x00, 0xFE, 0x78, 0x38, 0x38, 0x38, 0x38, 0x38,
    0x38, 0x38, 0x38, 0x38, 0x38, 0x38, 0x38, 0x7C, 0xFE, 0xE7, 0xE7, 0xE7, 0x00, 0x00, 0x7F, 0x3C,
    0x1C, 0x1C, 0x1C, 0x1C, 0x1C, 0x1C, 0x1C, 0x1C, 0x1C, 0x1C, 0x1C, 0x1C, 0x3E, 0x7F, 0x7F, 0xF0,
    0x3F, 0xF8, 0x1C, 0x1E, 0x1C, 0x0E, 0x1C, 0x0F, 0x1C, 0x07, 0x1C, 0x07, 0xFF, 0xC7, 0x1C, 0x07,
    0x1C, 0x07, 0x1C, 0x07, 0x1C, 0x0E, 0x1C, 0x0E, 0x1C, 0x1C, 0x3F, 0xF8, 0x7F, 0xE0, 0x07, 0x90,
    0x00, 0x07, 0xF0, 0x00, 0x00, 0xE0, 0x00, 0x00, 0x00, 0x00, 0x00, 0x00, 0x00, 0xFC, 0x1F, 0x80,
    0x7E, 0x0E, 0x00, 0x3E, 0x06, 0x00, 0x3F, 0x06, 0x00, 0x37, 0x06, 0x00, 0x37, 0x86, 0x00, 0x33,
    0xC6, 0x00, 0x31, 0xC6, 0x00, 0x31, 0xE6, 0x00, 0x30, 0xE6, 0x00, 0x30, 0xF6, 0x00, 0x30, 0x76,
    0x00, 0x30, 0x3E, 0x00, 0x30, 0x3E, 0x00, 0x78, 0x1E, 0x00, 0xFC, 0x0E, 0x00, 0x04, 0x00, 0x06,
    0x00, 0x07, 0x00, 0x03, 0x80, 0x00, 0xC0, 0x00, 0x00, 0x0F, 0xE0, 0x1F, 0xF0, 0x38, 0x38, 0x70,
    0x1C, 0x60, 0x1E, 0xE0, 0x0E, 0xE0, 0x0E, 0xE0, 0x0E, 0xE0, 0x0E, 0xE0, 0x0E, 0xE0, 0x0E, 0xF0,
    0x0C, 0x70, 0x1C, 0x38, 0x38, 0x1F, 0xF0, 0x0F, 0xE0, 0x00, 0x40, 0x00, 0xE0, 0x01, 0xC0, 0x03,
    0x80, 0x06, 0x00, 0x00, 0x00, 0x0F, 0xE0, 0x1F, 0xF0, 0x38, 0x38, 0x70, 0x1C, 0x60, 0x1E, 0xE0,
    0x0E, 0xE0, 0x0E, 0xE0, 0x0E, 0xE0, 0x0E, 0xE0, 0x0E, 0xE0, 0x0E, 0xF0, 0x0C, 0x70, 0x1C, 0x38,
    0x38, 0x1F, 0xF0, 0x0F, 0xE0, 0x03, 0x80, 0x03, 0x80, 0x07, 0xC0, 0x0E, 0x60, 0x08, 0x20, 0x00,
    0x00, 0x0F, 0xE0, 0x1F, 0xF0, 0x38, 0x38, 0x70, 0x1C, 0x60, 0x1E, 0xE0, 0x0E, 0xE0, 0x0E, 0xE0,
    0x0E, 0xE0, 0x0E, 0xE0, 0x0E, 0xE0, 0x0E, 0xF0, 0x0C, 0x70, 0x1C, 0x38, 0x38, 0x1F, 0xF0, 0x0F,
    0xE0, 0x07, 0x20, 0x0F, 0xE0, 0x09, 0xE0, 0x00, 0x00, 0x00, 0x00, 0x0F, 0xE0, 0x1F, 0xF0, 0x38,
    0x38, 0x70, 0x1C, 0x60, 0x1E, 0xE0, 0x0E, 0xE0, 0x0E, 0xE0, 0x0E, 0xE0, 0x0E, 0xE0, 0x0E, 0xE0,
    0x0E, 0xF0, 0x0C, 0x70, 0x1C, 0x38, 0x38, 0x1F, 0xF0, 0x0F, 0xE0, 0x0E, 0x70, 0x0E, 0x70, 0x0E,
    0x70, 0x00, 0x00, 0x00, 0x00, 0x0F, 0xE0, 0x1F, 0xF0, 0x38, 0x38, 0x70, 0x1C, 0x60, 0x1E, 0xE0,
    0x0E, 0xE0, 0x0E, 0xE0, 0x0E, 0xE0, 0x0E, 0xE0, 0x0E, 0xE0, 0x0E, 0xF0, 0x0C, 0x70, 0x1C, 0x38,
    0x38, 0x1F, 0xF0, 0x0F, 0xE0, 0x83, 0xC6, 0x7C, 0x38, 0x38, 0x6C, 0xC6, 0x83, 0x0F, 0xE6, 0x1F,
    0xFC, 0x38, 0x3C, 0x70, 0x3C, 0x60, 0x7E, 0xE0, 0x6E, 0xE0, 0xCE, 0xE1, 0x8E, 0xE3, 0x0E, 0xE6,
    0x0E, 0xE4, 0x0E, 0xFC, 0x0C, 0x78, 0x1C, 0x78, 0x38, 0x7F, 0xF0, 0xCF, 0xE0, 0x03, 0x00, 0x03,
    0x80, 0x01, 0xC0, 0x00, 0x20, 0x00, 0x00, 0xFE, 0x1F, 0x78, 0x0E, 0x38, 0x06, 0x38, 0x06, 0x38,
    0x06, 0x38, 0x06, 0x38, 0x06, 0x38, 0x06, 0x38, 0x06, 0x38, 0x06, 0x38, 0x06, 0x38, 0x06, 0x38,
    0x0C, 0x1C, 0x0C, 0x1F, 0xF8, 0x07, 0xF0, 0x00, 0x20, 0x00, 0x70, 0x00, 0xF0, 0x01, 0xC0, 0x01,
    0x00, 0x00, 0x00, 0xFE, 0x1F, 0x78, 0x0E, 0x38, 0x06, 0x38, 0x06, 0x38, 0x06, 0x38, 0x06, 0x38,
    0x06, 0x38, 0x06, 0x38, 0x06, 0x38, 0x06, 0x38, 0x06, 0x38, 0x06, 0x38, 0x0C, 0x1C, 0x0C, 0x1F,
    0xF8, 0x07, 0xF0, 0x00, 0xC0, 0x01, 0xE0, 0x03, 0xE0, 0x07, 0x30, 0x04, 0x10, 0x00, 0x00, 0xFE,
    0x1F, 0x78, 0x0E, 0x38, 0x06, 0x38, 0x06, 0x38, 0x06, 0x38, 0x06, 0x38, 0x06, 0x38, 0x06, 0x38,
    0x06, 0x38, 0x06, 0x38, 0x06, 0x38, 0x06, 0x38, 0x0C, 0x1C, 0x0C, 0x1F, 0xF8, 0x07, 0xF0, 0x07,
    0x70, 0x07, 0x70, 0x07, 0x70, 0x00, 0x00, 0x00, 0x00, 0xFE, 0x1F, 0x78, 0x0E, 0x38, 0x06, 0x38,
    0x06, 0x38, 0x06, 0x38, 0x06, 0x38, 0x06, 0x38, 0x06, 0x38, 0x06, 0x38, 0x06, 0x38, 0x06, 0x38,
    0x06, 0x38, 0x0C, 0x1C, 0x0C, 0x1F, 0xF8, 0x07, 0xF0, 0x00, 0xE0, 0x01, 0xE0, 0x03, 0xC0, 0x02,
    0x00, 0x00, 0x00, 0xFE, 0x3F, 0x7C, 0x1E, 0x3C, 0x1C, 0x1C, 0x18, 0x1E, 0x30, 0x0E, 0x30, 0x0F,
    0x60, 0x07, 0xC0, 0x03, 0xC0, 0x03, 0x80, 0x03, 0x80, 0x03, 0x80, 0x03, 0x80, 0x03, 0x80, 0x03,
    0xC0, 0x0F, 0xE0, 0xFE, 0x00, 0x38, 0x00, 0x38, 0x00, 0x3F, 0xC0, 0x39, 0xF0, 0x38, 0x70, 0x38,
    0x78, 0x38, 0x78, 0x38, 0x70, 0x38, 0x70, 0x38, 0xE0, 0x3F, 0xC0, 0x38, 0x00, 0x38, 0x00, 0x7C,
    0x00, 0xFE, 0x00, 0x07, 0xE0, 0x1F, 0xF0, 0x18, 0x38, 0x38, 0x38, 0x38, 0x30, 0x38, 0x60, 0xF8,
    0xC0, 0x39, 0xC0, 0x39, 0xC0, 0x39, 0xF0, 0x38, 0xF8, 0x38, 0x7C, 0x38, 0x0E, 0x3A, 0x06, 0x3B,
    0x06, 0xFB, 0xFC, 0xFB, 0xF8, 0x30, 0x00, 0x38, 0x00, 0x1C, 0x00, 0x04, 0x00, 0x00, 0x00, 0x3E,
    0x00, 0xFF, 0x00, 0xE3, 0x80, 0xE3, 0x80, 0x03, 0x80, 0x3F, 0x80, 0x7B, 0x80, 0xE3, 0x80, 0xE3,
    0x80, 0xE3, 0x80, 0xFF, 0xE0, 0x79, 0xE0, 0x06, 0x00, 0x0E, 0x00, 0x0C, 0x00, 0x10, 0x00, 0x00,
    0x00, 0x3E, 0x00, 0xFF, 0x00, 0xE3, 0x80, 0xE3, 0x80, 0x03, 0x80, 0x3F, 0x80, 0x7B, 0x80, 0xE3,
    0x80, 0xE3, 0x80, 0xE3, 0x80, 0xFF, 0xE0, 0x79, 0xE0, 0x08, 0x00, 0x1C, 0x00, 0x1E, 0x00, 0x36,
    0x00, 0x63, 0x00, 0x01, 0x00, 0x00, 0x00, 0x3E, 0x00, 0xFF, 0x00, 0xE3, 0x80, 0xE3, 0x80, 0x03,
    0x80, 0x3F, 0x80, 0x7B, 0x80, 0xE3, 0x80, 0xE3, 0x80, 0xE3, 0x80, 0xFF, 0xE0, 0x79, 0xE0, 0x39,
    0x00, 0x7F, 0x00, 0x4E, 0x00, 0x00, 0x00, 0x00, 0x00, 0x3E, 0x00, 0xFF, 0x00, 0xE3, 0x80, 0xE3,
    0x80, 0x03, 0x80, 0x3F, 0x80, 0x7B, 0x80, 0xE3, 0x80, 0xE3, 0x80, 0xE3, 0x80, 0xFF, 0xE0, 0x79,
    0xE0, 0x73, 0x80, 0x73, 0x80, 0x73, 0x80, 0x00, 0x00, 0x00, 0x00, 0x3E, 0x00, 0xFF, 0x00, 0xE3,
    0x80, 0xE3, 0x80, 0x03, 0x80, 0x3F, 0x80, 0x7B, 0x80, 0xE3, 0x80, 0xE3, 0x80, 0xE3, 0x80, 0xFF,
    0xE0, 0x79, 0xE0, 0x1E, 0x00, 0x3F, 0x00, 0x33, 0x00, 0x37, 0x00, 0x1E, 0x00, 0x00, 0x00, 0x00,
    0x00, 0x3E, 0x00, 0xFF, 0x00, 0xE3, 0x80, 0xE3, 0x80, 0x03, 0x80, 0x3F, 0x80, 0x7B, 0x80, 0xE3,
    0x80, 0xE3, 0x80, 0xE3, 0x80, 0xFF, 0xE0, 0x79, 0xE0, 0x3E, 0x3E, 0x00, 0x7F, 0xFF, 0x00, 0xE3,
    0xC3, 0x80, 0xE3, 0x83, 0x80, 0x03, 0x83, 0x80, 0x3F, 0xFF, 0x80, 0x7B, 0x80, 0x00, 0xE3, 0x80,
    0x00, 0xE3, 0xC0, 0x00, 0xE3, 0xC1, 0x80, 0xFF, 0xFF, 0x80, 0x7C, 0x7E, 0x00, 0x1F, 0x00, 0x3F,
    0x80, 0x71, 0xC0, 0xE1, 0xC0, 0xE1, 0x80, 0xE0, 0x00, 0xE0, 0x00, 0xE0, 0x00, 0xE0, 0x00, 0x70,
    0x00, 0x7F, 0xC0, 0x1F, 0x80, 0x0C, 0x00, 0x0F, 0x00, 0x03, 0x00, 0x03, 0x00, 0x1F, 0x00, 0x18,
    0x00, 0x1C, 0x00, 0x0C, 0x00, 0x06, 0x00, 0x00, 0x00, 0x1F, 0x00, 0x3F, 0x80, 0x71, 0xC0, 0xE1,
    0xC0, 0xE1, 0xC0, 0xFF, 0xC0, 0xE0, 0x00, 0xE0, 0x00, 0xE0, 0x00, 0x70, 0x40, 0x7F, 0xC0, 0x1F,
    0x00, 0x03, 0x00, 0x07, 0x00, 0x0E, 0x00, 0x08, 0x00, 0x00, 0x00, 0x1F, 0x00, 0x3F, 0x80, 0x71,
    0xC0, 0xE1, 0xC0, 0xE1, 0xC0, 0xFF, 0xC0, 0xE0, 0x00, 0xE0, 0x00, 0xE0, 0x00, 0x70, 0x40, 0x7F,
    0xC0, 0x1F, 0x00, 0x04, 0x00, 0x0E, 0x00, 0x1E, 0x00, 0x1F, 0x00, 0x31, 0x80, 0x00, 0x00, 0x00,
    0x00, 0x1F, 0x00, 0x3F, 0x80, 0x71, 0xC0, 0xE1, 0xC0, 0xE1, 0xC0, 0xFF, 0xC0, 0xE0, 0x00, 0xE0,
    0x00, 0xE0, 0x00, 0x70, 0x40, 0x7F, 0xC0, 0x1F, 0x00, 0x39, 0xC0, 0x39, 0xC0, 0x39, 0xC0, 0x00,
    0x00, 0x00, 0x00, 0x1F, 0x00, 0x3F, 0x80, 0x71, 0xC0, 0xE1, 0xC0, 0xE1, 0xC0, 0xFF, 0xC0, 0xE0,
    0x00, 0xE0, 0x00, 0xE0, 0x00, 0x70, 0x40, 0x7F, 0xC0, 0x1F, 0x00, 0xC0, 0xE0, 0x70, 0x10, 0x00,
    0xF8, 0x78, 0x38, 0x38, 0x38, 0x38, 0x38, 0x38, 0x38, 0x38, 0x78, 0xFC, 0x18, 0x38, 0x70, 0x40,
    0x00, 0xF8, 0x78, 0x38, 0x38, 0x38, 0x38, 0x38, 0x38, 0x38, 0x38, 0x78, 0xFC, 0x30, 0x78, 0x7C,
    0xC6, 0x00, 0x00, 0x7C, 0x3C, 0x1C, 0x1C, 0x1C, 0x1C, 0x1C, 0x1C, 0x1C, 0x1C, 0x3C, 0x7E, 0xE7,
    0xE7, 0xE7, 0x00, 0x00, 0x3C, 0x3C, 0x1C, 0x1C, 0x1C, 0x1C, 0x1C, 0x1C, 0x1C, 0x1C, 0x1E, 0x3F,
    0x3C, 0xC0, 0x07, 0x80, 0x07, 0xC0, 0x08, 0xC0, 0x00, 0xE0, 0x1F, 0x60, 0x3F, 0xF0, 0x70, 0xF0,
    0xE0, 0x70, 0xE0, 0x70, 0xE0, 0x70, 0xE0, 0x70, 0xE0, 0x70, 0xE0, 0xE0, 0x70, 0xE0, 0x3F, 0xC0,
    0x1F, 0x00, 0x1E, 0x40, 0x1F, 0xC0, 0x13, 0xC0, 0x00, 0x00, 0x00, 0x00, 0xF7, 0xC0, 0x7F, 0xE0,
    0x78, 0x70, 0x70, 0x70, 0x70, 0x70, 0x70, 0x70, 0x70, 0x70, 0x70, 0x70, 0x70, 0x70, 0x70, 0x70,
    0x78, 0x78, 0xFC, 0xFC, 0x18, 0x00, 0x1C, 0x00, 0x0E, 0x00, 0x03, 0x00, 0x00, 0x00, 0x1F, 0x80,
    0x3F, 0xC0, 0x70, 0xE0, 0xE0, 0xF0, 0xE0, 0x70, 0xE0, 0x70, 0xE0, 0x70, 0xE0, 0x70, 0xE0, 0x60,
    0x70, 0xE0, 0x3F, 0xC0, 0x1F, 0x80, 0x01, 0x80, 0x03, 0x80, 0x06, 0x00, 0x0C, 0x00, 0x00, 0x00,
    0x1F, 0x80, 0x3F, 0xC0, 0x70, 0xE0, 0xE0, 0xF0, 0xE0, 0x70, 0xE0, 0x70, 0xE0, 0x70, 0xE0, 0x70,
    0xE0, 0x60, 0x70, 0xE0, 0x3F, 0xC0, 0x1F, 0x80, 0x0E, 0x00, 0x0F, 0x00, 0x1F, 0x80, 0x31, 0x80,
    0x00, 0x00, 0x00, 0x00, 0x1F, 0x80, 0x3F, 0xC0, 0x70, 0xE0, 0xE0, 0xF0, 0xE0, 0x70, 0xE0, 0x70,
    0xE0, 0x70, 0xE0, 0x70, 0xE0, 0x60, 0x70, 0xE0, 0x3F, 0xC0, 0x1F, 0x80, 0x1E, 0x40, 0x3F, 0xC0,
    0x27, 0x80, 0x00, 0x00, 0x00, 0x00, 0x1F, 0x80, 0x3F, 0xC0, 0x70, 0xE0, 0xE0, 0xF0, 0xE0, 0x70,
    0xE0, 0x70, 0xE0, 0x70, 0xE0, 0x70, 0xE0, 0x60, 0x70, 0xE0, 0x3F, 0xC0, 0x1F, 0x80, 0x39, 0xC0,
    0x39, 0xC0, 0x39, 0xC0, 0x00, 0x00, 0x00, 0x00, 0x1F, 0x80, 0x3F, 0xC0, 0x70, 0xE0, 0xE0, 0xF0,
    0xE0, 0x70, 0xE0, 0x70, 0xE0, 0x70, 0xE0, 0x70, 0xE0, 0x60, 0x70, 0xE0, 0x3F, 0xC0, 0x1F, 0x80,
    0x1C, 0x00, 0x1C, 0x00, 0x1C, 0x00, 0x00, 0x00, 0x00, 0x00, 0xFF, 0xC0, 0x00, 0x00, 0x1C, 0x00,
    0x1C, 0x00, 0x1C, 0x00, 0x1F, 0xB0, 0x3F, 0xE0, 0x70, 0xE0, 0xE1, 0xF0, 0xE3, 0x70, 0xE6, 0x70,
    0xEC, 0x70, 0xF8, 0x70, 0xF0, 0x60, 0x70, 0xE0, 0x7F, 0xC0, 0xDF, 0x80, 0x0C, 0x00, 0x0E, 0x00,
    0x07, 0x00, 0x01, 0x00, 0x00, 0x00, 0xF8, 0xF0, 0x78, 0xF0, 0x38, 0x70, 0x38, 0x70, 0x38, 0x70,
    0x38, 0x70, 0x38, 0x70, 0x38, 0x70, 0x38, 0x70, 0x38, 0xF0, 0x1F, 0xFC, 0x1F, 0x7C, 0x01, 0x80,
    0x03, 0x80, 0x03, 0x00, 0x04, 0x00, 0x00, 0x00, 0xF8, 0xF0, 0x78, 0xF0, 0x38, 0x70, 0x38, 0x70,
    0x38, 0x70, 0x38, 0x70, 0x38, 0x70, 0x38, 0x70, 0x38, 0x70, 0x38, 0xF0, 0x1F, 0xFC, 0x1F, 0x7C,
    0x02, 0x00, 0x07, 0x00, 0x07, 0x80, 0x0D, 0x80, 0x18, 0xC0, 0x00, 0x00, 0x00, 0x00, 0xF8, 0xF0,
    0x78, 0xF0, 0x38, 0x70, 0x38, 0x70, 0x38, 0x70, 0x38, 0x70, 0x38, 0x70, 0x38, 0x70, 0x38, 0x70,
    0x38, 0xF0, 0x1F, 0xFC, 0x1F, 0x7C, 0x1C, 0xE0, 0x1C, 0xE0, 0x1C, 0xE0, 0x00, 0x00, 0x00, 0x00,
    0xF8, 0xF0, 0x78, 0x70, 0x38, 0x70, 0x38, 0x70, 0x38, 0x70, 0x38, 0x70, 0x38, 0x70, 0x38, 0x70,
    0x38, 0x70, 0x38, 0xF0, 0x1F, 0xFC, 0x1F, 0x3C, 0x00, 0xC0, 0x01, 0xC0, 0x03, 0x00, 0x06, 0x00,
    0x00, 0x00, 0xFC, 0xF8, 0x78, 0x70, 0x38, 0x20, 0x38, 0x60, 0x1C, 0x40, 0x1C, 0xC0, 0x1C, 0xC0,
    0x0E, 0x80, 0x0F, 0x80, 0x07, 0x00, 0x07, 0x00, 0x07, 0x00, 0x06, 0x00, 0x46, 0x00, 0xEC, 0x00,
    0xFC, 0x00, 0x70, 0x00, 0xF8, 0x00, 0x78, 0x00, 0x38, 0x00, 0x38, 0x00, 0x38, 0x00, 0x3B, 0xE0,
    0x3F, 0xF0, 0x3C, 0x70, 0x38, 0x38, 0x38, 0x38, 0x38, 0x38, 0x38, 0x38, 0x38, 0x38, 0x38, 0x38,
    0x38, 0x70, 0x3F, 0xE0, 0x3F, 0xC0, 0x38, 0x00, 0x38, 0x00, 0x38, 0x00, 0x78, 0x00, 0xFC, 0x00,
    0x1C, 0xE0, 0x1C, 0xE0, 0x1C, 0xE0, 0x00, 0x00, 0x00, 0x00, 0xFC, 0xF8, 0x78, 0x70, 0x38, 0x20,
    0x38, 0x60, 0x1C, 0x40, 0x1C, 0xC0, 0x1C, 0xC0, 0x0E, 0x80, 0x0F, 0x80, 0x07, 0x00, 0x07, 0x00,
    0x07, 0x00, 0x06, 0x00, 0x46, 0x00, 0xEC, 0x00, 0xFC, 0x00, 0x70, 0x00, 0x0F, 0xCF, 0xFC, 0x1F,
    0xFF, 0xFC, 0x38, 0x3E, 0x0C, 0x70, 0x1E, 0x0C, 0x60, 0x1E, 0x00, 0xE0, 0x0E, 0x10, 0xE0, 0x0E,
    0x30, 0xE0, 0x0F, 0xF0, 0xE0, 0x0E, 0x30, 0xE0, 0x0E, 0x10, 0xE0, 0x0E, 0x00, 0xF0, 0x0E, 0x00,
    0x70, 0x1E, 0x06, 0x38, 0x1E, 0x0E, 0x1E, 0xFE, 0x1C, 0x0F, 0xCF, 0xFC, 0x1F, 0x8F, 0x80, 0x3F,
    0xDF, 0xC0, 0x70, 0xF8, 0xE0, 0xE0, 0xF0, 0xE0, 0xE0, 0x70, 0xE0, 0xE0, 0x7F, 0xE0, 0xE0, 0x70,
    0x00, 0xE0, 0x70, 0x00, 0xE0, 0x70, 0x00, 0x70, 0xF8, 0x20, 0x3F, 0xFF, 0xE0, 0x1F, 0x8F, 0x80,
    0x10, 0x40, 0x1D, 0x80, 0x0F, 0x80, 0x07, 0x00, 0x02, 0x00, 0x00, 0x00, 0x1F, 0x20, 0x3F, 0xE0,
    0x70, 0x60, 0x70, 0x70, 0x70, 0x20, 0x78, 0x00, 0x7E, 0x00, 0x3F, 0xC0, 0x0F, 0xE0, 0x01, 0xF0,
    0x00, 0xF0, 0xC0, 0x70, 0x60, 0x70, 0x70, 0x70, 0x7F, 0xE0, 0x4F, 0x80, 0x43, 0x00, 0x76, 0x00,
    0x3E, 0x00, 0x1C, 0x00, 0x08, 0x00, 0x00, 0x00, 0x3F, 0x80, 0x7F, 0x80, 0xC3, 0x80, 0xC1, 0x80,
    0xF0, 0x00, 0x7E, 0x00, 0x3F, 0x00, 0x03, 0x80, 0x81, 0x80, 0xC1, 0x80, 0xFF, 0x00, 0xFE, 0x00,
    0x0E, 0x70, 0x0E, 0x70, 0x0E, 0x70, 0x00, 0x00, 0x00, 0x00, 0xFE, 0x3F, 0x7C, 0x1E, 0x3C, 0x1C,
    0x1C, 0x18, 0x1E, 0x30, 0x0E, 0x30, 0x0F, 0x60, 0x07, 0xC0, 0x03, 0xC0, 0x03, 0x80, 0x03, 0x80,
    0x03, 0x80, 0x03, 0x80, 0x03, 0x80, 0x03, 0xC0, 0x0F, 0xE0, 0x18, 0x60, 0x0C, 0xC0, 0x07, 0x80,
    0x07, 0x00, 0x00, 0x00, 0x00, 0x00, 0x7F, 0xF8, 0x7F, 0xF8, 0x60, 0x70, 0x60, 0xF0, 0x60, 0xE0,
    0x01, 0xC0, 0x03, 0xC0, 0x07, 0x80, 0x07, 0x00, 0x0F, 0x00, 0x1E, 0x00, 0x1C, 0x08, 0x38, 0x18,
    0x78, 0x18, 0x78, 0x78, 0xFF, 0xF8, 0x61, 0x80, 0x33, 0x00, 0x1E, 0x00, 0x0E, 0x00, 0x00, 0x00,
    0x00, 0x00, 0xFF, 0xC0, 0xFF, 0xC0, 0xC3, 0x80, 0xC7, 0x00, 0x07, 0x00, 0x0E, 0x00, 0x1C, 0x00,
    0x3C, 0x00, 0x38, 0x40, 0x70, 0xC0, 0xF1, 0xC0, 0xFF, 0xC0, 0x00, 0x3C, 0x00, 0xFE, 0x00, 0xCE,
    0x01, 0xCE, 0x01, 0xC0, 0x01, 0x80, 0x01, 0x80, 0x07, 0xF8, 0x03, 0x80, 0x03, 0x80, 0x03, 0x80,
    0x03, 0x80, 0x03, 0x80, 0x03, 0x00, 0x03, 0x00, 0x07, 0x00, 0x07, 0x00, 0x67, 0x00, 0xE6, 0x00,
    0xEE, 0x00, 0x7C, 0x00, 0x18, 0x3C, 0x7C, 0xE6, 0x82, 0x7A, 0xFE, 0xFF, 0xE0, 0xFF, 0xFF, 0xFC,
    0x30, 0x60, 0xC0, 0xF0, 0xF0, 0x70, 0xE0, 0xF0, 0xF0, 0x30, 0x60, 0xC0, 0x60, 0xF0, 0xF0, 0x30,
    0x60, 0xC0, 0x33, 0x66, 0xCC, 0xFF, 0xFF, 0x77, 0xEE, 0xFF, 0xFF, 0x33, 0x66, 0xCC, 0x67, 0x00,
    0xF7, 0x80, 0xF7, 0x80, 0x31, 0x80, 0x63, 0x00, 0xC6, 0x00, 0x1C, 0x00, 0x1C, 0x00, 0x18, 0x00,
    0x08, 0x00, 0xFF, 0x80, 0xFF, 0x80, 0x08, 0x00, 0x1C, 0x00, 0x1C, 0x00, 0x1C, 0x00, 0x18, 0x00,
    0x08, 0x00, 0x08, 0x00, 0x08, 0x00, 0x08, 0x00, 0x08, 0x00, 0x08, 0x00, 0x08, 0x00, 0x08, 0x00,
    0x1C, 0x00, 0x1C, 0x00, 0x1C, 0x00, 0x08, 0x00, 0xFF, 0x80, 0xFF, 0x80, 0x08, 0x00, 0x1C, 0x00,
    0x1C, 0x00, 0x1C, 0x00, 0x1C, 0x00, 0x08, 0x00, 0xE9, 0x80, 0xFF, 0x80, 0xEB, 0x80, 0x08, 0x00,
    0x1C, 0x00, 0x1C, 0x00, 0x08, 0x00, 0x70, 0xF8, 0xF8, 0xF8, 0x70, 0xF1, 0xE3, 0xC0, 0xF1, 0xE3,
    0xC0, 0xF1, 0xE3, 0xC0, 0x7C, 0x18, 0x00, 0x00, 0xEE, 0x18, 0x00, 0x00, 0xC6, 0x30, 0x00, 0x00,
    0xC6, 0x30, 0x00, 0x00, 0xC6, 0x60, 0x00, 0x00, 0xEE, 0xC0, 0x00, 0x00, 0x7C, 0xC0, 0x00, 0x00,
    0x01, 0x8F, 0x87, 0x80, 0x01, 0x9B, 0xDD, 0xC0, 0x03, 0x31, 0xD8, 0xE0, 0x03, 0x31, 0xD8, 0xE0,
    0x06, 0x31, 0xD8, 0xE0, 0x0C, 0x3F, 0x9F, 0xC0, 0x0C, 0x0F, 0x0F, 0x80, 0x08, 0x18, 0x30, 0x70,
    0xE0, 0xE0, 0x70, 0x30, 0x18, 0x08, 0x80, 0xC0, 0x60, 0x70, 0x38, 0x38, 0x70, 0x60, 0xC0, 0x80,
    0x03, 0xEC, 0x0F, 0xFC, 0x1C, 0x0C, 0x1C, 0x04, 0x38, 0x00, 0xFF, 0xC0, 0x38, 0x00, 0x38, 0x00,
    0xFF, 0xC0, 0x38, 0x00, 0x38, 0x00, 0x1C, 0x04, 0x1C, 0x0C, 0x0E, 0x0C, 0x07, 0xFC, 0x03, 0xEC,
    0xFF, 0xDE, 0x1E, 0xCC, 0xCF, 0x1C, 0xCC, 0xCF, 0x3C, 0x0C, 0x0B, 0x2C, 0x0C, 0x0B, 0xEC, 0x0C,
    0x09, 0xCC, 0x0C, 0x09, 0xCC, 0x0C, 0x08, 0xCC, 0x3F, 0x1C, 0x1F,
];
pub static LITERATA_LARGE: BitmapFont = BitmapFont {
    glyphs: &LITERATA_LARGE_GLYPHS,
    bitmap: &LITERATA_LARGE_BITMAP,
    extra: &LITERATA_LARGE_EXTRA,
    line_height: 28,
};

// LITERATA_XLARGE: Literata Medium 27 px, opsz 26, line-height 33
const LITERATA_XLARGE_GLYPHS: [Glyph; 95] = [
    g(0, 0, 0, 5, 0, 0),
    g(0, 4, 19, 8, 2, -19),
    g(19, 8, 7, 11, 1, -21),
    g(26, 16, 15, 18, 1, -15),
    g(56, 14, 24, 16, 1, -22),
    g(104, 21, 17, 23, 1, -17),
    g(155, 20, 19, 22, 1, -19),
    g(212, 3, 7, 7, 2, -21),
    g(219, 7, 27, 10, 2, -22),
    g(246, 6, 27, 9, 1, -22),
    g(273, 10, 10, 12, 1, -20),
    g(293, 11, 12, 15, 2, -14),
    g(317, 5, 8, 9, 2, -4),
    g(325, 7, 2, 9, 1, -9),
    g(327, 4, 4, 8, 2, -4),
    g(331, 11, 25, 12, 0, -22),
    g(381, 14, 19, 16, 1, -19),
    g(419, 9, 19, 11, 1, -19),
    g(457, 12, 19, 14, 1, -19),
    g(495, 12, 19, 14, 1, -19),
    g(533, 15, 19, 16, 1, -19),
    g(571, 12, 19, 14, 1, -19),
    g(609, 13, 19, 15, 1, -19),
    g(647, 13, 19, 13, 0, -19),
    g(685, 14, 19, 16, 1, -19),
    g(723, 13, 19, 15, 1, -19),
    g(761, 4, 14, 8, 2, -14),
    g(775, 5, 18, 9, 2, -14),
    g(793, 11, 13, 16, 2, -14),
    g(819, 11, 7, 15, 2, -12),
    g(833, 11, 13, 16, 3, -14),
    g(859, 11, 19, 15, 2, -19),
    g(897, 21, 21, 23, 1, -16),
    g(960, 19, 19, 21, 1, -19),
    g(1017, 16, 19, 18, 1, -19),
    g(1055, 16, 19, 18, 1, -19),
    g(1093, 18, 19, 21, 1, -19),
    g(1150, 15, 19, 17, 1, -19),
    g(1188, 14, 19, 17, 2, -19),
    g(1226, 19, 19, 21, 1, -19),
    g(1283, 20, 19, 24, 2, -19),
    g(1340, 8, 19, 12, 2, -19),
    g(1359, 13, 19, 15, 1, -19),
    g(1397, 18, 19, 21, 2, -19),
    g(1454, 14, 19, 17, 2, -19),
    g(1492, 24, 19, 27, 2, -19),
    g(1549, 19, 19, 23, 2, -19),
    g(1606, 18, 19, 20, 1, -19),
    g(1663, 14, 19, 17, 2, -19),
    g(1701, 22, 24, 20, 1, -19),
    g(1773, 17, 19, 19, 2, -19),
    g(1830, 14, 19, 16, 1, -19),
    g(1868, 17, 19, 19, 1, -19),
    g(1925, 19, 19, 21, 1, -19),
    g(1982, 19, 19, 21, 1, -19),
    g(2039, 28, 19, 30, 1, -19),
    g(2115, 19, 19, 21, 1, -19),
    g(2172, 19, 19, 21, 1, -19),
    g(2229, 15, 19, 18, 1, -19),
    g(2267, 6, 28, 10, 3, -22),
    g(2295, 10, 25, 12, 1, -22),
    g(2345, 6, 28, 10, 1, -22),
    g(2373, 13, 10, 16, 1, -19),
    g(2393, 13, 2, 13, 0, 1),
    g(2397, 5, 5, 14, 3, -21),
    g(2402, 14, 14, 15, 1, -14),
    g(2430, 15, 20, 17, 1, -20),
    g(2470, 12, 14, 14, 1, -14),
    g(2498, 15, 20, 17, 1, -20),
    g(2538, 12, 14, 14, 1, -14),
    g(2566, 11, 21, 11, 1, -21),
    g(2608, 15, 21, 16, 1, -15),
    g(2650, 16, 20, 18, 1, -20),
    g(2690, 8, 20, 10, 1, -20),
    g(2710, 5, 26, 8, 1, -20),
    g(2736, 16, 20, 17, 1, -20),
    g(2776, 7, 20, 9, 1, -20),
    g(2796, 24, 14, 26, 1, -14),
    g(2838, 16, 14, 18, 1, -14),
    g(2866, 14, 14, 16, 1, -14),
    g(2894, 15, 20, 17, 1, -14),
    g(2934, 15, 20, 17, 1, -14),
    g(2974, 12, 14, 14, 1, -14),
    g(3002, 10, 14, 13, 2, -14),
    g(3030, 10, 19, 11, 1, -19),
    g(3068, 16, 14, 18, 1, -14),
    g(3096, 16, 14, 16, 0, -14),
    g(3124, 23, 14, 24, 0, -14),
    g(3166, 16, 14, 18, 1, -14),
    g(3194, 16, 20, 17, 1, -14),
    g(3234, 11, 14, 13, 1, -14),
    g(3262, 7, 28, 9, 1, -22),
    g(3290, 2, 25, 10, 4, -22),
    g(3315, 8, 28, 10, 1, -22),
    g(3343, 12, 3, 16, 2, -9),
];
const LITERATA_XLARGE_EXTRA: [(char, Glyph); 123] = [
    ('\u{a0}', g(0, 0, 0, 5, 0, 0)),
    ('\u{a1}', g(3349, 4, 20, 8, 2, -14)),
    ('\u{a2}', g(3369, 12, 18, 14, 1, -17)),
    ('\u{a3}', g(3405, 13, 19, 15, 1, -19)),
    ('\u{a4}', g(3443, 12, 12, 14, 1, -15)),
    ('\u{a5}', g(3467, 19, 19, 20, 1, -19)),
    ('\u{a6}', g(3524, 2, 24, 10, 4, -21)),
    ('\u{a7}', g(3548, 14, 24, 17, 2, -19)),
    ('\u{a8}', g(3596, 9, 4, 13, 2, -21)),
    ('\u{a9}', g(3604, 19, 18, 22, 2, -18)),
    ('\u{aa}', g(3658, 11, 10, 12, 1, -20)),
    ('\u{ab}', g(3678, 11, 12, 13, 1, -13)),
    ('\u{ac}', g(3702, 12, 6, 16, 2, -10)),
    ('\u{ad}', g(0, 0, 0, 0, 0, 0)),
    ('\u{ae}', g(3714, 10, 10, 14, 2, -21)),
    ('\u{af}', g(3734, 8, 2, 14, 3, -19)),
    ('\u{b0}', g(3736, 7, 7, 9, 1, -22)),
    ('\u{b1}', g(3743, 11, 14, 15, 2, -14)),
    ('\u{b2}', g(3771, 9, 12, 11, 1, -22)),
    ('\u{b3}', g(3795, 9, 12, 11, 1, -22)),
    ('\u{b4}', g(3819, 5, 5, 14, 5, -21)),
    ('\u{b5}', g(3824, 15, 20, 17, 2, -14)),
    ('\u{b6}', g(3864, 14, 22, 17, 2, -19)),
    ('\u{b7}', g(3908, 4, 4, 8, 2, -10)),
    ('\u{b8}', g(3912, 6, 7, 13, 3, -1)),
    ('\u{b9}', g(3919, 7, 12, 9, 1, -22)),
    ('\u{ba}', g(3931, 10, 10, 12, 1, -20)),
    ('\u{bb}', g(3951, 11, 12, 13, 1, -13)),
    ('\u{bc}', g(3975, 24, 19, 25, 1, -19)),
    ('\u{bd}', g(4032, 25, 20, 27, 1, -19)),
    ('\u{be}', g(4112, 25, 20, 26, 1, -20)),
    ('\u{bf}', g(4192, 11, 20, 15, 2, -14)),
    ('\u{c0}', g(4232, 19, 25, 21, 1, -25)),
    ('\u{c1}', g(4307, 19, 25, 21, 1, -25)),
    ('\u{c2}', g(4382, 19, 25, 21, 1, -25)),
    ('\u{c3}', g(4457, 19, 25, 21, 1, -25)),
    ('\u{c4}', g(4532, 19, 25, 21, 1, -25)),
    ('\u{c5}', g(4607, 19, 26, 21, 1, -26)),
    ('\u{c6}', g(4685, 25, 19, 27, 1, -19)),
    ('\u{c7}', g(4761, 16, 25, 19, 1, -19)),
    ('\u{c8}', g(4811, 15, 25, 17, 1, -25)),
    ('\u{c9}', g(4861, 15, 25, 17, 1, -25)),
    ('\u{ca}', g(4911, 15, 25, 17, 1, -25)),
    ('\u{cb}', g(4961, 15, 25, 17, 1, -25)),
    ('\u{cc}', g(5011, 8, 25, 12, 2, -25)),
    ('\u{cd}', g(5036, 8, 25, 12, 2, -25)),
    ('\u{ce}', g(5061, 8, 25, 12, 2, -25)),
    ('\u{cf}', g(5086, 9, 25, 11, 1, -25)),
    ('\u{d0}', g(5136, 18, 19, 21, 1, -19)),
    ('\u{d1}', g(5193, 19, 25, 23, 2, -25)),
    ('\u{d2}', g(5268, 18, 25, 20, 1, -25)),
    ('\u{d3}', g(5343, 18, 26, 20, 1, -26)),
    ('\u{d4}', g(5421, 18, 26, 20, 1, -26)),
    ('\u{d5}', g(5499, 18, 25, 20, 1, -25)),
    ('\u{d6}', g(5574, 18, 25, 20, 1, -25)),
    ('\u{d7}', g(5649, 10, 10, 16, 3, -13)),
    ('\u{d8}', g(5669, 18, 19, 20, 1, -19)),
    ('\u{d9}', g(5726, 19, 26, 21, 1, -26)),
    ('\u{da}', g(5804, 19, 26, 21, 1, -26)),
    ('\u{db}', g(5882, 19, 25, 21, 1, -25)),
    ('\u{dc}', g(5957, 19, 25, 21, 1, -25)),
    ('\u{dd}', g(6032, 19, 25, 21, 1, -25)),
    ('\u{de}', g(6107, 14, 19, 17, 2, -19)),
    ('\u{df}', g(6145, 17, 22, 19, 1, -22)),
    ('\u{e0}', g(6211, 14, 22, 15, 1, -22)),
    ('\u{e1}', g(6255, 14, 22, 15, 1, -22)),
    ('\u{e2}', g(6299, 14, 22, 15, 1, -22)),
    ('\u{e3}', g(6343, 14, 20, 15, 1, -20)),
    ('\u{e4}', g(6383, 14, 20, 15, 1, -20)),
    ('\u{e5}', g(6423, 14, 22, 15, 1, -22)),
    ('\u{e6}', g(6467, 20, 14, 22, 1, -14)),
    ('\u{e7}', g(6509, 12, 20, 14, 1, -14)),
    ('\u{e8}', g(6549, 12, 22, 14, 1, -22)),
    ('\u{e9}', g(6593, 12, 22, 14, 1, -22)),
    ('\u{ea}', g(6637, 12, 22, 14, 1, -22)),
    ('\u{eb}', g(6681, 12, 20, 14, 1, -20)),
    ('\u{ec}', g(6721, 9, 21, 10, 0, -21)),
    ('\u{ed}', g(6763, 8, 21, 10, 1, -21)),
    ('\u{ee}', g(6784, 9, 21, 10, 0, -21)),
    ('\u{ef}', g(6826, 9, 20, 9, -1, -20)),
    ('\u{f0}', g(6866, 13, 20, 15, 1, -20)),
    ('\u{f1}', g(6906, 16, 20, 18, 1, -20)),
    ('\u{f2}', g(6946, 14, 21, 16, 1, -21)),
    ('\u{f3}', g(6988, 14, 21, 16, 1, -21)),
    ('\u{f4}', g(7030, 14, 21, 16, 1, -21)),
    ('\u{f5}', g(7072, 14, 20, 16, 1, -20)),
    ('\u{f6}', g(7112, 14, 20, 16, 1, -20)),
    ('\u{f7}', g(7152, 12, 11, 16, 2, -14)),
    ('\u{f8}', g(7174, 14, 14, 16, 1, -14)),
    ('\u{f9}', g(7202, 16, 22, 18, 1, -22)),
    ('\u{fa}', g(7246, 16, 22, 18, 1, -22)),
    ('\u{fb}', g(7290, 16, 22, 18, 1, -22)),
    ('\u{fc}', g(7334, 16, 20, 18, 1, -20)),
    ('\u{fd}', g(7374, 16, 27, 17, 1, -21)),
    ('\u{fe}', g(7428, 15, 26, 17, 1, -20)),
    ('\u{ff}', g(7480, 16, 26, 16, 0, -20)),
    ('\u{152}', g(7532, 27, 19, 29, 1, -19)),
    ('\u{153}', g(7608, 22, 14, 24, 1, -14)),
    ('\u{160}', g(7650, 14, 26, 16, 1, -26)),
    ('\u{161}', g(7702, 10, 21, 13, 2, -21)),
    ('\u{178}', g(7744, 19, 25, 21, 1, -25)),
    ('\u{17d}', g(7819, 15, 25, 18, 1, -25)),
    ('\u{17e}', g(7869, 11, 21, 13, 1, -21)),
    ('\u{192}', g(7911, 18, 25, 16, -2, -19)),
    ('\u{2c6}', g(7986, 8, 5, 14, 3, -21)),
    ('\u{2dc}', g(7991, 9, 3, 14, 2, -19)),
    ('\u{2013}', g(7997, 13, 2, 15, 1, -9)),
    ('\u{2014}', g(8001, 26, 2, 28, 1, -9)),
    ('\u{2018}', g(8009, 4, 7, 8, 2, -20)),
    ('\u{2019}', g(8016, 4, 7, 8, 2, -20)),
    ('\u{201a}', g(8023, 4, 7, 8, 2, -3)),
    ('\u{201c}', g(8030, 10, 7, 14, 2, -20)),
    ('\u{201d}', g(8044, 10, 7, 14, 2, -20)),
    ('\u{201e}', g(8058, 10, 7, 12, 1, -3)),
    ('\u{2020}', g(8072, 11, 22, 15, 2, -20)),
    ('\u{2021}', g(8116, 11, 22, 15, 2, -20)),
    ('\u{2022}', g(8160, 6, 6, 10, 2, -11)),
    ('\u{2026}', g(8166, 22, 4, 24, 1, -4)),
    ('\u{2030}', g(8178, 31, 17, 33, 1, -17)),
    ('\u{2039}', g(8246, 6, 12, 8, 1, -13)),
    ('\u{203a}', g(8258, 6, 12, 8, 1, -13)),
    ('\u{20ac}', g(8270, 16, 19, 18, 0, -19)),
    ('\u{2122}', g(8308, 27, 11, 28, 1, -17)),
];
const LITERATA_XLARGE_BITMAP: [u8; 8352] = [
    0x70, 0xF0, 0xF0, 0xF0, 0xF0, 0xF0, 0xE0, 0x60, 0x60, 0x60, 0x60, 0x60, 0x60, 0x60, 0x00, 0x60,
    0xF0, 0xF0, 0x60, 0x67, 0xF7, 0xE7, 0x67, 0x67, 0x63, 0x62, 0x06, 0x18, 0x06, 0x18, 0x06, 0x18,
    0x04, 0x18, 0x7F, 0xFF, 0x7F, 0xFE, 0x0C, 0x30, 0x0C, 0x30, 0x0C, 0x30, 0xFF, 0xFE, 0xFF, 0xFE,
    0x18, 0x60, 0x18, 0x60, 0x18, 0x60, 0x18, 0x60, 0x01, 0x00, 0x01, 0x00, 0x01, 0x00, 0x0F, 0xD8,
    0x1F, 0xF8, 0x39, 0x38, 0x79, 0x18, 0x79, 0x18, 0x79, 0x08, 0x7D, 0x00, 0x7F, 0x00, 0x3F, 0xC0,
    0x1F, 0xF0, 0x03, 0xF8, 0x01, 0xFC, 0x01, 0x3C, 0xC1, 0x3C, 0xE1, 0x1C, 0x61, 0x3C, 0x79, 0x38,
    0x7F, 0xF0, 0x6F, 0xE0, 0x01, 0x00, 0x01, 0x00, 0x1C, 0x03, 0x00, 0x7F, 0x03, 0x00, 0x77, 0x86,
    0x00, 0xE3, 0x8E, 0x00, 0xE3, 0x8C, 0x00, 0xE3, 0x9C, 0x00, 0xE3, 0x98, 0x00, 0xF7, 0x30, 0x00,
    0x7F, 0x70, 0x00, 0x1C, 0x63, 0xE0, 0x00, 0xE7, 0x70, 0x00, 0xCE, 0x38, 0x01, 0x8E, 0x38, 0x03,
    0x8E, 0x38, 0x03, 0x0E, 0x38, 0x07, 0x07, 0xF0, 0x06, 0x03, 0xE0, 0x0F, 0xC0, 0x00, 0x1F, 0xE0,
    0x00, 0x3C, 0x70, 0x00, 0x38, 0x30, 0x00, 0x38, 0x30, 0x00, 0x3C, 0x20, 0xE0, 0x1C, 0x41, 0xE0,
    0x0E, 0x83, 0x70, 0x0F, 0x86, 0x60, 0x3F, 0xC6, 0x00, 0x73, 0xE4, 0x00, 0xF1, 0xFC, 0x00, 0xF0,
    0xFC, 0x00, 0xE0, 0x7C, 0x00, 0xF0, 0x3C, 0x00, 0xF0, 0x1E, 0x00, 0x78, 0x3F, 0xB0, 0x3F, 0xF7,
    0xE0, 0x1F, 0xC3, 0xC0, 0xE0, 0xE0, 0xE0, 0xE0, 0xC0, 0x40, 0x40, 0x06, 0x06, 0x0C, 0x1C, 0x38,
    0x38, 0x70, 0x70, 0x70, 0xF0, 0xF0, 0xF0, 0xF0, 0xE0, 0xE0, 0xF0, 0xF0, 0xF0, 0x70, 0x70, 0x70,
    0x38, 0x38, 0x18, 0x1C, 0x0C, 0x06, 0x80, 0xC0, 0xE0, 0x60, 0x70, 0x30, 0x38, 0x38, 0x3C, 0x1C,
    0x1C, 0x1C, 0x1C, 0x1C, 0x1C, 0x1C, 0x1C, 0x1C, 0x3C, 0x38, 0x38, 0x38, 0x70, 0x70, 0x60, 0xC0,
    0x80, 0x0C, 0x00, 0x6C, 0xC0, 0xFD, 0xC0, 0x7F, 0x80, 0x1E, 0x00, 0x7F, 0x80, 0xED, 0xC0, 0x4C,
    0x80, 0x0C, 0x00, 0x0C, 0x00, 0x06, 0x00, 0x06, 0x00, 0x06, 0x00, 0x06, 0x00, 0x06, 0x00, 0xFF,
    0xE0, 0xFF, 0xE0, 0x06, 0x00, 0x06, 0x00, 0x06, 0x00, 0x06, 0x00, 0x06, 0x00, 0x70, 0xF8, 0xF8,
    0xF8, 0x38, 0x30, 0x70, 0xE0, 0xFE, 0xFE, 0x60, 0xF0, 0xF0, 0x60, 0x00, 0x20, 0x00, 0x60, 0x00,
    0xE0, 0x00, 0xC0, 0x00, 0xC0, 0x01, 0xC0, 0x01, 0x80, 0x01, 0x80, 0x03, 0x00, 0x03, 0x00, 0x03,
    0x00, 0x06, 0x00, 0x06, 0x00, 0x0E, 0x00, 0x0C, 0x00, 0x0C, 0x00, 0x1C, 0x00, 0x18, 0x00, 0x18,
    0x00, 0x30, 0x00, 0x30, 0x00, 0x30, 0x00, 0x60, 0x00, 0x60, 0x00, 0xE0, 0x00, 0x0F, 0xC0, 0x1F,
    0xF0, 0x38, 0x78, 0x70, 0x38, 0x70, 0x3C, 0xF0, 0x1C, 0xF0, 0x1C, 0xF0, 0x1C, 0xE0, 0x1C, 0xE0,
    0x1C, 0xE0, 0x1C, 0xF0, 0x1C, 0xF0, 0x1C, 0xF0, 0x1C, 0x70, 0x3C, 0x78, 0x38, 0x38, 0x70, 0x1F,
    0xE0, 0x0F, 0xC0, 0x7C, 0x00, 0xFC, 0x00, 0x3C, 0x00, 0x1C, 0x00, 0x1C, 0x00, 0x1C, 0x00, 0x1C,
    0x00, 0x1C, 0x00, 0x1C, 0x00, 0x1C, 0x00, 0x1C, 0x00, 0x1C, 0x00, 0x1C, 0x00, 0x1C, 0x00, 0x1C,
    0x00, 0x1C, 0x00, 0x1C, 0x00, 0x7F, 0x00, 0xFF, 0x80, 0x1F, 0x80, 0x7F, 0xE0, 0xE0, 0xE0, 0xE0,
    0xF0, 0xE0, 0xF0, 0x60, 0xF0, 0x00, 0xF0, 0x00, 0xF0, 0x01, 0xE0, 0x01, 0xC0, 0x03, 0x80, 0x07,
    0x80, 0x0E, 0x00, 0x1C, 0x10, 0x38, 0x30, 0x70, 0x30, 0x7F, 0xF0, 0xFF, 0xF0, 0xFF, 0xF0, 0x1F,
    0x80, 0x7F, 0xC0, 0xE1, 0xE0, 0xE0, 0xE0, 0xE0, 0xE0, 0x60, 0xE0, 0x01, 0xE0, 0x01, 0xC0, 0x07,
    0x80, 0x0F, 0x80, 0x07, 0xE0, 0x00, 0xF0, 0x00, 0xF0, 0x00, 0x70, 0x00, 0xF0, 0x80, 0xF0, 0xC1,
    0xE0, 0x7F, 0xC0, 0x3F, 0x80, 0x00, 0x60, 0x01, 0xE0, 0x01, 0xE0, 0x03, 0xE0, 0x07, 0xE0, 0x06,
    0xE0, 0x0C, 0xE0, 0x1C, 0xE0, 0x18, 0xE0, 0x30, 0xE0, 0x70, 0xE0, 0x60, 0xE0, 0xC0, 0xE0, 0xFF,
    0xFE, 0xFF, 0xFC, 0x00, 0xE0, 0x00, 0xE0, 0x03, 0xF8, 0x07, 0xFC, 0x3F, 0xF0, 0x3F, 0xF0, 0x3F,
    0xE0, 0x60, 0x00, 0x60, 0x00, 0x60, 0x00, 0x60, 0x00, 0x6F, 0x80, 0x7F, 0xE0, 0x20, 0xF0, 0x00,
    0xF0, 0x00, 0x70, 0x00, 0x70, 0x00, 0x70, 0x00, 0x70, 0xC0, 0xF0, 0xE0, 0xE0, 0x7F, 0xC0, 0x3F,
    0x80, 0x07, 0xE0, 0x0F, 0xF8, 0x1C, 0x38, 0x38, 0x38, 0x70, 0x30, 0x70, 0x00, 0xF3, 0x80, 0xFF,
    0xE0, 0xF8, 0xF0, 0xF0, 0x78, 0xF0, 0x38, 0xE0, 0x38, 0xE0, 0x38, 0xF0, 0x38, 0xF0, 0x38, 0x70,
    0x78, 0x78, 0x70, 0x3F, 0xE0, 0x0F, 0xC0, 0xFF, 0xF8, 0xFF, 0xF8, 0xFF, 0xF8, 0xE0, 0x30, 0xC0,
    0x60, 0x00, 0xE0, 0x00, 0xC0, 0x01, 0xC0, 0x03, 0x80, 0x03, 0x80, 0x03, 0x00, 0x07, 0x00, 0x07,
    0x00, 0x07, 0x00, 0x0F, 0x00, 0x0F, 0x00, 0x0F, 0x00, 0x0E, 0x00, 0x0E, 0x00, 0x0F, 0xC0, 0x3F,
    0xF0, 0x78, 0x78, 0x70, 0x78, 0x70, 0x38, 0x70, 0x78, 0x78, 0x70, 0x3E, 0xE0, 0x1F, 0xC0, 0x0F,
    0xF0, 0x39, 0xF8, 0x70, 0x7C, 0xF0, 0x3C, 0xF0, 0x3C, 0xF0, 0x1C, 0xF0, 0x3C, 0x78, 0x38, 0x7F,
    0xF0, 0x1F, 0xC0, 0x0F, 0xC0, 0x3F, 0xE0, 0x70, 0xF0, 0xF0, 0x70, 0xF0, 0x78, 0xE0, 0x78, 0xE0,
    0x38, 0xF0, 0x78, 0xF0, 0x78, 0x70, 0xF8, 0x7F, 0xF8, 0x1F, 0x78, 0x00, 0x78, 0x00, 0x70, 0x00,
    0x70, 0x00, 0xF0, 0xE0, 0xE0, 0x7F, 0xC0, 0x3F, 0x80, 0x60, 0xF0, 0xF0, 0x60, 0x00, 0x00, 0x00,
    0x00, 0x00, 0x00, 0x60, 0xF0, 0xF0, 0x60, 0x70, 0xF8, 0xF8, 0x70, 0x00, 0x00, 0x00, 0x00, 0x00,
    0x00, 0x70, 0xF8, 0xF8, 0xF8, 0x38, 0x30, 0x70, 0xE0, 0x00, 0x60, 0x01, 0xE0, 0x07, 0x80, 0x0E,
    0x00, 0x3C, 0x00, 0xF0, 0x00, 0xE0, 0x00, 0x70, 0x00, 0x3C, 0x00, 0x0F, 0x00, 0x03, 0x80, 0x01,
    0xE0, 0x00, 0x40, 0xFF, 0xE0, 0xFF, 0xE0, 0x00, 0x00, 0x00, 0x00, 0x00, 0x00, 0xFF, 0xE0, 0xFF,
    0xE0, 0xC0, 0x00, 0xF0, 0x00, 0x3C, 0x00, 0x0E, 0x00, 0x07, 0x80, 0x01, 0xE0, 0x00, 0xE0, 0x01,
    0xC0, 0x07, 0x80, 0x1E, 0x00, 0x38, 0x00, 0xF0, 0x00, 0x40, 0x00, 0x1F, 0x80, 0x7F, 0xC0, 0xE1,
    0xE0, 0xE1, 0xE0, 0xE1, 0xE0, 0x41, 0xE0, 0x03, 0xC0, 0x07, 0xC0, 0x0F, 0x80, 0x0F, 0x00, 0x0E,
    0x00, 0x0C, 0x00, 0x0C, 0x00, 0x00, 0x00, 0x00, 0x00, 0x0C, 0x00, 0x1E, 0x00, 0x1E, 0x00, 0x0C,
    0x00, 0x01, 0xFE, 0x00, 0x07, 0xFF, 0x80, 0x1E, 0x01, 0xE0, 0x38, 0x00, 0x60, 0x30, 0x00, 0x30,
    0x60, 0xFA, 0x30, 0x61, 0xFE, 0x18, 0xC3, 0x86, 0x18, 0xC7, 0x8E, 0x18, 0xC7, 0x0E, 0x18, 0xC7,
    0x0E, 0x18, 0xC7, 0x1E, 0x18, 0xC7, 0x16, 0x30, 0xC7, 0x16, 0x30, 0xE3, 0xE7, 0xE0, 0x61, 0xC7,
    0xC0, 0x70, 0x00, 0x00, 0x38, 0x01, 0x00, 0x1E, 0x07, 0x00, 0x07, 0xFE, 0x00, 0x01, 0xF0, 0x00,
    0x01, 0xE0, 0x00, 0x01, 0xE0, 0x00, 0x01, 0xF0, 0x00, 0x03, 0x70, 0x00, 0x03, 0x78, 0x00, 0x03,
    0x78, 0x00, 0x06, 0x38, 0x00, 0x06, 0x3C, 0x00, 0x06, 0x3C, 0x00, 0x0C, 0x1C, 0x00, 0x0C, 0x1E,
    0x00, 0x0F, 0xFE, 0x00, 0x1F, 0xFE, 0x00, 0x18, 0x0F, 0x00, 0x18, 0x0F, 0x00, 0x30, 0x07, 0x80,
    0x30, 0x07, 0x80, 0x78, 0x0F, 0xE0, 0xFC, 0x1F, 0xE0, 0xFF, 0xF0, 0x7F, 0xFC, 0x1C, 0x1E, 0x1C,
    0x1E, 0x1C, 0x0E, 0x1C, 0x1E, 0x1C, 0x1E, 0x1C, 0x3C, 0x1F, 0xF0, 0x1F, 0xFC, 0x1E, 0x3E, 0x1C,
    0x0F, 0x1C, 0x0F, 0x1C, 0x07, 0x1C, 0x0F, 0x1C, 0x0F, 0x1C, 0x1E, 0x7F, 0xFC, 0xFF, 0xF0, 0x07,
    0xF6, 0x0F, 0xFE, 0x3C, 0x0E, 0x38, 0x06, 0x70, 0x07, 0x70, 0x03, 0xF0, 0x00, 0xF0, 0x00, 0xF0,
    0x00, 0xE0, 0x00, 0xF0, 0x00, 0xF0, 0x00, 0xF0, 0x00, 0x70, 0x00, 0x78, 0x00, 0x38, 0x03, 0x3E,
    0x06, 0x0F, 0xFC, 0x07, 0xF0, 0xFF, 0xF8, 0x00, 0x7F, 0xFE, 0x00, 0x1C, 0x0F, 0x00, 0x1C, 0x07,
    0x80, 0x1C, 0x03, 0xC0, 0x1C, 0x03, 0xC0, 0x1C, 0x01, 0xC0, 0x1C, 0x01, 0xC0, 0x1C, 0x01, 0xC0,
    0x1C, 0x01, 0xC0, 0x1C, 0x01, 0xC0, 0x1C, 0x01, 0xC0, 0x1C, 0x01, 0xC0, 0x1C, 0x03, 0xC0, 0x1C,
    0x03, 0x80, 0x1C, 0x07, 0x00, 0x1C, 0x0F, 0x00, 0x7F, 0xFC, 0x00, 0xFF, 0xF0, 0x00, 0xFF, 0xFC,
    0x7F, 0xFC, 0x1C, 0x0C, 0x1C, 0x0C, 0x1C, 0x04, 0x1C, 0x00, 0x1C, 0x10, 0x1C, 0x30, 0x1F, 0xF0,
    0x1F, 0xF0, 0x1C, 0x30, 0x1C, 0x30, 0x1C, 0x00, 0x1C, 0x00, 0x1C, 0x06, 0x1C, 0x06, 0x1C, 0x0E,
    0x7F, 0xFE, 0xFF, 0xFE, 0xFF, 0xFC, 0xFF, 0xFC, 0x38, 0x1C, 0x38, 0x0C, 0x38, 0x0C, 0x38, 0x00,
    0x38, 0x00, 0x38, 0x30, 0x38, 0x70, 0x3F, 0xF0, 0x3F, 0xF0, 0x38, 0x70, 0x38, 0x30, 0x38, 0x00,
    0x38, 0x00, 0x38, 0x00, 0x38, 0x00, 0x7E, 0x00, 0xFF, 0x00, 0x07, 0xF6, 0x00, 0x0F, 0xFF, 0x00,
    0x1C, 0x0F, 0x00, 0x38, 0x07, 0x00, 0x70, 0x03, 0x00, 0x70, 0x03, 0x00, 0xF0, 0x00, 0x00, 0xF0,
    0x00, 0x00, 0xF0, 0x00, 0x00, 0xE0, 0x00, 0x00, 0xF0, 0x1F, 0xE0, 0xF0, 0x0F, 0xC0, 0xF0, 0x07,
    0x00, 0xF0, 0x07, 0x00, 0x78, 0x07, 0x00, 0x38, 0x07, 0x00, 0x3C, 0x0F, 0x00, 0x1F, 0xFF, 0x00,
    0x07, 0xF3, 0x00, 0xFF, 0x0F, 0xF0, 0x7E, 0x07, 0xE0, 0x38, 0x03, 0x80, 0x38, 0x03, 0x80, 0x38,
    0x03, 0x80, 0x38, 0x03, 0x80, 0x38, 0x03, 0x80, 0x38, 0x03, 0x80, 0x3F, 0xFF, 0x80, 0x3F, 0xFF,
    0x80, 0x38, 0x03, 0x80, 0x38, 0x03, 0x80, 0x38, 0x03, 0x80, 0x38, 0x03, 0x80, 0x38, 0x03, 0x80,
    0x38, 0x03, 0x80, 0x38, 0x03, 0x80, 0x7E, 0x07, 0xE0, 0xFF, 0x0F, 0xF0, 0xFF, 0x7E, 0x38, 0x38,
    0x38, 0x38, 0x38, 0x38, 0x38, 0x38, 0x38, 0x38, 0x38, 0x38, 0x38, 0x38, 0x38, 0x7E, 0xFF, 0x07,
    0xF8, 0x03, 0xF0, 0x00, 0xE0, 0x00, 0xE0, 0x00, 0xE0, 0x00, 0xE0, 0x00, 0xE0, 0x00, 0xE0, 0x00,
    0xE0, 0x00, 0xE0, 0x00, 0xE0, 0x00, 0xE0, 0x00, 0xE0, 0x60, 0xE0, 0xF1, 0xE0, 0xF1, 0xE0, 0xE1,
    0xC0, 0x7F, 0x80, 0x3F, 0x00, 0xFF, 0x1F, 0xC0, 0xFF, 0x1F, 0x80, 0x1C, 0x0E, 0x00, 0x1C, 0x0C,
    0x00, 0x1C, 0x18, 0x00, 0x1C, 0x30, 0x00, 0x1C, 0x60, 0x00, 0x1C, 0xC0, 0x00, 0x1D, 0xC0, 0x00,
    0x1F, 0xE0, 0x00, 0x1F, 0xE0, 0x00, 0x1C, 0xF0, 0x00, 0x1C, 0x70, 0x00, 0x1C, 0x78, 0x00, 0x1C,
    0x3C, 0x00, 0x1C, 0x1C, 0x00, 0x1C, 0x1E, 0x00, 0x7E, 0x0F, 0xC0, 0xFF, 0x07, 0xC0, 0xFF, 0x00,
    0xFE, 0x00, 0x38, 0x00, 0x38, 0x00, 0x38, 0x00, 0x38, 0x00, 0x38, 0x00, 0x38, 0x00, 0x38, 0x00,
    0x38, 0x00, 0x38, 0x00, 0x38, 0x00, 0x38, 0x00, 0x38, 0x0C, 0x38, 0x0C, 0x38, 0x0C, 0x38, 0x1C,
    0x7F, 0xFC, 0xFF, 0xFC, 0x7E, 0x00, 0x7E, 0x7F, 0x00, 0xFE, 0x1F, 0x00, 0xF8, 0x1F, 0x01, 0xF8,
    0x1F, 0x81, 0xB8, 0x1B, 0x81, 0xB8, 0x1B, 0x83, 0x38, 0x1B, 0xC3, 0x38, 0x19, 0xC7, 0x38, 0x19,
    0xE6, 0x38, 0x18, 0xE6, 0x38, 0x18, 0xEC, 0x38, 0x18, 0xFC, 0x38, 0x18, 0x7C, 0x38, 0x18, 0x78,
    0x38, 0x18, 0x78, 0x38, 0x18, 0x00, 0x3C, 0x7C, 0x00, 0x7E, 0xFC, 0x00, 0xFF, 0xFC, 0x07, 0xE0,
    0x7E, 0x07, 0xC0, 0x3E, 0x01, 0x80, 0x3F, 0x01, 0x80, 0x37, 0x81, 0x80, 0x37, 0x81, 0x80, 0x33,
    0xC1, 0x80, 0x31, 0xC1, 0x80, 0x31, 0xE1, 0x80, 0x30, 0xF1, 0x80, 0x30, 0xF1, 0x80, 0x30, 0x79,
    0x80, 0x30, 0x3D, 0x80, 0x30, 0x3D, 0x80, 0x30, 0x1F, 0x80, 0x30, 0x0F, 0x80, 0x30, 0x0F, 0x80,
    0x78, 0x07, 0x80, 0xFC, 0x07, 0x80, 0x03, 0xF8, 0x00, 0x0F, 0xFE, 0x00, 0x1C, 0x0F, 0x00, 0x38,
    0x07, 0x00, 0x70, 0x03, 0x80, 0x70, 0x03, 0xC0, 0xF0, 0x03, 0xC0, 0xF0, 0x03, 0xC0, 0xE0, 0x03,
    0xC0, 0xE0, 0x01, 0xC0, 0xF0, 0x01, 0xC0, 0xF0, 0x03, 0xC0, 0xF0, 0x03, 0xC0, 0xF0, 0x03, 0x80,
    0x78, 0x03, 0x80, 0x38, 0x07, 0x00, 0x3C, 0x0E, 0x00, 0x0F, 0xFC, 0x00, 0x07, 0xF0, 0x00, 0xFF,
    0xE0, 0xFF, 0xF0, 0x38, 0x78, 0x38, 0x3C, 0x38, 0x3C, 0x38, 0x1C, 0x38, 0x3C, 0x38, 0x3C, 0x38,
    0x38, 0x3C, 0x78, 0x3F, 0xE0, 0x3F, 0x80, 0x38, 0x00, 0x38, 0x00, 0x38, 0x00, 0x38, 0x00, 0x38,
    0x00, 0x7E, 0x00, 0xFF, 0x00, 0x03, 0xF8, 0x00, 0x0F, 0xFE, 0x00, 0x1C, 0x0F, 0x00, 0x38, 0x07,
    0x00, 0x70, 0x03, 0x80, 0x70, 0x03, 0xC0, 0xF0, 0x03, 0xC0, 0xF0, 0x03, 0xC0, 0xE0, 0x01, 0xC0,
    0xE0, 0x01, 0xC0, 0xF0, 0x03, 0xC0, 0xF3, 0x03, 0xC0, 0xFF, 0xC3, 0xC0, 0xFC, 0xE3, 0x80, 0x78,
    0x77, 0x80, 0x38, 0x3F, 0x00, 0x3C, 0x3F, 0x00, 0x0F, 0xFC, 0x00, 0x07, 0xFE, 0x00, 0x00, 0x0F,
    0x00, 0x00, 0x0F, 0x8C, 0x00, 0x07, 0xFC, 0x00, 0x03, 0xF8, 0x00, 0x01, 0xE0, 0xFF, 0xE0, 0x00,
    0xFF, 0xF8, 0x00, 0x38, 0x3C, 0x00, 0x38, 0x3C, 0x00, 0x38, 0x3C, 0x00, 0x38, 0x3C, 0x00, 0x38,
    0x3C, 0x00, 0x38, 0x78, 0x00, 0x3F, 0xF0, 0x00, 0x3F, 0xC0, 0x00, 0x38, 0xE0, 0x00, 0x38, 0xF0,
    0x00, 0x38, 0x70, 0x00, 0x38, 0x78, 0x00, 0x38, 0x38, 0x00, 0x38, 0x3C, 0x00, 0x3C, 0x3C, 0x00,
    0xFF, 0x1F, 0x80, 0xFF, 0x0F, 0x80, 0x0F, 0xD8, 0x1F, 0xF8, 0x38, 0x38, 0x78, 0x18, 0x70, 0x18,
    0x78, 0x08, 0x7C, 0x00, 0x7F, 0x00, 0x3F, 0xC0, 0x1F, 0xF0, 0x07, 0xF8, 0x00, 0xFC, 0x00, 0x3C,
    0xC0, 0x3C, 0xE0, 0x1C, 0x60, 0x3C, 0x78, 0x38, 0x7F, 0xF0, 0x67, 0xE0, 0xFF, 0xFF, 0x80, 0xFF,
    0xFF, 0x80, 0xE1, 0xC3, 0x80, 0xC1, 0xC1, 0x80, 0xC1, 0xC1, 0x80, 0x81, 0xC0, 0x80, 0x01, 0xC0,
    0x00, 0x01, 0xC0, 0x00, 0x01, 0xC0, 0x00, 0x01, 0xC0, 0x00, 0x01, 0xC0, 0x00, 0x01, 0xC0, 0x00,
    0x01, 0xC0, 0x00, 0x01, 0xC0, 0x00, 0x01, 0xC0, 0x00, 0x01, 0xC0, 0x00, 0x01, 0xC0, 0x00, 0x07,
    0xF0, 0x00, 0x0F, 0xF8, 0x00, 0xFF, 0x07, 0xE0, 0xFE, 0x07, 0xC0, 0x38, 0x01, 0x80, 0x38, 0x01,
    0x80, 0x38, 0x01, 0x80, 0x38, 0x01, 0x80, 0x38, 0x01, 0x80, 0x38, 0x01, 0x80, 0x38, 0x01, 0x80,
    0x38, 0x01, 0x80, 0x38, 0x01, 0x80, 0x38, 0x01, 0x80, 0x38, 0x01, 0x80, 0x3C, 0x01, 0x80, 0x3C,
    0x03, 0x00, 0x1C, 0x03, 0x00, 0x1E, 0x06, 0x00, 0x0F, 0xFE, 0x00, 0x03, 0xF8, 0x00, 0xFF, 0x0F,
    0xE0, 0xFE, 0x07, 0xC0, 0x3C, 0x03, 0x80, 0x3C, 0x03, 0x00, 0x1E, 0x07, 0x00, 0x1E, 0x07, 0x00,
    0x0E, 0x06, 0x00, 0x0F, 0x06, 0x00, 0x0F, 0x0E, 0x00, 0x07, 0x0C, 0x00, 0x07, 0x0C, 0x00, 0x07,
    0x9C, 0x00, 0x03, 0x98, 0x00, 0x03, 0x98, 0x00, 0x03, 0xF0, 0x00, 0x01, 0xF0, 0x00, 0x01, 0xF0,
    0x00, 0x00, 0xE0, 0x00, 0x00, 0xE0, 0x00, 0xFF, 0x07, 0x83, 0xF0, 0xFE, 0x07, 0x81, 0xF0, 0x3C,
    0x0F, 0x80, 0xC0, 0x3C, 0x0F, 0x80, 0xC0, 0x1E, 0x0F, 0xC0, 0x80, 0x1E, 0x0D, 0xC1, 0x80, 0x1E,
    0x19, 0xC1, 0x80, 0x1E, 0x19, 0xE1, 0x80, 0x0E, 0x18, 0xE1, 0x00, 0x0F, 0x18, 0xE3, 0x00, 0x0F,
    0x30, 0xE3, 0x00, 0x07, 0x30, 0xF3, 0x00, 0x07, 0x30, 0x73, 0x00, 0x07, 0xB0, 0x76, 0x00, 0x07,
    0xE0, 0x7E, 0x00, 0x03, 0xE0, 0x7E, 0x00, 0x03, 0xE0, 0x3E, 0x00, 0x03, 0xE0, 0x3C, 0x00, 0x03,
    0xC0, 0x3C, 0x00, 0xFF, 0x0F, 0xC0, 0xFE, 0x0F, 0xC0, 0x3E, 0x07, 0x00, 0x1E, 0x06, 0x00, 0x0F,
    0x0C, 0x00, 0x07, 0x98, 0x00, 0x07, 0x98, 0x00, 0x03, 0xF0, 0x00, 0x01, 0xE0, 0x00, 0x00, 0xE0,
    0x00, 0x01, 0xF0, 0x00, 0x01, 0xF8, 0x00, 0x03, 0x3C, 0x00, 0x06, 0x3C, 0x00, 0x0E, 0x1E, 0x00,
    0x1C, 0x0F, 0x00, 0x38, 0x0F, 0x80, 0xFE, 0x1F, 0xE0, 0xFE, 0x1F, 0xE0, 0xFF, 0x0F, 0xE0, 0xFE,
    0x07, 0xE0, 0x3C, 0x03, 0x80, 0x1E, 0x07, 0x00, 0x1E, 0x06, 0x00, 0x0F, 0x0E, 0x00, 0x07, 0x0C,
    0x00, 0x07, 0x98, 0x00, 0x03, 0xD8, 0x00, 0x01, 0xF0, 0x00, 0x01, 0xF0, 0x00, 0x00, 0xE0, 0x00,
    0x00, 0xE0, 0x00, 0x00, 0xE0, 0x00, 0x00, 0xE0, 0x00, 0x00, 0xE0, 0x00, 0x00, 0xE0, 0x00, 0x03,
    0xF0, 0x00, 0x07, 0xF8, 0x00, 0x7F, 0xFE, 0x7F, 0xFE, 0x70, 0x1C, 0x60, 0x3C, 0x60, 0x78, 0x40,
    0x70, 0x00, 0xF0, 0x01, 0xE0, 0x01, 0xC0, 0x03, 0xC0, 0x07, 0x80, 0x07, 0x00, 0x0F, 0x00, 0x1E,
    0x02, 0x1C, 0x06, 0x3C, 0x06, 0x78, 0x0E, 0x7F, 0xFE, 0xFF, 0xFE, 0xF8, 0xFC, 0xE0, 0xE0, 0xE0,
    0xE0, 0xE0, 0xE0, 0xE0, 0xE0, 0xE0, 0xE0, 0xE0, 0xE0, 0xE0, 0xE0, 0xE0, 0xE0, 0xE0, 0xE0, 0xE0,
    0xE0, 0xE0, 0xE0, 0xE0, 0xE0, 0xF0, 0xFC, 0x80, 0x00, 0xC0, 0x00, 0xC0, 0x00, 0xE0, 0x00, 0x60,
    0x00, 0x60, 0x00, 0x70, 0x00, 0x30, 0x00, 0x30, 0x00, 0x18, 0x00, 0x18, 0x00, 0x18, 0x00, 0x0C,
    0x00, 0x0C, 0x00, 0x0E, 0x00, 0x06, 0x00, 0x06, 0x00, 0x07, 0x00, 0x03, 0x00, 0x03, 0x00, 0x01,
    0x80, 0x01, 0x80, 0x01, 0x80, 0x00, 0xC0, 0x00, 0xC0, 0xFC, 0xFC, 0x1C, 0x1C, 0x1C, 0x1C, 0x1C,
    0x1C, 0x1C, 0x1C, 0x1C, 0x1C, 0x1C, 0x1C, 0x1C, 0x1C, 0x1C, 0x1C, 0x1C, 0x1C, 0x1C, 0x1C, 0x1C,
    0x1C, 0x1C, 0x1C, 0x7C, 0xFC, 0x03, 0x00, 0x07, 0x80, 0x0F, 0x80, 0x0C, 0xC0, 0x18, 0xE0, 0x38,
    0x60, 0x30, 0x30, 0x60, 0x38, 0xE0, 0x18, 0x40, 0x08, 0xFF, 0xF8, 0xFF, 0xF8, 0xC0, 0xE0, 0xF0,
    0x38, 0x18, 0x3F, 0x80, 0x7F, 0xC0, 0xE1, 0xE0, 0xE1, 0xE0, 0x60, 0xE0, 0x00, 0xE0, 0x1F, 0xE0,
    0x7F, 0xE0, 0xF0, 0xE0, 0xF0, 0xE0, 0xE1, 0xE0, 0xF1, 0xE0, 0x7F, 0xFC, 0x3C, 0x78, 0xF8, 0x00,
    0xF8, 0x00, 0x38, 0x00, 0x38, 0x00, 0x38, 0x00, 0x38, 0x00, 0x39, 0xF0, 0x3F, 0xF8, 0x3C, 0x3C,
    0x3C, 0x1E, 0x3C, 0x1E, 0x38, 0x1E, 0x38, 0x0E, 0x38, 0x0E, 0x38, 0x1E, 0x38, 0x1E, 0x38, 0x1C,
    0x3C, 0x3C, 0x3F, 0xF8, 0x33, 0xE0, 0x0F, 0xC0, 0x3F, 0xE0, 0x78, 0x70, 0x70, 0x70, 0xF0, 0x70,
    0xF0, 0x00, 0xE0, 0x00, 0xF0, 0x00, 0xF0, 0x00, 0xF0, 0x00, 0x78, 0x00, 0x7C, 0x70, 0x3F, 0xE0,
    0x0F, 0xC0, 0x01, 0xF8, 0x00, 0xF8, 0x00, 0x38, 0x00, 0x38, 0x00, 0x38, 0x00, 0x38, 0x0F, 0xF8,
    0x3F, 0xF8, 0x78, 0x78, 0x70, 0x38, 0xF0, 0x38, 0xF0, 0x38, 0xE0, 0x38, 0xE0, 0x38, 0xF0, 0x38,
    0xF0, 0x78, 0xF0, 0x78, 0x78, 0x78, 0x3F, 0xFC, 0x1F, 0x3E, 0x0F, 0xC0, 0x3F, 0xE0, 0x78, 0xF0,
    0x70, 0x70, 0xF0, 0x70, 0xFF, 0xF0, 0xFF, 0xF0, 0xE0, 0x00, 0xF0, 0x00, 0xF0, 0x00, 0x78, 0x10,
    0x7C, 0x70, 0x3F, 0xE0, 0x0F, 0xC0, 0x07, 0xC0, 0x1F, 0xE0, 0x1C, 0xE0, 0x3C, 0xE0, 0x38, 0x40,
    0x38, 0x00, 0x38, 0x00, 0xFF, 0x80, 0xFF, 0x80, 0x38, 0x00, 0x38, 0x00, 0x38, 0x00, 0x38, 0x00,
    0x38, 0x00, 0x38, 0x00, 0x38, 0x00, 0x38, 0x00, 0x38, 0x00, 0x38, 0x00, 0xFE, 0x00, 0xFF, 0x00,
    0x00, 0x1E, 0x1F, 0xBE, 0x3F, 0xE4, 0x78, 0xF0, 0x70, 0x70, 0x70, 0x70, 0x70, 0x70, 0x70, 0x70,
    0x78, 0xF0, 0x1F, 0xE0, 0x37, 0x00, 0x60, 0x00, 0x7F, 0xF0, 0x7F, 0xF8, 0x3F, 0xFC, 0x70, 0x3C,
    0xF0, 0x3C, 0xF0, 0x3C, 0xF0, 0x38, 0x7F, 0xF0, 0x3F, 0xE0, 0xF8, 0x00, 0xF8, 0x00, 0x38, 0x00,
    0x38, 0x00, 0x38, 0x00, 0x38, 0x00, 0x39, 0xF0, 0x3F, 0xF8, 0x3C, 0x3C, 0x38, 0x3C, 0x38, 0x1C,
    0x38, 0x1C, 0x38, 0x1C, 0x38, 0x1C, 0x38, 0x1C, 0x38, 0x1C, 0x38, 0x1C, 0x38, 0x1C, 0xFC, 0x3E,
    0xFE, 0x7F, 0x30, 0x78, 0x78, 0x30, 0x00, 0x00, 0xF8, 0xF8, 0x78, 0x38, 0x38, 0x38, 0x38, 0x38,
    0x38, 0x38, 0x38, 0x38, 0xFE, 0xFF, 0x30, 0x78, 0x78, 0x30, 0x00, 0x00, 0xF8, 0xF8, 0x78, 0x38,
    0x38, 0x38, 0x38, 0x38, 0x38, 0x38, 0x38, 0x38, 0x38, 0x38, 0x78, 0x78, 0x70, 0xE0, 0xC0, 0x80,
    0xF8, 0x00, 0x78, 0x00, 0x38, 0x00, 0x38, 0x00, 0x38, 0x00, 0x38, 0x00, 0x38, 0x7E, 0x38, 0x7C,
    0x38, 0x30, 0x38, 0x60, 0x38, 0xC0, 0x3B, 0x80, 0x3F, 0x80, 0x3B, 0xC0, 0x39, 0xE0, 0x38, 0xF0,
    0x38, 0xF0, 0x38, 0x78, 0xFE, 0x3F, 0xFE, 0x1E, 0xF8, 0xF8, 0x38, 0x38, 0x38, 0x38, 0x38, 0x38,
    0x38, 0x38, 0x38, 0x38, 0x38, 0x38, 0x38, 0x38, 0x38, 0x38, 0x7C, 0xFE, 0xF9, 0xF0, 0xF0, 0xFF,
    0xFB, 0xFC, 0x3C, 0x3E, 0x3C, 0x38, 0x3C, 0x1C, 0x38, 0x1C, 0x1C, 0x38, 0x1C, 0x1C, 0x38, 0x1C,
    0x1C, 0x38, 0x1C, 0x1C, 0x38, 0x1C, 0x1C, 0x38, 0x1C, 0x1C, 0x38, 0x1C, 0x1C, 0x38, 0x1C, 0x1C,
    0xFC, 0x3E, 0x3E, 0xFE, 0x7E, 0x7F, 0xF9, 0xF0, 0xFF, 0xF8, 0x3C, 0x3C, 0x38, 0x3C, 0x38, 0x1C,
    0x38, 0x1C, 0x38, 0x1C, 0x38, 0x1C, 0x38, 0x1C, 0x38, 0x1C, 0x38, 0x1C, 0x38, 0x1C, 0xFC, 0x3E,
    0xFE, 0x7F, 0x0F, 0xC0, 0x3F, 0xF0, 0x78, 0x78, 0x70, 0x38, 0xF0, 0x3C, 0xF0, 0x3C, 0xE0, 0x1C,
    0xF0, 0x1C, 0xF0, 0x3C, 0xF0, 0x3C, 0x70, 0x38, 0x78, 0x78, 0x3F, 0xF0, 0x0F, 0xC0, 0xF9, 0xF0,
    0xFB, 0xF8, 0x3E, 0x3C, 0x3C, 0x1E, 0x3C, 0x1E, 0x38, 0x1E, 0x38, 0x0E, 0x38, 0x0E, 0x38, 0x1E,
    0x38, 0x1E, 0x38, 0x1C, 0x3C, 0x3C, 0x3F, 0xF8, 0x3F, 0xF0, 0x38, 0x00, 0x38, 0x00, 0x38, 0x00,
    0x3C, 0x00, 0xFF, 0x00, 0xFF, 0x00, 0x0F, 0xD8, 0x3F, 0xF8, 0x78, 0x78, 0x70, 0x38, 0xF0, 0x38,
    0xF0, 0x38, 0xE0, 0x38, 0xE0, 0x38, 0xF0, 0x38, 0xF0, 0x78, 0xF0, 0x78, 0x78, 0x78, 0x3F, 0xF8,
    0x1F, 0x38, 0x00, 0x38, 0x00, 0x38, 0x00, 0x38, 0x00, 0x78, 0x01, 0xFE, 0x01, 0xFE, 0xF9, 0xE0,
    0xFB, 0xF0, 0x7C, 0xF0, 0x3C, 0xF0, 0x38, 0xE0, 0x38, 0x00, 0x38, 0x00, 0x38, 0x00, 0x38, 0x00,
    0x38, 0x00, 0x38, 0x00, 0x38, 0x00, 0x7E, 0x00, 0xFF, 0x00, 0x3F, 0x80, 0x7F, 0x80, 0xE1, 0x80,
    0xE0, 0xC0, 0xE0, 0x00, 0xFC, 0x00, 0x7F, 0x00, 0x3F, 0x80, 0x07, 0xC0, 0x81, 0xC0, 0xC1, 0xC0,
    0xE1, 0xC0, 0xFF, 0x80, 0xFF, 0x00, 0x08, 0x00, 0x18, 0x00, 0x18, 0x00, 0x18, 0x00, 0x38, 0x00,
    0xFF, 0x80, 0xFF, 0x80, 0x38, 0x00, 0x38, 0x00, 0x38, 0x00, 0x38, 0x00, 0x38, 0x00, 0x38, 0x00,
    0x38, 0x00, 0x38, 0x00, 0x38, 0x00, 0x3C, 0x00, 0x3F, 0xC0, 0x1F, 0x00, 0xF8, 0x7C, 0xF8, 0x7C,
    0x38, 0x3C, 0x38, 0x1C, 0x38, 0x1C, 0x38, 0x1C, 0x38, 0x1C, 0x38, 0x1C, 0x38, 0x1C, 0x38, 0x3C,
    0x3C, 0x3C, 0x3C, 0x7C, 0x1F, 0xDF, 0x0F, 0x9F, 0xFE, 0x3F, 0xFC, 0x3E, 0x38, 0x1C, 0x3C, 0x18,
    0x3C, 0x18, 0x1C, 0x30, 0x1E, 0x30, 0x0E, 0x30, 0x0E, 0x60, 0x0F, 0x60, 0x07, 0x60, 0x07, 0xC0,
    0x03, 0xC0, 0x03, 0x80, 0xFE, 0x3C, 0x7E, 0xFC, 0x3C, 0x3E, 0x38, 0x3E, 0x18, 0x3C, 0x3E, 0x18,
    0x3C, 0x6E, 0x10, 0x1C, 0x6E, 0x30, 0x1C, 0x6F, 0x30, 0x1E, 0x67, 0x30, 0x0E, 0xC7, 0x60, 0x0E,
    0xC7, 0x60, 0x0F, 0xC3, 0xE0, 0x07, 0x83, 0xC0, 0x07, 0x83, 0xC0, 0x07, 0x83, 0xC0, 0xFE, 0x7E,
    0xFE, 0x3E, 0x3C, 0x38, 0x1E, 0x30, 0x0F, 0x60, 0x0F, 0xC0, 0x07, 0xC0, 0x03, 0xC0, 0x07, 0xE0,
    0x0C, 0xF0, 0x1C, 0x78, 0x38, 0x78, 0x78, 0x7F, 0xFC, 0xFF, 0xFE, 0x3F, 0xFC, 0x3E, 0x38, 0x1C,
    0x3C, 0x18, 0x1C, 0x18, 0x1C, 0x30, 0x1E, 0x30, 0x0E, 0x60, 0x0F, 0x60, 0x07, 0x60, 0x07, 0xC0,
    0x03, 0xC0, 0x03, 0x80, 0x03, 0x80, 0x03, 0x80, 0x03, 0x00, 0xE7, 0x00, 0xE6, 0x00, 0xFC, 0x00,
    0x78, 0x00, 0xFF, 0xE0, 0xFF, 0xE0, 0xC1, 0xC0, 0xC3, 0xC0, 0xC7, 0x80, 0x07, 0x00, 0x0F, 0x00,
    0x1E, 0x00, 0x1C, 0x00, 0x38, 0x20, 0x78, 0x60, 0x70, 0x60, 0xFF, 0xE0, 0xFF, 0xE0, 0x1E, 0x3E,
    0x3C, 0x38, 0x38, 0x38, 0x38, 0x38, 0x38, 0x38, 0x38, 0x38, 0x70, 0xE0, 0xF0, 0x38, 0x38, 0x38,
    0x38, 0x38, 0x38, 0x38, 0x38, 0x38, 0x38, 0x3C, 0x3E, 0x1E, 0xC0, 0xC0, 0xC0, 0xC0, 0xC0, 0xC0,
    0xC0, 0xC0, 0xC0, 0xC0, 0xC0, 0xC0, 0xC0, 0xC0, 0xC0, 0xC0, 0xC0, 0xC0, 0xC0, 0xC0, 0xC0, 0xC0,
    0xC0, 0xC0, 0xC0, 0xF0, 0xF8, 0x38, 0x38, 0x38, 0x38, 0x38, 0x38, 0x38, 0x38, 0x38, 0x3C, 0x1C,
    0x0F, 0x1E, 0x3C, 0x38, 0x38, 0x38, 0x38, 0x38, 0x38, 0x38, 0x38, 0x38, 0x38, 0xF8, 0xF0, 0x7C,
    0x30, 0xFF, 0xF0, 0x83, 0xE0, 0x60, 0xF0, 0xF0, 0x60, 0x00, 0x00, 0x60, 0x60, 0x60, 0x60, 0x60,
    0x60, 0x60, 0x70, 0xF0, 0xF0, 0xF0, 0xF0, 0xF0, 0xE0, 0x01, 0x80, 0x01, 0x80, 0x0F, 0xC0, 0x3F,
    0xE0, 0x7B, 0x70, 0x73, 0x70, 0xF3, 0x70, 0xF6, 0x00, 0xE6, 0x00, 0xF6, 0x00, 0xF6, 0x00, 0xFC,
    0x00, 0x7C, 0x00, 0x7C, 0x70, 0x3F, 0xE0, 0x1F, 0x80, 0x18, 0x00, 0x08, 0x00, 0x0F, 0xC0, 0x1F,
    0xF0, 0x38, 0x70, 0x78, 0x70, 0x78, 0x70, 0x78, 0x00, 0x78, 0x00, 0x78, 0x00, 0x78, 0x00, 0xFF,
    0xE0, 0xFF, 0xE0, 0x1C, 0x00, 0x1C, 0x00, 0x1C, 0x00, 0x1C, 0x18, 0x38, 0x18, 0x38, 0x78, 0xFF,
    0xF8, 0xFF, 0xF8, 0xC0, 0x30, 0xEF, 0xF0, 0x7F, 0xE0, 0x39, 0xE0, 0x70, 0xE0, 0x70, 0xE0, 0x70,
    0xE0, 0x70, 0xE0, 0x39, 0xC0, 0x7F, 0xE0, 0xFF, 0xE0, 0xC0, 0x30, 0xFF, 0x0F, 0xE0, 0xFF, 0x0F,
    0xE0, 0x3C, 0x03, 0x00, 0x1C, 0x07, 0x00, 0x1E, 0x06, 0x00, 0x0F, 0x0E, 0x00, 0x0F, 0x0C, 0x00,
    0x07, 0x98, 0x00, 0x07, 0x98, 0x00, 0x7F, 0xFF, 0x00, 0x01, 0xF0, 0x00, 0x3F, 0xFF, 0x00, 0x7F,
    0xFF, 0x00, 0x00, 0xE0, 0x00, 0x00, 0xE0, 0x00, 0x00, 0xE0, 0x00, 0x00, 0xE0, 0x00, 0x03, 0xF0,
    0x00, 0x07, 0xF8, 0x00, 0xC0, 0xC0, 0xC0, 0xC0, 0xC0, 0xC0, 0xC0, 0xC0, 0xC0, 0xC0, 0x00, 0x00,
    0x00, 0xC0, 0xC0, 0xC0, 0xC0, 0xC0, 0xC0, 0xC0, 0xC0, 0xC0, 0xC0, 0xC0, 0x07, 0xC0, 0x1F, 0xE0,
    0x3C, 0x70, 0x38, 0xF0, 0x38, 0x60, 0x3C, 0x00, 0x3E, 0x00, 0x7F, 0x80, 0xE7, 0xC0, 0xE3, 0xF0,
    0xE1, 0xF8, 0xF0, 0x78, 0x78, 0x3C, 0x3E, 0x1C, 0x1F, 0x1C, 0x07, 0x98, 0x03, 0xF0, 0x00, 0xE0,
    0x00, 0xF0, 0x38, 0x70, 0x38, 0x70, 0x38, 0xE0, 0x3F, 0xC0, 0x0F, 0x00, 0xE3, 0x80, 0xE3, 0x80,
    0xE3, 0x80, 0xE3, 0x80, 0x03, 0xF8, 0x00, 0x0F, 0xFE, 0x00, 0x1C, 0x07, 0x00, 0x30, 0xE9, 0x80,
    0x63, 0xF8, 0xC0, 0x67, 0x98, 0xC0, 0xC7, 0x0C, 0xE0, 0xCE, 0x00, 0x60, 0xCE, 0x00, 0x60, 0xCE,
    0x00, 0x60, 0xCE, 0x00, 0x60, 0xCF, 0x00, 0xE0, 0xE7, 0x0C, 0xC0, 0x63, 0xF8, 0xC0, 0x71, 0xF1,
    0x80, 0x3C, 0x07, 0x00, 0x1F, 0xFE, 0x00, 0x07, 0xF8, 0x00, 0x7E, 0x00, 0xE7, 0x00, 0xE3, 0x80,
    0xC3, 0x80, 0x07, 0x80, 0x7F, 0x80, 0xE3, 0x80, 0xE3, 0x80, 0xFF, 0xC0, 0x79, 0xE0, 0x04, 0x20,
    0x0C, 0x60, 0x18, 0xC0, 0x39, 0xC0, 0x73, 0x80, 0xE7, 0x00, 0xE7, 0x80, 0x73, 0x80, 0x39, 0xC0,
    0x1C, 0xE0, 0x0C, 0x60, 0x00, 0x20, 0x7F, 0xF0, 0xFF, 0xF0, 0x00, 0x30, 0x00, 0x30, 0x00, 0x30,
    0x00, 0x30, 0x0E, 0x00, 0x3F, 0x80, 0x63, 0xC0, 0xED, 0xC0, 0xED, 0xC0, 0xE3, 0xC0, 0xED, 0xC0,
    0xED, 0xC0, 0x7F, 0x80, 0x3F, 0x00, 0xFF, 0xFF, 0x38, 0x7C, 0xCE, 0xC6, 0xC6, 0xFC, 0x78, 0x06,
    0x00, 0x06, 0x00, 0x06, 0x00, 0x06, 0x00, 0xFF, 0xE0, 0xFF, 0xE0, 0x06, 0x00, 0x06, 0x00, 0x06,
    0x00, 0x06, 0x00, 0x00, 0x00, 0x00, 0x00, 0xFF, 0xE0, 0xFF, 0xE0, 0x3E, 0x00, 0xE7, 0x80, 0xE3,
    0x80, 0xE3, 0x80, 0x03, 0x80, 0x07, 0x00, 0x0E, 0x00, 0x0C, 0x00, 0x38, 0x80, 0x71, 0x80, 0xFF,
    0x80, 0xFF, 0x80, 0x3E, 0x00, 0xFF, 0x00, 0xE3, 0x80, 0xE3, 0x80, 0x07, 0x00, 0x1E, 0x00, 0x1F,
    0x00, 0x03, 0x80, 0x03, 0x80, 0x83, 0x80, 0xEF, 0x00, 0x7E, 0x00, 0x18, 0x38, 0x78, 0xE0, 0xC0,
    0xE0, 0x70, 0xE0, 0x70, 0xE0, 0x70, 0xE0, 0x70, 0xE0, 0x70, 0xE0, 0x70, 0xE0, 0x70, 0xE0, 0x70,
    0xE0, 0x70, 0xE0, 0xF0, 0xE0, 0xF0, 0xF0, 0xF0, 0xFF, 0xFE, 0xFF, 0x3C, 0xE0, 0x00, 0xE0, 0x00,
    0xF0, 0x00, 0xF0, 0x00, 0xF0, 0x00, 0xE0, 0x00, 0x1E, 0xFC, 0x3E, 0xF0, 0x7E, 0xE0, 0xFE, 0xE0,
    0xFE, 0xE0, 0xFE, 0xE0, 0xFE, 0xE0, 0xFE, 0xE0, 0xFE, 0xE0, 0x7E, 0xE0, 0x3E, 0xE0, 0x1E, 0xE0,
    0x00, 0xE0, 0x00, 0xE0, 0x00, 0xE0, 0x00, 0xE0, 0x00, 0xE0, 0x00, 0xE0, 0x00, 0xE0, 0x00, 0xE0,
    0x01, 0xE0, 0x07, 0xE0, 0x60, 0xF0, 0xF0, 0x60, 0x30, 0x20, 0x3C, 0x0C, 0x0C, 0xFC, 0x78, 0xF8,
    0xF8, 0x38, 0x38, 0x38, 0x38, 0x38, 0x38, 0x38, 0x38, 0x38, 0xFE, 0x3F, 0x00, 0x73, 0x80, 0xE1,
    0xC0, 0xE1, 0xC0, 0xE1, 0xC0, 0xE1, 0xC0, 0xE1, 0xC0, 0xE1, 0x80, 0x7B, 0x80, 0x3F, 0x00, 0x84,
    0x00, 0xC6, 0x00, 0x63, 0x00, 0x73, 0x80, 0x39, 0xC0, 0x1C, 0xE0, 0x1C, 0xE0, 0x39, 0xC0, 0x73,
    0x80, 0xE3, 0x00, 0xC6, 0x00, 0x80, 0x00, 0xF8, 0x00, 0xC0, 0x38, 0x01, 0x80, 0x38, 0x03, 0x80,
    0x38, 0x03, 0x00, 0x38, 0x07, 0x00, 0x38, 0x06, 0x00, 0x38, 0x0C, 0x1C, 0x38, 0x0C, 0x3C, 0x38,
    0x18, 0x7C, 0x38, 0x38, 0x5C, 0x7C, 0x30, 0xDC, 0xFE, 0x61, 0x9C, 0x00, 0x61, 0x1C, 0x00, 0xC3,
    0x1C, 0x00, 0xC6, 0x1C, 0x01, 0x87, 0xFF, 0x03, 0x00, 0x1C, 0x03, 0x00, 0x1C, 0x06, 0x00, 0x1C,
    0xF8, 0x00, 0xC0, 0x00, 0xF8, 0x01, 0xC0, 0x00, 0x38, 0x01, 0x80, 0x00, 0x38, 0x03, 0x00, 0x00,
    0x38, 0x07, 0x00, 0x00, 0x38, 0x06, 0x00, 0x00, 0x38, 0x0E, 0x38, 0x00, 0x38, 0x0C, 0xFE, 0x00,
    0x38, 0x19, 0xCF, 0x00, 0x38, 0x19, 0xC7, 0x00, 0x7C, 0x30, 0x07, 0x00, 0xFE, 0x70, 0x07, 0x00,
    0x00, 0x60, 0x0E, 0x00, 0x00, 0xC0, 0x1E, 0x00, 0x00, 0xC0, 0x3C, 0x00, 0x01, 0x80, 0x79, 0x80,
    0x01, 0x80, 0xE1, 0x80, 0x03, 0x01, 0xFF, 0x80, 0x06, 0x01, 0xFF, 0x00, 0x06, 0x00, 0x00, 0x00,
    0x1C, 0x00, 0x60, 0x00, 0x7F, 0x00, 0x60, 0x00, 0xE7, 0x80, 0xC0, 0x00, 0xE3, 0x81, 0xC0, 0x00,
    0xE3, 0x81, 0x80, 0x00, 0x07, 0x03, 0x80, 0x00, 0x0E, 0x03, 0x00, 0x00, 0x0F, 0x06, 0x06, 0x00,
    0x03, 0x86, 0x1E, 0x00, 0x03, 0x8C, 0x1E, 0x00, 0x03, 0x9C, 0x3E, 0x00, 0xC7, 0x98, 0x6E, 0x00,
    0x7F, 0x38, 0x4E, 0x00, 0x1C, 0x30, 0x8E, 0x00, 0x00, 0x71, 0x8E, 0x00, 0x00, 0x63, 0x0E, 0x00,
    0x00, 0xC3, 0xFF, 0x80, 0x01, 0xC0, 0x0E, 0x00, 0x01, 0x80, 0x0E, 0x00, 0x03, 0x80, 0x0E, 0x00,
    0x06, 0x00, 0x0F, 0x00, 0x0F, 0x00, 0x06, 0x00, 0x00, 0x00, 0x00, 0x00, 0x06, 0x00, 0x06, 0x00,
    0x06, 0x00, 0x0E, 0x00, 0x1E, 0x00, 0x3C, 0x00, 0x78, 0x00, 0xF8, 0x00, 0xF0, 0xC0, 0xF0, 0xE0,
    0xF0, 0xE0, 0xF0, 0xE0, 0x7F, 0xC0, 0x3F, 0x00, 0x03, 0x00, 0x00, 0x03, 0x80, 0x00, 0x01, 0xC0,
    0x00, 0x00, 0xE0, 0x00, 0x00, 0x20, 0x00, 0x00, 0x00, 0x00, 0x00, 0xE0, 0x00, 0x01, 0xE0, 0x00,
    0x01, 0xF0, 0x00, 0x01, 0xF0, 0x00, 0x03, 0x78, 0x00, 0x03, 0x38, 0x00, 0x03, 0x38, 0x00, 0x06,
    0x3C, 0x00, 0x06, 0x3C, 0x00, 0x06, 0x1C, 0x00, 0x0C, 0x1E, 0x00, 0x0F, 0xFE, 0x00, 0x0F, 0xFE,
    0x00, 0x18, 0x0F, 0x00, 0x18, 0x0F, 0x00, 0x18, 0x07, 0x80, 0x30, 0x07, 0x80, 0x7C, 0x0F, 0xE0,
    0xFE, 0x1F, 0xE0, 0x00, 0x30, 0x00, 0x00, 0x78, 0x00, 0x00, 0xF0, 0x00, 0x01, 0xC0, 0x00, 0x01,
    0x00, 0x00, 0x00, 0x00, 0x00, 0x01, 0xE0, 0x00, 0x01, 0xE0, 0x00, 0x01, 0xF0, 0x00, 0x03, 0x70,
    0x00, 0x03, 0x78, 0x00, 0x03, 0x78, 0x00, 0x06, 0x38, 0x00, 0x06, 0x3C, 0x00, 0x06, 0x3C, 0x00,
    0x0C, 0x1C, 0x00, 0x0C, 0x1E, 0x00, 0x0F, 0xFE, 0x00, 0x1F, 0xFE, 0x00, 0x18, 0x0F, 0x00, 0x18,
    0x0F, 0x00, 0x30, 0x07, 0x80, 0x30, 0x07, 0x80, 0x78, 0x0F, 0xE0, 0xFC, 0x1F, 0xE0, 0x00, 0xC0,
    0x00, 0x01, 0xE0, 0x00, 0x03, 0xF0, 0x00, 0x07, 0x38, 0x00, 0x04, 0x0C, 0x00, 0x00, 0x00, 0x00,
    0x01, 0xE0, 0x00, 0x01, 0xE0, 0x00, 0x01, 0xF0, 0x00, 0x03, 0x70, 0x00, 0x03, 0x78, 0x00, 0x03,
    0x78, 0x00, 0x06, 0x38, 0x00, 0x06, 0x3C, 0x00, 0x06, 0x3C, 0x00, 0x0C, 0x1C, 0x00, 0x0C, 0x1E,
    0x00, 0x0F, 0xFE, 0x00, 0x1F, 0xFE, 0x00, 0x18, 0x0F, 0x00, 0x18, 0x0F, 0x00, 0x30, 0x07, 0x80,
    0x30, 0x07, 0x80, 0x78, 0x0F, 0xE0, 0xFC, 0x1F, 0xE0, 0x01, 0x80, 0x00, 0x07, 0xEC, 0x00, 0x07,
    0xF8, 0x00, 0x04, 0x78, 0x00, 0x00, 0x00, 0x00, 0x00, 0x00, 0x00, 0x01, 0xE0, 0x00, 0x01, 0xE0,
    0x00, 0x01, 0xF0, 0x00, 0x03, 0x70, 0x00, 0x03, 0x78, 0x00, 0x03, 0x78, 0x00, 0x06, 0x38, 0x00,
    0x06, 0x3C, 0x00, 0x06, 0x3C, 0x00, 0x0C, 0x1C, 0x00, 0x0C, 0x1E, 0x00, 0x0F, 0xFE, 0x00, 0x1F,
    0xFE, 0x00, 0x18, 0x0F, 0x00, 0x18, 0x0F, 0x00, 0x30, 0x07, 0x80, 0x30, 0x07, 0x80, 0x78, 0x0F,
    0xE0, 0xFC, 0x1F, 0xE0, 0x07, 0x1C, 0x00, 0x07, 0x1C, 0x00, 0x07, 0x1C, 0x00, 0x07, 0x1C, 0x00,
    0x00, 0x00, 0x00, 0x00, 0x00, 0x00, 0x01, 0xE0, 0x00, 0x01, 0xF0, 0x00, 0x01, 0xF0, 0x00, 0x03,
    0xF0, 0x00, 0x03, 0x78, 0x00, 0x03, 0x78, 0x00, 0x06, 0x38, 0x00, 0x06, 0x3C, 0x00, 0x06, 0x3C,
    0x00, 0x0C, 0x1C, 0x00, 0x0C, 0x1E, 0x00, 0x0F, 0xFE, 0x00, 0x1F, 0xFF, 0x00, 0x18, 0x0F, 0x00,
    0x18, 0x0F, 0x00, 0x38, 0x07, 0x80, 0x30, 0x07, 0x80, 0x78, 0x0F, 0xE0, 0xFC, 0x1F, 0xE0, 0x01,
    0xF0, 0x00, 0x03, 0xF8, 0x00, 0x03, 0x18, 0x00, 0x03, 0x18, 0x00, 0x03, 0xF8, 0x00, 0x01, 0xF0,
    0x00, 0x00, 0x00, 0x00, 0x01, 0xE0, 0x00, 0x01, 0xF0, 0x00, 0x01, 0xF0, 0x00, 0x03, 0xF0, 0x00,
    0x03, 0x78, 0x00, 0x03, 0x38, 0x00, 0x06, 0x38, 0x00, 0x06, 0x3C, 0x00, 0x06, 0x3C, 0x00, 0x0C,
    0x1C, 0x00, 0x0C, 0x1E, 0x00, 0x0F, 0xFE, 0x00, 0x1F, 0xFF, 0x00, 0x18, 0x0F, 0x00, 0x18, 0x07,
    0x00, 0x30, 0x07, 0x80, 0x30, 0x07, 0x80, 0x78, 0x0F, 0xE0, 0xFC, 0x1F, 0xE0, 0x00, 0xFF, 0xFF,
    0x00, 0x00, 0x7F, 0xFF, 0x00, 0x00, 0x67, 0x03, 0x00, 0x00, 0x67, 0x03, 0x00, 0x00, 0xC7, 0x01,
    0x80, 0x00, 0xC7, 0x00, 0x00, 0x01, 0xC7, 0x00, 0x00, 0x01, 0x87, 0x0C, 0x00, 0x03, 0x87, 0x0C,
    0x00, 0x03, 0xFF, 0xFC, 0x00, 0x07, 0xFF, 0xFC, 0x00, 0x06, 0x07, 0x0C, 0x00, 0x0E, 0x07, 0x04,
    0x00, 0x0C, 0x07, 0x00, 0x00, 0x1C, 0x07, 0x01, 0x80, 0x18, 0x07, 0x01, 0x80, 0x38, 0x07, 0x03,
    0x80, 0x7C, 0x0F, 0xFF, 0x80, 0xFE, 0x1F, 0xFF, 0x80, 0x03, 0xF2, 0x0F, 0xFF, 0x1C, 0x0F, 0x38,
    0x07, 0x70, 0x03, 0x70, 0x03, 0xF0, 0x00, 0xF0, 0x00, 0xF0, 0x00, 0xE0, 0x00, 0xF0, 0x00, 0xF0,
    0x00, 0xF0, 0x00, 0x70, 0x00, 0x78, 0x00, 0x38, 0x03, 0x3E, 0x07, 0x0F, 0xFE, 0x03, 0xF8, 0x00,
    0x80, 0x01, 0xE0, 0x00, 0x70, 0x00, 0x30, 0x03, 0xF0, 0x01, 0xE0, 0x06, 0x00, 0x0F, 0x00, 0x07,
    0x80, 0x01, 0xC0, 0x00, 0x40, 0x00, 0x00, 0xFF, 0xFC, 0x7F, 0xFC, 0x1C, 0x0C, 0x1C, 0x0C, 0x1C,
    0x04, 0x1C, 0x00, 0x1C, 0x10, 0x1C, 0x30, 0x1F, 0xF0, 0x1F, 0xF0, 0x1C, 0x30, 0x1C, 0x30, 0x1C,
    0x00, 0x1C, 0x00, 0x1C, 0x06, 0x1C, 0x06, 0x1C, 0x0E, 0x7F, 0xFE, 0xFF, 0xFE, 0x00, 0x60, 0x00,
    0xF0, 0x01, 0xE0, 0x03, 0x80, 0x02, 0x00, 0x00, 0x00, 0xFF, 0xFC, 0x7F, 0xFC, 0x1C, 0x0C, 0x1C,
    0x0C, 0x1C, 0x04, 0x1C, 0x00, 0x1C, 0x10, 0x1C, 0x30, 0x1F, 0xF0, 0x1F, 0xF0, 0x1C, 0x30, 0x1C,
    0x10, 0x1C, 0x00, 0x1C, 0x00, 0x1C, 0x06, 0x1C, 0x06, 0x1C, 0x0E, 0x7F, 0xFE, 0xFF, 0xFE, 0x01,
    0x80, 0x03, 0xC0, 0x07, 0xE0, 0x0E, 0x70, 0x08, 0x10, 0x00, 0x00, 0xFF, 0xFC, 0x7F, 0xFC, 0x1C,
    0x0C, 0x1C, 0x0C, 0x1C, 0x04, 0x1C, 0x00, 0x1C, 0x10, 0x1C, 0x30, 0x1F, 0xF0, 0x1F, 0xF0, 0x1C,
    0x30, 0x1C, 0x30, 0x1C, 0x00, 0x1C, 0x00, 0x1C, 0x06, 0x1C, 0x06, 0x1C, 0x0E, 0x7F, 0xFE, 0xFF,
    0xFE, 0x0C, 0x70, 0x1E, 0x70, 0x1E, 0x70, 0x0C, 0x70, 0x00, 0x00, 0x00, 0x00, 0xFF, 0xFC, 0x7F,
    0xFC, 0x1C, 0x1C, 0x1C, 0x0C, 0x1C, 0x04, 0x1C, 0x00, 0x1C, 0x10, 0x1C, 0x30, 0x1F, 0xF0, 0x1F,
    0xF0, 0x1C, 0x30, 0x1C, 0x30, 0x1C, 0x00, 0x1C, 0x00, 0x1C, 0x06, 0x1C, 0x06, 0x1C, 0x0E, 0x7F,
    0xFE, 0xFF, 0xFC, 0x60, 0xF0, 0x78, 0x1C, 0x04, 0x00, 0xFF, 0x7E, 0x38, 0x38, 0x38, 0x38, 0x38,
    0x38, 0x38, 0x38, 0x38, 0x38, 0x38, 0x38, 0x38, 0x38, 0x38, 0x7E, 0xFF, 0x06, 0x0E, 0x1E, 0x38,
    0x20, 0x00, 0xFF, 0x7E, 0x38, 0x38, 0x38, 0x38, 0x38, 0x38, 0x38, 0x38, 0x38, 0x38, 0x38, 0x38,
    0x38, 0x38, 0x38, 0x7E, 0xFF, 0x18, 0x3C, 0x7E, 0xE7, 0x81, 0x00, 0xFF, 0x7E, 0x38, 0x38, 0x38,
    0x38, 0x38, 0x38, 0x38, 0x38, 0x38, 0x38, 0x38, 0x38, 0x38, 0x38, 0x38, 0x7E, 0xFF, 0xE3, 0x80,
    0xE3, 0x80, 0xE3, 0x80, 0xE3, 0x80, 0x00, 0x00, 0x00, 0x00, 0x7F, 0x80, 0x3F, 0x00, 0x1C, 0x00,
    0x1C, 0x00, 0x1C, 0x00, 0x1C, 0x00, 0x1C, 0x00, 0x1C, 0x00, 0x1C, 0x00, 0x1C, 0x00, 0x1C, 0x00,
    0x1C, 0x00, 0x1C, 0x00, 0x1C, 0x00, 0x1C, 0x00, 0x1C, 0x00, 0x1C, 0x00, 0x3F, 0x00, 0x7F, 0x80,
    0xFF, 0xF8, 0x00, 0x7F, 0xFE, 0x00, 0x1C, 0x0F, 0x00, 0x1C, 0x07, 0x80, 0x1C, 0x03, 0xC0, 0x1C,
    0x03, 0xC0, 0x1C, 0x01, 0xC0, 0x1C, 0x01, 0xC0, 0xFF, 0xE1, 0xC0, 0xFF, 0xE1, 0xC0, 0x1C, 0x01,
    0xC0, 0x1C, 0x01, 0xC0, 0x1C, 0x01, 0xC0, 0x1C, 0x03, 0xC0, 0x1C, 0x03, 0x80, 0x1C, 0x07, 0x00,
    0x1C, 0x0F, 0x00, 0x7F, 0xFC, 0x00, 0xFF, 0xF0, 0x00, 0x03, 0x80, 0x00, 0x07, 0xFC, 0x00, 0x07,
    0xFC, 0x00, 0x00, 0x78, 0x00, 0x00, 0x00, 0x00, 0x00, 0x00, 0x00, 0xFC, 0x07, 0xE0, 0x7E, 0x07,
    0xC0, 0x3E, 0x01, 0x80, 0x3F, 0x01, 0x80, 0x37, 0x81, 0x80, 0x37, 0x81, 0x80, 0x33, 0xC1, 0x80,
    0x31, 0xC1, 0x80, 0x31, 0xE1, 0x80, 0x30, 0xF1, 0x80, 0x30, 0xF1, 0x80, 0x30, 0x79, 0x80, 0x30,
    0x3D, 0x80, 0x30, 0x3D, 0x80, 0x30, 0x1F, 0x80, 0x30, 0x0F, 0x80, 0x30, 0x0F, 0x80, 0x78, 0x07,
    0x80, 0xFC, 0x07, 0x80, 0x03, 0x00, 0x00, 0x07, 0x80, 0x00, 0x03, 0xC0, 0x00, 0x00, 0xE0, 0x00,
    0x00, 0x20, 0x00, 0x00, 0x00, 0x00, 0x03, 0xF8, 0x00, 0x0F, 0xFE, 0x00, 0x1C, 0x0F, 0x00, 0x38,
    0x07, 0x00, 0x70, 0x03, 0x80, 0x70, 0x03, 0xC0, 0xF0, 0x03, 0xC0, 0xF0, 0x03, 0xC0, 0xE0, 0x03,
    0xC0, 0xE0, 0x01, 0xC0, 0xF0, 0x01, 0xC0, 0xF0, 0x03, 0xC0, 0xF0, 0x03, 0xC0, 0xF0, 0x03, 0x80,
    0x78, 0x03, 0x80, 0x38, 0x07, 0x00, 0x3C, 0x0E, 0x00, 0x0F, 0xFC, 0x00, 0x07, 0xF0, 0x00, 0x00,
    0x10, 0x00, 0x00, 0x38, 0x00, 0x00, 0x78, 0x00, 0x00, 0xF0, 0x00, 0x01, 0xC0, 0x00, 0x01, 0x00,
    0x00, 0x00, 0x00, 0x00, 0x03, 0xF8, 0x00, 0x0F, 0xFE, 0x00, 0x1C, 0x0F, 0x00, 0x38, 0x07, 0x00,
    0x70, 0x03, 0x80, 0x70, 0x03, 0xC0, 0xF0, 0x03, 0xC0, 0xF0, 0x03, 0xC0, 0xE0, 0x03, 0xC0, 0xE0,
    0x01, 0xC0, 0xF0, 0x01, 0xC0, 0xF0, 0x03, 0xC0, 0xF0, 0x03, 0xC0, 0xF0, 0x03, 0x80, 0x78, 0x03,
    0x80, 0x38, 0x07, 0x00, 0x3C, 0x0E, 0x00, 0x0F, 0xFC, 0x00, 0x07, 0xF0, 0x00, 0x00, 0x40, 0x00,
    0x01, 0xE0, 0x00, 0x01, 0xF0, 0x00, 0x03, 0xF0, 0x00, 0x07, 0x38, 0x00, 0x04, 0x0C, 0x00, 0x00,
    0x00, 0x00, 0x03, 0xF8, 0x00, 0x0F, 0xFE, 0x00, 0x1C, 0x0F, 0x00, 0x38, 0x07, 0x00, 0x70, 0x03,
    0x80, 0x70, 0x03, 0xC0, 0xF0, 0x03, 0xC0, 0xF0, 0x03, 0xC0, 0xE0, 0x03, 0xC0, 0xE0, 0x01, 0xC0,
    0xF0, 0x01, 0xC0, 0xF0, 0x03, 0xC0, 0xF0, 0x03, 0xC0, 0xF0, 0x03, 0x80, 0x78, 0x03, 0x80, 0x38,
    0x07, 0x00, 0x3C, 0x0E, 0x00, 0x0F, 0xFC, 0x00, 0x07, 0xF0, 0x00, 0x03, 0x00, 0x00, 0x07, 0xEC,
    0x00, 0x07, 0xF8, 0x00, 0x00, 0x78, 0x00, 0x00, 0x00, 0x00, 0x00, 0x00, 0x00, 0x03, 0xF8, 0x00,
    0x0F, 0xFE, 0x00, 0x1C, 0x0F, 0x00, 0x38, 0x07, 0x00, 0x70, 0x03, 0x80, 0x70, 0x03, 0xC0, 0xF0,
    0x03, 0xC0, 0xF0, 0x03, 0xC0, 0xE0, 0x03, 0xC0, 0xE0, 0x01, 0xC0, 0xF0, 0x01, 0xC0, 0xF0, 0x03,
    0xC0, 0xF0, 0x03, 0xC0, 0xF0, 0x03, 0x80, 0x78, 0x03, 0x80, 0x38, 0x07, 0x00, 0x3C, 0x0E, 0x00,
    0x0F, 0xFC, 0x00, 0x07, 0xF0, 0x00, 0x07, 0x38, 0x00, 0x07, 0x38, 0x00, 0x07, 0x38, 0x00, 0x07,
    0x38, 0x00, 0x00, 0x00, 0x00, 0x00, 0x00, 0x00, 0x03, 0xF8, 0x00, 0x0F, 0xFE, 0x00, 0x1C, 0x0F,
    0x00, 0x38, 0x07, 0x00, 0x70, 0x03, 0x80, 0x70, 0x03, 0xC0, 0xF0, 0x03, 0xC0, 0xF0, 0x03, 0xC0,
    0xE0, 0x03, 0xC0, 0xE0, 0x01, 0xC0, 0xF0, 0x01, 0xC0, 0xF0, 0x03, 0xC0, 0xF0, 0x03, 0xC0, 0xF0,
    0x03, 0x80, 0x78, 0x03, 0x80, 0x38, 0x07, 0x00, 0x3C, 0x0E, 0x00, 0x0F, 0xFC, 0x00, 0x07, 0xF0,
    0x00, 0x40, 0x80, 0xE1, 0xC0, 0x73, 0x80, 0x3F, 0x00, 0x1E, 0x00, 0x1E, 0x00, 0x37, 0x00, 0x63,
    0x80, 0xC1, 0xC0, 0x00, 0x80, 0x03, 0xF8, 0xC0, 0x0F, 0xFF, 0x80, 0x1C, 0x0F, 0x00, 0x38, 0x07,
    0x80, 0x70, 0x0F, 0x80, 0x70, 0x1F, 0xC0, 0xF0, 0x3B, 0xC0, 0xF0, 0x33, 0xC0, 0xE0, 0x63, 0xC0,
    0xE0, 0xC1, 0xC0, 0xF1, 0x81, 0xC0, 0xF3, 0x83, 0xC0, 0xF7, 0x03, 0xC0, 0xF6, 0x03, 0x80, 0x7C,
    0x03, 0x80, 0x78, 0x07, 0x00, 0x3C, 0x0E, 0x00, 0x7F, 0xFC, 0x00, 0xC7, 0xF0, 0x00, 0x01, 0x00,
    0x00, 0x03, 0xC0, 0x00, 0x03, 0xE0, 0x00, 0x01, 0xF0, 0x00, 0x00, 0x78, 0x00, 0x00, 0x00, 0x00,
    0x00, 0x00, 0x00, 0xFF, 0x07, 0xE0, 0xFE, 0x07, 0xC0, 0x38, 0x01, 0x80, 0x38, 0x01, 0x80, 0x38,
    0x01, 0x80, 0x38, 0x01, 0x80, 0x38, 0x01, 0x80, 0x38, 0x01, 0x80, 0x38, 0x01, 0x80, 0x38, 0x01,
    0x80, 0x38, 0x01, 0x80, 0x38, 0x01, 0x80, 0x38, 0x01, 0x80, 0x3C, 0x01, 0x80, 0x3C, 0x03, 0x00,
    0x1C, 0x03, 0x00, 0x1E, 0x06, 0x00, 0x0F, 0xFE, 0x00, 0x03, 0xF8, 0x00, 0x00, 0x08, 0x00, 0x00,
    0x1C, 0x00, 0x00, 0x3C, 0x00, 0x00, 0x78, 0x00, 0x00, 0xE0, 0x00, 0x00, 0x80, 0x00, 0x00, 0x00,
    0x00, 0xFF, 0x07, 0xE0, 0xFE, 0x07, 0xC0, 0x38, 0x01, 0x80, 0x38, 0x01, 0x80, 0x38, 0x01, 0x80,
    0x38, 0x01, 0x80, 0x38, 0x01, 0x80, 0x38, 0x01, 0x80, 0x38, 0x01, 0x80, 0x38, 0x01, 0x80, 0x38,
    0x01, 0x80, 0x38, 0x01, 0x80, 0x38, 0x01, 0x80, 0x3C, 0x01, 0x80, 0x3C, 0x03, 0x00, 0x1C, 0x03,
    0x00, 0x1E, 0x06, 0x00, 0x0F, 0xFE, 0x00, 0x03, 0xF8, 0x00, 0x00, 0xF0, 0x00, 0x01, 0xF0, 0x00,
    0x01, 0xF8, 0x00, 0x03, 0x8C, 0x00, 0x02, 0x04, 0x00, 0x00, 0x00, 0x00, 0xFF, 0x07, 0xE0, 0xFE,
    0x07, 0xC0, 0x38, 0x01, 0x80, 0x38, 0x01, 0x80, 0x38, 0x01, 0x80, 0x38, 0x01, 0x80, 0x38, 0x01,
    0x80, 0x38, 0x01, 0x80, 0x38, 0x01, 0x80, 0x38, 0x01, 0x80, 0x38, 0x01, 0x80, 0x38, 0x01, 0x80,
    0x38, 0x01, 0x80, 0x3C, 0x01, 0x80, 0x3C, 0x03, 0x00, 0x1C, 0x03, 0x00, 0x1E, 0x06, 0x00, 0x0F,
    0xFE, 0x00, 0x03, 0xF8, 0x00, 0x03, 0x9C, 0x00, 0x03, 0x9C, 0x00, 0x03, 0x9C, 0x00, 0x03, 0x9C,
    0x00, 0x00, 0x00, 0x00, 0x00, 0x00, 0x00, 0xFF, 0x07, 0xE0, 0xFE, 0x07, 0xC0, 0x38, 0x01, 0x80,
    0x38, 0x01, 0x80, 0x38, 0x01, 0x80, 0x38, 0x01, 0x80, 0x38, 0x01, 0x80, 0x38, 0x01, 0x80, 0x38,
    0x01, 0x80, 0x38, 0x01, 0x80, 0x38, 0x01, 0x80, 0x38, 0x01, 0x80, 0x38, 0x01, 0x80, 0x3C, 0x01,
    0x80, 0x3C, 0x03, 0x00, 0x1C, 0x03, 0x00, 0x1E, 0x06, 0x00, 0x0F, 0xFE, 0x00, 0x03, 0xF8, 0x00,
    0x00, 0x18, 0x00, 0x00, 0x38, 0x00, 0x00, 0x78, 0x00, 0x00, 0xE0, 0x00, 0x00, 0x80, 0x00, 0x00,
    0x00, 0x00, 0xFF, 0x0F, 0xE0, 0xFE, 0x07, 0xE0, 0x3C, 0x03, 0x80, 0x1E, 0x07, 0x00, 0x1E, 0x06,
    0x00, 0x0F, 0x0E, 0x00, 0x07, 0x0C, 0x00, 0x07, 0x98, 0x00, 0x03, 0xD8, 0x00, 0x01, 0xF0, 0x00,
    0x01, 0xF0, 0x00, 0x00, 0xE0, 0x00, 0x00, 0xE0, 0x00, 0x00, 0xE0, 0x00, 0x00, 0xE0, 0x00, 0x00,
    0xE0, 0x00, 0x00, 0xE0, 0x00, 0x03, 0xF0, 0x00, 0x07, 0xF8, 0x00, 0xFF, 0x00, 0x7E, 0x00, 0x38,
    0x00, 0x3C, 0x00, 0x3F, 0xE0, 0x3C, 0xF8, 0x38, 0x38, 0x38, 0x3C, 0x38, 0x3C, 0x38, 0x1C, 0x38,
    0x3C, 0x38, 0x3C, 0x38, 0x78, 0x3F, 0xF0, 0x3F, 0xC0, 0x38, 0x00, 0x38, 0x00, 0x7C, 0x00, 0xFF,
    0x00, 0x01, 0xE0, 0x00, 0x07, 0xF8, 0x00, 0x1E, 0x3C, 0x00, 0x1C, 0x1C, 0x00, 0x3C, 0x1C, 0x00,
    0x38, 0x1C, 0x00, 0x38, 0x38, 0x00, 0x38, 0x38, 0x00, 0xF8, 0x70, 0x00, 0xF8, 0x60, 0x00, 0x38,
    0xE0, 0x00, 0x38, 0xF0, 0x00, 0x38, 0xF8, 0x00, 0x38, 0x7E, 0x00, 0x38, 0x3F, 0x00, 0x38, 0x1F,
    0x80, 0x38, 0x07, 0x80, 0x39, 0x83, 0x80, 0x39, 0x83, 0x80, 0x39, 0xC3, 0x80, 0xF9, 0xFF, 0x00,
    0xF9, 0xFE, 0x00, 0x10, 0x00, 0x18, 0x00, 0x3C, 0x00, 0x1C, 0x00, 0x0E, 0x00, 0x02, 0x00, 0x00,
    0x00, 0x00, 0x00, 0x3F, 0x80, 0x7F, 0xC0, 0xE1, 0xE0, 0xE1, 0xE0, 0x60, 0xE0, 0x00, 0xE0, 0x1F,
    0xE0, 0x7F, 0xE0, 0xF0, 0xE0, 0xF0, 0xE0, 0xE1, 0xE0, 0xF1, 0xE0, 0x7F, 0xFC, 0x3C, 0x78, 0x01,
    0x00, 0x03, 0x80, 0x07, 0x80, 0x07, 0x00, 0x0E, 0x00, 0x08, 0x00, 0x00, 0x00, 0x00, 0x00, 0x3F,
    0x80, 0x7F, 0xC0, 0xE1, 0xE0, 0xE1, 0xE0, 0x60, 0xE0, 0x00, 0xE0, 0x1F, 0xE0, 0x7D, 0xE0, 0xF0,
    0xE0, 0xF0, 0xE0, 0xF1, 0xE0, 0xF1, 0xE0, 0x7F, 0xFC, 0x3C, 0x78, 0x04, 0x00, 0x0E, 0x00, 0x1F,
    0x00, 0x1F, 0x80, 0x39, 0x80, 0x60, 0xC0, 0x00, 0x00, 0x00, 0x00, 0x3F, 0x80, 0x7F, 0xC0, 0xE1,
    0xE0, 0xE1, 0xE0, 0x60, 0xE0, 0x00, 0xE0, 0x1F, 0xE0, 0x7F, 0xE0, 0xF0, 0xE0, 0xF0, 0xE0, 0xE1,
    0xE0, 0xF1, 0xE0, 0x7F, 0xFC, 0x3C, 0x78, 0x18, 0x00, 0x3F, 0xC0, 0x7F, 0xC0, 0x07, 0x80, 0x00,
    0x00, 0x00, 0x00, 0x3F, 0x80, 0x7F, 0xC0, 0xE1, 0xE0, 0xE1, 0xE0, 0x60, 0xE0, 0x00, 0xE0, 0x1F,
    0xE0, 0x7F, 0xE0, 0xF0, 0xE0, 0xF0, 0xE0, 0xE1, 0xE0, 0xF1, 0xE0, 0x7F, 0xFC, 0x3C, 0x78, 0x71,
    0xC0, 0x71, 0xC0, 0x71, 0xC0, 0x71, 0xC0, 0x00, 0x00, 0x00, 0x00, 0x3F, 0x80, 0x7F, 0xC0, 0xE1,
    0xE0, 0xE1, 0xE0, 0x60, 0xE0, 0x00, 0xE0, 0x1F, 0xE0, 0x7F, 0xE0, 0xF0, 0xE0, 0xF0, 0xE0, 0xE1,
    0xE0, 0xF1, 0xE0, 0x7F, 0xFC, 0x3C, 0x78, 0x1F, 0x00, 0x3F, 0x80, 0x31, 0x80, 0x31, 0x80, 0x3F,
    0x80, 0x1F, 0x00, 0x00, 0x00, 0x00, 0x00, 0x3F, 0x80, 0x7F, 0xC0, 0xE1, 0xE0, 0xE1, 0xE0, 0x60,
    0xE0, 0x00, 0xE0, 0x1F, 0xE0, 0x7F, 0xE0, 0xF0, 0xE0, 0xF0, 0xE0, 0xE1, 0xE0, 0xF1, 0xE0, 0x7F,
    0xFC, 0x3C, 0x78, 0x3F, 0x0F, 0x80, 0x7F, 0xFF, 0xE0, 0xE1, 0xF0, 0xF0, 0xE1, 0xF0, 0xF0, 0x60,
    0xE0, 0x70, 0x00, 0xFF, 0xF0, 0x1F, 0xFF, 0xF0, 0x7F, 0xE0, 0x00, 0xF0, 0xE0, 0x00, 0xF0, 0xF0,
    0x00, 0xE1, 0xF0, 0x10, 0xF1, 0xFC, 0x70, 0x7F, 0x3F, 0xE0, 0x3E, 0x1F, 0x80, 0x0F, 0xC0, 0x3F,
    0xE0, 0x78, 0x70, 0x70, 0x70, 0xF0, 0x70, 0xF0, 0x00, 0xE0, 0x00, 0xF0, 0x00, 0xF0, 0x00, 0xF0,
    0x00, 0x78, 0x00, 0x7C, 0x70, 0x3F, 0xE0, 0x1F, 0x80, 0x06, 0x00, 0x07, 0x00, 0x03, 0x80, 0x01,
    0x80, 0x0F, 0x80, 0x0F, 0x00, 0x08, 0x00, 0x1C, 0x00, 0x1E, 0x00, 0x0E, 0x00, 0x07, 0x00, 0x01,
    0x00, 0x00, 0x00, 0x00, 0x00, 0x0F, 0xC0, 0x3F, 0xE0, 0x78, 0xF0, 0x70, 0x70, 0xF0, 0x70, 0xF0,
    0x70, 0xFF, 0xF0, 0xF0, 0x00, 0xF0, 0x00, 0xF0, 0x00, 0x78, 0x10, 0x7C, 0x70, 0x3F, 0xE0, 0x0F,
    0xC0, 0x00, 0x80, 0x01, 0xC0, 0x03, 0xC0, 0x03, 0x80, 0x07, 0x00, 0x04, 0x00, 0x00, 0x00, 0x00,
    0x00, 0x0F, 0xC0, 0x3F, 0xE0, 0x78, 0xF0, 0x70, 0x70, 0xF0, 0x70, 0xF0, 0x70, 0xFF, 0xF0, 0xF0,
    0x00, 0xF0, 0x00, 0xF0, 0x00, 0x78, 0x10, 0x7C, 0x70, 0x3F, 0xE0, 0x0F, 0xC0, 0x02, 0x00, 0x07,
    0x00, 0x0F, 0x80, 0x0F, 0xC0, 0x18, 0xC0, 0x30, 0x60, 0x00, 0x00, 0x00, 0x00, 0x0F, 0xC0, 0x3F,
    0xE0, 0x78, 0xF0, 0x70, 0x70, 0xF0, 0x70, 0xFF, 0xF0, 0xFF, 0xF0, 0xE0, 0x00, 0xF0, 0x00, 0xF0,
    0x00, 0x78, 0x10, 0x7C, 0x70, 0x3F, 0xE0, 0x0F, 0xC0, 0x38, 0xE0, 0x38, 0xE0, 0x38, 0xE0, 0x38,
    0xE0, 0x00, 0x00, 0x00, 0x00, 0x0F, 0xC0, 0x3F, 0xE0, 0x78, 0xF0, 0x70, 0x70, 0xF0, 0x70, 0xFF,
    0xF0, 0xFF, 0xF0, 0xE0, 0x00, 0xF0, 0x00, 0xF0, 0x00, 0x78, 0x10, 0x7C, 0x70, 0x3F, 0xE0, 0x0F,
    0xC0, 0x60, 0x00, 0xF0, 0x00, 0x70, 0x00, 0x38, 0x00, 0x0C, 0x00, 0x00, 0x00, 0x00, 0x00, 0x7C,
    0x00, 0x7C, 0x00, 0x1C, 0x00, 0x1C, 0x00, 0x1C, 0x00, 0x1C, 0x00, 0x1C, 0x00, 0x1C, 0x00, 0x1C,
    0x00, 0x1C, 0x00, 0x1C, 0x00, 0x1C, 0x00, 0x7F, 0x00, 0x7F, 0x80, 0x0C, 0x1C, 0x3C, 0x70, 0x60,
    0x00, 0x00, 0xF8, 0xF8, 0x38, 0x38, 0x38, 0x38, 0x38, 0x38, 0x38, 0x38, 0x38, 0x38, 0xFE, 0xFF,
    0x18, 0x00, 0x3C, 0x00, 0x7E, 0x00, 0xE7, 0x00, 0x83, 0x00, 0x00, 0x00, 0x00, 0x00, 0x7C, 0x00,
    0x7C, 0x00, 0x1C, 0x00, 0x1C, 0x00, 0x1C, 0x00, 0x1C, 0x00, 0x1C, 0x00, 0x1C, 0x00, 0x1C, 0x00,
    0x1C, 0x00, 0x1C, 0x00, 0x1C, 0x00, 0x7F, 0x00, 0x7F, 0x80, 0xE3, 0x80, 0xE3, 0x80, 0xE3, 0x80,
    0xE3, 0x80, 0x00, 0x00, 0x00, 0x00, 0x7E, 0x00, 0x7E, 0x00, 0x1E, 0x00, 0x0E, 0x00, 0x0E, 0x00,
    0x0E, 0x00, 0x0E, 0x00, 0x0E, 0x00, 0x0E, 0x00, 0x0E, 0x00, 0x0E, 0x00, 0x0E, 0x00, 0x7F, 0x80,
    0x7F, 0x80, 0x3E, 0x70, 0x07, 0xC0, 0x03, 0xC0, 0x06, 0xE0, 0x00, 0x70, 0x00, 0x70, 0x1F, 0x38,
    0x3F, 0xF8, 0x78, 0x78, 0x70, 0x78, 0xF0, 0x38, 0xF0, 0x38, 0xE0, 0x38, 0xE0, 0x38, 0xF0, 0x38,
    0xF0, 0x38, 0x70, 0x70, 0x78, 0x70, 0x3F, 0xE0, 0x1F, 0x80, 0x06, 0x00, 0x0F, 0xD0, 0x1F, 0xF0,
    0x01, 0xE0, 0x00, 0x00, 0x00, 0x00, 0xF9, 0xF0, 0xFF, 0xF8, 0x3C, 0x3C, 0x38, 0x3C, 0x38, 0x1C,
    0x38, 0x1C, 0x38, 0x1C, 0x38, 0x1C, 0x38, 0x1C, 0x38, 0x1C, 0x38, 0x1C, 0x38, 0x1C, 0xFC, 0x3E,
    0xFE, 0x7F, 0x0C, 0x00, 0x0E, 0x00, 0x0F, 0x00, 0x03, 0x00, 0x01, 0x80, 0x00, 0x00, 0x00, 0x00,
    0x0F, 0xC0, 0x3F, 0xF0, 0x78, 0x78, 0x70, 0x38, 0xF0, 0x3C, 0xF0, 0x3C, 0xE0, 0x1C, 0xF0, 0x1C,
    0xF0, 0x3C, 0xF0, 0x3C, 0x70, 0x38, 0x78, 0x78, 0x3F, 0xF0, 0x0F, 0xC0, 0x00, 0xC0, 0x01, 0xC0,
    0x03, 0xC0, 0x03, 0x00, 0x06, 0x00, 0x00, 0x00, 0x00, 0x00, 0x0F, 0xC0, 0x3F, 0xF0, 0x78, 0x78,
    0x70, 0x38, 0xF0, 0x3C, 0xF0, 0x3C, 0xE0, 0x1C, 0xF0, 0x1C, 0xF0, 0x3C, 0xF0, 0x3C, 0x70, 0x38,
    0x78, 0x78, 0x3F, 0xF0, 0x0F, 0xC0, 0x07, 0x80, 0x07, 0x80, 0x0F, 0xC0, 0x1C, 0xE0, 0x18, 0x60,
    0x00, 0x00, 0x00, 0x00, 0x0F, 0xC0, 0x3F, 0xF0, 0x78, 0x78, 0x70, 0x38, 0xF0, 0x3C, 0xF0, 0x3C,
    0xE0, 0x1C, 0xF0, 0x1C, 0xF0, 0x3C, 0xF0, 0x3C, 0x70, 0x38, 0x78, 0x78, 0x3F, 0xF0, 0x0F, 0xC0,
    0x0C, 0x00, 0x1F, 0xB0, 0x1F, 0xE0, 0x01, 0xC0, 0x00, 0x00, 0x00, 0x00, 0x0F, 0xC0, 0x3F, 0xF0,
    0x78, 0x78, 0x70, 0x38, 0xF0, 0x3C, 0xF0, 0x3C, 0xE0, 0x1C, 0xF0, 0x1C, 0xF0, 0x3C, 0xF0, 0x3C,
    0x70, 0x38, 0x78, 0x78, 0x3F, 0xF0, 0x0F, 0xC0, 0x1C, 0xE0, 0x1C, 0xE0, 0x1C, 0xE0, 0x1C, 0xE0,
    0x00, 0x00, 0x00, 0x00, 0x0F, 0xC0, 0x3F, 0xF0, 0x78, 0x78, 0x70, 0x38, 0xF0, 0x3C, 0xF0, 0x3C,
    0xE0, 0x1C, 0xF0, 0x1C, 0xF0, 0x3C, 0xF0, 0x3C, 0x70, 0x38, 0x78, 0x78, 0x3F, 0xF0, 0x0F, 0xC0,
    0x0E, 0x00, 0x0E, 0x00, 0x0E, 0x00, 0x00, 0x00, 0x00, 0x00, 0xFF, 0xF0, 0xFF, 0xF0, 0x00, 0x00,
    0x0E, 0x00, 0x0E, 0x00, 0x0E, 0x00, 0x0F, 0xCC, 0x3F, 0xF8, 0x78, 0x78, 0x70, 0x78, 0xF0, 0xFC,
    0xF1, 0xBC, 0xE3, 0x3C, 0xE6, 0x1C, 0xFC, 0x3C, 0xFC, 0x3C, 0x78, 0x38, 0x78, 0x78, 0xFF, 0xF0,
    0xCF, 0xC0, 0x04, 0x00, 0x0E, 0x00, 0x0F, 0x00, 0x07, 0x00, 0x01, 0x80, 0x00, 0x80, 0x00, 0x00,
    0x00, 0x00, 0xF8, 0x7C, 0xF8, 0x7C, 0x38, 0x3C, 0x38, 0x1C, 0x38, 0x1C, 0x38, 0x1C, 0x38, 0x1C,
    0x38, 0x1C, 0x38, 0x1C, 0x38, 0x3C, 0x3C, 0x3C, 0x3C, 0x7C, 0x1F, 0xDF, 0x0F, 0x9F, 0x00, 0x40,
    0x00, 0xE0, 0x01, 0xE0, 0x01, 0xC0, 0x03, 0x80, 0x02, 0x00, 0x00, 0x00, 0x00, 0x00, 0xF8, 0x7C,
    0xF8, 0x7C, 0x38, 0x3C, 0x38, 0x1C, 0x38, 0x1C, 0x38, 0x1C, 0x38, 0x1C, 0x38, 0x1C, 0x38, 0x1C,
    0x38, 0x3C, 0x3C, 0x3C, 0x3C, 0x7C, 0x1F, 0xDF, 0x0F, 0x9F, 0x01, 0x00, 0x03, 0x80, 0x07, 0xC0,
    0x07, 0xE0, 0x0C, 0x60, 0x18, 0x30, 0x00, 0x00, 0x00, 0x00, 0xF8, 0x7C, 0xF8, 0x7C, 0x38, 0x3C,
    0x38, 0x1C, 0x38, 0x1C, 0x38, 0x1C, 0x38, 0x1C, 0x38, 0x1C, 0x38, 0x1C, 0x38, 0x3C, 0x3C, 0x3C,
    0x3C, 0x7C, 0x1F, 0xDF, 0x0F, 0x9F, 0x1C, 0x70, 0x1C, 0x70, 0x1C, 0x70, 0x1C, 0x70, 0x00, 0x00,
    0x00, 0x00, 0xF8, 0x7C, 0xF8, 0x7C, 0x38, 0x3C, 0x38, 0x1C, 0x38, 0x1C, 0x38, 0x1C, 0x38, 0x1C,
    0x38, 0x1C, 0x38, 0x1C, 0x38, 0x3C, 0x3C, 0x3C, 0x3C, 0x7C, 0x1F, 0xDF, 0x0F, 0x9F, 0x00, 0x60,
    0x00, 0xF0, 0x00, 0xE0, 0x01, 0xC0, 0x03, 0x00, 0x00, 0x00, 0x00, 0x00, 0xFE, 0x3F, 0xFC, 0x3E,
    0x38, 0x1C, 0x3C, 0x18, 0x1C, 0x18, 0x1C, 0x30, 0x1E, 0x30, 0x0E, 0x60, 0x0F, 0x60, 0x07, 0x60,
    0x07, 0xC0, 0x03, 0xC0, 0x03, 0x80, 0x03, 0x80, 0x03, 0x80, 0x03, 0x00, 0xE7, 0x00, 0xE6, 0x00,
    0xFC, 0x00, 0x78, 0x00, 0xF8, 0x00, 0xF8, 0x00, 0x38, 0x00, 0x38, 0x00, 0x38, 0x00, 0x38, 0x00,
    0x39, 0xF0, 0x3F, 0xFC, 0x3C, 0x3C, 0x3C, 0x1E, 0x3C, 0x1E, 0x38, 0x1E, 0x38, 0x0E, 0x38, 0x0E,
    0x38, 0x1E, 0x38, 0x1E, 0x38, 0x1C, 0x3C, 0x3C, 0x3F, 0xF8, 0x3F, 0xF0, 0x38, 0x00, 0x38, 0x00,
    0x38, 0x00, 0x3C, 0x00, 0xFF, 0x00, 0xFF, 0x00, 0x0E, 0x38, 0x0E, 0x38, 0x0E, 0x38, 0x0E, 0x38,
    0x00, 0x00, 0x00, 0x00, 0x7E, 0x3F, 0x7C, 0x1E, 0x38, 0x0C, 0x1C, 0x08, 0x1C, 0x18, 0x1E, 0x10,
    0x0E, 0x30, 0x0F, 0x30, 0x07, 0x20, 0x07, 0x60, 0x07, 0xC0, 0x03, 0xC0, 0x03, 0xC0, 0x03, 0x80,
    0x03, 0x80, 0x03, 0x00, 0x73, 0x00, 0xF6, 0x00, 0x7E, 0x00, 0x7C, 0x00, 0x07, 0xF1, 0xFF, 0x80,
    0x0F, 0xFF, 0xFF, 0xC0, 0x3C, 0x0F, 0xC1, 0xC0, 0x38, 0x07, 0xC0, 0xC0, 0x70, 0x03, 0xC0, 0xC0,
    0x70, 0x03, 0xC0, 0x00, 0xF0, 0x03, 0xC3, 0x00, 0xF0, 0x03, 0xC3, 0x00, 0xE0, 0x03, 0xFF, 0x00,
    0xE0, 0x01, 0xFF, 0x00, 0xF0, 0x01, 0xC3, 0x00, 0xF0, 0x03, 0xC3, 0x00, 0xF0, 0x03, 0xC0, 0x00,
    0xF0, 0x03, 0xC0, 0x00, 0x70, 0x03, 0xC0, 0x60, 0x38, 0x07, 0xC0, 0xE0, 0x3C, 0x0F, 0xC0, 0xC0,
    0x0F, 0xFF, 0xFF, 0xC0, 0x07, 0xF1, 0xFF, 0xC0, 0x0F, 0xC3, 0xF0, 0x3F, 0xF7, 0xF8, 0x78, 0x7E,
    0x3C, 0x70, 0x3C, 0x3C, 0xF0, 0x3C, 0x1C, 0xF0, 0x3F, 0xFC, 0xE0, 0x1F, 0xFC, 0xF0, 0x1C, 0x00,
    0xF0, 0x3C, 0x00, 0xF0, 0x3E, 0x00, 0x70, 0x3E, 0x04, 0x78, 0x7F, 0x1C, 0x3F, 0xE7, 0xF8, 0x0F,
    0xC3, 0xF0, 0x10, 0x00, 0x1C, 0x60, 0x0F, 0xE0, 0x07, 0xC0, 0x03, 0x80, 0x01, 0x00, 0x00, 0x00,
    0x0F, 0xD8, 0x1F, 0xF8, 0x38, 0x38, 0x78, 0x18, 0x70, 0x18, 0x78, 0x08, 0x7C, 0x00, 0x7F, 0x00,
    0x3F, 0xC0, 0x1F, 0xF0, 0x07, 0xF8, 0x00, 0xFC, 0x00, 0x3C, 0xC0, 0x3C, 0xE0, 0x1C, 0x60, 0x3C,
    0x78, 0x38, 0x7F, 0xF0, 0x67, 0xE0, 0x61, 0x80, 0x77, 0x00, 0x3E, 0x00, 0x1E, 0x00, 0x0C, 0x00,
    0x00, 0x00, 0x00, 0x00, 0x3F, 0x80, 0x7F, 0x80, 0xE1, 0x80, 0xE0, 0xC0, 0xE0, 0x00, 0xFC, 0x00,
    0x7F, 0x00, 0x3F, 0x80, 0x07, 0xC0, 0x81, 0xC0, 0xC1, 0xC0, 0xE1, 0xC0, 0xFF, 0x80, 0xFF, 0x00,
    0x03, 0x9C, 0x00, 0x03, 0x9C, 0x00, 0x03, 0x9C, 0x00, 0x03, 0x9C, 0x00, 0x00, 0x00, 0x00, 0x00,
    0x00, 0x00, 0xFF, 0x0F, 0xE0, 0xFE, 0x07, 0xE0, 0x3C, 0x03, 0x80, 0x1E, 0x07, 0x00, 0x1E, 0x06,
    0x00, 0x0F, 0x0E, 0x00, 0x07, 0x8C, 0x00, 0x07, 0x98, 0x00, 0x03, 0xD8, 0x00, 0x01, 0xF0, 0x00,
    0x01, 0xF0, 0x00, 0x00, 0xE0, 0x00, 0x00, 0xE0, 0x00, 0x00, 0xE0, 0x00, 0x00, 0xE0, 0x00, 0x00,
    0xE0, 0x00, 0x00, 0xE0, 0x00, 0x03, 0xF8, 0x00, 0x03, 0xFC, 0x00, 0x08, 0x30, 0x0E, 0x70, 0x07,
    0xE0, 0x03, 0xC0, 0x01, 0x80, 0x00, 0x00, 0x7F, 0xFE, 0x7F, 0xFE, 0x70, 0x1C, 0x60, 0x3C, 0x60,
    0x78, 0x40, 0x70, 0x00, 0xF0, 0x01, 0xE0, 0x01, 0xC0, 0x03, 0xC0, 0x07, 0x80, 0x07, 0x00, 0x0F,
    0x00, 0x1E, 0x02, 0x1C, 0x06, 0x3C, 0x06, 0x78, 0x0E, 0x7F, 0xFE, 0xFF, 0xFE, 0x60, 0xC0, 0x31,
    0x80, 0x3F, 0x80, 0x1F, 0x00, 0x0E, 0x00, 0x04, 0x00, 0x00, 0x00, 0xFF, 0xE0, 0xFF, 0xE0, 0xC1,
    0xC0, 0xC3, 0xC0, 0xC7, 0x80, 0x07, 0x00, 0x0F, 0x00, 0x1E, 0x00, 0x1C, 0x00, 0x38, 0x20, 0x78,
    0x60, 0x70, 0x60, 0xFF, 0xE0, 0xFF, 0xE0, 0x00, 0x0F, 0x80, 0x00, 0x3F, 0xC0, 0x00, 0x71, 0xC0,
    0x00, 0x71, 0xC0, 0x00, 0xF1, 0x80, 0x00, 0xE0, 0x00, 0x00, 0xE0, 0x00, 0x03, 0xFE, 0x00, 0x03,
    0xFE, 0x00, 0x00, 0xE0, 0x00, 0x01, 0xE0, 0x00, 0x01, 0xE0, 0x00, 0x01, 0xE0, 0x00, 0x01, 0xC0,
    0x00, 0x01, 0xC0, 0x00, 0x01, 0xC0, 0x00, 0x01, 0xC0, 0x00, 0x01, 0xC0, 0x00, 0x03, 0xC0, 0x00,
    0x03, 0xC0, 0x00, 0xE3, 0x80, 0x00, 0xE3, 0x80, 0x00, 0xE7, 0x00, 0x00, 0x7E, 0x00, 0x00, 0x38,
    0x00, 0x00, 0x18, 0x3C, 0x7C, 0xE6, 0xC3, 0x7C, 0x80, 0x7F, 0x80, 0x8F, 0x00, 0xFF, 0xF8, 0xFF,
    0xF8, 0xFF, 0xFF, 0xFF, 0xC0, 0xFF, 0xFF, 0xFF, 0xC0, 0x30, 0x60, 0x60, 0xC0, 0xF0, 0xF0, 0x70,
    0xE0, 0xF0, 0xF0, 0x30, 0x20, 0x60, 0xC0, 0xE0, 0xF0, 0xF0, 0x30, 0x60, 0x60, 0xC0, 0x30, 0xC0,
    0x61, 0x80, 0x61, 0x00, 0xC3, 0x00, 0xF3, 0xC0, 0xF3, 0xC0, 0x71, 0xC0, 0xE3, 0x80, 0xF3, 0xC0,
    0xF3, 0xC0, 0x30, 0xC0, 0x21, 0x80, 0x61, 0x80, 0xC3, 0x00, 0xE3, 0x80, 0xF3, 0xC0, 0xF3, 0xC0,
    0x30, 0xC0, 0x61, 0x80, 0x61, 0x80, 0xC3, 0x00, 0x0E, 0x00, 0x1E, 0x00, 0x0E, 0x00, 0x0C, 0x00,
    0xCC, 0x60, 0xFF, 0xE0, 0xFF, 0xE0, 0x0C, 0x00, 0x0E, 0x00, 0x1E, 0x00, 0x1E, 0x00, 0x0E, 0x00,
    0x0C, 0x00, 0x0C, 0x00, 0x0C, 0x00, 0x0C, 0x00, 0x0C, 0x00, 0x0C, 0x00, 0x0C, 0x00, 0x0C, 0x00,
    0x0C, 0x00, 0x0C, 0x00, 0x0E, 0x00, 0x0E, 0x00, 0x0E, 0x00, 0x0E, 0x00, 0xC4, 0x60, 0xFF, 0xE0,
    0xFF, 0xE0, 0x04, 0x00, 0x0E, 0x00, 0x0E, 0x00, 0x0E, 0x00, 0x0E, 0x00, 0x0E, 0x00, 0x0E, 0x00,
    0xE4, 0xE0, 0xFF, 0xE0, 0xFF, 0xE0, 0x04, 0x00, 0x0E, 0x00, 0x0E, 0x00, 0x0E, 0x00, 0x04, 0x00,
    0x78, 0xFC, 0xFC, 0xFC, 0xFC, 0x78, 0x60, 0x30, 0x18, 0xF0, 0x78, 0x3C, 0xF0, 0x78, 0x3C, 0x60,
    0x30, 0x18, 0x1C, 0x03, 0x00, 0x00, 0x7F, 0x03, 0x00, 0x00, 0x77, 0x86, 0x00, 0x00, 0xE3, 0x8E,
    0x00, 0x00, 0xE3, 0x8C, 0x00, 0x00, 0xE3, 0x9C, 0x00, 0x00, 0xE3, 0x98, 0x00, 0x00, 0xF7, 0x30,
    0x00, 0x00, 0x7F, 0x70, 0x00, 0x00, 0x1C, 0x63, 0xE0, 0xF8, 0x00, 0xE7, 0x71, 0xDC, 0x00, 0xCE,
    0x3B, 0x8E, 0x01, 0x8E, 0x3B, 0x8E, 0x03, 0x8E, 0x3B, 0x8E, 0x03, 0x0E, 0x3B, 0x8E, 0x07, 0x07,
    0xF1, 0xFC, 0x06, 0x03, 0xE0, 0xF8, 0x04, 0x0C, 0x18, 0x38, 0x70, 0xE0, 0xF0, 0x70, 0x38, 0x1C,
    0x0C, 0x04, 0x80, 0xC0, 0x60, 0x70, 0x38, 0x1C, 0x1C, 0x38, 0x70, 0xE0, 0xC0, 0x80, 0x01, 0xFB,
    0x07, 0xFF, 0x0E, 0x07, 0x1E, 0x03, 0x1C, 0x01, 0x3C, 0x00, 0xFF, 0xE0, 0xFF, 0xE0, 0x38, 0x00,
    0x38, 0x00, 0xFF, 0xE0, 0xFF, 0xE0, 0x3C, 0x00, 0x1C, 0x00, 0x1C, 0x03, 0x1E, 0x03, 0x0F, 0x07,
    0x07, 0xFF, 0x01, 0xFB, 0xFF, 0xCF, 0x87, 0xC0, 0xCE, 0xE7, 0x87, 0x80, 0x8C, 0x67, 0x87, 0x80,
    0x8C, 0x67, 0xCF, 0x80, 0x0C, 0x06, 0xCB, 0x80, 0x0C, 0x06, 0xFB, 0x80, 0x0C, 0x06, 0xFB, 0x80,
    0x0C, 0x06, 0x73, 0x80, 0x0C, 0x04, 0x71, 0x80, 0x1E, 0x0E, 0x03, 0xC0, 0x3F, 0x1F, 0x07, 0xE0,
];
pub static LITERATA_XLARGE: BitmapFont = BitmapFont {
    glyphs: &LITERATA_XLARGE_GLYPHS,
    bitmap: &LITERATA_XLARGE_BITMAP,
    extra: &LITERATA_XLARGE_EXTRA,
    line_height: 33,
};

// LITERATA_XXLARGE: Literata Medium 31 px, opsz 12, line-height 38
const LITERATA_XXLARGE_GLYPHS: [Glyph; 95] = [
    g(0, 0, 0, 6, 0, 0),
    g(0, 5, 21, 11, 3, -21),
    g(21, 9, 7, 13, 2, -24),
    g(35, 19, 17, 21, 1, -17),
    g(86, 16, 28, 18, 1, -25),
    g(142, 24, 19, 26, 1, -19),
    g(199, 23, 21, 26, 2, -21),
    g(262, 4, 7, 8, 2, -24),
    g(269, 8, 31, 11, 2, -25),
    g(300, 8, 31, 11, 1, -25),
    g(331, 10, 12, 14, 2, -23),
    g(355, 13, 13, 17, 2, -16),
    g(381, 5, 9, 9, 2, -4),
    g(390, 8, 3, 10, 1, -10),
    g(393, 5, 5, 11, 3, -5),
    g(398, 12, 28, 14, 1, -25),
    g(454, 16, 21, 18, 1, -21),
    g(496, 11, 22, 13, 1, -22),
    g(540, 14, 21, 16, 1, -21),
    g(582, 15, 21, 17, 0, -21),
    g(624, 17, 21, 17, 0, -21),
    g(687, 15, 21, 16, 0, -21),
    g(729, 15, 21, 17, 1, -21),
    g(771, 15, 22, 16, 0, -21),
    g(815, 16, 21, 18, 1, -21),
    g(857, 15, 21, 17, 1, -21),
    g(899, 5, 16, 11, 3, -16),
    g(915, 5, 21, 9, 2, -16),
    g(936, 13, 15, 18, 2, -16),
    g(966, 13, 8, 17, 2, -13),
    g(982, 13, 15, 18, 3, -16),
    g(1012, 13, 21, 17, 2, -21),
    g(1054, 24, 23, 28, 2, -18),
    g(1123, 22, 21, 24, 1, -21),
    g(1186, 18, 21, 20, 1, -21),
    g(1249, 18, 21, 21, 1, -21),
    g(1312, 21, 21, 23, 1, -21),
    g(1375, 17, 21, 20, 1, -21),
    g(1438, 16, 21, 19, 2, -21),
    g(1480, 21, 21, 23, 1, -21),
    g(1543, 22, 21, 26, 2, -21),
    g(1606, 9, 21, 13, 2, -21),
    g(1648, 16, 21, 18, 1, -21),
    g(1690, 22, 21, 24, 2, -21),
    g(1753, 16, 21, 20, 2, -21),
    g(1795, 27, 21, 31, 2, -21),
    g(1879, 22, 21, 26, 2, -21),
    g(1942, 21, 21, 23, 1, -21),
    g(2005, 16, 21, 19, 2, -21),
    g(2047, 26, 26, 23, 1, -21),
    g(2151, 19, 21, 22, 2, -21),
    g(2214, 16, 21, 18, 1, -21),
    g(2256, 21, 21, 23, 1, -21),
    g(2319, 22, 21, 24, 1, -21),
    g(2382, 22, 21, 24, 1, -21),
    g(2445, 33, 21, 35, 1, -21),
    g(2550, 22, 21, 24, 1, -21),
    g(2613, 21, 21, 23, 1, -21),
    g(2676, 18, 21, 21, 1, -21),
    g(2739, 6, 31, 10, 3, -24),
    g(2770, 12, 28, 14, 1, -25),
    g(2826, 6, 31, 10, 1, -24),
    g(2857, 14, 11, 18, 2, -22),
    g(2879, 15, 2, 15, 0, 1),
    g(2883, 6, 6, 16, 4, -24),
    g(2889, 16, 16, 17, 1, -16),
    g(2921, 18, 23, 19, 0, -23),
    g(2990, 14, 16, 16, 1, -16),
    g(3022, 18, 23, 19, 1, -23),
    g(3091, 14, 16, 16, 1, -16),
    g(3123, 13, 24, 12, 1, -24),
    g(3171, 17, 25, 18, 1, -18),
    g(3246, 18, 23, 21, 2, -23),
    g(3315, 9, 23, 11, 1, -23),
    g(3361, 7, 29, 10, 0, -23),
    g(3390, 18, 23, 19, 1, -23),
    g(3459, 9, 23, 11, 1, -23),
    g(3505, 28, 16, 31, 2, -16),
    g(3569, 18, 16, 21, 2, -16),
    g(3617, 16, 16, 18, 1, -16),
    g(3649, 17, 23, 19, 1, -16),
    g(3718, 17, 23, 19, 1, -16),
    g(3787, 14, 16, 16, 2, -16),
    g(3819, 12, 16, 15, 2, -16),
    g(3851, 12, 21, 13, 1, -21),
    g(3893, 18, 16, 20, 1, -16),
    g(3941, 18, 16, 20, 1, -16),
    g(3989, 27, 16, 27, 0, -16),
    g(4053, 18, 16, 20, 1, -16),
    g(4101, 18, 23, 20, 1, -16),
    g(4170, 14, 16, 16, 1, -16),
    g(4202, 9, 32, 11, 1, -25),
    g(4266, 2, 28, 13, 5, -25),
    g(4294, 9, 32, 11, 1, -25),
    g(4358, 14, 4, 18, 2, -11),
];
const LITERATA_XXLARGE_EXTRA: [(char, Glyph); 123] = [
    ('\u{a0}', g(0, 0, 0, 6, 0, 0)),
    ('\u{a1}', g(4366, 5, 23, 11, 3, -16)),
    ('\u{a2}', g(4389, 14, 21, 16, 1, -20)),
    ('\u{a3}', g(4431, 16, 21, 17, 0, -21)),
    ('\u{a4}', g(4473, 14, 13, 18, 2, -17)),
    ('\u{a5}', g(4499, 21, 21, 22, 1, -21)),
    ('\u{a6}', g(4562, 2, 28, 13, 5, -25)),
    ('\u{a7}', g(4590, 16, 27, 20, 2, -21)),
    ('\u{a8}', g(4644, 11, 4, 15, 2, -23)),
    ('\u{a9}', g(4652, 21, 21, 25, 2, -21)),
    ('\u{aa}', g(4715, 12, 12, 13, 1, -24)),
    ('\u{ab}', g(4739, 13, 13, 16, 1, -15)),
    ('\u{ac}', g(4765, 14, 7, 18, 2, -11)),
    ('\u{ad}', g(0, 0, 0, 0, 0, 0)),
    ('\u{ae}', g(4779, 12, 11, 16, 2, -23)),
    ('\u{af}', g(4801, 9, 2, 15, 3, -21)),
    ('\u{b0}', g(4805, 8, 7, 10, 1, -24)),
    ('\u{b1}', g(4812, 13, 16, 17, 2, -16)),
    ('\u{b2}', g(4844, 11, 14, 13, 1, -26)),
    ('\u{b3}', g(4872, 10, 14, 13, 1, -26)),
    ('\u{b4}', g(4900, 6, 6, 16, 6, -24)),
    ('\u{b5}', g(4906, 17, 22, 19, 2, -16)),
    ('\u{b6}', g(4972, 15, 26, 18, 2, -21)),
    ('\u{b7}', g(5024, 5, 5, 11, 3, -12)),
    ('\u{b8}', g(5029, 7, 7, 15, 4, 0)),
    ('\u{b9}', g(5036, 8, 14, 10, 1, -26)),
    ('\u{ba}', g(5050, 12, 12, 14, 1, -24)),
    ('\u{bb}', g(5074, 13, 12, 15, 1, -14)),
    ('\u{bc}', g(5098, 28, 22, 29, 1, -22)),
    ('\u{bd}', g(5186, 28, 22, 30, 1, -21)),
    ('\u{be}', g(5274, 29, 22, 31, 1, -22)),
    ('\u{bf}', g(5362, 13, 23, 17, 2, -16)),
    ('\u{c0}', g(5408, 22, 28, 24, 1, -28)),
    ('\u{c1}', g(5492, 22, 29, 24, 1, -29)),
    ('\u{c2}', g(5579, 22, 29, 24, 1, -29)),
    ('\u{c3}', g(5666, 22, 28, 24, 1, -28)),
    ('\u{c4}', g(5750, 22, 28, 24, 1, -28)),
    ('\u{c5}', g(5834, 22, 30, 24, 1, -30)),
    ('\u{c6}', g(5924, 29, 21, 32, 1, -21)),
    ('\u{c7}', g(6008, 19, 28, 22, 1, -21)),
    ('\u{c8}', g(6092, 17, 29, 20, 1, -29)),
    ('\u{c9}', g(6179, 17, 28, 20, 1, -28)),
    ('\u{ca}', g(6263, 17, 29, 20, 1, -29)),
    ('\u{cb}', g(6350, 17, 28, 20, 1, -28)),
    ('\u{cc}', g(6434, 9, 29, 13, 2, -29)),
    ('\u{cd}', g(6492, 9, 28, 13, 2, -28)),
    ('\u{ce}', g(6548, 11, 29, 13, 1, -29)),
    ('\u{cf}', g(6606, 11, 28, 13, 1, -28)),
    ('\u{d0}', g(6662, 22, 21, 23, 0, -21)),
    ('\u{d1}', g(6725, 22, 28, 26, 2, -28)),
    ('\u{d2}', g(6809, 21, 29, 23, 1, -29)),
    ('\u{d3}', g(6896, 21, 29, 23, 1, -29)),
    ('\u{d4}', g(6983, 21, 29, 23, 1, -29)),
    ('\u{d5}', g(7070, 21, 28, 23, 1, -28)),
    ('\u{d6}', g(7154, 21, 28, 23, 1, -28)),
    ('\u{d7}', g(7238, 12, 11, 18, 3, -15)),
    ('\u{d8}', g(7260, 21, 21, 23, 1, -21)),
    ('\u{d9}', g(7323, 22, 29, 24, 1, -29)),
    ('\u{da}', g(7410, 22, 29, 24, 1, -29)),
    ('\u{db}', g(7497, 22, 29, 24, 1, -29)),
    ('\u{dc}', g(7584, 22, 28, 24, 1, -28)),
    ('\u{dd}', g(7668, 21, 29, 23, 1, -29)),
    ('\u{de}', g(7755, 16, 21, 19, 2, -21)),
    ('\u{df}', g(7797, 20, 24, 22, 1, -24)),
    ('\u{e0}', g(7869, 16, 25, 17, 1, -25)),
    ('\u{e1}', g(7919, 16, 25, 17, 1, -25)),
    ('\u{e2}', g(7969, 16, 25, 17, 1, -25)),
    ('\u{e3}', g(8019, 16, 23, 17, 1, -23)),
    ('\u{e4}', g(8065, 16, 23, 17, 1, -23)),
    ('\u{e5}', g(8111, 16, 25, 17, 1, -25)),
    ('\u{e6}', g(8161, 23, 16, 25, 1, -16)),
    ('\u{e7}', g(8209, 14, 23, 16, 1, -16)),
    ('\u{e8}', g(8255, 14, 25, 16, 1, -25)),
    ('\u{e9}', g(8305, 14, 25, 16, 1, -25)),
    ('\u{ea}', g(8355, 14, 25, 16, 1, -25)),
    ('\u{eb}', g(8405, 14, 23, 16, 1, -23)),
    ('\u{ec}', g(8451, 10, 24, 11, 0, -24)),
    ('\u{ed}', g(8499, 9, 24, 11, 1, -24)),
    ('\u{ee}', g(8547, 10, 24, 11, 0, -24)),
    ('\u{ef}', g(8595, 11, 23, 11, -1, -23)),
    ('\u{f0}', g(8641, 16, 24, 18, 1, -24)),
    ('\u{f1}', g(8689, 18, 23, 21, 2, -23)),
    ('\u{f2}', g(8758, 16, 25, 18, 1, -25)),
    ('\u{f3}', g(8808, 16, 25, 18, 1, -25)),
    ('\u{f4}', g(8858, 16, 24, 18, 1, -24)),
    ('\u{f5}', g(8906, 16, 23, 18, 1, -23)),
    ('\u{f6}', g(8952, 16, 23, 18, 1, -23)),
    ('\u{f7}', g(8998, 13, 14, 17, 2, -16)),
    ('\u{f8}', g(9026, 17, 16, 18, 0, -16)),
    ('\u{f9}', g(9074, 18, 25, 20, 1, -25)),
    ('\u{fa}', g(9149, 18, 25, 20, 1, -25)),
    ('\u{fb}', g(9224, 18, 25, 20, 1, -25)),
    ('\u{fc}', g(9299, 18, 23, 20, 1, -23)),
    ('\u{fd}', g(9368, 18, 31, 20, 1, -24)),
    ('\u{fe}', g(9461, 17, 30, 19, 1, -23)),
    ('\u{ff}', g(9551, 18, 30, 19, 1, -23)),
    ('\u{152}', g(9641, 31, 21, 33, 1, -21)),
    ('\u{153}', g(9725, 26, 16, 28, 1, -16)),
    ('\u{160}', g(9789, 16, 29, 18, 1, -29)),
    ('\u{161}', g(9847, 12, 24, 15, 2, -24)),
    ('\u{178}', g(9895, 21, 28, 23, 1, -28)),
    ('\u{17d}', g(9979, 18, 29, 21, 1, -29)),
    ('\u{17e}', g(10066, 14, 24, 16, 1, -24)),
    ('\u{192}', g(10114, 20, 28, 18, -2, -21)),
    ('\u{2c6}', g(10198, 10, 6, 16, 3, -24)),
    ('\u{2dc}', g(10210, 11, 4, 16, 2, -23)),
    ('\u{2013}', g(10218, 15, 2, 17, 1, -10)),
    ('\u{2014}', g(10222, 30, 2, 32, 1, -10)),
    ('\u{2018}', g(10230, 5, 8, 11, 3, -23)),
    ('\u{2019}', g(10238, 5, 8, 11, 3, -23)),
    ('\u{201a}', g(10246, 5, 8, 11, 3, -4)),
    ('\u{201c}', g(10254, 11, 8, 17, 3, -23)),
    ('\u{201d}', g(10270, 11, 8, 17, 3, -23)),
    ('\u{201e}', g(10286, 11, 8, 13, 1, -4)),
    ('\u{2020}', g(10302, 13, 25, 17, 2, -23)),
    ('\u{2021}', g(10352, 13, 25, 17, 2, -23)),
    ('\u{2022}', g(10402, 7, 7, 11, 2, -13)),
    ('\u{2026}', g(10409, 25, 5, 27, 1, -5)),
    ('\u{2030}', g(10429, 36, 19, 38, 1, -19)),
    ('\u{2039}', g(10524, 7, 12, 10, 1, -14)),
    ('\u{203a}', g(10536, 7, 12, 10, 1, -14)),
    ('\u{20ac}', g(10548, 19, 21, 21, 0, -21)),
    ('\u{2122}', g(10611, 31, 13, 33, 1, -20)),
];
const LITERATA_XXLARGE_BITMAP: [u8; 10663] = [
    0x70, 0xF8, 0xF8, 0xF8, 0xF8, 0xF8, 0xF0, 0xF0, 0x70, 0x70, 0x60, 0x60, 0x60, 0x60, 0x60, 0x60,
    0x00, 0x70, 0xF8, 0xF8, 0x70, 0xF7, 0x80, 0xF7, 0x80, 0xF7, 0x80, 0xE7, 0x00, 0xE7, 0x00, 0x63,
    0x00, 0x63, 0x00, 0x03, 0x07, 0x00, 0x03, 0x06, 0x00, 0x03, 0x06, 0x00, 0x07, 0x06, 0x00, 0x7F,
    0xFF, 0xE0, 0x7F, 0xFF, 0xE0, 0x06, 0x0E, 0x00, 0x06, 0x0C, 0x00, 0x06, 0x0C, 0x00, 0x0E, 0x0C,
    0x00, 0x0E, 0x0C, 0x00, 0xFF, 0xFF, 0xC0, 0xFF, 0xFF, 0xC0, 0x0C, 0x1C, 0x00, 0x0C, 0x18, 0x00,
    0x0C, 0x18, 0x00, 0x1C, 0x18, 0x00, 0x01, 0x80, 0x01, 0x80, 0x01, 0x80, 0x01, 0x80, 0x07, 0xE6,
    0x1F, 0xFE, 0x3D, 0xBE, 0x79, 0x8E, 0x79, 0x8E, 0x79, 0x86, 0x79, 0x80, 0x7D, 0x80, 0x7F, 0x80,
    0x3F, 0xF0, 0x0F, 0xFC, 0x03, 0xFE, 0x01, 0xFE, 0x01, 0x9F, 0x41, 0x8F, 0xE1, 0x8F, 0xE1, 0x8F,
    0xF1, 0x8E, 0x7D, 0xBE, 0x7F, 0xFC, 0x67, 0xF0, 0x01, 0x80, 0x01, 0x80, 0x01, 0x80, 0x3F, 0x00,
    0xE0, 0x7F, 0x81, 0xC0, 0xF3, 0xC1, 0xC0, 0xE1, 0xC3, 0x80, 0xE1, 0xC7, 0x00, 0xE1, 0xC7, 0x00,
    0xE1, 0xCE, 0x00, 0xF3, 0xCE, 0x00, 0x7F, 0x9C, 0x00, 0x3F, 0x38, 0x78, 0x00, 0x39, 0xFE, 0x00,
    0x71, 0xCF, 0x00, 0x73, 0x87, 0x00, 0xE3, 0x87, 0x00, 0xE3, 0x87, 0x01, 0xC3, 0x87, 0x03, 0x83,
    0xCE, 0x03, 0x81, 0xFE, 0x07, 0x00, 0xFC, 0x07, 0xE0, 0x00, 0x1F, 0xF0, 0x00, 0x3E, 0x78, 0x00,
    0x3C, 0x18, 0x00, 0x3C, 0x18, 0x00, 0x3C, 0x18, 0x00, 0x3C, 0x30, 0x3C, 0x1E, 0x20, 0xFC, 0x0F,
    0x40, 0xDE, 0x0F, 0xC1, 0x8C, 0x3F, 0xE3, 0x80, 0x79, 0xF3, 0x00, 0x70, 0xFB, 0x00, 0xF0, 0x7F,
    0x00, 0xF0, 0x3E, 0x00, 0xF0, 0x1F, 0x00, 0xF0, 0x0F, 0x80, 0xF8, 0x0F, 0xC6, 0x7E, 0x3F, 0xFE,
    0x3F, 0xF9, 0xFC, 0x0F, 0xE0, 0xF8, 0xF0, 0xF0, 0xF0, 0xE0, 0xE0, 0x60, 0x60, 0x03, 0x07, 0x0E,
    0x0E, 0x1C, 0x3C, 0x38, 0x78, 0x78, 0x78, 0xF0, 0xF0, 0xF0, 0xF0, 0xF0, 0xF0, 0xF0, 0xF0, 0xF0,
    0xF0, 0xF0, 0x78, 0x78, 0x78, 0x38, 0x3C, 0x1C, 0x1E, 0x0E, 0x06, 0x03, 0xC0, 0xE0, 0x70, 0x70,
    0x38, 0x38, 0x3C, 0x1C, 0x1E, 0x1E, 0x1E, 0x0F, 0x0F, 0x0F, 0x0F, 0x0F, 0x0F, 0x0F, 0x0F, 0x0E,
    0x1E, 0x1E, 0x1E, 0x1C, 0x3C, 0x38, 0x38, 0x70, 0x70, 0xE0, 0xC0, 0x0C, 0x00, 0x0C, 0x00, 0xCC,
    0xC0, 0xED, 0xC0, 0xFF, 0xC0, 0x1E, 0x00, 0x3F, 0x00, 0xFF, 0xC0, 0xED, 0xC0, 0x8C, 0xC0, 0x0C,
    0x00, 0x0C, 0x00, 0x07, 0x00, 0x07, 0x00, 0x07, 0x00, 0x07, 0x00, 0x07, 0x00, 0xFF, 0xF8, 0xFF,
    0xF8, 0x07, 0x00, 0x07, 0x00, 0x07, 0x00, 0x07, 0x00, 0x07, 0x00, 0x07, 0x00, 0x70, 0xF8, 0xF8,
    0xF8, 0x38, 0x30, 0x70, 0xE0, 0xC0, 0xFF, 0xFF, 0xFF, 0x70, 0xF8, 0xF8, 0xF8, 0x70, 0x00, 0x70,
    0x00, 0x70, 0x00, 0x60, 0x00, 0xE0, 0x00, 0xE0, 0x00, 0xC0, 0x01, 0xC0, 0x01, 0xC0, 0x03, 0x80,
    0x03, 0x80, 0x03, 0x80, 0x07, 0x00, 0x07, 0x00, 0x06, 0x00, 0x0E, 0x00, 0x0E, 0x00, 0x0C, 0x00,
    0x1C, 0x00, 0x1C, 0x00, 0x38, 0x00, 0x38, 0x00, 0x38, 0x00, 0x70, 0x00, 0x70, 0x00, 0x60, 0x00,
    0xE0, 0x00, 0xE0, 0x00, 0xC0, 0x00, 0x07, 0xE0, 0x1F, 0xF8, 0x3E, 0x7C, 0x38, 0x1E, 0x78, 0x1E,
    0x70, 0x0E, 0xF0, 0x0F, 0xF0, 0x0F, 0xF0, 0x0F, 0xF0, 0x0F, 0xF0, 0x0F, 0xF0, 0x0F, 0xF0, 0x0F,
    0xF0, 0x0F, 0xF0, 0x0F, 0x78, 0x0E, 0x78, 0x1E, 0x3C, 0x1C, 0x3E, 0x7C, 0x1F, 0xF8, 0x07, 0xE0,
    0x0E, 0x00, 0xFE, 0x00, 0xFE, 0x00, 0x3E, 0x00, 0x1E, 0x00, 0x1E, 0x00, 0x1E, 0x00, 0x1E, 0x00,
    0x1E, 0x00, 0x1E, 0x00, 0x1E, 0x00, 0x1E, 0x00, 0x1E, 0x00, 0x1E, 0x00, 0x1E, 0x00, 0x1E, 0x00,
    0x1E, 0x00, 0x1E, 0x00, 0x1E, 0x00, 0x1F, 0x00, 0xFF, 0xE0, 0xFF, 0xE0, 0x1F, 0xC0, 0x3F, 0xF0,
    0x78, 0xF8, 0xE0, 0x78, 0xF0, 0x3C, 0xF0, 0x3C, 0x60, 0x3C, 0x00, 0x3C, 0x00, 0x78, 0x00, 0x78,
    0x00, 0xF0, 0x01, 0xE0, 0x03, 0xC0, 0x07, 0x80, 0x0F, 0x00, 0x1E, 0x0C, 0x3C, 0x0C, 0x70, 0x1C,
    0xFF, 0xFC, 0xFF, 0xFC, 0xFF, 0xFC, 0x0F, 0xE0, 0x3F, 0xF8, 0x3C, 0xF8, 0x70, 0x3C, 0x78, 0x3C,
    0x78, 0x3C, 0x00, 0x3C, 0x00, 0x78, 0x00, 0xF0, 0x07, 0xE0, 0x07, 0xF0, 0x00, 0xFC, 0x00, 0x3C,
    0x00, 0x1E, 0x00, 0x1E, 0x00, 0x1E, 0x60, 0x1E, 0xF0, 0x7C, 0x7F, 0xFC, 0x3F, 0xF8, 0x0F, 0xE0,
    0x00, 0x78, 0x00, 0x00, 0xF8, 0x00, 0x00, 0xF8, 0x00, 0x01, 0xF8, 0x00, 0x03, 0xF8, 0x00, 0x03,
    0x78, 0x00, 0x07, 0x78, 0x00, 0x0E, 0x78, 0x00, 0x0C, 0x78, 0x00, 0x1C, 0x78, 0x00, 0x38, 0x78,
    0x00, 0x30, 0x78, 0x00, 0x70, 0x78, 0x00, 0xE0, 0x78, 0x00, 0xFF, 0xFF, 0x80, 0xFF, 0xFF, 0x80,
    0x00, 0x78, 0x00, 0x00, 0x78, 0x00, 0x00, 0x78, 0x00, 0x03, 0xFF, 0x00, 0x03, 0xFF, 0x00, 0x1F,
    0xFC, 0x1F, 0xFC, 0x3F, 0xFC, 0x38, 0x00, 0x38, 0x00, 0x38, 0x00, 0x38, 0x00, 0x3F, 0xE0, 0x3F,
    0xF8, 0x38, 0xFC, 0x00, 0x3C, 0x00, 0x1E, 0x00, 0x1E, 0x00, 0x1E, 0x00, 0x1E, 0x00, 0x1E, 0x60,
    0x3C, 0xF0, 0x7C, 0x7F, 0xF8, 0x3F, 0xF0, 0x0F, 0xE0, 0x03, 0xF8, 0x0F, 0xFC, 0x1F, 0x1E, 0x3C,
    0x1E, 0x38, 0x1C, 0x78, 0x00, 0x70, 0x00, 0xF3, 0xF0, 0xFF, 0xF8, 0xFC, 0x7C, 0xF8, 0x3E, 0xF0,
    0x1E, 0xF0, 0x1E, 0xF0, 0x1E, 0xF0, 0x1E, 0xF0, 0x1E, 0x70, 0x1E, 0x78, 0x3C, 0x3C, 0x7C, 0x1F,
    0xF8, 0x0F, 0xE0, 0x7F, 0xFE, 0x7F, 0xFE, 0x7F, 0xFE, 0x70, 0x0E, 0x60, 0x1C, 0xE0, 0x38, 0x00,
    0x38, 0x00, 0x70, 0x00, 0xE0, 0x00, 0xE0, 0x01, 0xE0, 0x01, 0xC0, 0x03, 0xC0, 0x03, 0xC0, 0x03,
    0xC0, 0x03, 0x80, 0x07, 0x80, 0x07, 0x80, 0x07, 0x80, 0x07, 0x80, 0x07, 0x80, 0x07, 0x00, 0x07,
    0xF0, 0x1F, 0xFC, 0x3E, 0x7E, 0x78, 0x1E, 0x78, 0x1E, 0x78, 0x1E, 0x78, 0x1E, 0x3C, 0x3C, 0x3F,
    0x38, 0x0F, 0xF0, 0x0F, 0xF8, 0x3C, 0xFC, 0x78, 0x3E, 0xF0, 0x1F, 0xF0, 0x0F, 0xF0, 0x0F, 0xF0,
    0x0F, 0xF8, 0x1E, 0x7C, 0x3E, 0x3F, 0xF8, 0x0F, 0xE0, 0x0F, 0xE0, 0x3F, 0xF0, 0x7C, 0x78, 0x78,
    0x3C, 0xF0, 0x1C, 0xF0, 0x1E, 0xF0, 0x1E, 0xF0, 0x1E, 0xF0, 0x1E, 0xF8, 0x3E, 0x7C, 0x7E, 0x3F,
    0xFE, 0x1F, 0x9E, 0x00, 0x1E, 0x00, 0x1E, 0x00, 0x3C, 0x00, 0x3C, 0x40, 0x78, 0xF8, 0xF8, 0x7F,
    0xF0, 0x1F, 0xC0, 0x70, 0xF8, 0xF8, 0xF8, 0x70, 0x00, 0x00, 0x00, 0x00, 0x00, 0x00, 0x70, 0xF8,
    0xF8, 0xF8, 0x70, 0x70, 0xF8, 0xF8, 0xF8, 0x70, 0x00, 0x00, 0x00, 0x00, 0x00, 0x00, 0x00, 0x70,
    0xF8, 0xF8, 0xF8, 0x38, 0x30, 0x70, 0xE0, 0xC0, 0x00, 0x30, 0x00, 0xF8, 0x01, 0xE0, 0x07, 0xC0,
    0x1F, 0x00, 0x3C, 0x00, 0xF8, 0x00, 0xF0, 0x00, 0x78, 0x00, 0x3E, 0x00, 0x0F, 0x80, 0x03, 0xC0,
    0x01, 0xF0, 0x00, 0x70, 0x00, 0x10, 0xFF, 0xF8, 0xFF, 0xF8, 0x00, 0x00, 0x00, 0x00, 0x00, 0x00,
    0x00, 0x00, 0xFF, 0xF8, 0xFF, 0xF8, 0x60, 0x00, 0xF8, 0x00, 0x3C, 0x00, 0x1F, 0x00, 0x07, 0xC0,
    0x01, 0xE0, 0x00, 0xF8, 0x00, 0x78, 0x00, 0xF0, 0x03, 0xE0, 0x0F, 0x80, 0x3E, 0x00, 0x7C, 0x00,
    0x70, 0x00, 0x40, 0x00, 0x1F, 0xC0, 0x3F, 0xE0, 0x71, 0xF0, 0xE0, 0xF8, 0xF0, 0x78, 0xF0, 0x78,
    0x00, 0xF8, 0x01, 0xF0, 0x03, 0xE0, 0x03, 0xC0, 0x07, 0x80, 0x07, 0x00, 0x06, 0x00, 0x06, 0x00,
    0x06, 0x00, 0x00, 0x00, 0x00, 0x00, 0x0E, 0x00, 0x1F, 0x00, 0x1F, 0x00, 0x0E, 0x00, 0x00, 0xFF,
    0xC0, 0x03, 0xFF, 0xF0, 0x0F, 0x80, 0xF8, 0x1E, 0x00, 0x3C, 0x38, 0x00, 0x0E, 0x30, 0x3C, 0x86,
    0x70, 0xFF, 0x87, 0x61, 0xE3, 0x87, 0xE1, 0xC3, 0x83, 0xE3, 0xC3, 0x83, 0xC3, 0x83, 0x83, 0xC3,
    0x83, 0x83, 0xC3, 0x87, 0x87, 0xC3, 0x85, 0x87, 0xE3, 0x8D, 0x8E, 0xE3, 0xDD, 0xDE, 0x61, 0xF9,
    0xFC, 0x70, 0xF0, 0xF0, 0x38, 0x00, 0x00, 0x3C, 0x00, 0x40, 0x1F, 0x03, 0xC0, 0x07, 0xFF, 0x80,
    0x01, 0xFE, 0x00, 0x00, 0x78, 0x00, 0x00, 0x7C, 0x00, 0x00, 0xFC, 0x00, 0x00, 0xFC, 0x00, 0x00,
    0xDE, 0x00, 0x01, 0xDE, 0x00, 0x01, 0x8E, 0x00, 0x03, 0x8F, 0x00, 0x03, 0x8F, 0x00, 0x03, 0x07,
    0x80, 0x07, 0x07, 0x80, 0x07, 0x07, 0x80, 0x07, 0xFF, 0xC0, 0x0F, 0xFF, 0xC0, 0x0E, 0x03, 0xC0,
    0x1C, 0x01, 0xE0, 0x1C, 0x01, 0xE0, 0x1C, 0x01, 0xF0, 0x3C, 0x01, 0xF0, 0xFF, 0x07, 0xFC, 0xFF,
    0x07, 0xFC, 0xFF, 0xF8, 0x00, 0xFF, 0xFE, 0x00, 0x1E, 0x1F, 0x00, 0x1E, 0x0F, 0x80, 0x1E, 0x07,
    0x80, 0x1E, 0x07, 0x80, 0x1E, 0x07, 0x80, 0x1E, 0x0F, 0x00, 0x1E, 0x3E, 0x00, 0x1F, 0xF8, 0x00,
    0x1F, 0xFF, 0x00, 0x1E, 0x0F, 0x80, 0x1E, 0x07, 0xC0, 0x1E, 0x03, 0xC0, 0x1E, 0x03, 0xC0, 0x1E,
    0x03, 0xC0, 0x1E, 0x03, 0xC0, 0x1E, 0x07, 0x80, 0x1E, 0x1F, 0x80, 0xFF, 0xFF, 0x00, 0xFF, 0xFC,
    0x00, 0x03, 0xF9, 0x80, 0x0F, 0xFF, 0x80, 0x1F, 0x0F, 0xC0, 0x3C, 0x03, 0xC0, 0x78, 0x01, 0xC0,
    0x78, 0x01, 0xC0, 0x70, 0x00, 0xC0, 0xF0, 0x00, 0x00, 0xF0, 0x00, 0x00, 0xF0, 0x00, 0x00, 0xF0,
    0x00, 0x00, 0xF0, 0x00, 0x00, 0xF0, 0x00, 0x00, 0xF0, 0x00, 0x00, 0xF8, 0x00, 0x00, 0x78, 0x00,
    0x00, 0x7C, 0x00, 0xC0, 0x3E, 0x01, 0xC0, 0x1F, 0x87, 0x80, 0x0F, 0xFF, 0x00, 0x03, 0xFC, 0x00,
    0xFF, 0xFC, 0x00, 0xFF, 0xFF, 0x80, 0x1E, 0x0F, 0xC0, 0x1E, 0x03, 0xE0, 0x1E, 0x01, 0xF0, 0x1E,
    0x00, 0xF0, 0x1E, 0x00, 0xF0, 0x1E, 0x00, 0x78, 0x1E, 0x00, 0x78, 0x1E, 0x00, 0x78, 0x1E, 0x00,
    0x78, 0x1E, 0x00, 0x78, 0x1E, 0x00, 0x78, 0x1E, 0x00, 0x70, 0x1E, 0x00, 0xF0, 0x1E, 0x00, 0xF0,
    0x1E, 0x01, 0xE0, 0x1E, 0x03, 0xC0, 0x1E, 0x1F, 0x80, 0xFF, 0xFF, 0x00, 0xFF, 0xF8, 0x00, 0xFF,
    0xFF, 0x00, 0xFF, 0xFF, 0x00, 0x1E, 0x0F, 0x00, 0x1E, 0x07, 0x00, 0x1E, 0x03, 0x80, 0x1E, 0x00,
    0x00, 0x1E, 0x00, 0x00, 0x1E, 0x0C, 0x00, 0x1E, 0x1C, 0x00, 0x1F, 0xFC, 0x00, 0x1F, 0xFC, 0x00,
    0x1E, 0x1C, 0x00, 0x1E, 0x1C, 0x00, 0x1E, 0x08, 0x00, 0x1E, 0x00, 0x00, 0x1E, 0x01, 0x80, 0x1E,
    0x01, 0x80, 0x1E, 0x03, 0x80, 0x1E, 0x07, 0x80, 0x7F, 0xFF, 0x80, 0xFF, 0xFF, 0x80, 0xFF, 0xFE,
    0xFF, 0xFF, 0x3C, 0x1F, 0x3C, 0x07, 0x3C, 0x07, 0x3C, 0x03, 0x3C, 0x00, 0x3C, 0x18, 0x3C, 0x18,
    0x3C, 0x38, 0x3F, 0xF8, 0x3F, 0xF8, 0x3C, 0x18, 0x3C, 0x18, 0x3C, 0x18, 0x3C, 0x00, 0x3C, 0x00,
    0x3C, 0x00, 0x3C, 0x00, 0xFF, 0xC0, 0xFF, 0xC0, 0x03, 0xF9, 0xC0, 0x0F, 0xFF, 0xC0, 0x1F, 0x8F,
    0xC0, 0x3C, 0x03, 0xC0, 0x78, 0x01, 0xE0, 0x78, 0x00, 0xE0, 0x70, 0x00, 0xE0, 0xF0, 0x00, 0x00,
    0xF0, 0x00, 0x00, 0xF0, 0x00, 0x00, 0xF0, 0x00, 0x00, 0xF0, 0x0F, 0xF8, 0xF0, 0x0F, 0xF8, 0xF0,
    0x01, 0xE0, 0xF8, 0x01, 0xE0, 0x78, 0x01, 0xE0, 0x7C, 0x01, 0xE0, 0x3E, 0x03, 0xE0, 0x1F, 0x8F,
    0xE0, 0x0F, 0xFF, 0xE0, 0x03, 0xFC, 0xE0, 0xFF, 0x87, 0xFC, 0xFF, 0x87, 0xFC, 0x3C, 0x00, 0xF0,
    0x3C, 0x00, 0xF0, 0x3C, 0x00, 0xF0, 0x3C, 0x00, 0xF0, 0x3C, 0x00, 0xF0, 0x3C, 0x00, 0xF0, 0x3C,
    0x00, 0xF0, 0x3F, 0xFF, 0xF0, 0x3F, 0xFF, 0xF0, 0x3C, 0x00, 0xF0, 0x3C, 0x00, 0xF0, 0x3C, 0x00,
    0xF0, 0x3C, 0x00, 0xF0, 0x3C, 0x00, 0xF0, 0x3C, 0x00, 0xF0, 0x3C, 0x00, 0xF0, 0x3C, 0x00, 0xF0,
    0xFF, 0x87, 0xFC, 0xFF, 0x87, 0xFC, 0xFF, 0x80, 0xFF, 0x80, 0x1E, 0x00, 0x1E, 0x00, 0x1E, 0x00,
    0x1E, 0x00, 0x1E, 0x00, 0x1E, 0x00, 0x1E, 0x00, 0x1E, 0x00, 0x1E, 0x00, 0x1E, 0x00, 0x1E, 0x00,
    0x1E, 0x00, 0x1E, 0x00, 0x1E, 0x00, 0x1E, 0x00, 0x1E, 0x00, 0x1E, 0x00, 0xFF, 0x80, 0xFF, 0x80,
    0x03, 0xFF, 0x03, 0xFF, 0x00, 0x78, 0x00, 0x78, 0x00, 0x78, 0x00, 0x78, 0x00, 0x78, 0x00, 0x78,
    0x00, 0x78, 0x00, 0x78, 0x00, 0x78, 0x00, 0x78, 0x00, 0x78, 0x00, 0x78, 0x20, 0x78, 0xF8, 0x78,
    0xF8, 0x78, 0xF0, 0xF0, 0xF9, 0xF0, 0x7F, 0xE0, 0x1F, 0x80, 0xFF, 0x8F, 0xF0, 0xFF, 0x8F, 0xF0,
    0x1E, 0x03, 0xC0, 0x1E, 0x07, 0x00, 0x1E, 0x0E, 0x00, 0x1E, 0x1C, 0x00, 0x1E, 0x38, 0x00, 0x1E,
    0x70, 0x00, 0x1E, 0xE0, 0x00, 0x1F, 0xE0, 0x00, 0x1F, 0xF0, 0x00, 0x1F, 0xF8, 0x00, 0x1E, 0x7C,
    0x00, 0x1E, 0x3C, 0x00, 0x1E, 0x3E, 0x00, 0x1E, 0x1F, 0x00, 0x1E, 0x0F, 0x00, 0x1E, 0x0F, 0x80,
    0x3F, 0x07, 0xF8, 0xFF, 0x83, 0xFC, 0xFF, 0x81, 0xF8, 0xFF, 0x80, 0xFF, 0x80, 0x3C, 0x00, 0x3C,
    0x00, 0x3C, 0x00, 0x3C, 0x00, 0x3C, 0x00, 0x3C, 0x00, 0x3C, 0x00, 0x3C, 0x00, 0x3C, 0x00, 0x3C,
    0x00, 0x3C, 0x00, 0x3C, 0x00, 0x3C, 0x03, 0x3C, 0x07, 0x3C, 0x07, 0x3C, 0x07, 0x3C, 0x1F, 0xFF,
    0xFF, 0xFF, 0xFF, 0x7F, 0x80, 0x3F, 0xE0, 0x7F, 0x80, 0x3F, 0xE0, 0x1F, 0xC0, 0x3F, 0x00, 0x1F,
    0xC0, 0x7F, 0x00, 0x1F, 0xC0, 0x7F, 0x00, 0x1D, 0xE0, 0x6F, 0x00, 0x1D, 0xE0, 0xEF, 0x00, 0x1D,
    0xE0, 0xEF, 0x00, 0x1C, 0xF0, 0xCF, 0x00, 0x1C, 0xF1, 0xCF, 0x00, 0x1C, 0x71, 0x8F, 0x00, 0x1C,
    0x7B, 0x8F, 0x00, 0x1C, 0x7B, 0x8F, 0x00, 0x1C, 0x3F, 0x0F, 0x00, 0x1C, 0x3F, 0x0F, 0x00, 0x1C,
    0x1E, 0x0F, 0x00, 0x1C, 0x1E, 0x0F, 0x00, 0x1C, 0x1C, 0x0F, 0x00, 0x1C, 0x00, 0x0F, 0x00, 0xFF,
    0x00, 0x3F, 0xE0, 0xFF, 0x00, 0x3F, 0xE0, 0xFF, 0x03, 0xFC, 0xFF, 0x03, 0xFC, 0x3F, 0x80, 0x70,
    0x3F, 0xC0, 0x70, 0x3F, 0xC0, 0x70, 0x3B, 0xE0, 0x70, 0x3B, 0xE0, 0x70, 0x39, 0xF0, 0x70, 0x38,
    0xF0, 0x70, 0x38, 0xF8, 0x70, 0x38, 0x7C, 0x70, 0x38, 0x3C, 0x70, 0x38, 0x3E, 0x70, 0x38, 0x1E,
    0x70, 0x38, 0x1F, 0x70, 0x38, 0x0F, 0xF0, 0x38, 0x07, 0xF0, 0x38, 0x07, 0xF0, 0x38, 0x03, 0xF0,
    0xFF, 0x03, 0xF0, 0xFF, 0x01, 0xF0, 0x01, 0xFE, 0x00, 0x07, 0xFF, 0x80, 0x1F, 0x0F, 0xC0, 0x3C,
    0x03, 0xE0, 0x38, 0x01, 0xE0, 0x78, 0x00, 0xF0, 0x70, 0x00, 0xF0, 0xF0, 0x00, 0x78, 0xF0, 0x00,
    0x78, 0xF0, 0x00, 0x78, 0xF0, 0x00, 0x78, 0xF0, 0x00, 0x78, 0xF0, 0x00, 0x78, 0xF0, 0x00, 0x70,
    0xF8, 0x00, 0xF0, 0x78, 0x00, 0xF0, 0x7C, 0x01, 0xE0, 0x3E, 0x01, 0xC0, 0x1F, 0x87, 0x80, 0x0F,
    0xFF, 0x00, 0x03, 0xFC, 0x00, 0xFF, 0xF0, 0xFF, 0xFC, 0x3C, 0x7E, 0x3C, 0x1E, 0x3C, 0x0F, 0x3C,
    0x0F, 0x3C, 0x0F, 0x3C, 0x0F, 0x3C, 0x1E, 0x3C, 0x1E, 0x3C, 0x7C, 0x3F, 0xF8, 0x3F, 0xE0, 0x3C,
    0x00, 0x3C, 0x00, 0x3C, 0x00, 0x3C, 0x00, 0x3C, 0x00, 0x3C, 0x00, 0xFF, 0xC0, 0xFF, 0xC0, 0x01,
    0xFE, 0x00, 0x00, 0x07, 0xFF, 0x80, 0x00, 0x1F, 0x0F, 0xC0, 0x00, 0x3C, 0x03, 0xE0, 0x00, 0x38,
    0x01, 0xE0, 0x00, 0x78, 0x00, 0xF0, 0x00, 0x70, 0x00, 0xF0, 0x00, 0xF0, 0x00, 0x78, 0x00, 0xF0,
    0x00, 0x78, 0x00, 0xF0, 0x00, 0x78, 0x00, 0xF0, 0x00, 0x78, 0x00, 0xF0, 0x00, 0x78, 0x00, 0xF3,
    0xE0, 0x78, 0x00, 0xFF, 0xF0, 0xF0, 0x00, 0xFE, 0x78, 0xF0, 0x00, 0x7C, 0x3D, 0xF0, 0x00, 0x7C,
    0x1F, 0xE0, 0x00, 0x3E, 0x1F, 0xE0, 0x00, 0x1F, 0x9F, 0xC0, 0x00, 0x0F, 0xFF, 0x80, 0x00, 0x03,
    0xFF, 0x80, 0x00, 0x00, 0x03, 0xC0, 0x00, 0x00, 0x03, 0xF1, 0xC0, 0x00, 0x01, 0xFF, 0x80, 0x00,
    0x00, 0xFF, 0x00, 0x00, 0x00, 0x7E, 0x00, 0xFF, 0xF0, 0x00, 0xFF, 0xFC, 0x00, 0x3C, 0x3E, 0x00,
    0x3C, 0x1F, 0x00, 0x3C, 0x0F, 0x00, 0x3C, 0x0F, 0x00, 0x3C, 0x0F, 0x00, 0x3C, 0x1E, 0x00, 0x3C,
    0x7C, 0x00, 0x3F, 0xF8, 0x00, 0x3F, 0xF0, 0x00, 0x3C, 0x78, 0x00, 0x3C, 0x7C, 0x00, 0x3C, 0x3C,
    0x00, 0x3C, 0x3E, 0x00, 0x3C, 0x1E, 0x00, 0x3C, 0x1E, 0x00, 0x3C, 0x1F, 0x00, 0x3E, 0x0F, 0x80,
    0xFF, 0x87, 0xE0, 0xFF, 0x83, 0xE0, 0x07, 0xE6, 0x1F, 0xFE, 0x3E, 0x3E, 0x78, 0x1E, 0x78, 0x0E,
    0x78, 0x06, 0x78, 0x00, 0x7E, 0x00, 0x3F, 0x80, 0x3F, 0xF0, 0x0F, 0xFC, 0x03, 0xFE, 0x00, 0x7E,
    0x00, 0x1F, 0x40, 0x0F, 0xE0, 0x0F, 0xF0, 0x0F, 0xF8, 0x1E, 0x7E, 0x3E, 0x7F, 0xFC, 0x67, 0xF0,
    0x7F, 0xFF, 0xF0, 0x7F, 0xFF, 0xF0, 0xF8, 0xF0, 0xF8, 0xF0, 0xF0, 0x78, 0xE0, 0xF0, 0x38, 0xE0,
    0xF0, 0x38, 0xC0, 0xF0, 0x18, 0x00, 0xF0, 0x00, 0x00, 0xF0, 0x00, 0x00, 0xF0, 0x00, 0x00, 0xF0,
    0x00, 0x00, 0xF0, 0x00, 0x00, 0xF0, 0x00, 0x00, 0xF0, 0x00, 0x00, 0xF0, 0x00, 0x00, 0xF0, 0x00,
    0x00, 0xF0, 0x00, 0x00, 0xF0, 0x00, 0x00, 0xF0, 0x00, 0x07, 0xFF, 0x00, 0x07, 0xFF, 0x00, 0xFF,
    0x83, 0xFC, 0xFF, 0x83, 0xFC, 0x3C, 0x00, 0x60, 0x3C, 0x00, 0x60, 0x3C, 0x00, 0x60, 0x3C, 0x00,
    0x60, 0x3C, 0x00, 0x60, 0x3C, 0x00, 0x60, 0x3C, 0x00, 0x60, 0x3C, 0x00, 0x60, 0x3C, 0x00, 0x60,
    0x3C, 0x00, 0x60, 0x3C, 0x00, 0x60, 0x3C, 0x00, 0x60, 0x3C, 0x00, 0x60, 0x3E, 0x00, 0xE0, 0x1E,
    0x00, 0xE0, 0x1F, 0x01, 0xC0, 0x0F, 0xFF, 0x80, 0x07, 0xFF, 0x00, 0x01, 0xFC, 0x00, 0xFF, 0x83,
    0xFC, 0xFF, 0x83, 0xFC, 0x3E, 0x00, 0xF0, 0x1E, 0x00, 0xE0, 0x1E, 0x00, 0xE0, 0x1F, 0x01, 0xC0,
    0x0F, 0x01, 0xC0, 0x0F, 0x01, 0xC0, 0x0F, 0x03, 0x80, 0x07, 0x83, 0x80, 0x07, 0x83, 0x80, 0x07,
    0x87, 0x00, 0x03, 0xC7, 0x00, 0x03, 0xC7, 0x00, 0x01, 0xCE, 0x00, 0x01, 0xEE, 0x00, 0x01, 0xEC,
    0x00, 0x00, 0xFC, 0x00, 0x00, 0xFC, 0x00, 0x00, 0xF8, 0x00, 0x00, 0x78, 0x00, 0xFF, 0x81, 0xE0,
    0x7F, 0x80, 0xFF, 0x83, 0xE0, 0x7F, 0x80, 0x3E, 0x03, 0xE0, 0x1E, 0x00, 0x1E, 0x03, 0xF0, 0x1C,
    0x00, 0x1E, 0x03, 0xF0, 0x1C, 0x00, 0x1E, 0x07, 0x70, 0x1C, 0x00, 0x1F, 0x07, 0x78, 0x38, 0x00,
    0x0F, 0x06, 0x78, 0x38, 0x00, 0x0F, 0x0E, 0x78, 0x38, 0x00, 0x0F, 0x0E, 0x3C, 0x30, 0x00, 0x0F,
    0x8E, 0x3C, 0x70, 0x00, 0x07, 0x8C, 0x3C, 0x70, 0x00, 0x07, 0x9C, 0x1C, 0x70, 0x00, 0x07, 0x9C,
    0x1E, 0x60, 0x00, 0x03, 0x98, 0x1E, 0x60, 0x00, 0x03, 0xD8, 0x1E, 0xE0, 0x00, 0x03, 0xF8, 0x0F,
    0xE0, 0x00, 0x03, 0xF8, 0x0F, 0xC0, 0x00, 0x01, 0xF0, 0x0F, 0xC0, 0x00, 0x01, 0xF0, 0x07, 0xC0,
    0x00, 0x01, 0xF0, 0x07, 0x80, 0x00, 0xFF, 0x83, 0xF8, 0xFF, 0x83, 0xF8, 0x3E, 0x01, 0xE0, 0x1F,
    0x01, 0xC0, 0x0F, 0x83, 0x80, 0x07, 0x87, 0x80, 0x07, 0xC7, 0x00, 0x03, 0xEE, 0x00, 0x01, 0xFC,
    0x00, 0x00, 0xF8, 0x00, 0x00, 0x78, 0x00, 0x00, 0xFC, 0x00, 0x00, 0xFE, 0x00, 0x01, 0xDF, 0x00,
    0x03, 0x8F, 0x00, 0x07, 0x07, 0x80, 0x0F, 0x03, 0xC0, 0x1E, 0x03, 0xE0, 0x3C, 0x01, 0xF0, 0xFF,
    0x07, 0xFC, 0xFF, 0x07, 0xFC, 0xFF, 0x87, 0xF8, 0xFF, 0x87, 0xF8, 0x3E, 0x01, 0xE0, 0x1E, 0x01,
    0xC0, 0x0F, 0x03, 0xC0, 0x0F, 0x03, 0x80, 0x07, 0x87, 0x00, 0x03, 0xC7, 0x00, 0x03, 0xCE, 0x00,
    0x01, 0xEE, 0x00, 0x00, 0xFC, 0x00, 0x00, 0xF8, 0x00, 0x00, 0x78, 0x00, 0x00, 0x78, 0x00, 0x00,
    0x78, 0x00, 0x00, 0x78, 0x00, 0x00, 0x78, 0x00, 0x00, 0x78, 0x00, 0x00, 0x78, 0x00, 0x03, 0xFE,
    0x00, 0x03, 0xFE, 0x00, 0x7F, 0xFF, 0xC0, 0x7F, 0xFF, 0xC0, 0x7C, 0x07, 0xC0, 0x78, 0x0F, 0x80,
    0x70, 0x0F, 0x00, 0x70, 0x1E, 0x00, 0x00, 0x3E, 0x00, 0x00, 0x7C, 0x00, 0x00, 0x78, 0x00, 0x00,
    0xF0, 0x00, 0x01, 0xF0, 0x00, 0x03, 0xE0, 0x00, 0x07, 0xC0, 0x00, 0x07, 0x80, 0x00, 0x0F, 0x80,
    0x00, 0x1F, 0x00, 0xC0, 0x3E, 0x01, 0xC0, 0x3C, 0x01, 0xC0, 0x7C, 0x07, 0xC0, 0xFF, 0xFF, 0xC0,
    0xFF, 0xFF, 0xC0, 0xFC, 0xFC, 0xF0, 0xF0, 0xF0, 0xF0, 0xF0, 0xF0, 0xF0, 0xF0, 0xF0, 0xF0, 0xF0,
    0xF0, 0xF0, 0xF0, 0xF0, 0xF0, 0xF0, 0xF0, 0xF0, 0xF0, 0xF0, 0xF0, 0xF0, 0xF0, 0xF0, 0xF0, 0xF0,
    0xFC, 0xFC, 0xC0, 0x00, 0xE0, 0x00, 0xE0, 0x00, 0x60, 0x00, 0x70, 0x00, 0x70, 0x00, 0x30, 0x00,
    0x38, 0x00, 0x38, 0x00, 0x1C, 0x00, 0x1C, 0x00, 0x0C, 0x00, 0x0E, 0x00, 0x0E, 0x00, 0x06, 0x00,
    0x07, 0x00, 0x07, 0x00, 0x03, 0x80, 0x03, 0x80, 0x03, 0x80, 0x01, 0xC0, 0x01, 0xC0, 0x00, 0xC0,
    0x00, 0xE0, 0x00, 0xE0, 0x00, 0x60, 0x00, 0x70, 0x00, 0x70, 0xFC, 0xFC, 0x1C, 0x1C, 0x1C, 0x1C,
    0x1C, 0x1C, 0x1C, 0x1C, 0x1C, 0x1C, 0x1C, 0x1C, 0x1C, 0x1C, 0x1C, 0x1C, 0x1C, 0x1C, 0x1C, 0x1C,
    0x1C, 0x1C, 0x1C, 0x1C, 0x1C, 0x1C, 0x1C, 0xFC, 0xFC, 0x03, 0x00, 0x07, 0x80, 0x0F, 0xC0, 0x0F,
    0xC0, 0x1C, 0xE0, 0x38, 0x70, 0x38, 0x70, 0x70, 0x38, 0xE0, 0x1C, 0xE0, 0x1C, 0xC0, 0x0C, 0xFF,
    0xFE, 0xFF, 0xFE, 0xE0, 0xE0, 0xF0, 0x78, 0x1C, 0x0C, 0x1F, 0xC0, 0x7F, 0xE0, 0xF1, 0xF0, 0xF0,
    0x78, 0xF0, 0x78, 0x60, 0x78, 0x00, 0x78, 0x1F, 0xF8, 0x7F, 0xF8, 0xFC, 0x78, 0xF0, 0x78, 0xF0,
    0x78, 0xF0, 0xF8, 0xF9, 0xF8, 0x7F, 0xBF, 0x3E, 0x3E, 0xFE, 0x00, 0x00, 0xFE, 0x00, 0x00, 0x1E,
    0x00, 0x00, 0x1E, 0x00, 0x00, 0x1E, 0x00, 0x00, 0x1E, 0x00, 0x00, 0x1E, 0x00, 0x00, 0x1E, 0x7C,
    0x00, 0x1E, 0xFF, 0x00, 0x1F, 0x8F, 0x80, 0x1F, 0x07, 0x80, 0x1E, 0x07, 0x80, 0x1E, 0x03, 0xC0,
    0x1E, 0x03, 0xC0, 0x1E, 0x03, 0xC0, 0x1E, 0x03, 0xC0, 0x1E, 0x03, 0xC0, 0x1E, 0x03, 0xC0, 0x1E,
    0x07, 0x80, 0x1E, 0x07, 0x80, 0x1F, 0x9F, 0x00, 0x1F, 0xFE, 0x00, 0x19, 0xFC, 0x00, 0x07, 0xE0,
    0x1F, 0xF8, 0x3E, 0x3C, 0x78, 0x3C, 0x78, 0x3C, 0xF0, 0x3C, 0xF0, 0x00, 0xF0, 0x00, 0xF0, 0x00,
    0xF0, 0x00, 0xF0, 0x00, 0xF8, 0x00, 0x78, 0x00, 0x3E, 0x3C, 0x1F, 0xF8, 0x0F, 0xE0, 0x00, 0x7E,
    0x00, 0x00, 0x7E, 0x00, 0x00, 0x1E, 0x00, 0x00, 0x1E, 0x00, 0x00, 0x1E, 0x00, 0x00, 0x1E, 0x00,
    0x00, 0x1E, 0x00, 0x0F, 0xFE, 0x00, 0x1F, 0xFE, 0x00, 0x3C, 0x7E, 0x00, 0x78, 0x1E, 0x00, 0x78,
    0x1E, 0x00, 0xF0, 0x1E, 0x00, 0xF0, 0x1E, 0x00, 0xF0, 0x1E, 0x00, 0xF0, 0x1E, 0x00, 0xF0, 0x1E,
    0x00, 0xF0, 0x1E, 0x00, 0xF0, 0x1E, 0x00, 0x78, 0x3E, 0x00, 0x7C, 0x7E, 0x00, 0x3F, 0xEF, 0xC0,
    0x0F, 0x8F, 0xC0, 0x07, 0xE0, 0x1F, 0xF0, 0x3C, 0x78, 0x78, 0x3C, 0x70, 0x3C, 0xF0, 0x3C, 0xFF,
    0xFC, 0xFF, 0xFC, 0xF0, 0x00, 0xF0, 0x00, 0xF0, 0x00, 0xF8, 0x00, 0x78, 0x0C, 0x3E, 0x3C, 0x1F,
    0xF8, 0x0F, 0xE0, 0x07, 0xE0, 0x0F, 0xF8, 0x1E, 0x38, 0x1C, 0x78, 0x3C, 0x78, 0x3C, 0x00, 0x3C,
    0x00, 0x3C, 0x00, 0xFF, 0xE0, 0xFF, 0xE0, 0x3C, 0x00, 0x3C, 0x00, 0x3C, 0x00, 0x3C, 0x00, 0x3C,
    0x00, 0x3C, 0x00, 0x3C, 0x00, 0x3C, 0x00, 0x3C, 0x00, 0x3C, 0x00, 0x3C, 0x00, 0x3C, 0x00, 0xFF,
    0xC0, 0xFF, 0xC0, 0x00, 0x07, 0x00, 0x00, 0x0F, 0x80, 0x0F, 0xCF, 0x80, 0x3F, 0xFB, 0x00, 0x7C,
    0xF8, 0x00, 0x78, 0x3C, 0x00, 0xF0, 0x3C, 0x00, 0xF0, 0x3C, 0x00, 0xF0, 0x3C, 0x00, 0x78, 0x3C,
    0x00, 0x7C, 0xF8, 0x00, 0x3F, 0xF0, 0x00, 0x3F, 0xE0, 0x00, 0x30, 0x00, 0x00, 0x70, 0x00, 0x00,
    0x7F, 0xFC, 0x00, 0x3F, 0xFE, 0x00, 0x1F, 0xFF, 0x00, 0x70, 0x1F, 0x00, 0xF0, 0x0F, 0x00, 0xF0,
    0x0F, 0x00, 0xF0, 0x1F, 0x00, 0xFC, 0x3E, 0x00, 0x7F, 0xFC, 0x00, 0x1F, 0xF0, 0x00, 0xFC, 0x00,
    0x00, 0xFC, 0x00, 0x00, 0x3C, 0x00, 0x00, 0x3C, 0x00, 0x00, 0x3C, 0x00, 0x00, 0x3C, 0x00, 0x00,
    0x3C, 0x00, 0x00, 0x3C, 0xFC, 0x00, 0x3F, 0xFE, 0x00, 0x3F, 0x1F, 0x00, 0x3E, 0x0F, 0x00, 0x3C,
    0x0F, 0x00, 0x3C, 0x0F, 0x00, 0x3C, 0x0F, 0x00, 0x3C, 0x0F, 0x00, 0x3C, 0x0F, 0x00, 0x3C, 0x0F,
    0x00, 0x3C, 0x0F, 0x00, 0x3C, 0x0F, 0x00, 0x3C, 0x0F, 0x00, 0x3C, 0x0F, 0x00, 0xFF, 0x3F, 0xC0,
    0xFF, 0x3F, 0xC0, 0x38, 0x00, 0x7C, 0x00, 0x7C, 0x00, 0x38, 0x00, 0x00, 0x00, 0x00, 0x00, 0x00,
    0x00, 0xFC, 0x00, 0xFC, 0x00, 0x3C, 0x00, 0x3C, 0x00, 0x3C, 0x00, 0x3C, 0x00, 0x3C, 0x00, 0x3C,
    0x00, 0x3C, 0x00, 0x3C, 0x00, 0x3C, 0x00, 0x3C, 0x00, 0x3C, 0x00, 0x3C, 0x00, 0xFF, 0x80, 0xFF,
    0x80, 0x1C, 0x3E, 0x3E, 0x1C, 0x00, 0x00, 0x00, 0x7E, 0xFE, 0x3E, 0x1E, 0x1E, 0x1E, 0x1E, 0x1E,
    0x1E, 0x1E, 0x1E, 0x1E, 0x1E, 0x1E, 0x1E, 0x1E, 0x1E, 0x1C, 0x3C, 0x38, 0x70, 0x60, 0xFC, 0x00,
    0x00, 0xFC, 0x00, 0x00, 0x3C, 0x00, 0x00, 0x3C, 0x00, 0x00, 0x3C, 0x00, 0x00, 0x3C, 0x00, 0x00,
    0x3C, 0x00, 0x00, 0x3C, 0x3F, 0x80, 0x3C, 0x3F, 0x80, 0x3C, 0x1E, 0x00, 0x3C, 0x3C, 0x00, 0x3C,
    0x78, 0x00, 0x3C, 0xE0, 0x00, 0x3D, 0xC0, 0x00, 0x3F, 0xE0, 0x00, 0x3D, 0xE0, 0x00, 0x3C, 0xF0,
    0x00, 0x3C, 0xF8, 0x00, 0x3C, 0x7C, 0x00, 0x3C, 0x3E, 0x00, 0x3C, 0x1F, 0x00, 0xFF, 0x0F, 0xC0,
    0xFF, 0x07, 0xC0, 0xFC, 0x00, 0xFC, 0x00, 0x3C, 0x00, 0x3C, 0x00, 0x3C, 0x00, 0x3C, 0x00, 0x3C,
    0x00, 0x3C, 0x00, 0x3C, 0x00, 0x3C, 0x00, 0x3C, 0x00, 0x3C, 0x00, 0x3C, 0x00, 0x3C, 0x00, 0x3C,
    0x00, 0x3C, 0x00, 0x3C, 0x00, 0x3C, 0x00, 0x3C, 0x00, 0x3C, 0x00, 0x3C, 0x00, 0xFF, 0x80, 0xFF,
    0x80, 0xF8, 0xFC, 0x3E, 0x00, 0xFD, 0xFE, 0xFF, 0x00, 0x3F, 0x1F, 0xCF, 0x80, 0x3E, 0x0F, 0x87,
    0x80, 0x3C, 0x0F, 0x03, 0xC0, 0x3C, 0x0F, 0x03, 0xC0, 0x3C, 0x0F, 0x03, 0xC0, 0x3C, 0x0F, 0x03,
    0xC0, 0x3C, 0x0F, 0x03, 0xC0, 0x3C, 0x0F, 0x03, 0xC0, 0x3C, 0x0F, 0x03, 0xC0, 0x3C, 0x0F, 0x03,
    0xC0, 0x3C, 0x0F, 0x03, 0xC0, 0x3C, 0x0F, 0x07, 0xC0, 0xFF, 0x3F, 0x8F, 0xF0, 0xFF, 0x3F, 0x8F,
    0xF0, 0xF8, 0xFC, 0x00, 0xFD, 0xFE, 0x00, 0x3F, 0x1F, 0x00, 0x3E, 0x0F, 0x00, 0x3C, 0x0F, 0x00,
    0x3C, 0x0F, 0x00, 0x3C, 0x0F, 0x00, 0x3C, 0x0F, 0x00, 0x3C, 0x0F, 0x00, 0x3C, 0x0F, 0x00, 0x3C,
    0x0F, 0x00, 0x3C, 0x0F, 0x00, 0x3C, 0x0F, 0x00, 0x3C, 0x0F, 0x00, 0xFF, 0x3F, 0xC0, 0xFF, 0x3F,
    0xC0, 0x07, 0xE0, 0x1F, 0xF8, 0x3C, 0x7C, 0x78, 0x1E, 0x70, 0x1E, 0xF0, 0x0F, 0xF0, 0x0F, 0xF0,
    0x0F, 0xF0, 0x0F, 0xF0, 0x0F, 0xF0, 0x0E, 0xF8, 0x1E, 0x78, 0x1E, 0x3E, 0x7C, 0x1F, 0xF8, 0x0F,
    0xE0, 0xFC, 0xFC, 0x00, 0xFD, 0xFE, 0x00, 0x3F, 0x1F, 0x00, 0x3E, 0x0F, 0x00, 0x3C, 0x07, 0x80,
    0x3C, 0x07, 0x80, 0x3C, 0x07, 0x80, 0x3C, 0x07, 0x80, 0x3C, 0x07, 0x80, 0x3C, 0x07, 0x80, 0x3C,
    0x07, 0x80, 0x3C, 0x0F, 0x00, 0x3C, 0x0F, 0x00, 0x3F, 0x1E, 0x00, 0x3F, 0xFC, 0x00, 0x3D, 0xF8,
    0x00, 0x3C, 0x00, 0x00, 0x3C, 0x00, 0x00, 0x3C, 0x00, 0x00, 0x3C, 0x00, 0x00, 0x3E, 0x00, 0x00,
    0xFF, 0x80, 0x00, 0xFF, 0x80, 0x00, 0x0F, 0xE6, 0x00, 0x1F, 0xFE, 0x00, 0x3E, 0x7E, 0x00, 0x78,
    0x1E, 0x00, 0x78, 0x1E, 0x00, 0xF0, 0x1E, 0x00, 0xF0, 0x1E, 0x00, 0xF0, 0x1E, 0x00, 0xF0, 0x1E,
    0x00, 0xF0, 0x1E, 0x00, 0xF0, 0x1E, 0x00, 0xF0, 0x1E, 0x00, 0x78, 0x3E, 0x00, 0x7C, 0x7E, 0x00,
    0x3F, 0xFE, 0x00, 0x0F, 0x9E, 0x00, 0x00, 0x1E, 0x00, 0x00, 0x1E, 0x00, 0x00, 0x1E, 0x00, 0x00,
    0x1E, 0x00, 0x00, 0x1F, 0x00, 0x00, 0xFF, 0x80, 0x00, 0xFF, 0x80, 0xF8, 0xF0, 0xFD, 0xF8, 0xFF,
    0xFC, 0x3E, 0x3C, 0x3E, 0x78, 0x3C, 0x38, 0x3C, 0x00, 0x3C, 0x00, 0x3C, 0x00, 0x3C, 0x00, 0x3C,
    0x00, 0x3C, 0x00, 0x3C, 0x00, 0x3C, 0x00, 0xFF, 0x80, 0xFF, 0x80, 0x1F, 0x60, 0x7F, 0xE0, 0xF1,
    0xE0, 0xE0, 0xF0, 0xE0, 0x70, 0xF0, 0x00, 0xFE, 0x00, 0x7F, 0xC0, 0x1F, 0xE0, 0x03, 0xF0, 0x00,
    0xF0, 0xC0, 0x70, 0xE0, 0x70, 0xF9, 0xE0, 0xFF, 0xE0, 0xDF, 0x80, 0x1C, 0x00, 0x1C, 0x00, 0x1C,
    0x00, 0x1C, 0x00, 0x3C, 0x00, 0xFF, 0xE0, 0xFF, 0xE0, 0x3C, 0x00, 0x3C, 0x00, 0x3C, 0x00, 0x3C,
    0x00, 0x3C, 0x00, 0x3C, 0x00, 0x3C, 0x00, 0x3C, 0x00, 0x3C, 0x00, 0x3C, 0x00, 0x3C, 0x00, 0x3E,
    0x30, 0x1F, 0xF0, 0x0F, 0xC0, 0xFC, 0x3F, 0x00, 0xFC, 0x3F, 0x00, 0x7C, 0x1F, 0x00, 0x3C, 0x0F,
    0x00, 0x3C, 0x0F, 0x00, 0x3C, 0x0F, 0x00, 0x3C, 0x0F, 0x00, 0x3C, 0x0F, 0x00, 0x3C, 0x0F, 0x00,
    0x3C, 0x0F, 0x00, 0x3C, 0x0F, 0x00, 0x3C, 0x1F, 0x00, 0x3C, 0x1F, 0x00, 0x3F, 0xFF, 0x80, 0x1F,
    0xEF, 0xC0, 0x0F, 0xC7, 0xC0, 0xFF, 0x1F, 0xC0, 0xFF, 0x1F, 0xC0, 0x7C, 0x07, 0x00, 0x3C, 0x07,
    0x00, 0x3E, 0x06, 0x00, 0x1E, 0x0E, 0x00, 0x1E, 0x0C, 0x00, 0x0F, 0x1C, 0x00, 0x0F, 0x1C, 0x00,
    0x0F, 0x18, 0x00, 0x07, 0xB8, 0x00, 0x07, 0xB0, 0x00, 0x03, 0xF0, 0x00, 0x03, 0xF0, 0x00, 0x03,
    0xE0, 0x00, 0x01, 0xE0, 0x00, 0xFF, 0x0F, 0x0F, 0xE0, 0xFF, 0x0F, 0x0F, 0xE0, 0x3C, 0x1F, 0x83,
    0x80, 0x3C, 0x1F, 0x83, 0x00, 0x1C, 0x1B, 0x87, 0x00, 0x1E, 0x3B, 0x87, 0x00, 0x1E, 0x3B, 0xC6,
    0x00, 0x1E, 0x33, 0xC6, 0x00, 0x0F, 0x31, 0xCE, 0x00, 0x0F, 0x71, 0xCC, 0x00, 0x0F, 0x71, 0xEC,
    0x00, 0x07, 0x61, 0xEC, 0x00, 0x07, 0xE0, 0xF8, 0x00, 0x07, 0xE0, 0xF8, 0x00, 0x03, 0xE0, 0xF8,
    0x00, 0x03, 0xC0, 0xF8, 0x00, 0xFF, 0x3F, 0x80, 0xFF, 0x3F, 0x80, 0x3E, 0x0E, 0x00, 0x1E, 0x1C,
    0x00, 0x0F, 0x38, 0x00, 0x0F, 0xB8, 0x00, 0x07, 0xF0, 0x00, 0x03, 0xE0, 0x00, 0x03, 0xE0, 0x00,
    0x03, 0xF0, 0x00, 0x06, 0xF8, 0x00, 0x0E, 0x7C, 0x00, 0x1C, 0x3E, 0x00, 0x38, 0x1F, 0x00, 0xFE,
    0x7F, 0xC0, 0xFE, 0x7F, 0xC0, 0xFF, 0x9F, 0xC0, 0xFF, 0x9F, 0xC0, 0x3E, 0x07, 0x00, 0x3E, 0x07,
    0x00, 0x1E, 0x06, 0x00, 0x1E, 0x0E, 0x00, 0x0F, 0x0C, 0x00, 0x0F, 0x1C, 0x00, 0x07, 0x98, 0x00,
    0x07, 0x98, 0x00, 0x07, 0xB8, 0x00, 0x03, 0xF0, 0x00, 0x03, 0xF0, 0x00, 0x01, 0xE0, 0x00, 0x01,
    0xE0, 0x00, 0x00, 0xC0, 0x00, 0x01, 0xC0, 0x00, 0x01, 0xC0, 0x00, 0x61, 0x80, 0x00, 0xF3, 0x80,
    0x00, 0xF7, 0x00, 0x00, 0xFE, 0x00, 0x00, 0x7C, 0x00, 0x00, 0x7F, 0xFC, 0x7F, 0xFC, 0x78, 0x7C,
    0x70, 0x78, 0x60, 0xF0, 0x61, 0xE0, 0x03, 0xE0, 0x03, 0xC0, 0x07, 0x80, 0x0F, 0x00, 0x1F, 0x0C,
    0x1E, 0x0C, 0x3C, 0x0C, 0x78, 0x1C, 0xFF, 0xFC, 0xFF, 0xFC, 0x1F, 0x80, 0x3F, 0x00, 0x3C, 0x00,
    0x3C, 0x00, 0x3C, 0x00, 0x3C, 0x00, 0x3C, 0x00, 0x3C, 0x00, 0x3C, 0x00, 0x3C, 0x00, 0x3C, 0x00,
    0x3C, 0x00, 0x3C, 0x00, 0x3C, 0x00, 0x78, 0x00, 0xF0, 0x00, 0xF0, 0x00, 0x78, 0x00, 0x3C, 0x00,
    0x3C, 0x00, 0x3C, 0x00, 0x3C, 0x00, 0x3C, 0x00, 0x3C, 0x00, 0x3C, 0x00, 0x3C, 0x00, 0x3C, 0x00,
    0x3C, 0x00, 0x3C, 0x00, 0x3E, 0x00, 0x1F, 0x80, 0x0F, 0x80, 0xC0, 0xC0, 0xC0, 0xC0, 0xC0, 0xC0,
    0xC0, 0xC0, 0xC0, 0xC0, 0xC0, 0xC0, 0xC0, 0xC0, 0xC0, 0xC0, 0xC0, 0xC0, 0xC0, 0xC0, 0xC0, 0xC0,
    0xC0, 0xC0, 0xC0, 0xC0, 0xC0, 0xC0, 0xFC, 0x00, 0xFE, 0x00, 0x1E, 0x00, 0x1E, 0x00, 0x1E, 0x00,
    0x1E, 0x00, 0x1E, 0x00, 0x1E, 0x00, 0x1E, 0x00, 0x1E, 0x00, 0x1E, 0x00, 0x1E, 0x00, 0x1E, 0x00,
    0x1E, 0x00, 0x0F, 0x00, 0x07, 0x80, 0x07, 0x80, 0x0F, 0x00, 0x1E, 0x00, 0x1E, 0x00, 0x1E, 0x00,
    0x1E, 0x00, 0x1E, 0x00, 0x1E, 0x00, 0x1E, 0x00, 0x1E, 0x00, 0x1E, 0x00, 0x1E, 0x00, 0x1E, 0x00,
    0x3E, 0x00, 0xFC, 0x00, 0xF8, 0x00, 0x7C, 0x0C, 0x7F, 0xDC, 0xE7, 0xF8, 0xC0, 0xF8, 0x70, 0xF8,
    0xF8, 0xF8, 0x70, 0x00, 0x00, 0x60, 0x60, 0x60, 0x60, 0x60, 0x60, 0x70, 0x70, 0xF0, 0xF0, 0xF8,
    0xF8, 0xF8, 0xF8, 0xF8, 0x70, 0x00, 0xC0, 0x00, 0xC0, 0x00, 0xC0, 0x07, 0xE0, 0x1F, 0xF8, 0x3F,
    0xFC, 0x79, 0xBC, 0x7B, 0xBC, 0xF3, 0xBC, 0xF3, 0x80, 0xF3, 0x00, 0xF3, 0x00, 0xF7, 0x00, 0xF7,
    0x00, 0xFE, 0x00, 0x7E, 0x00, 0x3E, 0x3C, 0x1F, 0xF8, 0x0F, 0xE0, 0x0C, 0x00, 0x1C, 0x00, 0x03,
    0xF0, 0x0F, 0xFC, 0x1F, 0x1E, 0x3C, 0x1E, 0x3C, 0x1E, 0x3C, 0x1E, 0x3C, 0x00, 0x3C, 0x00, 0x3E,
    0x00, 0x1E, 0x00, 0xFF, 0xF8, 0xFF, 0xF8, 0x0F, 0x80, 0x07, 0x80, 0x07, 0x80, 0x07, 0x83, 0x07,
    0x07, 0x0E, 0x07, 0x1F, 0xFF, 0x7F, 0xFF, 0x7F, 0xFE, 0xC0, 0x0C, 0xEF, 0xDC, 0x7F, 0xF8, 0x3C,
    0xF8, 0x78, 0x78, 0x70, 0x38, 0x70, 0x38, 0x70, 0x38, 0x78, 0x78, 0x3C, 0xF0, 0x7F, 0xF8, 0xFF,
    0xDC, 0xC0, 0x0C, 0xFF, 0x87, 0xF8, 0xFF, 0x87, 0xF8, 0x3E, 0x01, 0xE0, 0x1E, 0x01, 0xC0, 0x0F,
    0x03, 0x80, 0x0F, 0x03, 0x80, 0x07, 0x87, 0x00, 0x03, 0xC6, 0x00, 0x03, 0xCE, 0x00, 0x3F, 0xFF,
    0xC0, 0x3F, 0xFF, 0xC0, 0x00, 0xF8, 0x00, 0x00, 0x78, 0x00, 0x7F, 0xFF, 0xC0, 0x7F, 0xFF, 0xC0,
    0x00, 0x78, 0x00, 0x00, 0x78, 0x00, 0x00, 0x78, 0x00, 0x00, 0x78, 0x00, 0x03, 0xFE, 0x00, 0x03,
    0xFE, 0x00, 0xC0, 0xC0, 0xC0, 0xC0, 0xC0, 0xC0, 0xC0, 0xC0, 0xC0, 0xC0, 0xC0, 0xC0, 0x00, 0x00,
    0x00, 0x00, 0xC0, 0xC0, 0xC0, 0xC0, 0xC0, 0xC0, 0xC0, 0xC0, 0xC0, 0xC0, 0xC0, 0xC0, 0x03, 0xE0,
    0x0F, 0xF0, 0x0E, 0x78, 0x1C, 0x78, 0x1C, 0x78, 0x1C, 0x30, 0x1E, 0x00, 0x3F, 0x00, 0x7F, 0x80,
    0xE7, 0xE0, 0xE3, 0xF8, 0xE0, 0xFC, 0xF0, 0x7E, 0xF8, 0x1E, 0x7C, 0x0F, 0x3F, 0x07, 0x1F, 0x87,
    0x07, 0xE7, 0x03, 0xFE, 0x00, 0xFC, 0x00, 0x78, 0x00, 0x38, 0x1C, 0x38, 0x3C, 0x38, 0x3C, 0x78,
    0x1F, 0xF0, 0x0F, 0xC0, 0x60, 0xC0, 0xF1, 0xE0, 0xF1, 0xE0, 0x60, 0xC0, 0x01, 0xFE, 0x00, 0x07,
    0xFF, 0x80, 0x1F, 0x07, 0xC0, 0x3C, 0x01, 0xE0, 0x38, 0xFE, 0x70, 0x71, 0xFE, 0x30, 0x63, 0xCE,
    0x38, 0xE7, 0x86, 0x38, 0xC7, 0x02, 0x18, 0xC7, 0x00, 0x18, 0xC7, 0x00, 0x18, 0xC7, 0x00, 0x18,
    0xC7, 0x00, 0x18, 0xE7, 0x82, 0x38, 0xE3, 0xC6, 0x30, 0x71, 0xFE, 0x70, 0x70, 0xFC, 0x70, 0x3C,
    0x01, 0xE0, 0x1F, 0x07, 0xC0, 0x0F, 0xFF, 0x80, 0x03, 0xFC, 0x00, 0x3F, 0x00, 0x7F, 0x80, 0xE3,
    0xC0, 0xE1, 0xC0, 0x41, 0xC0, 0x1F, 0xC0, 0x7F, 0xC0, 0xF1, 0xC0, 0xE1, 0xC0, 0xF3, 0xC0, 0xFF,
    0xF0, 0x7C, 0xF0, 0x02, 0x00, 0x06, 0x18, 0x0E, 0x38, 0x1C, 0x70, 0x38, 0xE0, 0x79, 0xE0, 0xF3,
    0xC0, 0xF3, 0xC0, 0x79, 0xE0, 0x3C, 0xF0, 0x1C, 0x70, 0x0E, 0x38, 0x06, 0x18, 0xFF, 0xFC, 0xFF,
    0xFC, 0x00, 0x1C, 0x00, 0x1C, 0x00, 0x1C, 0x00, 0x1C, 0x00, 0x1C, 0x1F, 0x80, 0x3F, 0xE0, 0x61,
    0xE0, 0xF6, 0xF0, 0xF6, 0xF0, 0xF1, 0xF0, 0xF4, 0xF0, 0xF6, 0xF0, 0x67, 0x60, 0x7F, 0xC0, 0x1F,
    0x80, 0xFF, 0x80, 0xFF, 0x80, 0x3C, 0x7E, 0xE7, 0xC3, 0xE7, 0x7E, 0x7C, 0x07, 0x00, 0x07, 0x00,
    0x07, 0x00, 0x07, 0x00, 0xFF, 0xF8, 0xFF, 0xF8, 0x07, 0x00, 0x07, 0x00, 0x07, 0x00, 0x07, 0x00,
    0x07, 0x00, 0x07, 0x00, 0x00, 0x00, 0x00, 0x00, 0xFF, 0xF8, 0xFF, 0xF8, 0x3F, 0x00, 0x7F, 0x80,
    0xE3, 0xC0, 0xE1, 0xC0, 0x61, 0xC0, 0x01, 0xC0, 0x03, 0x80, 0x07, 0x00, 0x0E, 0x00, 0x1C, 0x00,
    0x38, 0xE0, 0x71, 0xE0, 0xFF, 0xC0, 0xFF, 0xC0, 0x3F, 0x00, 0x7F, 0x80, 0xE3, 0xC0, 0xE1, 0xC0,
    0x61, 0xC0, 0x03, 0x80, 0x0F, 0x00, 0x1F, 0x80, 0x03, 0xC0, 0x01, 0xC0, 0x01, 0xC0, 0xC3, 0xC0,
    0xFF, 0x80, 0x3F, 0x00, 0x1C, 0x1C, 0x3C, 0x78, 0xE0, 0xC0, 0xF0, 0x3C, 0x00, 0xF0, 0x3C, 0x00,
    0xF0, 0x3C, 0x00, 0xF0, 0x3C, 0x00, 0xF0, 0x3C, 0x00, 0xF0, 0x3C, 0x00, 0xF0, 0x3C, 0x00, 0xF0,
    0x3C, 0x00, 0xF0, 0x3C, 0x00, 0xF0, 0x3C, 0x00, 0xF0, 0x3C, 0x00, 0xF0, 0x3C, 0x00, 0xF0, 0x7C,
    0x00, 0xF8, 0xFE, 0x00, 0xFF, 0xDF, 0x80, 0xFF, 0x0F, 0x00, 0xF0, 0x00, 0x00, 0xF0, 0x00, 0x00,
    0xF0, 0x00, 0x00, 0xF0, 0x00, 0x00, 0xF0, 0x00, 0x00, 0xF0, 0x00, 0x00, 0x0F, 0x7E, 0x3F, 0x7E,
    0x7F, 0x78, 0x7F, 0x78, 0xFF, 0x78, 0xFF, 0x78, 0xFF, 0x78, 0xFF, 0x78, 0xFF, 0x78, 0xFF, 0x78,
    0x7F, 0x78, 0x7F, 0x78, 0x3F, 0x78, 0x0F, 0x78, 0x00, 0x78, 0x00, 0x78, 0x00, 0x78, 0x00, 0x78,
    0x00, 0x78, 0x00, 0x78, 0x00, 0x78, 0x00, 0x78, 0x00, 0x78, 0x00, 0xF8, 0x03, 0xF8, 0x01, 0xF8,
    0x70, 0xF8, 0xF8, 0xF8, 0x70, 0x30, 0x70, 0x7C, 0x0E, 0x9E, 0xFE, 0x7C, 0xFC, 0xFC, 0x3C, 0x1C,
    0x1C, 0x1C, 0x1C, 0x1C, 0x1C, 0x1C, 0x1C, 0x1C, 0xFF, 0xFF, 0x0F, 0x00, 0x3F, 0xC0, 0x79, 0xE0,
    0xF0, 0xF0, 0xE0, 0xF0, 0xE0, 0x70, 0xE0, 0x70, 0xE0, 0x70, 0xF0, 0xF0, 0x70, 0xE0, 0x7F, 0xC0,
    0x1F, 0x80, 0xC3, 0x00, 0xE3, 0x80, 0x71, 0xC0, 0x38, 0xE0, 0x3C, 0xF0, 0x1E, 0x78, 0x1E, 0x78,
    0x3C, 0xF0, 0x38, 0xE0, 0x71, 0xC0, 0xE3, 0x80, 0xC3, 0x00, 0xFC, 0x00, 0x38, 0x00, 0xFC, 0x00,
    0x70, 0x00, 0x1C, 0x00, 0x70, 0x00, 0x1C, 0x00, 0xE0, 0x00, 0x1C, 0x00, 0xC0, 0x00, 0x1C, 0x01,
    0xC0, 0x00, 0x1C, 0x01, 0x80, 0x00, 0x1C, 0x03, 0x80, 0x00, 0x1C, 0x07, 0x07, 0x80, 0x1C, 0x06,
    0x07, 0x80, 0x1C, 0x0E, 0x0F, 0x80, 0x1C, 0x0C, 0x1B, 0x80, 0xFF, 0x1C, 0x3B, 0x80, 0xFF, 0x18,
    0x33, 0x80, 0x00, 0x38, 0x63, 0x80, 0x00, 0x70, 0xC3, 0x80, 0x00, 0x60, 0xC3, 0x80, 0x00, 0xE1,
    0xFF, 0xF0, 0x00, 0xC1, 0xFF, 0xF0, 0x01, 0xC0, 0x03, 0x80, 0x01, 0x80, 0x03, 0x80, 0x03, 0x00,
    0x03, 0x80, 0xFC, 0x00, 0x38, 0x00, 0xFC, 0x00, 0x70, 0x00, 0x1C, 0x00, 0x70, 0x00, 0x1C, 0x00,
    0xE0, 0x00, 0x1C, 0x00, 0xE0, 0x00, 0x1C, 0x01, 0xC0, 0x00, 0x1C, 0x03, 0x80, 0x00, 0x1C, 0x03,
    0x9F, 0xC0, 0x1C, 0x07, 0x3F, 0xE0, 0x1C, 0x07, 0x78, 0xF0, 0x1C, 0x0E, 0x78, 0x70, 0x1C, 0x0C,
    0x38, 0x70, 0xFF, 0x1C, 0x00, 0x70, 0xFF, 0x18, 0x00, 0xE0, 0x00, 0x38, 0x01, 0xC0, 0x00, 0x70,
    0x03, 0x80, 0x00, 0x60, 0x07, 0x00, 0x00, 0xE0, 0x0E, 0x30, 0x00, 0xC0, 0x1C, 0x30, 0x01, 0xC0,
    0x3F, 0xF0, 0x01, 0x80, 0x3F, 0xF0, 0x03, 0x00, 0x00, 0x00, 0x3F, 0x00, 0x1C, 0x00, 0x7F, 0x80,
    0x18, 0x00, 0xF3, 0xC0, 0x38, 0x00, 0xF1, 0xC0, 0x70, 0x00, 0xF1, 0xC0, 0x70, 0x00, 0x03, 0x80,
    0xE0, 0x00, 0x0F, 0x00, 0xE0, 0x00, 0x0F, 0x81, 0xC0, 0x40, 0x03, 0xC1, 0x83, 0xC0, 0x01, 0xE3,
    0x83, 0xC0, 0x01, 0xE7, 0x07, 0xC0, 0xE3, 0xE7, 0x0D, 0xC0, 0xFF, 0xCE, 0x0D, 0xC0, 0x3F, 0x8E,
    0x19, 0xC0, 0x00, 0x1C, 0x31, 0xC0, 0x00, 0x18, 0x31, 0xC0, 0x00, 0x38, 0x61, 0xC0, 0x00, 0x70,
    0x7F, 0xF8, 0x00, 0x70, 0x7F, 0xF8, 0x00, 0xE0, 0x01, 0xC0, 0x00, 0xE0, 0x01, 0xC0, 0x01, 0xC0,
    0x01, 0xC0, 0x07, 0x00, 0x0F, 0x80, 0x0F, 0x80, 0x0F, 0x80, 0x07, 0x00, 0x00, 0x00, 0x00, 0x00,
    0x03, 0x00, 0x03, 0x00, 0x03, 0x00, 0x07, 0x00, 0x0F, 0x00, 0x1F, 0x00, 0x3E, 0x00, 0x7C, 0x00,
    0x78, 0x00, 0xF0, 0x20, 0xF0, 0x78, 0xF0, 0x78, 0xF0, 0x78, 0x78, 0x70, 0x7F, 0xE0, 0x1F, 0x80,
    0x00, 0xC0, 0x00, 0x01, 0xE0, 0x00, 0x00, 0xF0, 0x00, 0x00, 0x78, 0x00, 0x00, 0x1C, 0x00, 0x00,
    0x00, 0x00, 0x00, 0x00, 0x00, 0x00, 0x78, 0x00, 0x00, 0x7C, 0x00, 0x00, 0xFC, 0x00, 0x00, 0xFC,
    0x00, 0x00, 0xDE, 0x00, 0x01, 0xDE, 0x00, 0x01, 0x8E, 0x00, 0x03, 0x8F, 0x00, 0x03, 0x8F, 0x00,
    0x03, 0x07, 0x80, 0x07, 0x07, 0x80, 0x07, 0x07, 0x80, 0x07, 0xFF, 0xC0, 0x0F, 0xFF, 0xC0, 0x0E,
    0x03, 0xC0, 0x1C, 0x01, 0xE0, 0x1C, 0x01, 0xE0, 0x1C, 0x01, 0xF0, 0x3C, 0x01, 0xF0, 0xFF, 0x07,
    0xFC, 0xFF, 0x07, 0xFC, 0x00, 0x04, 0x00, 0x00, 0x0E, 0x00, 0x00, 0x1E, 0x00, 0x00, 0x3E, 0x00,
    0x00, 0x78, 0x00, 0x00, 0x60, 0x00, 0x00, 0x00, 0x00, 0x00, 0x00, 0x00, 0x00, 0x78, 0x00, 0x00,
    0x7C, 0x00, 0x00, 0xFC, 0x00, 0x00, 0xFC, 0x00, 0x00, 0xDE, 0x00, 0x01, 0xDE, 0x00, 0x01, 0x8E,
    0x00, 0x03, 0x8F, 0x00, 0x03, 0x8F, 0x00, 0x03, 0x07, 0x80, 0x07, 0x07, 0x80, 0x07, 0x07, 0x80,
    0x07, 0xFF, 0xC0, 0x0F, 0xFF, 0xC0, 0x0E, 0x03, 0xC0, 0x1C, 0x01, 0xE0, 0x1C, 0x01, 0xE0, 0x1C,
    0x01, 0xF0, 0x3C, 0x01, 0xF0, 0xFF, 0x07, 0xFC, 0xFF, 0x07, 0xFC, 0x00, 0x30, 0x00, 0x00, 0x78,
    0x00, 0x00, 0xFC, 0x00, 0x00, 0xFE, 0x00, 0x01, 0xCF, 0x00, 0x03, 0x83, 0x00, 0x00, 0x00, 0x00,
    0x00, 0x00, 0x00, 0x00, 0x78, 0x00, 0x00, 0x7C, 0x00, 0x00, 0xFC, 0x00, 0x00, 0xFC, 0x00, 0x00,
    0xDE, 0x00, 0x01, 0xDE, 0x00, 0x01, 0x8E, 0x00, 0x03, 0x8F, 0x00, 0x03, 0x8F, 0x00, 0x03, 0x07,
    0x80, 0x07, 0x07, 0x80, 0x07, 0x07, 0x80, 0x07, 0xFF, 0xC0, 0x0F, 0xFF, 0xC0, 0x0E, 0x03, 0xC0,
    0x1C, 0x01, 0xE0, 0x1C, 0x01, 0xE0, 0x1C, 0x01, 0xF0, 0x3C, 0x01, 0xF0, 0xFF, 0x07, 0xFC, 0xFF,
    0x07, 0xFC, 0x01, 0xF1, 0x00, 0x01, 0xFF, 0x00, 0x03, 0xFF, 0x00, 0x00, 0x1E, 0x00, 0x00, 0x00,
    0x00, 0x00, 0x00, 0x00, 0x00, 0x00, 0x00, 0x00, 0x78, 0x00, 0x00, 0x7C, 0x00, 0x00, 0xFC, 0x00,
    0x00, 0xFC, 0x00, 0x00, 0xDE, 0x00, 0x01, 0xDE, 0x00, 0x01, 0x8E, 0x00, 0x03, 0x8F, 0x00, 0x03,
    0x8F, 0x00, 0x03, 0x07, 0x80, 0x07, 0x07, 0x80, 0x07, 0x07, 0x80, 0x07, 0xFF, 0xC0, 0x0F, 0xFF,
    0xC0, 0x0E, 0x03, 0xC0, 0x1C, 0x01, 0xE0, 0x1C, 0x01, 0xE0, 0x1C, 0x01, 0xF0, 0x3C, 0x01, 0xF0,
    0xFF, 0x07, 0xFC, 0xFF, 0x07, 0xFC, 0x01, 0x86, 0x00, 0x03, 0xCF, 0x00, 0x03, 0xCF, 0x00, 0x01,
    0x86, 0x00, 0x00, 0x00, 0x00, 0x00, 0x00, 0x00, 0x00, 0x00, 0x00, 0x00, 0x78, 0x00, 0x00, 0x7C,
    0x00, 0x00, 0xFC, 0x00, 0x00, 0xFC, 0x00, 0x00, 0xDE, 0x00, 0x01, 0xDE, 0x00, 0x01, 0x8E, 0x00,
    0x03, 0x8F, 0x00, 0x03, 0x8F, 0x00, 0x03, 0x0F, 0x80, 0x07, 0x07, 0x80, 0x07, 0x07, 0x80, 0x07,
    0xFF, 0xC0, 0x0F, 0xFF, 0xC0, 0x0E, 0x03, 0xC0, 0x1C, 0x03, 0xE0, 0x1C, 0x01, 0xE0, 0x1C, 0x01,
    0xF0, 0x3C, 0x01, 0xF0, 0xFF, 0x07, 0xFC, 0xFF, 0x07, 0xFC, 0x00, 0x7C, 0x00, 0x00, 0xFC, 0x00,
    0x00, 0xCE, 0x00, 0x00, 0xC6, 0x00, 0x00, 0xC6, 0x00, 0x00, 0xEE, 0x00, 0x00, 0xFC, 0x00, 0x00,
    0x78, 0x00, 0x00, 0x00, 0x00, 0x00, 0x78, 0x00, 0x00, 0x7C, 0x00, 0x00, 0x7C, 0x00, 0x00, 0xFC,
    0x00, 0x00, 0xDE, 0x00, 0x01, 0xCE, 0x00, 0x01, 0xCE, 0x00, 0x01, 0x8F, 0x00, 0x03, 0x8F, 0x00,
    0x03, 0x87, 0x80, 0x07, 0x07, 0x80, 0x07, 0x07, 0x80, 0x07, 0xFF, 0xC0, 0x0F, 0xFF, 0xC0, 0x0E,
    0x03, 0xC0, 0x0C, 0x01, 0xE0, 0x1C, 0x01, 0xE0, 0x1C, 0x01, 0xF0, 0x3C, 0x00, 0xF0, 0xFF, 0x07,
    0xFC, 0xFF, 0x07, 0xFC, 0x00, 0x7F, 0xFF, 0xF0, 0x00, 0x7F, 0xFF, 0xF0, 0x00, 0x39, 0xE0, 0xF0,
    0x00, 0x39, 0xE0, 0x70, 0x00, 0x31, 0xE0, 0x38, 0x00, 0x71, 0xE0, 0x00, 0x00, 0xE1, 0xE0, 0x00,
    0x00, 0xE1, 0xE0, 0xC0, 0x01, 0xC1, 0xE1, 0xC0, 0x01, 0xFF, 0xFF, 0xC0, 0x03, 0xFF, 0xFF, 0xC0,
    0x03, 0x81, 0xE1, 0xC0, 0x07, 0x01, 0xE0, 0xC0, 0x07, 0x01, 0xE0, 0x80, 0x0E, 0x01, 0xE0, 0x00,
    0x0E, 0x01, 0xE0, 0x18, 0x1C, 0x01, 0xE0, 0x18, 0x1C, 0x01, 0xE0, 0x38, 0x3C, 0x01, 0xE0, 0x78,
    0xFF, 0x07, 0xFF, 0xF8, 0xFF, 0x07, 0xFF, 0xF8, 0x01, 0xFC, 0xC0, 0x0F, 0xFF, 0xC0, 0x1F, 0x8F,
    0xC0, 0x3C, 0x03, 0xC0, 0x78, 0x01, 0xC0, 0x78, 0x00, 0xE0, 0x70, 0x00, 0xE0, 0xF0, 0x00, 0x00,
    0xF0, 0x00, 0x00, 0xF0, 0x00, 0x00, 0xF0, 0x00, 0x00, 0xF0, 0x00, 0x00, 0xF0, 0x00, 0x00, 0xF0,
    0x00, 0x00, 0xF8, 0x00, 0x00, 0x78, 0x00, 0x00, 0x7C, 0x00, 0x60, 0x3E, 0x00, 0xE0, 0x1F, 0x87,
    0xC0, 0x0F, 0xFF, 0x80, 0x03, 0xFC, 0x00, 0x00, 0x60, 0x00, 0x00, 0xF8, 0x00, 0x00, 0xFC, 0x00,
    0x00, 0x1C, 0x00, 0x01, 0x3C, 0x00, 0x01, 0xF8, 0x00, 0x00, 0xF0, 0x00, 0x02, 0x00, 0x00, 0x07,
    0x00, 0x00, 0x07, 0x80, 0x00, 0x07, 0xC0, 0x00, 0x01, 0xE0, 0x00, 0x00, 0x70, 0x00, 0x00, 0x00,
    0x00, 0x00, 0x00, 0x00, 0xFF, 0xFF, 0x00, 0xFF, 0xFF, 0x00, 0x1E, 0x0F, 0x00, 0x1E, 0x07, 0x00,
    0x1E, 0x03, 0x80, 0x1E, 0x00, 0x00, 0x1E, 0x00, 0x00, 0x1E, 0x0C, 0x00, 0x1E, 0x1C, 0x00, 0x1F,
    0xFC, 0x00, 0x1F, 0xFC, 0x00, 0x1E, 0x1C, 0x00, 0x1E, 0x1C, 0x00, 0x1E, 0x08, 0x00, 0x1E, 0x00,
    0x00, 0x1E, 0x01, 0x80, 0x1E, 0x01, 0x80, 0x1E, 0x03, 0x80, 0x1E, 0x07, 0x80, 0x7F, 0xFF, 0x80,
    0xFF, 0xFF, 0x80, 0x00, 0x70, 0x00, 0x00, 0xF8, 0x00, 0x01, 0xF0, 0x00, 0x03, 0xE0, 0x00, 0x03,
    0x80, 0x00, 0x00, 0x00, 0x00, 0x00, 0x00, 0x00, 0xFF, 0xFF, 0x00, 0xFF, 0xFF, 0x00, 0x1E, 0x0F,
    0x00, 0x1E, 0x07, 0x00, 0x1E, 0x03, 0x80, 0x1E, 0x00, 0x00, 0x1E, 0x00, 0x00, 0x1E, 0x0C, 0x00,
    0x1E, 0x1C, 0x00, 0x1F, 0xFC, 0x00, 0x1F, 0xFC, 0x00, 0x1E, 0x1C, 0x00, 0x1E, 0x1C, 0x00, 0x1E,
    0x08, 0x00, 0x1E, 0x00, 0x00, 0x1E, 0x01, 0x80, 0x1E, 0x01, 0x80, 0x1E, 0x03, 0x80, 0x1E, 0x07,
    0x80, 0x7F, 0xFF, 0x80, 0xFF, 0xFF, 0x80, 0x00, 0xC0, 0x00, 0x01, 0xE0, 0x00, 0x03, 0xF0, 0x00,
    0x07, 0xF0, 0x00, 0x0F, 0x38, 0x00, 0x0C, 0x1C, 0x00, 0x00, 0x00, 0x00, 0x00, 0x00, 0x00, 0xFF,
    0xFF, 0x00, 0xFF, 0xFF, 0x00, 0x1E, 0x0F, 0x00, 0x1E, 0x07, 0x00, 0x1E, 0x03, 0x80, 0x1E, 0x00,
    0x00, 0x1E, 0x00, 0x00, 0x1E, 0x0C, 0x00, 0x1E, 0x1C, 0x00, 0x1F, 0xFC, 0x00, 0x1F, 0xFC, 0x00,
    0x1E, 0x1C, 0x00, 0x1E, 0x1C, 0x00, 0x1E, 0x08, 0x00, 0x1E, 0x00, 0x00, 0x1E, 0x01, 0x80, 0x1E,
    0x01, 0x80, 0x1E, 0x03, 0x80, 0x1E, 0x07, 0x80, 0x7F, 0xFF, 0x80, 0xFF, 0xFF, 0x80, 0x0E, 0x18,
    0x00, 0x1F, 0x3C, 0x00, 0x1F, 0x3C, 0x00, 0x0E, 0x18, 0x00, 0x00, 0x00, 0x00, 0x00, 0x00, 0x00,
    0x00, 0x00, 0x00, 0xFF, 0xFE, 0x00, 0xFF, 0xFF, 0x00, 0x1E, 0x0F, 0x00, 0x1E, 0x07, 0x00, 0x1E,
    0x03, 0x00, 0x1E, 0x02, 0x00, 0x1E, 0x00, 0x00, 0x1E, 0x1C, 0x00, 0x1E, 0x1C, 0x00, 0x1F, 0xFC,
    0x00, 0x1F, 0xFC, 0x00, 0x1E, 0x1C, 0x00, 0x1E, 0x0C, 0x00, 0x1E, 0x08, 0x00, 0x1E, 0x00, 0x00,
    0x1E, 0x01, 0x80, 0x1E, 0x03, 0x80, 0x1E, 0x03, 0x80, 0x1E, 0x07, 0x80, 0x7F, 0xFF, 0x80, 0xFF,
    0xFF, 0x00, 0x20, 0x00, 0x70, 0x00, 0x78, 0x00, 0x7C, 0x00, 0x3E, 0x00, 0x07, 0x00, 0x00, 0x00,
    0x00, 0x00, 0xFF, 0x80, 0xFF, 0x80, 0x1E, 0x00, 0x1E, 0x00, 0x1E, 0x00, 0x1E, 0x00, 0x1E, 0x00,
    0x1E, 0x00, 0x1E, 0x00, 0x1E, 0x00, 0x1E, 0x00, 0x1E, 0x00, 0x1E, 0x00, 0x1E, 0x00, 0x1E, 0x00,
    0x1E, 0x00, 0x1E, 0x00, 0x1E, 0x00, 0x1E, 0x00, 0xFF, 0x80, 0xFF, 0x80, 0x07, 0x00, 0x0F, 0x80,
    0x1F, 0x00, 0x3E, 0x00, 0x38, 0x00, 0x00, 0x00, 0x00, 0x00, 0xFF, 0x80, 0xFF, 0x80, 0x1E, 0x00,
    0x1E, 0x00, 0x1E, 0x00, 0x1E, 0x00, 0x1E, 0x00, 0x1E, 0x00, 0x1E, 0x00, 0x1E, 0x00, 0x1E, 0x00,
    0x1E, 0x00, 0x1E, 0x00, 0x1E, 0x00, 0x1E, 0x00, 0x1E, 0x00, 0x1E, 0x00, 0x1E, 0x00, 0x1E, 0x00,
    0xFF, 0x80, 0xFF, 0x80, 0x0E, 0x00, 0x1F, 0x00, 0x1F, 0x00, 0x3F, 0x80, 0x79, 0xC0, 0xE0, 0xE0,
    0x00, 0x00, 0x00, 0x00, 0x7F, 0xC0, 0x7F, 0xC0, 0x0F, 0x00, 0x0F, 0x00, 0x0F, 0x00, 0x0F, 0x00,
    0x0F, 0x00, 0x0F, 0x00, 0x0F, 0x00, 0x0F, 0x00, 0x0F, 0x00, 0x0F, 0x00, 0x0F, 0x00, 0x0F, 0x00,
    0x0F, 0x00, 0x0F, 0x00, 0x0F, 0x00, 0x0F, 0x00, 0x0F, 0x00, 0x7F, 0xC0, 0x7F, 0xC0, 0x60, 0xC0,
    0xF1, 0xE0, 0xF1, 0xE0, 0x60, 0xC0, 0x00, 0x00, 0x00, 0x00, 0x00, 0x00, 0x7F, 0xC0, 0x7F, 0xC0,
    0x1E, 0x00, 0x1E, 0x00, 0x1E, 0x00, 0x1E, 0x00, 0x1E, 0x00, 0x1E, 0x00, 0x1E, 0x00, 0x1E, 0x00,
    0x1E, 0x00, 0x1E, 0x00, 0x1E, 0x00, 0x1E, 0x00, 0x1E, 0x00, 0x1E, 0x00, 0x1E, 0x00, 0x1E, 0x00,
    0x1E, 0x00, 0x7F, 0xC0, 0x7F, 0xC0, 0x7F, 0xFE, 0x00, 0x7F, 0xFF, 0xC0, 0x0F, 0x07, 0xE0, 0x0F,
    0x01, 0xF0, 0x0F, 0x00, 0xF8, 0x0F, 0x00, 0x78, 0x0F, 0x00, 0x78, 0x0F, 0x00, 0x3C, 0x0F, 0x00,
    0x3C, 0xFF, 0xF8, 0x3C, 0xFF, 0xF8, 0x3C, 0x0F, 0x00, 0x3C, 0x0F, 0x00, 0x3C, 0x0F, 0x00, 0x38,
    0x0F, 0x00, 0x78, 0x0F, 0x00, 0x78, 0x0F, 0x00, 0xF0, 0x0F, 0x01, 0xE0, 0x0F, 0x0F, 0xC0, 0x7F,
    0xFF, 0x80, 0x7F, 0xFC, 0x00, 0x01, 0xE3, 0x00, 0x03, 0xFF, 0x00, 0x03, 0xFE, 0x00, 0x02, 0x1E,
    0x00, 0x00, 0x00, 0x00, 0x00, 0x00, 0x00, 0x00, 0x00, 0x00, 0xFF, 0x03, 0xFC, 0xFF, 0x03, 0xFC,
    0x3F, 0x80, 0x70, 0x3F, 0xC0, 0x70, 0x3F, 0xC0, 0x70, 0x3B, 0xE0, 0x70, 0x3B, 0xE0, 0x70, 0x39,
    0xF0, 0x70, 0x38, 0xF0, 0x70, 0x38, 0xF8, 0x70, 0x38, 0x7C, 0x70, 0x38, 0x3C, 0x70, 0x38, 0x3E,
    0x70, 0x38, 0x1E, 0x70, 0x38, 0x1F, 0x70, 0x38, 0x0F, 0xF0, 0x38, 0x07, 0xF0, 0x38, 0x07, 0xF0,
    0x38, 0x03, 0xF0, 0xFF, 0x03, 0xF0, 0xFF, 0x01, 0xF0, 0x01, 0x80, 0x00, 0x03, 0xC0, 0x00, 0x03,
    0xE0, 0x00, 0x01, 0xF0, 0x00, 0x00, 0xF8, 0x00, 0x00, 0x3C, 0x00, 0x00, 0x00, 0x00, 0x00, 0x00,
    0x00, 0x01, 0xFE, 0x00, 0x07, 0xFF, 0x80, 0x1F, 0x0F, 0xC0, 0x3C, 0x03, 0xE0, 0x38, 0x01, 0xE0,
    0x78, 0x00, 0xF0, 0x70, 0x00, 0xF0, 0xF0, 0x00, 0x78, 0xF0, 0x00, 0x78, 0xF0, 0x00, 0x78, 0xF0,
    0x00, 0x78, 0xF0, 0x00, 0x78, 0xF0, 0x00, 0x78, 0xF0, 0x00, 0x70, 0xF8, 0x00, 0xF0, 0x78, 0x00,
    0xF0, 0x7C, 0x01, 0xE0, 0x3E, 0x01, 0xC0, 0x1F, 0x87, 0x80, 0x0F, 0xFF, 0x00, 0x03, 0xFC, 0x00,
    0x00, 0x0C, 0x00, 0x00, 0x1E, 0x00, 0x00, 0x3E, 0x00, 0x00, 0x7C, 0x00, 0x00, 0xF8, 0x00, 0x01,
    0xE0, 0x00, 0x00, 0x00, 0x00, 0x00, 0x00, 0x00, 0x01, 0xFE, 0x00, 0x07, 0xFF, 0x80, 0x1F, 0x0F,
    0xC0, 0x3C, 0x03, 0xE0, 0x38, 0x01, 0xE0, 0x78, 0x00, 0xF0, 0x70, 0x00, 0xF0, 0xF0, 0x00, 0x78,
    0xF0, 0x00, 0x78, 0xF0, 0x00, 0x78, 0xF0, 0x00, 0x78, 0xF0, 0x00, 0x78, 0xF0, 0x00, 0x78, 0xF0,
    0x00, 0x70, 0xF8, 0x00, 0xF0, 0x78, 0x00, 0xF0, 0x7C, 0x01, 0xE0, 0x3E, 0x01, 0xC0, 0x1F, 0x87,
    0x80, 0x0F, 0xFF, 0x00, 0x03, 0xFC, 0x00, 0x00, 0x70, 0x00, 0x00, 0xF8, 0x00, 0x00, 0xF8, 0x00,
    0x01, 0xFC, 0x00, 0x03, 0xDE, 0x00, 0x07, 0x07, 0x00, 0x02, 0x02, 0x00, 0x00, 0x00, 0x00, 0x01,
    0xFE, 0x00, 0x07, 0xFF, 0x80, 0x1F, 0x0F, 0xC0, 0x3C, 0x03, 0xE0, 0x38, 0x01, 0xE0, 0x78, 0x00,
    0xF0, 0x70, 0x00, 0xF0, 0xF0, 0x00, 0x78, 0xF0, 0x00, 0x78, 0xF0, 0x00, 0x78, 0xF0, 0x00, 0x78,
    0xF0, 0x00, 0x78, 0xF0, 0x00, 0x78, 0xF0, 0x00, 0x70, 0xF8, 0x00, 0xF0, 0x78, 0x00, 0xF0, 0x7C,
    0x01, 0xE0, 0x3E, 0x01, 0xC0, 0x1F, 0x87, 0x80, 0x0F, 0xFF, 0x00, 0x03, 0xFC, 0x00, 0x03, 0xE1,
    0x00, 0x03, 0xFF, 0x00, 0x07, 0xFE, 0x00, 0x00, 0x3C, 0x00, 0x00, 0x00, 0x00, 0x00, 0x00, 0x00,
    0x00, 0x00, 0x00, 0x01, 0xFE, 0x00, 0x07, 0xFF, 0x80, 0x1F, 0x0F, 0xC0, 0x3C, 0x03, 0xE0, 0x38,
    0x01, 0xE0, 0x78, 0x00, 0xF0, 0x70, 0x00, 0xF0, 0xF0, 0x00, 0x78, 0xF0, 0x00, 0x78, 0xF0, 0x00,
    0x78, 0xF0, 0x00, 0x78, 0xF0, 0x00, 0x78, 0xF0, 0x00, 0x78, 0xF0, 0x00, 0x70, 0xF8, 0x00, 0xF0,
    0x78, 0x00, 0xF0, 0x7C, 0x01, 0xE0, 0x3E, 0x01, 0xC0, 0x1F, 0x87, 0x80, 0x0F, 0xFF, 0x00, 0x03,
    0xFC, 0x00, 0x03, 0x06, 0x00, 0x07, 0x8F, 0x00, 0x07, 0x8F, 0x00, 0x03, 0x06, 0x00, 0x00, 0x00,
    0x00, 0x00, 0x00, 0x00, 0x00, 0x00, 0x00, 0x01, 0xFE, 0x00, 0x07, 0xFF, 0x80, 0x1F, 0x0F, 0xC0,
    0x3C, 0x03, 0xE0, 0x38, 0x01, 0xE0, 0x78, 0x00, 0xF0, 0x70, 0x00, 0xF0, 0xF0, 0x00, 0x78, 0xF0,
    0x00, 0x78, 0xF0, 0x00, 0x78, 0xF0, 0x00, 0x78, 0xF0, 0x00, 0x78, 0xF0, 0x00, 0x78, 0xF0, 0x00,
    0x70, 0xF8, 0x00, 0xF0, 0x78, 0x00, 0xF0, 0x7C, 0x01, 0xE0, 0x3E, 0x01, 0xC0, 0x1F, 0x87, 0x80,
    0x0F, 0xFF, 0x00, 0x03, 0xFC, 0x00, 0x60, 0x60, 0xF0, 0xF0, 0x79, 0xE0, 0x3F, 0xC0, 0x1F, 0x80,
    0x0F, 0x00, 0x1F, 0x80, 0x3F, 0xC0, 0x79, 0xE0, 0xF0, 0xF0, 0x60, 0x60, 0x01, 0xFE, 0x38, 0x07,
    0xFF, 0xF0, 0x1F, 0x0F, 0xE0, 0x3C, 0x03, 0xE0, 0x38, 0x03, 0xF0, 0x78, 0x03, 0xF0, 0x70, 0x07,
    0xF0, 0xF0, 0x0E, 0xF8, 0xF0, 0x1C, 0x78, 0xF0, 0x38, 0x78, 0xF0, 0x70, 0x78, 0xF0, 0xE0, 0x78,
    0xF1, 0xC0, 0x78, 0xF1, 0x80, 0x70, 0xFB, 0x00, 0xF0, 0x7E, 0x00, 0xF0, 0x7C, 0x01, 0xE0, 0x3E,
    0x01, 0xC0, 0x3F, 0x87, 0x80, 0x7F, 0xFF, 0x00, 0xE3, 0xFC, 0x00, 0x00, 0xC0, 0x00, 0x01, 0xE0,
    0x00, 0x01, 0xF0, 0x00, 0x00, 0xF8, 0x00, 0x00, 0x3C, 0x00, 0x00, 0x0C, 0x00, 0x00, 0x00, 0x00,
    0x00, 0x00, 0x00, 0xFF, 0x83, 0xFC, 0xFF, 0x83, 0xFC, 0x3C, 0x00, 0x60, 0x3C, 0x00, 0x60, 0x3C,
    0x00, 0x60, 0x3C, 0x00, 0x60, 0x3C, 0x00, 0x60, 0x3C, 0x00, 0x60, 0x3C, 0x00, 0x60, 0x3C, 0x00,
    0x60, 0x3C, 0x00, 0x60, 0x3C, 0x00, 0x60, 0x3C, 0x00, 0x60, 0x3C, 0x00, 0x60, 0x3C, 0x00, 0x60,
    0x3E, 0x00, 0xE0, 0x1E, 0x00, 0xE0, 0x1F, 0x01, 0xC0, 0x0F, 0xFF, 0x80, 0x07, 0xFF, 0x00, 0x01,
    0xFC, 0x00, 0x00, 0x06, 0x00, 0x00, 0x0E, 0x00, 0x00, 0x1E, 0x00, 0x00, 0x3E, 0x00, 0x00, 0x78,
    0x00, 0x00, 0x60, 0x00, 0x00, 0x00, 0x00, 0x00, 0x00, 0x00, 0xFF, 0x83, 0xFC, 0xFF, 0x83, 0xFC,
    0x3C, 0x00, 0x60, 0x3C, 0x00, 0x60, 0x3C, 0x00, 0x60, 0x3C, 0x00, 0x60, 0x3C, 0x00, 0x60, 0x3C,
    0x00, 0x60, 0x3C, 0x00, 0x60, 0x3C, 0x00, 0x60, 0x3C, 0x00, 0x60, 0x3C, 0x00, 0x60, 0x3C, 0x00,
    0x60, 0x3C, 0x00, 0x60, 0x3C, 0x00, 0x60, 0x3E, 0x00, 0xE0, 0x1E, 0x00, 0xE0, 0x1F, 0x01, 0xC0,
    0x0F, 0xFF, 0x80, 0x07, 0xFF, 0x00, 0x01, 0xFC, 0x00, 0x00, 0x30, 0x00, 0x00, 0x78, 0x00, 0x00,
    0xFC, 0x00, 0x01, 0xFE, 0x00, 0x01, 0xCF, 0x00, 0x03, 0x03, 0x00, 0x00, 0x00, 0x00, 0x00, 0x00,
    0x00, 0xFF, 0x83, 0xFC, 0xFF, 0x83, 0xFC, 0x3C, 0x00, 0x60, 0x3C, 0x00, 0x60, 0x3C, 0x00, 0x60,
    0x3C, 0x00, 0x60, 0x3C, 0x00, 0x60, 0x3C, 0x00, 0x60, 0x3C, 0x00, 0x60, 0x3C, 0x00, 0x60, 0x3C,
    0x00, 0x60, 0x3C, 0x00, 0x60, 0x3C, 0x00, 0x60, 0x3C, 0x00, 0x60, 0x3C, 0x00, 0x60, 0x3E, 0x00,
    0xE0, 0x1E, 0x00, 0xE0, 0x1F, 0x01, 0xC0, 0x0F, 0xFF, 0x80, 0x07, 0xFF, 0x00, 0x01, 0xFC, 0x00,
    0x01, 0x83, 0x00, 0x03, 0xC7, 0x80, 0x03, 0xC7, 0x80, 0x01, 0x83, 0x00, 0x00, 0x00, 0x00, 0x00,
    0x00, 0x00, 0x00, 0x00, 0x00, 0xFF, 0x83, 0xFC, 0xFF, 0x83, 0xFC, 0x3C, 0x00, 0x60, 0x3C, 0x00,
    0x60, 0x3C, 0x00, 0x60, 0x3C, 0x00, 0x60, 0x3C, 0x00, 0x60, 0x3C, 0x00, 0x60, 0x3C, 0x00, 0x60,
    0x3C, 0x00, 0x60, 0x3C, 0x00, 0x60, 0x3C, 0x00, 0x60, 0x3C, 0x00, 0x60, 0x3C, 0x00, 0x60, 0x3C,
    0x00, 0x60, 0x3E, 0x00, 0xE0, 0x1E, 0x00, 0xE0, 0x1F, 0x01, 0xC0, 0x0F, 0xFF, 0x80, 0x07, 0xFF,
    0x00, 0x01, 0xFC, 0x00, 0x00, 0x04, 0x00, 0x00, 0x0E, 0x00, 0x00, 0x1E, 0x00, 0x00, 0x3E, 0x00,
    0x00, 0x78, 0x00, 0x00, 0x60, 0x00, 0x00, 0x00, 0x00, 0x00, 0x00, 0x00, 0xFF, 0x87, 0xF8, 0xFF,
    0x87, 0xF8, 0x3E, 0x01, 0xE0, 0x1E, 0x01, 0xC0, 0x0F, 0x03, 0xC0, 0x0F, 0x03, 0x80, 0x07, 0x87,
    0x00, 0x03, 0xC7, 0x00, 0x03, 0xCE, 0x00, 0x01, 0xEE, 0x00, 0x00, 0xFC, 0x00, 0x00, 0xF8, 0x00,
    0x00, 0x78, 0x00, 0x00, 0x78, 0x00, 0x00, 0x78, 0x00, 0x00, 0x78, 0x00, 0x00, 0x78, 0x00, 0x00,
    0x78, 0x00, 0x00, 0x78, 0x00, 0x03, 0xFE, 0x00, 0x03, 0xFE, 0x00, 0xFF, 0xC0, 0xFF, 0xC0, 0x3C,
    0x00, 0x3C, 0x00, 0x3F, 0xF0, 0x3F, 0xFC, 0x3C, 0x3E, 0x3C, 0x1F, 0x3C, 0x0F, 0x3C, 0x0F, 0x3C,
    0x0F, 0x3C, 0x0F, 0x3C, 0x1E, 0x3C, 0x3E, 0x3F, 0xFC, 0x3F, 0xF0, 0x3C, 0x00, 0x3C, 0x00, 0x3C,
    0x00, 0xFF, 0xC0, 0xFF, 0xC0, 0x01, 0xFC, 0x00, 0x03, 0xFF, 0x00, 0x07, 0x8F, 0x80, 0x0F, 0x07,
    0x80, 0x1E, 0x03, 0x80, 0x1E, 0x03, 0x80, 0x1E, 0x07, 0x00, 0x1E, 0x07, 0x00, 0x1E, 0x0E, 0x00,
    0xFE, 0x1C, 0x00, 0x7E, 0x3C, 0x00, 0x1E, 0x3C, 0x00, 0x1E, 0x3E, 0x00, 0x1E, 0x3F, 0x00, 0x1E,
    0x3F, 0xC0, 0x1E, 0x1F, 0xE0, 0x1E, 0x07, 0xF0, 0x1E, 0x01, 0xF0, 0x1E, 0x00, 0x70, 0x1E, 0xE0,
    0x70, 0x1E, 0xE0, 0x70, 0x3E, 0x78, 0xE0, 0xFE, 0x7F, 0xE0, 0xFE, 0x6F, 0x80, 0x08, 0x00, 0x1C,
    0x00, 0x1E, 0x00, 0x1E, 0x00, 0x0F, 0x00, 0x03, 0x80, 0x01, 0x80, 0x00, 0x00, 0x00, 0x00, 0x1F,
    0xC0, 0x7F, 0xE0, 0xF1, 0xF0, 0xF0, 0x78, 0xF0, 0x78, 0x60, 0x78, 0x00, 0x78, 0x1F, 0xF8, 0x7F,
    0xF8, 0xFC, 0x78, 0xF0, 0x78, 0xF0, 0x78, 0xF0, 0xF8, 0xF9, 0xF8, 0x7F, 0xBF, 0x3E, 0x3E, 0x00,
    0x80, 0x01, 0xC0, 0x03, 0xC0, 0x03, 0xC0, 0x07, 0x80, 0x0E, 0x00, 0x0C, 0x00, 0x00, 0x00, 0x00,
    0x00, 0x1F, 0xC0, 0x7F, 0xE0, 0xF1, 0xF0, 0xF0, 0x78, 0xF0, 0x78, 0x60, 0x78, 0x00, 0x78, 0x1F,
    0xF8, 0x7F, 0xF8, 0x78, 0x78, 0xF0, 0x78, 0xF0, 0x78, 0xF0, 0xF8, 0xF9, 0xF8, 0x7F, 0xBF, 0x3E,
    0x3E, 0x02, 0x00, 0x07, 0x00, 0x0F, 0x80, 0x1F, 0xC0, 0x1D, 0xE0, 0x38, 0xE0, 0x30, 0x30, 0x00,
    0x00, 0x00, 0x00, 0x1F, 0xC0, 0x7F, 0xE0, 0xF1, 0xF0, 0xF0, 0x78, 0xF0, 0x78, 0x60, 0x78, 0x00,
    0x78, 0x1F, 0xF8, 0x7F, 0xF8, 0xFC, 0x78, 0xF0, 0x78, 0xF0, 0x78, 0xF0, 0xF8, 0xF9, 0xF8, 0x7F,
    0xBF, 0x3E, 0x3E, 0x1E, 0x00, 0x3F, 0xF0, 0x7F, 0xE0, 0x23, 0xE0, 0x00, 0x00, 0x00, 0x00, 0x00,
    0x00, 0x1F, 0xC0, 0x7F, 0xE0, 0xF1, 0xF0, 0xF0, 0x78, 0xF0, 0x78, 0x60, 0x78, 0x00, 0x78, 0x1F,
    0xF8, 0x7F, 0xF8, 0xFC, 0x78, 0xF0, 0x78, 0xF0, 0x78, 0xF0, 0xF8, 0xF9, 0xF8, 0x7F, 0xBF, 0x3E,
    0x3E, 0x30, 0x60, 0x78, 0xF0, 0x78, 0xF0, 0x30, 0x60, 0x00, 0x00, 0x00, 0x00, 0x00, 0x00, 0x1F,
    0xC0, 0x7F, 0xE0, 0xF1, 0xF0, 0xF0, 0x78, 0xF0, 0x78, 0x60, 0x78, 0x00, 0x78, 0x1F, 0xF8, 0x7F,
    0xF8, 0xFC, 0x78, 0xF0, 0x78, 0xF0, 0x78, 0xF0, 0xF8, 0xF9, 0xF8, 0x7F, 0xBF, 0x3E, 0x3E, 0x07,
    0x80, 0x1F, 0xC0, 0x1D, 0xC0, 0x18, 0xC0, 0x1D, 0xC0, 0x1F, 0xC0, 0x0F, 0x80, 0x00, 0x00, 0x00,
    0x00, 0x1F, 0xC0, 0x7F, 0xE0, 0xF1, 0xF0, 0xF0, 0x78, 0xF0, 0x78, 0x60, 0x78, 0x00, 0x78, 0x1F,
    0xF8, 0x7F, 0xF8, 0xFC, 0x78, 0xF0, 0x78, 0xF0, 0x78, 0xF0, 0xF8, 0xF9, 0xF8, 0x7F, 0xBF, 0x3E,
    0x3E, 0x1F, 0xC3, 0xF0, 0x7F, 0xEF, 0xF8, 0xF1, 0xFE, 0x7C, 0xF0, 0x7C, 0x1E, 0xF0, 0x78, 0x1E,
    0x00, 0x78, 0x1E, 0x00, 0x7F, 0xFE, 0x1F, 0xFF, 0xFE, 0x7F, 0xF8, 0x00, 0xFC, 0x78, 0x00, 0xF0,
    0x78, 0x00, 0xF0, 0x7C, 0x00, 0xF0, 0xFC, 0x04, 0xF9, 0xFF, 0x1E, 0x7F, 0xDF, 0xFC, 0x3F, 0x07,
    0xF0, 0x07, 0xE0, 0x1F, 0xF8, 0x3E, 0x3C, 0x78, 0x3C, 0x78, 0x3C, 0xF0, 0x3C, 0xF0, 0x00, 0xF0,
    0x00, 0xF0, 0x00, 0xF0, 0x00, 0xF0, 0x00, 0xF8, 0x00, 0x78, 0x08, 0x3E, 0x3C, 0x1F, 0xF8, 0x0F,
    0xE0, 0x03, 0x00, 0x07, 0xC0, 0x03, 0xE0, 0x00, 0xE0, 0x05, 0xE0, 0x0F, 0xE0, 0x07, 0xC0, 0x04,
    0x00, 0x0E, 0x00, 0x0F, 0x00, 0x0F, 0x00, 0x07, 0x80, 0x01, 0x80, 0x00, 0xC0, 0x00, 0x00, 0x00,
    0x00, 0x07, 0xE0, 0x1F, 0xF8, 0x3C, 0x78, 0x78, 0x3C, 0x78, 0x3C, 0xF0, 0x3C, 0xFF, 0xFC, 0xFF,
    0xFC, 0xF0, 0x00, 0xF0, 0x00, 0xF8, 0x00, 0xF8, 0x00, 0x7C, 0x0C, 0x3E, 0x3C, 0x1F, 0xF8, 0x0F,
    0xE0, 0x00, 0x40, 0x00, 0xE0, 0x01, 0xE0, 0x01, 0xE0, 0x03, 0xC0, 0x07, 0x00, 0x06, 0x00, 0x00,
    0x00, 0x00, 0x00, 0x07, 0xE0, 0x1F, 0xF8, 0x3C, 0x78, 0x78, 0x3C, 0x70, 0x3C, 0xF0, 0x3C, 0xFF,
    0xFC, 0xFF, 0xFC, 0xF0, 0x00, 0xF0, 0x00, 0xF0, 0x00, 0xF8, 0x00, 0x78, 0x0C, 0x3E, 0x3C, 0x1F,
    0xF8, 0x0F, 0xE0, 0x01, 0x00, 0x03, 0x80, 0x07, 0xC0, 0x0F, 0xE0, 0x0E, 0xE0, 0x1C, 0x70, 0x10,
    0x30, 0x00, 0x00, 0x00, 0x00, 0x07, 0xE0, 0x1F, 0xF0, 0x3C, 0x78, 0x78, 0x3C, 0x70, 0x3C, 0xF0,
    0x3C, 0xFF, 0xFC, 0xFF, 0xFC, 0xF0, 0x00, 0xF0, 0x00, 0xF0, 0x00, 0xF8, 0x00, 0x78, 0x0C, 0x3E,
    0x3C, 0x1F, 0xF8, 0x0F, 0xE0, 0x0C, 0x30, 0x1E, 0x78, 0x1E, 0x78, 0x0C, 0x30, 0x00, 0x00, 0x00,
    0x00, 0x00, 0x00, 0x07, 0xE0, 0x1F, 0xF0, 0x3C, 0x78, 0x78, 0x3C, 0x70, 0x3C, 0xF0, 0x3C, 0xFF,
    0xFC, 0xFF, 0xFC, 0xF0, 0x00, 0xF0, 0x00, 0xF0, 0x00, 0xF8, 0x00, 0x78, 0x08, 0x3E, 0x3C, 0x1F,
    0xF8, 0x0F, 0xE0, 0x60, 0x00, 0xF0, 0x00, 0x78, 0x00, 0x38, 0x00, 0x1C, 0x00, 0x04, 0x00, 0x00,
    0x00, 0x00, 0x00, 0x7E, 0x00, 0x7E, 0x00, 0x1E, 0x00, 0x1E, 0x00, 0x1E, 0x00, 0x1E, 0x00, 0x1E,
    0x00, 0x1E, 0x00, 0x1E, 0x00, 0x1E, 0x00, 0x1E, 0x00, 0x1E, 0x00, 0x1E, 0x00, 0x1E, 0x00, 0x7F,
    0xC0, 0x7F, 0xC0, 0x0E, 0x00, 0x1E, 0x00, 0x1E, 0x00, 0x3C, 0x00, 0x70, 0x00, 0x40, 0x00, 0x00,
    0x00, 0x00, 0x00, 0xFC, 0x00, 0xFC, 0x00, 0x3C, 0x00, 0x3C, 0x00, 0x3C, 0x00, 0x3C, 0x00, 0x3C,
    0x00, 0x3C, 0x00, 0x3C, 0x00, 0x3C, 0x00, 0x3C, 0x00, 0x3C, 0x00, 0x3C, 0x00, 0x3C, 0x00, 0xFF,
    0x80, 0xFF, 0x80, 0x1C, 0x00, 0x3E, 0x00, 0x7E, 0x00, 0xFF, 0x00, 0xC3, 0x80, 0x81, 0x80, 0x00,
    0x00, 0x00, 0x00, 0x7E, 0x00, 0x7E, 0x00, 0x1E, 0x00, 0x1E, 0x00, 0x1E, 0x00, 0x1E, 0x00, 0x1E,
    0x00, 0x1E, 0x00, 0x1E, 0x00, 0x1E, 0x00, 0x1E, 0x00, 0x1E, 0x00, 0x1E, 0x00, 0x1E, 0x00, 0x7F,
    0xC0, 0x7F, 0xC0, 0x60, 0xC0, 0xF1, 0xE0, 0xF1, 0xE0, 0x60, 0xC0, 0x00, 0x00, 0x00, 0x00, 0x00,
    0x00, 0x3F, 0x00, 0x3F, 0x00, 0x0F, 0x00, 0x0F, 0x00, 0x0F, 0x00, 0x0F, 0x00, 0x0F, 0x00, 0x0F,
    0x00, 0x0F, 0x00, 0x0F, 0x00, 0x0F, 0x00, 0x0F, 0x00, 0x0F, 0x00, 0x0F, 0x00, 0x3F, 0xE0, 0x3F,
    0xE0, 0x00, 0x04, 0x1F, 0x1C, 0x1F, 0xF8, 0x01, 0xF0, 0x03, 0xF8, 0x07, 0x3C, 0x00, 0x1C, 0x00,
    0x1E, 0x0F, 0xDE, 0x1F, 0xEF, 0x3E, 0x7F, 0x78, 0x1F, 0xF8, 0x0F, 0xF0, 0x0F, 0xF0, 0x0F, 0xF0,
    0x0F, 0xF0, 0x0F, 0xF0, 0x0E, 0xF0, 0x0E, 0xF8, 0x1E, 0x78, 0x1C, 0x3E, 0x7C, 0x1F, 0xF8, 0x0F,
    0xE0, 0x07, 0x84, 0x00, 0x0F, 0xFC, 0x00, 0x0F, 0xFC, 0x00, 0x08, 0x78, 0x00, 0x00, 0x00, 0x00,
    0x00, 0x00, 0x00, 0x00, 0x00, 0x00, 0xF8, 0xFC, 0x00, 0xFD, 0xFE, 0x00, 0x3F, 0x1F, 0x00, 0x3E,
    0x0F, 0x00, 0x3C, 0x0F, 0x00, 0x3C, 0x0F, 0x00, 0x3C, 0x0F, 0x00, 0x3C, 0x0F, 0x00, 0x3C, 0x0F,
    0x00, 0x3C, 0x0F, 0x00, 0x3C, 0x0F, 0x00, 0x3C, 0x0F, 0x00, 0x3C, 0x0F, 0x00, 0x3C, 0x0F, 0x00,
    0xFF, 0x3F, 0xC0, 0xFF, 0x3F, 0xC0, 0x04, 0x00, 0x0E, 0x00, 0x0F, 0x00, 0x07, 0x80, 0x03, 0x80,
    0x01, 0xC0, 0x00, 0xC0, 0x00, 0x00, 0x00, 0x00, 0x07, 0xE0, 0x1F, 0xF8, 0x3C, 0x7C, 0x78, 0x1E,
    0x70, 0x1E, 0xF0, 0x0F, 0xF0, 0x0F, 0xF0, 0x0F, 0xF0, 0x0F, 0xF0, 0x0F, 0xF0, 0x0E, 0xF8, 0x1E,
    0x78, 0x1E, 0x3E, 0x7C, 0x1F, 0xF8, 0x0F, 0xE0, 0x00, 0x20, 0x00, 0x70, 0x00, 0xF0, 0x01, 0xE0,
    0x01, 0xC0, 0x03, 0x80, 0x02, 0x00, 0x00, 0x00, 0x00, 0x00, 0x07, 0xE0, 0x1F, 0xF8, 0x3C, 0x7C,
    0x78, 0x1E, 0x70, 0x1E, 0xF0, 0x0F, 0xF0, 0x0F, 0xF0, 0x0F, 0xF0, 0x0F, 0xF0, 0x0F, 0xF0, 0x0E,
    0xF8, 0x1E, 0x78, 0x1E, 0x3E, 0x3C, 0x1F, 0xF8, 0x0F, 0xE0, 0x03, 0xC0, 0x03, 0xC0, 0x07, 0xE0,
    0x0E, 0x70, 0x1C, 0x30, 0x18, 0x18, 0x00, 0x00, 0x00, 0x00, 0x07, 0xE0, 0x1F, 0xF8, 0x3C, 0x7C,
    0x78, 0x1E, 0x70, 0x1E, 0xF0, 0x0F, 0xF0, 0x0F, 0xF0, 0x0F, 0xF0, 0x0F, 0xF0, 0x0F, 0xF0, 0x0E,
    0xF8, 0x1E, 0x78, 0x1E, 0x3E, 0x7C, 0x1F, 0xF8, 0x0F, 0xE0, 0x0F, 0x08, 0x1F, 0xF8, 0x1F, 0xF8,
    0x10, 0xF0, 0x00, 0x00, 0x00, 0x00, 0x00, 0x00, 0x07, 0xE0, 0x1F, 0xF8, 0x3C, 0x7C, 0x78, 0x1E,
    0x70, 0x1E, 0xF0, 0x0F, 0xF0, 0x0F, 0xF0, 0x0F, 0xF0, 0x0F, 0xF0, 0x0F, 0xF0, 0x0E, 0xF8, 0x1E,
    0x78, 0x1E, 0x3E, 0x7C, 0x1F, 0xF8, 0x0F, 0xE0, 0x0C, 0x30, 0x1E, 0x78, 0x1E, 0x78, 0x0C, 0x30,
    0x00, 0x00, 0x00, 0x00, 0x00, 0x00, 0x07, 0xE0, 0x1F, 0xF8, 0x3C, 0x7C, 0x78, 0x1E, 0x70, 0x1E,
    0xF0, 0x0F, 0xF0, 0x0F, 0xF0, 0x0F, 0xF0, 0x0F, 0xF0, 0x0F, 0xF0, 0x0E, 0xF8, 0x1E, 0x78, 0x1E,
    0x3E, 0x7C, 0x1F, 0xF8, 0x0F, 0xE0, 0x03, 0x00, 0x07, 0x80, 0x07, 0x80, 0x03, 0x00, 0x00, 0x00,
    0x00, 0x00, 0xFF, 0xF8, 0xFF, 0xF8, 0x00, 0x00, 0x00, 0x00, 0x03, 0x00, 0x07, 0x80, 0x07, 0x80,
    0x03, 0x00, 0x03, 0xF3, 0x80, 0x0F, 0xFF, 0x00, 0x1E, 0x3E, 0x00, 0x3C, 0x1F, 0x00, 0x38, 0x3F,
    0x00, 0x78, 0x7F, 0x80, 0x78, 0x67, 0x80, 0x78, 0xC7, 0x80, 0x79, 0x87, 0x80, 0x7B, 0x87, 0x80,
    0x7F, 0x07, 0x80, 0x7E, 0x0F, 0x00, 0x3C, 0x0F, 0x00, 0x3F, 0x3E, 0x00, 0x7F, 0xFC, 0x00, 0xE7,
    0xF0, 0x00, 0x02, 0x00, 0x00, 0x07, 0x00, 0x00, 0x07, 0x80, 0x00, 0x07, 0x80, 0x00, 0x03, 0xC0,
    0x00, 0x00, 0xE0, 0x00, 0x00, 0x40, 0x00, 0x00, 0x00, 0x00, 0x00, 0x00, 0x00, 0xFC, 0x3F, 0x00,
    0xFC, 0x3F, 0x00, 0x7C, 0x1F, 0x00, 0x3C, 0x0F, 0x00, 0x3C, 0x0F, 0x00, 0x3C, 0x0F, 0x00, 0x3C,
    0x0F, 0x00, 0x3C, 0x0F, 0x00, 0x3C, 0x0F, 0x00, 0x3C, 0x0F, 0x00, 0x3C, 0x0F, 0x00, 0x3C, 0x1F,
    0x00, 0x3C, 0x1F, 0x00, 0x3F, 0xFF, 0x80, 0x1F, 0xEF, 0xC0, 0x0F, 0xC7, 0xC0, 0x00, 0x20, 0x00,
    0x00, 0x70, 0x00, 0x00, 0xF0, 0x00, 0x00, 0xF0, 0x00, 0x01, 0xC0, 0x00, 0x03, 0x80, 0x00, 0x03,
    0x00, 0x00, 0x00, 0x00, 0x00, 0x00, 0x00, 0x00, 0xFC, 0x3F, 0x00, 0xFC, 0x3F, 0x00, 0x7C, 0x1F,
    0x00, 0x3C, 0x0F, 0x00, 0x3C, 0x0F, 0x00, 0x3C, 0x0F, 0x00, 0x3C, 0x0F, 0x00, 0x3C, 0x0F, 0x00,
    0x3C, 0x0F, 0x00, 0x3C, 0x0F, 0x00, 0x3C, 0x0F, 0x00, 0x3C, 0x1F, 0x00, 0x3C, 0x1F, 0x00, 0x3F,
    0xFF, 0x80, 0x1F, 0xEF, 0xC0, 0x0F, 0xC7, 0xC0, 0x00, 0x80, 0x00, 0x01, 0xC0, 0x00, 0x03, 0xE0,
    0x00, 0x07, 0xF0, 0x00, 0x0F, 0x70, 0x00, 0x0C, 0x38, 0x00, 0x08, 0x08, 0x00, 0x00, 0x00, 0x00,
    0x00, 0x00, 0x00, 0xFC, 0x3F, 0x00, 0xFC, 0x3F, 0x00, 0x7C, 0x1F, 0x00, 0x3C, 0x0F, 0x00, 0x3C,
    0x0F, 0x00, 0x3C, 0x0F, 0x00, 0x3C, 0x0F, 0x00, 0x3C, 0x0F, 0x00, 0x3C, 0x0F, 0x00, 0x3C, 0x0F,
    0x00, 0x3C, 0x0F, 0x00, 0x3C, 0x1F, 0x00, 0x3C, 0x1F, 0x00, 0x3F, 0xFF, 0x80, 0x1F, 0xEF, 0xC0,
    0x0F, 0xC7, 0xC0, 0x0C, 0x18, 0x00, 0x1E, 0x3C, 0x00, 0x1E, 0x3C, 0x00, 0x0C, 0x18, 0x00, 0x00,
    0x00, 0x00, 0x00, 0x00, 0x00, 0x00, 0x00, 0x00, 0xFC, 0x3F, 0x00, 0xFC, 0x3F, 0x00, 0x7C, 0x0F,
    0x00, 0x3C, 0x0F, 0x00, 0x3C, 0x0F, 0x00, 0x3C, 0x0F, 0x00, 0x3C, 0x0F, 0x00, 0x3C, 0x0F, 0x00,
    0x3C, 0x0F, 0x00, 0x3C, 0x0F, 0x00, 0x3C, 0x0F, 0x00, 0x3C, 0x1F, 0x00, 0x3C, 0x1F, 0x00, 0x3F,
    0xFF, 0x80, 0x1F, 0xEF, 0xC0, 0x0F, 0xC7, 0xC0, 0x00, 0x38, 0x00, 0x00, 0x38, 0x00, 0x00, 0x78,
    0x00, 0x00, 0xF0, 0x00, 0x00, 0xC0, 0x00, 0x01, 0x80, 0x00, 0x00, 0x00, 0x00, 0x00, 0x00, 0x00,
    0xFF, 0x9F, 0xC0, 0xFF, 0x9F, 0xC0, 0x3E, 0x07, 0x00, 0x3E, 0x07, 0x00, 0x1E, 0x0E, 0x00, 0x1E,
    0x0E, 0x00, 0x0F, 0x0C, 0x00, 0x0F, 0x1C, 0x00, 0x07, 0x98, 0x00, 0x07, 0x98, 0x00, 0x07, 0xB8,
    0x00, 0x03, 0xF0, 0x00, 0x03, 0xF0, 0x00, 0x01, 0xE0, 0x00, 0x01, 0xE0, 0x00, 0x00, 0xC0, 0x00,
    0x01, 0xC0, 0x00, 0x01, 0xC0, 0x00, 0x61, 0x80, 0x00, 0xF3, 0x80, 0x00, 0xF7, 0x00, 0x00, 0xFE,
    0x00, 0x00, 0x7C, 0x00, 0x00, 0xFC, 0x00, 0x00, 0xFC, 0x00, 0x00, 0x3C, 0x00, 0x00, 0x3C, 0x00,
    0x00, 0x3C, 0x00, 0x00, 0x3C, 0x00, 0x00, 0x3C, 0x00, 0x00, 0x3C, 0xFC, 0x00, 0x3D, 0xFE, 0x00,
    0x3F, 0x9F, 0x00, 0x3E, 0x0F, 0x00, 0x3C, 0x07, 0x80, 0x3C, 0x07, 0x80, 0x3C, 0x07, 0x80, 0x3C,
    0x07, 0x80, 0x3C, 0x07, 0x80, 0x3C, 0x07, 0x80, 0x3C, 0x07, 0x80, 0x3C, 0x0F, 0x00, 0x3C, 0x0F,
    0x00, 0x3F, 0x1E, 0x00, 0x3F, 0xFC, 0x00, 0x3D, 0xF8, 0x00, 0x3C, 0x00, 0x00, 0x3C, 0x00, 0x00,
    0x3C, 0x00, 0x00, 0x3C, 0x00, 0x00, 0x3E, 0x00, 0x00, 0xFF, 0x80, 0x00, 0xFF, 0x80, 0x00, 0x06,
    0x0C, 0x00, 0x0F, 0x1E, 0x00, 0x0F, 0x1E, 0x00, 0x06, 0x0C, 0x00, 0x00, 0x00, 0x00, 0x00, 0x00,
    0x00, 0x00, 0x00, 0x00, 0xFF, 0x1F, 0xC0, 0xFE, 0x1F, 0xC0, 0x38, 0x07, 0x00, 0x3C, 0x06, 0x00,
    0x1C, 0x06, 0x00, 0x1E, 0x0C, 0x00, 0x1E, 0x0C, 0x00, 0x0E, 0x1C, 0x00, 0x0F, 0x18, 0x00, 0x0F,
    0x38, 0x00, 0x07, 0xB0, 0x00, 0x07, 0xF0, 0x00, 0x03, 0xE0, 0x00, 0x03, 0xE0, 0x00, 0x03, 0xE0,
    0x00, 0x01, 0xC0, 0x00, 0x01, 0xC0, 0x00, 0x03, 0x80, 0x00, 0x63, 0x80, 0x00, 0xF7, 0x00, 0x00,
    0xF7, 0x00, 0x00, 0xFE, 0x00, 0x00, 0x7C, 0x00, 0x00, 0x01, 0xFC, 0x7F, 0xF8, 0x0F, 0xFF, 0x7F,
    0xF8, 0x1F, 0x0F, 0xF8, 0x7C, 0x3C, 0x03, 0xF8, 0x1C, 0x38, 0x01, 0xF8, 0x0C, 0x78, 0x00, 0xF8,
    0x08, 0x70, 0x00, 0xF8, 0x20, 0xF0, 0x00, 0x78, 0x60, 0xF0, 0x00, 0x78, 0xE0, 0xF0, 0x00, 0x7F,
    0xE0, 0xF0, 0x00, 0x7F, 0xE0, 0xF0, 0x00, 0x78, 0x60, 0xF0, 0x00, 0x78, 0x60, 0xF0, 0x00, 0x78,
    0x20, 0xF8, 0x00, 0xF8, 0x00, 0x78, 0x00, 0xF8, 0x0E, 0x7C, 0x00, 0xF8, 0x0E, 0x3E, 0x01, 0xF8,
    0x0E, 0x1F, 0x07, 0xF8, 0x1C, 0x0F, 0xFF, 0x7F, 0xFC, 0x03, 0xFC, 0x7F, 0xFC, 0x07, 0xE0, 0x7E,
    0x00, 0x1F, 0xF9, 0xFF, 0x00, 0x3C, 0x7F, 0xC7, 0x80, 0x78, 0x1F, 0x83, 0xC0, 0x70, 0x1F, 0x03,
    0xC0, 0xF0, 0x1F, 0x03, 0xC0, 0xF0, 0x0F, 0xFF, 0xC0, 0xF0, 0x0F, 0xFF, 0xC0, 0xF0, 0x0F, 0x00,
    0x00, 0xF0, 0x0F, 0x00, 0x00, 0xF0, 0x0F, 0x00, 0x00, 0xF8, 0x1F, 0x80, 0x00, 0x78, 0x1F, 0x80,
    0xC0, 0x3E, 0x7F, 0xE3, 0xC0, 0x1F, 0xF9, 0xFF, 0x80, 0x0F, 0xE0, 0xFE, 0x00, 0x1C, 0x18, 0x0E,
    0x78, 0x07, 0xF0, 0x07, 0xE0, 0x03, 0xC0, 0x00, 0x00, 0x00, 0x00, 0x00, 0x00, 0x07, 0xE6, 0x1F,
    0xFE, 0x3E, 0x3E, 0x78, 0x1E, 0x78, 0x0E, 0x78, 0x06, 0x78, 0x00, 0x7E, 0x00, 0x3F, 0x80, 0x3F,
    0xF0, 0x0F, 0xFC, 0x03, 0xFE, 0x00, 0x7E, 0x00, 0x1F, 0x40, 0x0F, 0xE0, 0x0F, 0xF0, 0x0F, 0xF8,
    0x1E, 0x7E, 0x3E, 0x7F, 0xFC, 0x67, 0xF0, 0x60, 0x60, 0x71, 0xC0, 0x3F, 0x80, 0x1F, 0x80, 0x0F,
    0x00, 0x0E, 0x00, 0x00, 0x00, 0x00, 0x00, 0x1F, 0x60, 0x7F, 0xE0, 0xF1, 0xE0, 0xE0, 0xF0, 0xE0,
    0x70, 0xF0, 0x00, 0xFE, 0x00, 0x7F, 0xC0, 0x1F, 0xE0, 0x03, 0xF0, 0x00, 0xF0, 0xC0, 0x70, 0xE0,
    0x70, 0xF9, 0xE0, 0xFF, 0xE0, 0xDF, 0x80, 0x01, 0x83, 0x00, 0x03, 0xC7, 0x80, 0x03, 0xC7, 0x80,
    0x01, 0x83, 0x00, 0x00, 0x00, 0x00, 0x00, 0x00, 0x00, 0x00, 0x00, 0x00, 0xFF, 0x87, 0xF8, 0xFF,
    0x87, 0xF8, 0x3E, 0x01, 0xE0, 0x1E, 0x01, 0xC0, 0x0F, 0x03, 0xC0, 0x0F, 0x03, 0x80, 0x07, 0x87,
    0x00, 0x03, 0xC7, 0x00, 0x03, 0xEE, 0x00, 0x01, 0xEE, 0x00, 0x00, 0xFC, 0x00, 0x00, 0xF8, 0x00,
    0x00, 0x78, 0x00, 0x00, 0x78, 0x00, 0x00, 0x78, 0x00, 0x00, 0x78, 0x00, 0x00, 0x78, 0x00, 0x00,
    0x78, 0x00, 0x00, 0x78, 0x00, 0x03, 0xFE, 0x00, 0x03, 0xFE, 0x00, 0x0C, 0x04, 0x00, 0x0F, 0x1C,
    0x00, 0x07, 0xF8, 0x00, 0x03, 0xF8, 0x00, 0x01, 0xF0, 0x00, 0x00, 0xE0, 0x00, 0x00, 0x00, 0x00,
    0x00, 0x00, 0x00, 0x7F, 0xFF, 0xC0, 0x7F, 0xFF, 0xC0, 0x7C, 0x07, 0xC0, 0x78, 0x0F, 0x80, 0x70,
    0x0F, 0x00, 0x70, 0x1E, 0x00, 0x00, 0x3E, 0x00, 0x00, 0x7C, 0x00, 0x00, 0x78, 0x00, 0x00, 0xF0,
    0x00, 0x01, 0xF0, 0x00, 0x03, 0xE0, 0x00, 0x07, 0xC0, 0x00, 0x07, 0x80, 0x00, 0x0F, 0x80, 0x00,
    0x1F, 0x00, 0xC0, 0x3E, 0x01, 0xC0, 0x3C, 0x01, 0xC0, 0x7C, 0x07, 0xC0, 0xFF, 0xFF, 0xC0, 0xFF,
    0xFF, 0xC0, 0x10, 0x10, 0x18, 0x30, 0x1E, 0xF0, 0x0F, 0xE0, 0x07, 0xC0, 0x03, 0x80, 0x01, 0x00,
    0x00, 0x00, 0x7F, 0xFC, 0x7F, 0xFC, 0x78, 0x7C, 0x70, 0x78, 0x60, 0xF0, 0x61, 0xE0, 0x03, 0xE0,
    0x03, 0xC0, 0x07, 0x80, 0x0F, 0x00, 0x1F, 0x0C, 0x1E, 0x0C, 0x3C, 0x0C, 0x78, 0x1C, 0xFF, 0xFC,
    0xFF, 0xFC, 0x00, 0x07, 0xC0, 0x00, 0x0F, 0xE0, 0x00, 0x1E, 0xF0, 0x00, 0x3C, 0xF0, 0x00, 0x38,
    0xF0, 0x00, 0x78, 0x60, 0x00, 0x78, 0x00, 0x00, 0x78, 0x00, 0x00, 0x78, 0x00, 0x03, 0xFF, 0x80,
    0x03, 0xFF, 0x80, 0x00, 0xF0, 0x00, 0x00, 0xF0, 0x00, 0x00, 0xF0, 0x00, 0x00, 0xF0, 0x00, 0x00,
    0xF0, 0x00, 0x00, 0xE0, 0x00, 0x00, 0xE0, 0x00, 0x00, 0xE0, 0x00, 0x01, 0xE0, 0x00, 0x01, 0xE0,
    0x00, 0x01, 0xE0, 0x00, 0x01, 0xE0, 0x00, 0xF1, 0xC0, 0x00, 0xF3, 0xC0, 0x00, 0xE3, 0x80, 0x00,
    0xFF, 0x00, 0x00, 0x7E, 0x00, 0x00, 0x0C, 0x00, 0x1E, 0x00, 0x3F, 0x00, 0x7F, 0x00, 0xE3, 0x80,
    0xC1, 0xC0, 0x3C, 0x00, 0x7F, 0x60, 0xEF, 0xE0, 0x03, 0xC0, 0xFF, 0xFE, 0xFF, 0xFE, 0xFF, 0xFF,
    0xFF, 0xFC, 0xFF, 0xFF, 0xFF, 0xFC, 0x38, 0x70, 0x60, 0xE0, 0xF8, 0xF8, 0xF8, 0x70, 0x70, 0xF8,
    0xF8, 0xF8, 0x38, 0x30, 0x70, 0xE0, 0x70, 0xF8, 0xF8, 0xF8, 0x38, 0x30, 0x70, 0xE0, 0x38, 0xE0,
    0x71, 0xC0, 0x61, 0x80, 0xE3, 0x80, 0xFB, 0xE0, 0xFB, 0xE0, 0xFB, 0xE0, 0x71, 0xC0, 0x71, 0xC0,
    0xFB, 0xE0, 0xFB, 0xE0, 0xFB, 0xE0, 0x38, 0xE0, 0x30, 0xC0, 0x71, 0xC0, 0xE3, 0x80, 0x71, 0xC0,
    0xFB, 0xE0, 0xFB, 0xE0, 0xFB, 0xE0, 0x38, 0xE0, 0x30, 0xC0, 0x71, 0xC0, 0xE3, 0x80, 0x0F, 0x00,
    0x0F, 0x00, 0x0F, 0x00, 0x07, 0x00, 0x06, 0x00, 0xF6, 0xF8, 0xFF, 0xF8, 0xFF, 0xF8, 0x06, 0x00,
    0x07, 0x00, 0x0F, 0x00, 0x0F, 0x00, 0x0F, 0x00, 0x06, 0x00, 0x06, 0x00, 0x06, 0x00, 0x06, 0x00,
    0x06, 0x00, 0x06, 0x00, 0x06, 0x00, 0x06, 0x00, 0x06, 0x00, 0x06, 0x00, 0x06, 0x00, 0x06, 0x00,
    0x07, 0x00, 0x07, 0x80, 0x07, 0x00, 0x07, 0x00, 0x07, 0x00, 0xFE, 0xF8, 0xFF, 0xF8, 0xFF, 0xF8,
    0x07, 0x00, 0x07, 0x00, 0x07, 0x00, 0x07, 0x00, 0x0F, 0x00, 0x07, 0x00, 0x07, 0x00, 0x07, 0x00,
    0xE2, 0x38, 0xFF, 0xF8, 0xFF, 0xF8, 0xE6, 0x38, 0x07, 0x00, 0x07, 0x00, 0x07, 0x00, 0x0F, 0x00,
    0x06, 0x00, 0x38, 0x7E, 0xFE, 0xFE, 0xFE, 0xFC, 0x78, 0x70, 0x1C, 0x07, 0x00, 0xF8, 0x3E, 0x0F,
    0x80, 0xF8, 0x3E, 0x0F, 0x80, 0xF8, 0x3E, 0x0F, 0x80, 0x70, 0x1C, 0x07, 0x00, 0x3F, 0x00, 0xE0,
    0x00, 0x00, 0x7F, 0x81, 0xC0, 0x00, 0x00, 0xF3, 0xC1, 0xC0, 0x00, 0x00, 0xE1, 0xC3, 0x80, 0x00,
    0x00, 0xE1, 0xC7, 0x00, 0x00, 0x00, 0xE1, 0xC7, 0x00, 0x00, 0x00, 0xE1, 0xCE, 0x00, 0x00, 0x00,
    0xF3, 0xCE, 0x00, 0x00, 0x00, 0x7F, 0x9C, 0x00, 0x00, 0x00, 0x3F, 0x38, 0x78, 0x07, 0x80, 0x00,
    0x39, 0xFE, 0x1F, 0xE0, 0x00, 0x71, 0xCF, 0x1C, 0xF0, 0x00, 0x73, 0x87, 0x38, 0x70, 0x00, 0xE3,
    0x87, 0x38, 0x70, 0x00, 0xE3, 0x87, 0x38, 0x70, 0x01, 0xC3, 0x87, 0x38, 0x70, 0x03, 0x83, 0xCE,
    0x3C, 0xE0, 0x03, 0x81, 0xFE, 0x1F, 0xE0, 0x07, 0x00, 0xFC, 0x0F, 0xC0, 0x06, 0x0E, 0x1C, 0x38,
    0x78, 0xF0, 0xF0, 0x78, 0x3C, 0x1C, 0x0E, 0x06, 0xC0, 0xE0, 0x70, 0x38, 0x3C, 0x1E, 0x1E, 0x3C,
    0x38, 0x70, 0xE0, 0xC0, 0x00, 0x7E, 0x60, 0x01, 0xFF, 0xE0, 0x03, 0xE3, 0xE0, 0x07, 0x80, 0xE0,
    0x0F, 0x00, 0x60, 0x0F, 0x00, 0x20, 0x1E, 0x00, 0x00, 0x7F, 0xFC, 0x00, 0x7F, 0xF8, 0x00, 0x1E,
    0x00, 0x00, 0x1E, 0x00, 0x00, 0xFF, 0xF8, 0x00, 0xFF, 0xF8, 0x00, 0x1E, 0x00, 0x00, 0x1E, 0x00,
    0x00, 0x0F, 0x00, 0x60, 0x0F, 0x00, 0x60, 0x07, 0x80, 0xE0, 0x03, 0xE3, 0xE0, 0x01, 0xFF, 0xE0,
    0x00, 0x7E, 0x60, 0xFF, 0xF3, 0xE0, 0x7E, 0xFF, 0xF3, 0xF0, 0xFC, 0xC7, 0x38, 0xF0, 0xF8, 0xC7,
    0x19, 0xF0, 0xF8, 0x07, 0x01, 0xB9, 0xB8, 0x07, 0x01, 0xB9, 0xB8, 0x07, 0x01, 0x9F, 0x38, 0x07,
    0x01, 0x9F, 0x38, 0x07, 0x01, 0x9F, 0x38, 0x07, 0x01, 0x8E, 0x38, 0x07, 0x01, 0x80, 0x38, 0x1F,
    0xC7, 0xE0, 0xFE, 0x1F, 0xC3, 0xC0, 0x7C,
];
pub static LITERATA_XXLARGE: BitmapFont = BitmapFont {
    glyphs: &LITERATA_XXLARGE_GLYPHS,
    bitmap: &LITERATA_XXLARGE_BITMAP,
    extra: &LITERATA_XXLARGE_EXTRA,
    line_height: 38,
};

// LITERATA_XXXLARGE: Literata Medium 35 px, opsz 12, line-height 44
const LITERATA_XXXLARGE_GLYPHS: [Glyph; 95] = [
    g(0, 0, 0, 7, 0, 0),
    g(0, 5, 24, 11, 3, -24),
    g(24, 9, 8, 13, 2, -27),
    g(40, 21, 19, 24, 1, -19),
    g(97, 18, 31, 20, 1, -28),
    g(190, 27, 21, 29, 1, -21),
    g(274, 26, 24, 29, 2, -24),
    g(370, 4, 8, 9, 2, -27),
    g(378, 9, 35, 12, 2, -28),
    g(448, 8, 35, 12, 1, -28),
    g(483, 12, 13, 16, 2, -26),
    g(509, 15, 15, 21, 3, -18),
    g(539, 6, 11, 12, 3, -5),
    g(550, 9, 3, 11, 1, -11),
    g(556, 6, 5, 12, 3, -5),
    g(561, 14, 32, 16, 1, -28),
    g(625, 18, 24, 20, 1, -24),
    g(697, 12, 25, 14, 1, -25),
    g(747, 16, 24, 18, 1, -24),
    g(795, 17, 24, 20, 1, -24),
    g(867, 19, 24, 20, 0, -24),
    g(939, 16, 24, 18, 1, -24),
    g(987, 17, 24, 19, 1, -24),
    g(1059, 17, 24, 18, 1, -24),
    g(1131, 18, 24, 20, 1, -24),
    g(1203, 17, 24, 19, 1, -24),
    g(1275, 6, 18, 12, 3, -18),
    g(1293, 6, 24, 12, 3, -18),
    g(1317, 14, 17, 20, 3, -18),
    g(1351, 15, 9, 21, 3, -15),
    g(1369, 14, 17, 20, 4, -18),
    g(1403, 14, 24, 19, 2, -24),
    g(1451, 27, 27, 31, 2, -21),
    g(1559, 25, 24, 27, 1, -24),
    g(1655, 20, 24, 23, 2, -24),
    g(1727, 21, 24, 25, 2, -24),
    g(1799, 23, 24, 27, 2, -24),
    g(1871, 19, 24, 23, 2, -24),
    g(1943, 19, 24, 22, 2, -24),
    g(2015, 24, 24, 27, 2, -24),
    g(2087, 25, 24, 29, 2, -24),
    g(2183, 10, 24, 14, 2, -24),
    g(2231, 18, 24, 20, 1, -24),
    g(2303, 24, 24, 27, 2, -24),
    g(2375, 19, 24, 23, 2, -24),
    g(2447, 31, 24, 35, 2, -24),
    g(2543, 25, 24, 29, 2, -24),
    g(2639, 23, 24, 27, 2, -24),
    g(2711, 19, 24, 22, 2, -24),
    g(2783, 29, 30, 27, 2, -24),
    g(2903, 23, 24, 25, 2, -24),
    g(2975, 18, 24, 22, 2, -24),
    g(3047, 24, 24, 26, 1, -24),
    g(3119, 25, 24, 28, 2, -24),
    g(3215, 25, 24, 27, 1, -24),
    g(3311, 37, 24, 39, 1, -24),
    g(3431, 24, 24, 26, 1, -24),
    g(3503, 24, 24, 26, 1, -24),
    g(3575, 20, 24, 23, 1, -24),
    g(3647, 7, 36, 11, 3, -29),
    g(3683, 14, 32, 16, 1, -28),
    g(3747, 8, 36, 12, 1, -29),
    g(3783, 17, 13, 20, 2, -25),
    g(3822, 16, 3, 16, 0, 1),
    g(3828, 7, 7, 18, 5, -27),
    g(3835, 18, 18, 20, 2, -18),
    g(3889, 20, 26, 22, 0, -26),
    g(3967, 15, 18, 17, 1, -18),
    g(4003, 20, 26, 21, 1, -26),
    g(4081, 16, 18, 19, 1, -18),
    g(4117, 15, 27, 14, 1, -27),
    g(4171, 20, 28, 21, 1, -21),
    g(4255, 21, 26, 24, 2, -26),
    g(4333, 10, 26, 12, 1, -26),
    g(4385, 7, 33, 11, 1, -26),
    g(4418, 21, 26, 22, 1, -26),
    g(4496, 10, 26, 12, 1, -26),
    g(4548, 32, 18, 35, 2, -18),
    g(4620, 21, 18, 24, 2, -18),
    g(4674, 18, 18, 21, 1, -18),
    g(4728, 19, 25, 22, 1, -18),
    g(4803, 19, 25, 21, 1, -18),
    g(4878, 16, 18, 18, 2, -18),
    g(4914, 13, 18, 16, 2, -18),
    g(4950, 13, 24, 14, 1, -24),
    g(4998, 21, 18, 23, 1, -18),
    g(5052, 20, 18, 22, 1, -18),
    g(5106, 30, 18, 31, 0, -18),
    g(5178, 20, 18, 22, 1, -18),
    g(5232, 20, 25, 22, 1, -18),
    g(5307, 16, 18, 17, 1, -18),
    g(5343, 11, 37, 14, 1, -30),
    g(5417, 3, 32, 15, 6, -28),
    g(5449, 10, 37, 13, 1, -30),
    g(5523, 16, 4, 20, 2, -12),
];
const LITERATA_XXXLARGE_EXTRA: [(char, Glyph); 123] = [
    ('\u{a0}', g(0, 0, 0, 7, 0, 0)),
    ('\u{a1}', g(5531, 5, 25, 11, 3, -18)),
    ('\u{a2}', g(5556, 15, 23, 17, 1, -22)),
    ('\u{a3}', g(5602, 17, 24, 19, 1, -24)),
    ('\u{a4}', g(5674, 15, 15, 19, 2, -19)),
    ('\u{a5}', g(5704, 24, 24, 25, 1, -24)),
    ('\u{a6}', g(5776, 3, 31, 15, 6, -27)),
    ('\u{a7}', g(5807, 18, 31, 22, 2, -24)),
    ('\u{a8}', g(5900, 12, 5, 18, 3, -26)),
    ('\u{a9}', g(5910, 24, 23, 28, 2, -23)),
    ('\u{aa}', g(5979, 14, 13, 15, 1, -26)),
    ('\u{ab}', g(6005, 15, 14, 18, 2, -16)),
    ('\u{ac}', g(6033, 15, 8, 21, 3, -13)),
    ('\u{ad}', g(0, 0, 0, 0, 0, 0)),
    ('\u{ae}', g(6049, 13, 13, 17, 2, -27)),
    ('\u{af}', g(6075, 10, 3, 18, 4, -25)),
    ('\u{b0}', g(6081, 9, 9, 12, 1, -28)),
    ('\u{b1}', g(6099, 15, 18, 21, 3, -18)),
    ('\u{b2}', g(6135, 12, 16, 14, 1, -29)),
    ('\u{b3}', g(6167, 12, 16, 14, 1, -29)),
    ('\u{b4}', g(6199, 7, 7, 18, 6, -27)),
    ('\u{b5}', g(6206, 19, 25, 22, 3, -18)),
    ('\u{b6}', g(6281, 17, 29, 20, 2, -24)),
    ('\u{b7}', g(6368, 6, 5, 12, 3, -13)),
    ('\u{b8}', g(6373, 8, 9, 18, 5, -1)),
    ('\u{b9}', g(6382, 9, 16, 11, 1, -29)),
    ('\u{ba}', g(6414, 13, 13, 15, 1, -26)),
    ('\u{bb}', g(6440, 15, 14, 18, 2, -16)),
    ('\u{bc}', g(6468, 31, 26, 33, 1, -25)),
    ('\u{bd}', g(6572, 32, 25, 35, 1, -24)),
    ('\u{be}', g(6672, 33, 26, 34, 1, -25)),
    ('\u{bf}', g(6802, 14, 25, 19, 3, -18)),
    ('\u{c0}', g(6852, 25, 32, 27, 1, -32)),
    ('\u{c1}', g(6980, 25, 32, 27, 1, -32)),
    ('\u{c2}', g(7108, 25, 33, 27, 1, -33)),
    ('\u{c3}', g(7240, 25, 32, 27, 1, -32)),
    ('\u{c4}', g(7368, 25, 32, 27, 1, -32)),
    ('\u{c5}', g(7496, 25, 33, 27, 1, -33)),
    ('\u{c6}', g(7628, 33, 24, 36, 1, -24)),
    ('\u{c7}', g(7748, 21, 32, 25, 2, -24)),
    ('\u{c8}', g(7844, 19, 32, 23, 2, -32)),
    ('\u{c9}', g(7940, 19, 32, 23, 2, -32)),
    ('\u{ca}', g(8036, 19, 33, 23, 2, -33)),
    ('\u{cb}', g(8135, 19, 32, 23, 2, -32)),
    ('\u{cc}', g(8231, 10, 32, 14, 2, -32)),
    ('\u{cd}', g(8295, 10, 32, 14, 2, -32)),
    ('\u{ce}', g(8359, 12, 32, 14, 1, -32)),
    ('\u{cf}', g(8423, 12, 32, 14, 1, -32)),
    ('\u{d0}', g(8487, 24, 24, 27, 1, -24)),
    ('\u{d1}', g(8559, 25, 32, 29, 2, -32)),
    ('\u{d2}', g(8687, 23, 33, 27, 2, -33)),
    ('\u{d3}', g(8786, 23, 33, 27, 2, -33)),
    ('\u{d4}', g(8885, 23, 33, 27, 2, -33)),
    ('\u{d5}', g(8984, 23, 32, 27, 2, -32)),
    ('\u{d6}', g(9080, 23, 32, 27, 2, -32)),
    ('\u{d7}', g(9176, 12, 13, 20, 4, -17)),
    ('\u{d8}', g(9202, 23, 24, 27, 2, -24)),
    ('\u{d9}', g(9274, 25, 32, 28, 2, -32)),
    ('\u{da}', g(9402, 25, 33, 28, 2, -33)),
    ('\u{db}', g(9534, 25, 33, 28, 2, -33)),
    ('\u{dc}', g(9666, 25, 32, 28, 2, -32)),
    ('\u{dd}', g(9794, 24, 32, 26, 1, -32)),
    ('\u{de}', g(9890, 19, 24, 22, 2, -24)),
    ('\u{df}', g(9962, 22, 27, 24, 1, -27)),
    ('\u{e0}', g(10043, 18, 27, 20, 2, -27)),
    ('\u{e1}', g(10124, 18, 28, 20, 2, -28)),
    ('\u{e2}', g(10208, 18, 28, 20, 2, -28)),
    ('\u{e3}', g(10292, 18, 26, 20, 2, -26)),
    ('\u{e4}', g(10370, 18, 26, 20, 2, -26)),
    ('\u{e5}', g(10448, 18, 28, 20, 2, -28)),
    ('\u{e6}', g(10532, 26, 18, 30, 2, -18)),
    ('\u{e7}', g(10604, 15, 26, 17, 1, -18)),
    ('\u{e8}', g(10656, 16, 27, 19, 1, -27)),
    ('\u{e9}', g(10710, 16, 27, 19, 1, -27)),
    ('\u{ea}', g(10764, 16, 28, 19, 1, -28)),
    ('\u{eb}', g(10820, 16, 26, 19, 1, -26)),
    ('\u{ec}', g(10872, 11, 27, 12, 0, -27)),
    ('\u{ed}', g(10926, 10, 27, 12, 1, -27)),
    ('\u{ee}', g(10980, 12, 27, 12, -1, -27)),
    ('\u{ef}', g(11034, 12, 26, 12, -1, -26)),
    ('\u{f0}', g(11086, 17, 27, 20, 1, -27)),
    ('\u{f1}', g(11167, 21, 26, 24, 2, -26)),
    ('\u{f2}', g(11245, 18, 28, 21, 1, -28)),
    ('\u{f3}', g(11329, 18, 28, 21, 1, -28)),
    ('\u{f4}', g(11413, 18, 28, 21, 1, -28)),
    ('\u{f5}', g(11497, 18, 26, 21, 1, -26)),
    ('\u{f6}', g(11575, 18, 26, 21, 1, -26)),
    ('\u{f7}', g(11653, 15, 16, 21, 3, -18)),
    ('\u{f8}', g(11685, 19, 18, 21, 0, -18)),
    ('\u{f9}', g(11739, 21, 28, 23, 1, -28)),
    ('\u{fa}', g(11823, 21, 28, 23, 1, -28)),
    ('\u{fb}', g(11907, 21, 28, 23, 1, -28)),
    ('\u{fc}', g(11991, 21, 26, 23, 1, -26)),
    ('\u{fd}', g(12069, 20, 35, 22, 1, -28)),
    ('\u{fe}', g(12174, 19, 33, 22, 1, -26)),
    ('\u{ff}', g(12273, 21, 33, 22, 1, -26)),
    ('\u{152}', g(12372, 35, 24, 38, 2, -24)),
    ('\u{153}', g(12492, 29, 18, 32, 1, -18)),
    ('\u{160}', g(12564, 18, 33, 22, 2, -33)),
    ('\u{161}', g(12663, 13, 28, 16, 2, -28)),
    ('\u{178}', g(12719, 24, 32, 26, 1, -32)),
    ('\u{17d}', g(12815, 20, 33, 23, 1, -33)),
    ('\u{17e}', g(12914, 16, 27, 17, 1, -27)),
    ('\u{192}', g(12968, 23, 32, 19, -3, -24)),
    ('\u{2c6}', g(13064, 11, 7, 18, 3, -27)),
    ('\u{2dc}', g(13078, 12, 4, 18, 3, -25)),
    ('\u{2013}', g(13086, 16, 3, 18, 1, -11)),
    ('\u{2014}', g(13092, 34, 3, 36, 1, -11)),
    ('\u{2018}', g(13107, 5, 9, 11, 3, -26)),
    ('\u{2019}', g(13116, 5, 9, 11, 3, -26)),
    ('\u{201a}', g(13125, 6, 9, 12, 3, -4)),
    ('\u{201c}', g(13134, 13, 9, 19, 3, -26)),
    ('\u{201d}', g(13152, 13, 9, 19, 3, -26)),
    ('\u{201e}', g(13170, 13, 9, 15, 1, -4)),
    ('\u{2020}', g(13188, 14, 28, 18, 2, -26)),
    ('\u{2021}', g(13244, 14, 28, 18, 2, -26)),
    ('\u{2022}', g(13300, 8, 8, 14, 3, -15)),
    ('\u{2026}', g(13308, 28, 5, 32, 2, -5)),
    ('\u{2030}', g(13328, 41, 21, 43, 1, -21)),
    ('\u{2039}', g(13454, 8, 14, 11, 2, -16)),
    ('\u{203a}', g(13468, 8, 14, 11, 1, -16)),
    ('\u{20ac}', g(13482, 22, 24, 24, 0, -24)),
    ('\u{2122}', g(13554, 35, 14, 37, 1, -23)),
];
const LITERATA_XXXLARGE_BITMAP: [u8; 13624] = [
    0x70, 0xF8, 0xF8, 0xF8, 0xF8, 0xF8, 0xF8, 0x78, 0x78, 0x70, 0x70, 0x70, 0x30, 0x30, 0x30, 0x30,
    0x30, 0x30, 0x00, 0x70, 0xF8, 0xF8, 0xF8, 0x70, 0x77, 0x80, 0xFF, 0x80, 0xF7, 0x80, 0xF7, 0x80,
    0xF7, 0x80, 0x67, 0x00, 0x63, 0x00, 0x63, 0x00, 0x01, 0x81, 0xC0, 0x01, 0x81, 0xC0, 0x03, 0x81,
    0x80, 0x03, 0x81, 0x80, 0x3F, 0xFF, 0xF8, 0x3F, 0xFF, 0xF8, 0x03, 0x03, 0x80, 0x03, 0x03, 0x80,
    0x07, 0x03, 0x00, 0x07, 0x03, 0x00, 0x07, 0x07, 0x00, 0x07, 0x07, 0x00, 0x7F, 0xFF, 0xF0, 0xFF,
    0xFF, 0xF0, 0x7F, 0xFF, 0xF0, 0x0E, 0x06, 0x00, 0x0E, 0x06, 0x00, 0x0E, 0x0E, 0x00, 0x0E, 0x0E,
    0x00, 0x00, 0xC0, 0x00, 0x00, 0xC0, 0x00, 0x00, 0xC0, 0x00, 0x00, 0xC0, 0x00, 0x07, 0xF3, 0x80,
    0x1F, 0xFF, 0x80, 0x3F, 0xFF, 0x80, 0x3C, 0xC7, 0x80, 0x7C, 0xC3, 0x80, 0x78, 0xC3, 0x80, 0x7C,
    0xC1, 0x80, 0x7C, 0xC0, 0x00, 0x7E, 0xC0, 0x00, 0x7F, 0xC0, 0x00, 0x3F, 0xF0, 0x00, 0x1F, 0xFE,
    0x00, 0x07, 0xFF, 0x00, 0x01, 0xFF, 0x80, 0x00, 0xFF, 0xC0, 0x00, 0xCF, 0xC0, 0x00, 0xC7, 0xC0,
    0xE0, 0xC7, 0xC0, 0xF0, 0xC3, 0xC0, 0xF0, 0xC7, 0xC0, 0xF8, 0xC7, 0x80, 0x7F, 0xDF, 0x00, 0x7F,
    0xFE, 0x00, 0x63, 0xF8, 0x00, 0x00, 0xC0, 0x00, 0x00, 0xC0, 0x00, 0x00, 0xC0, 0x00, 0x1F, 0x00,
    0x38, 0x00, 0x7F, 0xC0, 0x78, 0x00, 0x7F, 0xC0, 0x70, 0x00, 0xF1, 0xE0, 0xE0, 0x00, 0xE0, 0xE1,
    0xE0, 0x00, 0xE0, 0xE1, 0xC0, 0x00, 0xE0, 0xE3, 0xC0, 0x00, 0xF0, 0xE7, 0x80, 0x00, 0xF1, 0xC7,
    0x00, 0x00, 0x7F, 0xCF, 0x00, 0x00, 0x3F, 0x8E, 0x1F, 0x00, 0x04, 0x1E, 0x7F, 0xC0, 0x00, 0x3C,
    0x71, 0xC0, 0x00, 0x38, 0xE0, 0xE0, 0x00, 0x78, 0xE0, 0xE0, 0x00, 0x70, 0xE0, 0xE0, 0x00, 0xF0,
    0xE0, 0xE0, 0x01, 0xE0, 0xF1, 0xE0, 0x01, 0xC0, 0x7F, 0xC0, 0x03, 0xC0, 0x7F, 0x80, 0x03, 0x80,
    0x1F, 0x00, 0x03, 0xF0, 0x00, 0x00, 0x0F, 0xFC, 0x00, 0x00, 0x1F, 0xFE, 0x00, 0x00, 0x3E, 0x1E,
    0x00, 0x00, 0x3C, 0x0E, 0x00, 0x00, 0x3C, 0x0E, 0x00, 0x00, 0x3C, 0x0E, 0x00, 0x00, 0x3E, 0x1C,
    0x0F, 0x00, 0x1F, 0x18, 0x1F, 0x80, 0x0F, 0x30, 0x3F, 0xC0, 0x07, 0xE0, 0x73, 0x80, 0x0F, 0xF0,
    0x63, 0x80, 0x3F, 0xF0, 0xE0, 0x00, 0x78, 0xF8, 0xC0, 0x00, 0x78, 0x7C, 0xC0, 0x00, 0xF8, 0x3F,
    0xC0, 0x00, 0xF0, 0x1F, 0xC0, 0x00, 0xF0, 0x0F, 0xC0, 0x00, 0xF8, 0x07, 0xC0, 0x00, 0xF8, 0x07,
    0xE0, 0x00, 0x7C, 0x07, 0xF8, 0xC0, 0x7F, 0xFF, 0xFF, 0xC0, 0x1F, 0xFC, 0x7F, 0x80, 0x07, 0xF0,
    0x1E, 0x00, 0x70, 0xF0, 0xF0, 0xF0, 0xF0, 0x60, 0x60, 0x60, 0x01, 0x80, 0x03, 0x80, 0x07, 0x00,
    0x0F, 0x00, 0x0E, 0x00, 0x1E, 0x00, 0x1C, 0x00, 0x3C, 0x00, 0x3C, 0x00, 0x78, 0x00, 0x78, 0x00,
    0x78, 0x00, 0xF8, 0x00, 0xF8, 0x00, 0xF8, 0x00, 0xF0, 0x00, 0xF0, 0x00, 0xF0, 0x00, 0xF0, 0x00,
    0xF8, 0x00, 0xF8, 0x00, 0xF8, 0x00, 0xF8, 0x00, 0x78, 0x00, 0x78, 0x00, 0x7C, 0x00, 0x3C, 0x00,
    0x3C, 0x00, 0x3C, 0x00, 0x1E, 0x00, 0x0E, 0x00, 0x0F, 0x00, 0x07, 0x00, 0x03, 0x80, 0x01, 0x80,
    0xC0, 0xE0, 0xE0, 0x70, 0x78, 0x38, 0x3C, 0x3C, 0x1E, 0x1E, 0x1E, 0x1F, 0x1F, 0x0F, 0x0F, 0x0F,
    0x0F, 0x0F, 0x0F, 0x0F, 0x0F, 0x0F, 0x1F, 0x1F, 0x1E, 0x1E, 0x3E, 0x3C, 0x3C, 0x78, 0x78, 0x70,
    0xE0, 0xC0, 0xC0, 0x06, 0x00, 0x0E, 0x00, 0xCE, 0x70, 0xF6, 0xF0, 0xFF, 0xF0, 0x3F, 0xC0, 0x0F,
    0x00, 0x7F, 0xE0, 0xF6, 0xF0, 0xE6, 0x70, 0x0E, 0x20, 0x0E, 0x00, 0x0E, 0x00, 0x03, 0x80, 0x03,
    0x80, 0x03, 0x80, 0x03, 0x80, 0x03, 0x80, 0x03, 0x80, 0xFF, 0xFE, 0xFF, 0xFE, 0xFF, 0xFE, 0x03,
    0x80, 0x03, 0x80, 0x03, 0x80, 0x03, 0x80, 0x03, 0x80, 0x03, 0x80, 0x78, 0xFC, 0xFC, 0xFC, 0x7C,
    0x1C, 0x18, 0x38, 0x70, 0xE0, 0x40, 0xFF, 0x80, 0xFF, 0x80, 0xFF, 0x80, 0x78, 0xFC, 0xFC, 0xFC,
    0x78, 0x00, 0x1C, 0x00, 0x1C, 0x00, 0x38, 0x00, 0x38, 0x00, 0x78, 0x00, 0x70, 0x00, 0x70, 0x00,
    0xE0, 0x00, 0xE0, 0x00, 0xE0, 0x01, 0xC0, 0x01, 0xC0, 0x01, 0xC0, 0x03, 0x80, 0x03, 0x80, 0x07,
    0x80, 0x07, 0x00, 0x07, 0x00, 0x0E, 0x00, 0x0E, 0x00, 0x0E, 0x00, 0x1C, 0x00, 0x1C, 0x00, 0x1C,
    0x00, 0x38, 0x00, 0x38, 0x00, 0x78, 0x00, 0x70, 0x00, 0x70, 0x00, 0xE0, 0x00, 0xE0, 0x00, 0xE0,
    0x00, 0x03, 0xF8, 0x00, 0x0F, 0xFC, 0x00, 0x1F, 0xFE, 0x00, 0x3C, 0x0F, 0x00, 0x3C, 0x0F, 0x80,
    0x78, 0x07, 0x80, 0x78, 0x07, 0xC0, 0xF8, 0x03, 0xC0, 0xF8, 0x03, 0xC0, 0xF0, 0x03, 0xC0, 0xF0,
    0x03, 0xC0, 0xF0, 0x03, 0xC0, 0xF0, 0x03, 0xC0, 0xF0, 0x03, 0xC0, 0xF8, 0x03, 0xC0, 0xF8, 0x03,
    0xC0, 0xF8, 0x03, 0xC0, 0x78, 0x07, 0xC0, 0x78, 0x07, 0x80, 0x7C, 0x07, 0x80, 0x3E, 0x0F, 0x00,
    0x1F, 0xFE, 0x00, 0x0F, 0xFC, 0x00, 0x03, 0xF0, 0x00, 0x01, 0x00, 0x7F, 0x00, 0xFF, 0x00, 0xFF,
    0x00, 0x0F, 0x00, 0x0F, 0x00, 0x0F, 0x00, 0x0F, 0x00, 0x0F, 0x00, 0x0F, 0x00, 0x0F, 0x00, 0x0F,
    0x00, 0x0F, 0x00, 0x0F, 0x00, 0x0F, 0x00, 0x0F, 0x00, 0x0F, 0x00, 0x0F, 0x00, 0x0F, 0x00, 0x0F,
    0x00, 0x0F, 0x00, 0x0F, 0x00, 0x1F, 0xC0, 0xFF, 0xF0, 0xFF, 0xF0, 0x0F, 0xE0, 0x3F, 0xF8, 0x7F,
    0xFC, 0xF0, 0x3E, 0xF0, 0x3E, 0xF0, 0x1E, 0xF0, 0x1E, 0x60, 0x1E, 0x00, 0x1E, 0x00, 0x3E, 0x00,
    0x3C, 0x00, 0x7C, 0x00, 0xF8, 0x00, 0xF0, 0x01, 0xE0, 0x03, 0xC0, 0x07, 0x80, 0x0F, 0x03, 0x1E,
    0x07, 0x3C, 0x07, 0x78, 0x0F, 0xFF, 0xFF, 0xFF, 0xFE, 0xFF, 0xFE, 0x07, 0xF0, 0x00, 0x1F, 0xFC,
    0x00, 0x3F, 0xFE, 0x00, 0x78, 0x1F, 0x00, 0x78, 0x1F, 0x00, 0x78, 0x0F, 0x00, 0x78, 0x0F, 0x00,
    0x00, 0x1F, 0x00, 0x00, 0x1E, 0x00, 0x00, 0x3C, 0x00, 0x01, 0xF8, 0x00, 0x03, 0xF0, 0x00, 0x03,
    0xFC, 0x00, 0x00, 0x3F, 0x00, 0x00, 0x0F, 0x00, 0x00, 0x0F, 0x80, 0x00, 0x07, 0x80, 0x00, 0x07,
    0x80, 0x40, 0x0F, 0x80, 0xE0, 0x0F, 0x80, 0x78, 0x3F, 0x00, 0x7F, 0xFE, 0x00, 0x1F, 0xFC, 0x00,
    0x07, 0xF0, 0x00, 0x00, 0x1E, 0x00, 0x00, 0x3E, 0x00, 0x00, 0x7E, 0x00, 0x00, 0x7E, 0x00, 0x00,
    0xFE, 0x00, 0x01, 0xDE, 0x00, 0x01, 0xDE, 0x00, 0x03, 0x9E, 0x00, 0x07, 0x1E, 0x00, 0x07, 0x1E,
    0x00, 0x0E, 0x1E, 0x00, 0x1C, 0x1E, 0x00, 0x3C, 0x1E, 0x00, 0x38, 0x1E, 0x00, 0x70, 0x1E, 0x00,
    0xFF, 0xFF, 0xE0, 0xFF, 0xFF, 0xE0, 0xFF, 0xFF, 0xE0, 0x00, 0x1E, 0x00, 0x00, 0x1E, 0x00, 0x00,
    0x1E, 0x00, 0x00, 0x3F, 0x00, 0x01, 0xFF, 0xC0, 0x01, 0xFF, 0xC0, 0x1F, 0xFE, 0x3F, 0xFE, 0x3F,
    0xFE, 0x3F, 0xFE, 0x38, 0x00, 0x38, 0x00, 0x38, 0x00, 0x38, 0x00, 0x38, 0x80, 0x3F, 0xF8, 0x7F,
    0xFC, 0x38, 0x7E, 0x00, 0x1F, 0x00, 0x1F, 0x00, 0x0F, 0x00, 0x0F, 0x00, 0x0F, 0x00, 0x0F, 0x40,
    0x1F, 0xE0, 0x1F, 0xF8, 0x7E, 0x7F, 0xFC, 0x3F, 0xF8, 0x0F, 0xE0, 0x01, 0xFC, 0x00, 0x07, 0xFF,
    0x00, 0x0F, 0xFF, 0x80, 0x1E, 0x07, 0x80, 0x3C, 0x0F, 0x80, 0x3C, 0x07, 0x00, 0x78, 0x00, 0x00,
    0x78, 0x00, 0x00, 0x79, 0xF8, 0x00, 0xF7, 0xFE, 0x00, 0xFF, 0xFF, 0x00, 0xFC, 0x1F, 0x00, 0xF8,
    0x0F, 0x80, 0xF8, 0x0F, 0x80, 0xF0, 0x07, 0x80, 0xF0, 0x07, 0x80, 0xF0, 0x07, 0x80, 0xF8, 0x0F,
    0x80, 0x78, 0x0F, 0x80, 0x78, 0x0F, 0x00, 0x7C, 0x1F, 0x00, 0x3F, 0xFE, 0x00, 0x1F, 0xFC, 0x00,
    0x07, 0xF0, 0x00, 0xFF, 0xFF, 0x80, 0xFF, 0xFF, 0x80, 0xFF, 0xFF, 0x80, 0xF0, 0x07, 0x00, 0xE0,
    0x0E, 0x00, 0xE0, 0x1E, 0x00, 0xC0, 0x3C, 0x00, 0x00, 0x38, 0x00, 0x00, 0x78, 0x00, 0x00, 0x70,
    0x00, 0x00, 0xF0, 0x00, 0x00, 0xE0, 0x00, 0x01, 0xE0, 0x00, 0x01, 0xE0, 0x00, 0x03, 0xC0, 0x00,
    0x03, 0xC0, 0x00, 0x03, 0xC0, 0x00, 0x03, 0xC0, 0x00, 0x07, 0xC0, 0x00, 0x07, 0xC0, 0x00, 0x07,
    0xC0, 0x00, 0x07, 0x80, 0x00, 0x07, 0x80, 0x00, 0x07, 0x80, 0x00, 0x07, 0xF8, 0x00, 0x1F, 0xFE,
    0x00, 0x3F, 0xFF, 0x00, 0x7C, 0x0F, 0x80, 0x78, 0x0F, 0x80, 0x78, 0x07, 0x80, 0x78, 0x07, 0x80,
    0x7C, 0x0F, 0x00, 0x7E, 0x0F, 0x00, 0x3F, 0x1E, 0x00, 0x1F, 0xF8, 0x00, 0x07, 0xFC, 0x00, 0x1F,
    0xFF, 0x00, 0x3E, 0x3F, 0x80, 0x78, 0x0F, 0x80, 0xF8, 0x07, 0xC0, 0xF8, 0x07, 0xC0, 0xF0, 0x03,
    0xC0, 0xF8, 0x03, 0xC0, 0xF8, 0x07, 0xC0, 0xFC, 0x0F, 0x80, 0x7F, 0xFF, 0x00, 0x3F, 0xFE, 0x00,
    0x0F, 0xF8, 0x00, 0x07, 0xF0, 0x00, 0x1F, 0xFC, 0x00, 0x3F, 0xFE, 0x00, 0x7C, 0x1F, 0x00, 0x78,
    0x0F, 0x00, 0xF8, 0x0F, 0x00, 0xF0, 0x07, 0x80, 0xF0, 0x07, 0x80, 0xF0, 0x07, 0x80, 0xF8, 0x0F,
    0x80, 0xF8, 0x0F, 0x80, 0x7C, 0x1F, 0x80, 0x7F, 0xFF, 0x80, 0x3F, 0xF7, 0x80, 0x0F, 0xCF, 0x80,
    0x00, 0x0F, 0x80, 0x00, 0x0F, 0x00, 0x00, 0x0F, 0x00, 0x00, 0x1F, 0x00, 0x60, 0x1E, 0x00, 0xF8,
    0x7E, 0x00, 0x7F, 0xFC, 0x00, 0x3F, 0xF8, 0x00, 0x0F, 0xE0, 0x00, 0x78, 0xFC, 0xFC, 0xFC, 0x78,
    0x00, 0x00, 0x00, 0x00, 0x00, 0x00, 0x00, 0x00, 0x78, 0xFC, 0xFC, 0xFC, 0x78, 0x78, 0xFC, 0xFC,
    0xFC, 0x78, 0x00, 0x00, 0x00, 0x00, 0x00, 0x00, 0x00, 0x00, 0x78, 0xFC, 0xFC, 0xFC, 0x7C, 0x1C,
    0x18, 0x38, 0x70, 0xE0, 0x40, 0x00, 0x1C, 0x00, 0x3C, 0x00, 0xF8, 0x03, 0xF0, 0x07, 0xC0, 0x1F,
    0x00, 0x7E, 0x00, 0xF8, 0x00, 0xF0, 0x00, 0x7C, 0x00, 0x3F, 0x00, 0x0F, 0x80, 0x03, 0xE0, 0x01,
    0xF8, 0x00, 0x7C, 0x00, 0x1C, 0x00, 0x08, 0xFF, 0xFE, 0xFF, 0xFE, 0xFF, 0xFE, 0x00, 0x00, 0x00,
    0x00, 0x00, 0x00, 0xFF, 0xFE, 0xFF, 0xFE, 0xFF, 0xFE, 0xE0, 0x00, 0xF0, 0x00, 0x7C, 0x00, 0x3F,
    0x00, 0x0F, 0x80, 0x03, 0xE0, 0x01, 0xF8, 0x00, 0x7C, 0x00, 0x3C, 0x00, 0xF8, 0x03, 0xF0, 0x07,
    0xC0, 0x1F, 0x00, 0x7E, 0x00, 0xF8, 0x00, 0xE0, 0x00, 0x40, 0x00, 0x0F, 0xE0, 0x3F, 0xF8, 0x7F,
    0xF8, 0xF0, 0x7C, 0xF0, 0x3C, 0xF0, 0x3C, 0xF0, 0x3C, 0x00, 0x7C, 0x00, 0xF8, 0x01, 0xF0, 0x03,
    0xE0, 0x07, 0xC0, 0x07, 0x80, 0x07, 0x00, 0x06, 0x00, 0x06, 0x00, 0x06, 0x00, 0x00, 0x00, 0x00,
    0x00, 0x07, 0x00, 0x0F, 0x80, 0x0F, 0x80, 0x0F, 0x80, 0x07, 0x00, 0x00, 0x06, 0x00, 0x00, 0x00,
    0xFF, 0xF0, 0x00, 0x03, 0xFF, 0xFC, 0x00, 0x07, 0xE0, 0x7F, 0x00, 0x0F, 0x00, 0x0F, 0x80, 0x1E,
    0x00, 0x03, 0x80, 0x3C, 0x00, 0x03, 0xC0, 0x38, 0x3F, 0xB1, 0xC0, 0x70, 0x7F, 0xF1, 0xE0, 0x70,
    0xF8, 0xF0, 0xE0, 0xE0, 0xE0, 0xF0, 0xE0, 0xE1, 0xE0, 0xF0, 0xE0, 0xE1, 0xE0, 0xF0, 0xE0, 0xE1,
    0xC1, 0xF0, 0xE0, 0xE1, 0xC1, 0xF0, 0xE0, 0xE1, 0xC1, 0x70, 0xE0, 0xE1, 0xC3, 0x71, 0xC0, 0xE1,
    0xC3, 0x71, 0xC0, 0xF1, 0xFE, 0x7F, 0x80, 0x70, 0xFE, 0x7F, 0x00, 0x78, 0x78, 0x3E, 0x00, 0x38,
    0x00, 0x00, 0x00, 0x3C, 0x00, 0x00, 0x00, 0x1F, 0x00, 0x38, 0x00, 0x0F, 0xFF, 0xF0, 0x00, 0x03,
    0xFF, 0xE0, 0x00, 0x00, 0xFF, 0x80, 0x00, 0x00, 0x3E, 0x00, 0x00, 0x00, 0x3E, 0x00, 0x00, 0x00,
    0x3F, 0x00, 0x00, 0x00, 0x7F, 0x00, 0x00, 0x00, 0x7F, 0x80, 0x00, 0x00, 0x67, 0x80, 0x00, 0x00,
    0xE7, 0x80, 0x00, 0x00, 0xE7, 0xC0, 0x00, 0x01, 0xC3, 0xC0, 0x00, 0x01, 0xC3, 0xC0, 0x00, 0x01,
    0xC3, 0xE0, 0x00, 0x03, 0x81, 0xE0, 0x00, 0x03, 0x81, 0xE0, 0x00, 0x03, 0x81, 0xF0, 0x00, 0x07,
    0xFF, 0xF0, 0x00, 0x07, 0xFF, 0xF8, 0x00, 0x0F, 0x00, 0xF8, 0x00, 0x0E, 0x00, 0x78, 0x00, 0x0E,
    0x00, 0x7C, 0x00, 0x1E, 0x00, 0x7C, 0x00, 0x1C, 0x00, 0x3C, 0x00, 0x3E, 0x00, 0x7E, 0x00, 0xFF,
    0x81, 0xFF, 0x80, 0xFF, 0x81, 0xFF, 0x80, 0xFF, 0xFC, 0x00, 0xFF, 0xFF, 0x00, 0x7F, 0xFF, 0x80,
    0x1E, 0x07, 0xC0, 0x1E, 0x03, 0xC0, 0x1E, 0x03, 0xC0, 0x1E, 0x03, 0xC0, 0x1E, 0x03, 0xC0, 0x1E,
    0x07, 0xC0, 0x1E, 0x0F, 0x80, 0x1F, 0xFF, 0x00, 0x1F, 0xFE, 0x00, 0x1F, 0xFF, 0x80, 0x1E, 0x07,
    0xE0, 0x1E, 0x01, 0xE0, 0x1E, 0x01, 0xF0, 0x1E, 0x00, 0xF0, 0x1E, 0x00, 0xF0, 0x1E, 0x01, 0xF0,
    0x1E, 0x01, 0xF0, 0x1E, 0x03, 0xE0, 0x3F, 0xFF, 0xC0, 0xFF, 0xFF, 0x80, 0xFF, 0xFE, 0x00, 0x01,
    0xFE, 0x60, 0x07, 0xFF, 0xF0, 0x0F, 0xFF, 0xF0, 0x1F, 0x01, 0xF0, 0x3E, 0x00, 0xF0, 0x7C, 0x00,
    0x70, 0x78, 0x00, 0x70, 0x78, 0x00, 0x38, 0xF8, 0x00, 0x00, 0xF8, 0x00, 0x00, 0xF0, 0x00, 0x00,
    0xF0, 0x00, 0x00, 0xF0, 0x00, 0x00, 0xF0, 0x00, 0x00, 0xF8, 0x00, 0x00, 0xF8, 0x00, 0x00, 0x78,
    0x00, 0x00, 0x7C, 0x00, 0x00, 0x7C, 0x00, 0x10, 0x3E, 0x00, 0x38, 0x1F, 0x00, 0xF0, 0x0F, 0xFF,
    0xE0, 0x07, 0xFF, 0xC0, 0x00, 0xFF, 0x00, 0xFF, 0xFE, 0x00, 0xFF, 0xFF, 0xC0, 0x3F, 0xFF, 0xF0,
    0x1E, 0x01, 0xF8, 0x1E, 0x00, 0xF8, 0x1E, 0x00, 0x7C, 0x1E, 0x00, 0x3E, 0x1E, 0x00, 0x3E, 0x1E,
    0x00, 0x1E, 0x1E, 0x00, 0x1E, 0x1E, 0x00, 0x1E, 0x1E, 0x00, 0x1E, 0x1E, 0x00, 0x1E, 0x1E, 0x00,
    0x1E, 0x1E, 0x00, 0x1E, 0x1E, 0x00, 0x3E, 0x1E, 0x00, 0x3C, 0x1E, 0x00, 0x3C, 0x1E, 0x00, 0x78,
    0x1E, 0x00, 0xF8, 0x1E, 0x01, 0xF0, 0x3F, 0xFF, 0xE0, 0xFF, 0xFF, 0x80, 0xFF, 0xFC, 0x00, 0xFF,
    0xFF, 0x80, 0xFF, 0xFF, 0xC0, 0x3F, 0xFF, 0xC0, 0x1E, 0x03, 0xC0, 0x1E, 0x01, 0xC0, 0x1E, 0x00,
    0xC0, 0x1E, 0x00, 0x80, 0x1E, 0x00, 0x00, 0x1E, 0x06, 0x00, 0x1E, 0x0E, 0x00, 0x1F, 0xFE, 0x00,
    0x1F, 0xFE, 0x00, 0x1F, 0xFE, 0x00, 0x1E, 0x0E, 0x00, 0x1E, 0x06, 0x00, 0x1E, 0x06, 0x00, 0x1E,
    0x00, 0x00, 0x1E, 0x00, 0x60, 0x1E, 0x00, 0xE0, 0x1E, 0x00, 0xE0, 0x1E, 0x01, 0xE0, 0x3F, 0x03,
    0xE0, 0xFF, 0xFF, 0xE0, 0xFF, 0xFF, 0xE0, 0xFF, 0xFF, 0xC0, 0xFF, 0xFF, 0xC0, 0x3F, 0xFF, 0xC0,
    0x1E, 0x03, 0xC0, 0x1E, 0x01, 0xC0, 0x1E, 0x00, 0xE0, 0x1E, 0x00, 0xC0, 0x1E, 0x00, 0x00, 0x1E,
    0x06, 0x00, 0x1E, 0x06, 0x00, 0x1E, 0x0E, 0x00, 0x1F, 0xFE, 0x00, 0x1F, 0xFE, 0x00, 0x1F, 0xFE,
    0x00, 0x1E, 0x0E, 0x00, 0x1E, 0x06, 0x00, 0x1E, 0x06, 0x00, 0x1E, 0x00, 0x00, 0x1E, 0x00, 0x00,
    0x1E, 0x00, 0x00, 0x1E, 0x00, 0x00, 0x3F, 0x00, 0x00, 0xFF, 0xE0, 0x00, 0xFF, 0xE0, 0x00, 0x01,
    0xFE, 0x70, 0x07, 0xFF, 0xF0, 0x0F, 0xFF, 0xF0, 0x1F, 0x01, 0xF0, 0x3E, 0x00, 0x78, 0x7C, 0x00,
    0x78, 0x78, 0x00, 0x38, 0x78, 0x00, 0x38, 0xF8, 0x00, 0x00, 0xF8, 0x00, 0x00, 0xF0, 0x00, 0x00,
    0xF0, 0x00, 0x00, 0xF0, 0x03, 0xFF, 0xF0, 0x03, 0xFF, 0xF8, 0x00, 0xFC, 0xF8, 0x00, 0x78, 0xF8,
    0x00, 0x78, 0x78, 0x00, 0x78, 0x7C, 0x00, 0x78, 0x3E, 0x00, 0xF8, 0x1F, 0x01, 0xF8, 0x0F, 0xFF,
    0xF8, 0x07, 0xFF, 0xF8, 0x01, 0xFE, 0x38, 0xFF, 0xC1, 0xFF, 0x80, 0xFF, 0xC1, 0xFF, 0x80, 0x3F,
    0x00, 0x7E, 0x00, 0x1E, 0x00, 0x3C, 0x00, 0x1E, 0x00, 0x3C, 0x00, 0x1E, 0x00, 0x3C, 0x00, 0x1E,
    0x00, 0x3C, 0x00, 0x1E, 0x00, 0x3C, 0x00, 0x1E, 0x00, 0x3C, 0x00, 0x1E, 0x00, 0x3C, 0x00, 0x1F,
    0xFF, 0xFC, 0x00, 0x1F, 0xFF, 0xFC, 0x00, 0x1F, 0xFF, 0xFC, 0x00, 0x1E, 0x00, 0x3C, 0x00, 0x1E,
    0x00, 0x3C, 0x00, 0x1E, 0x00, 0x3C, 0x00, 0x1E, 0x00, 0x3C, 0x00, 0x1E, 0x00, 0x3C, 0x00, 0x1E,
    0x00, 0x3C, 0x00, 0x1E, 0x00, 0x3C, 0x00, 0x1E, 0x00, 0x3C, 0x00, 0x3F, 0x00, 0x7E, 0x00, 0xFF,
    0xC1, 0xFF, 0x80, 0xFF, 0xC1, 0xFF, 0x80, 0xFF, 0xC0, 0xFF, 0xC0, 0x3F, 0x00, 0x1E, 0x00, 0x1E,
    0x00, 0x1E, 0x00, 0x1E, 0x00, 0x1E, 0x00, 0x1E, 0x00, 0x1E, 0x00, 0x1E, 0x00, 0x1E, 0x00, 0x1E,
    0x00, 0x1E, 0x00, 0x1E, 0x00, 0x1E, 0x00, 0x1E, 0x00, 0x1E, 0x00, 0x1E, 0x00, 0x1E, 0x00, 0x1E,
    0x00, 0x3F, 0x00, 0xFF, 0xC0, 0xFF, 0xC0, 0x01, 0xFF, 0xC0, 0x01, 0xFF, 0xC0, 0x00, 0x3F, 0x00,
    0x00, 0x1E, 0x00, 0x00, 0x1E, 0x00, 0x00, 0x1E, 0x00, 0x00, 0x1E, 0x00, 0x00, 0x1E, 0x00, 0x00,
    0x1E, 0x00, 0x00, 0x1E, 0x00, 0x00, 0x1E, 0x00, 0x00, 0x1E, 0x00, 0x00, 0x1E, 0x00, 0x00, 0x1E,
    0x00, 0x00, 0x1E, 0x00, 0x00, 0x1E, 0x00, 0x00, 0x1E, 0x00, 0x78, 0x1E, 0x00, 0x7C, 0x3E, 0x00,
    0xF8, 0x3E, 0x00, 0x78, 0x3C, 0x00, 0x7F, 0xF8, 0x00, 0x3F, 0xF0, 0x00, 0x0F, 0xE0, 0x00, 0xFF,
    0xC7, 0xFE, 0xFF, 0xC7, 0xFE, 0x3F, 0x01, 0xF8, 0x1E, 0x01, 0xE0, 0x1E, 0x03, 0xC0, 0x1E, 0x07,
    0x80, 0x1E, 0x0F, 0x00, 0x1E, 0x1E, 0x00, 0x1E, 0x3C, 0x00, 0x1E, 0x78, 0x00, 0x1E, 0xF8, 0x00,
    0x1F, 0xF8, 0x00, 0x1F, 0xFC, 0x00, 0x1F, 0x3E, 0x00, 0x1F, 0x3E, 0x00, 0x1E, 0x1F, 0x00, 0x1E,
    0x0F, 0x80, 0x1E, 0x0F, 0x80, 0x1E, 0x07, 0xC0, 0x1E, 0x07, 0xE0, 0x1E, 0x03, 0xF0, 0xFF, 0xC1,
    0xFF, 0xFF, 0xC0, 0xFF, 0xFF, 0xC0, 0x7E, 0xFF, 0xE0, 0x00, 0xFF, 0xE0, 0x00, 0x3F, 0x00, 0x00,
    0x1E, 0x00, 0x00, 0x1E, 0x00, 0x00, 0x1E, 0x00, 0x00, 0x1E, 0x00, 0x00, 0x1E, 0x00, 0x00, 0x1E,
    0x00, 0x00, 0x1E, 0x00, 0x00, 0x1E, 0x00, 0x00, 0x1E, 0x00, 0x00, 0x1E, 0x00, 0x00, 0x1E, 0x00,
    0x00, 0x1E, 0x00, 0x00, 0x1E, 0x00, 0x00, 0x1E, 0x00, 0x60, 0x1E, 0x00, 0xE0, 0x1E, 0x00, 0xE0,
    0x1E, 0x01, 0xE0, 0x1E, 0x01, 0xE0, 0x3F, 0x0F, 0xE0, 0xFF, 0xFF, 0xC0, 0xFF, 0xFF, 0xC0, 0x7F,
    0xC0, 0x03, 0xFC, 0x7F, 0xE0, 0x07, 0xFC, 0x1F, 0xE0, 0x07, 0xF0, 0x1F, 0xE0, 0x0F, 0xE0, 0x1F,
    0xF0, 0x0F, 0xE0, 0x1D, 0xF0, 0x0F, 0xE0, 0x1D, 0xF0, 0x1D, 0xE0, 0x1C, 0xF8, 0x1D, 0xE0, 0x1C,
    0xF8, 0x1D, 0xE0, 0x1C, 0xF8, 0x39, 0xE0, 0x1C, 0x7C, 0x39, 0xE0, 0x1C, 0x7C, 0x71, 0xF0, 0x1C,
    0x3C, 0x71, 0xF0, 0x1C, 0x3E, 0x71, 0xF0, 0x1C, 0x1E, 0xE1, 0xF0, 0x1C, 0x1F, 0xE1, 0xF0, 0x1C,
    0x1F, 0xC1, 0xF0, 0x1C, 0x0F, 0xC1, 0xF0, 0x1C, 0x0F, 0xC1, 0xF0, 0x1C, 0x07, 0x81, 0xF0, 0x1C,
    0x00, 0x01, 0xF0, 0x3E, 0x00, 0x01, 0xF8, 0xFF, 0x80, 0x07, 0xFE, 0xFF, 0x80, 0x07, 0xFE, 0xFF,
    0x80, 0xFF, 0x80, 0xFF, 0x80, 0xFF, 0x80, 0x3F, 0xC0, 0x3E, 0x00, 0x1F, 0xC0, 0x1C, 0x00, 0x1F,
    0xE0, 0x1C, 0x00, 0x1F, 0xF0, 0x1C, 0x00, 0x1D, 0xF0, 0x1C, 0x00, 0x1C, 0xF8, 0x1C, 0x00, 0x1C,
    0xF8, 0x1C, 0x00, 0x1C, 0x7C, 0x1C, 0x00, 0x1C, 0x7C, 0x1C, 0x00, 0x1C, 0x3E, 0x1C, 0x00, 0x1C,
    0x1F, 0x1C, 0x00, 0x1C, 0x1F, 0x1C, 0x00, 0x1C, 0x0F, 0x9C, 0x00, 0x1C, 0x0F, 0x9C, 0x00, 0x1C,
    0x07, 0xDC, 0x00, 0x1C, 0x03, 0xDC, 0x00, 0x1C, 0x03, 0xFC, 0x00, 0x1C, 0x01, 0xFC, 0x00, 0x1C,
    0x01, 0xFC, 0x00, 0x3E, 0x00, 0xFC, 0x00, 0xFF, 0x80, 0x7C, 0x00, 0xFF, 0x80, 0x7C, 0x00, 0x00,
    0xFF, 0x00, 0x07, 0xFF, 0xC0, 0x0F, 0xFF, 0xF0, 0x1F, 0x01, 0xF8, 0x3E, 0x00, 0xF8, 0x3C, 0x00,
    0x7C, 0x78, 0x00, 0x3C, 0x78, 0x00, 0x3E, 0xF8, 0x00, 0x3E, 0xF8, 0x00, 0x1E, 0xF0, 0x00, 0x1E,
    0xF0, 0x00, 0x1E, 0xF0, 0x00, 0x1E, 0xF0, 0x00, 0x1E, 0xF8, 0x00, 0x1E, 0xF8, 0x00, 0x1E, 0xF8,
    0x00, 0x3E, 0x7C, 0x00, 0x3C, 0x7C, 0x00, 0x3C, 0x3E, 0x00, 0x78, 0x1F, 0x00, 0xF0, 0x0F, 0xFF,
    0xE0, 0x07, 0xFF, 0xC0, 0x01, 0xFE, 0x00, 0xFF, 0xFC, 0x00, 0xFF, 0xFF, 0x00, 0x3F, 0xFF, 0x80,
    0x1E, 0x07, 0xC0, 0x1E, 0x03, 0xE0, 0x1E, 0x03, 0xE0, 0x1E, 0x03, 0xE0, 0x1E, 0x03, 0xE0, 0x1E,
    0x03, 0xE0, 0x1E, 0x03, 0xE0, 0x1E, 0x03, 0xC0, 0x1E, 0x07, 0xC0, 0x1F, 0xFF, 0x80, 0x1F, 0xFF,
    0x00, 0x1F, 0xFC, 0x00, 0x1E, 0x00, 0x00, 0x1E, 0x00, 0x00, 0x1E, 0x00, 0x00, 0x1E, 0x00, 0x00,
    0x1E, 0x00, 0x00, 0x1E, 0x00, 0x00, 0x3F, 0x00, 0x00, 0xFF, 0xE0, 0x00, 0xFF, 0xE0, 0x00, 0x00,
    0xFF, 0x00, 0x00, 0x07, 0xFF, 0xC0, 0x00, 0x0F, 0xFF, 0xF0, 0x00, 0x1F, 0x01, 0xF8, 0x00, 0x3E,
    0x00, 0xF8, 0x00, 0x3C, 0x00, 0x7C, 0x00, 0x78, 0x00, 0x3C, 0x00, 0x78, 0x00, 0x3E, 0x00, 0xF8,
    0x00, 0x3E, 0x00, 0xF8, 0x00, 0x1E, 0x00, 0xF0, 0x00, 0x1E, 0x00, 0xF0, 0x00, 0x1E, 0x00, 0xF0,
    0x00, 0x1E, 0x00, 0xF8, 0x00, 0x1E, 0x00, 0xF8, 0x40, 0x1E, 0x00, 0xFB, 0xF8, 0x3E, 0x00, 0xFF,
    0xFC, 0x3E, 0x00, 0x7E, 0x3E, 0x3C, 0x00, 0x7C, 0x1F, 0x7C, 0x00, 0x3E, 0x0F, 0xF8, 0x00, 0x1F,
    0x07, 0xF0, 0x00, 0x0F, 0xFF, 0xE0, 0x00, 0x07, 0xFF, 0xE0, 0x00, 0x01, 0xFF, 0xE0, 0x00, 0x00,
    0x01, 0xF0, 0x00, 0x00, 0x00, 0xFC, 0x38, 0x00, 0x00, 0xFF, 0xF8, 0x00, 0x00, 0x7F, 0xF0, 0x00,
    0x00, 0x3F, 0xE0, 0x00, 0x00, 0x0F, 0x80, 0xFF, 0xFC, 0x00, 0xFF, 0xFF, 0x00, 0x3F, 0xFF, 0xC0,
    0x1E, 0x07, 0xC0, 0x1E, 0x03, 0xE0, 0x1E, 0x03, 0xE0, 0x1E, 0x03, 0xE0, 0x1E, 0x03, 0xE0, 0x1E,
    0x03, 0xC0, 0x1E, 0x07, 0x80, 0x1F, 0xFF, 0x00, 0x1F, 0xFE, 0x00, 0x1F, 0xFC, 0x00, 0x1E, 0x3F,
    0x00, 0x1E, 0x1F, 0x00, 0x1E, 0x0F, 0x80, 0x1E, 0x0F, 0x80, 0x1E, 0x07, 0xC0, 0x1E, 0x07, 0xC0,
    0x1E, 0x07, 0xC0, 0x1E, 0x03, 0xE0, 0x7F, 0x83, 0xFC, 0xFF, 0xE1, 0xFE, 0xFF, 0xE0, 0xFC, 0x07,
    0xF3, 0x80, 0x1F, 0xFF, 0x80, 0x3F, 0xFF, 0x80, 0x3C, 0x0F, 0x80, 0x7C, 0x03, 0x80, 0x78, 0x03,
    0x80, 0x7C, 0x01, 0x80, 0x7C, 0x00, 0x00, 0x7E, 0x00, 0x00, 0x3F, 0xC0, 0x00, 0x3F, 0xF0, 0x00,
    0x1F, 0xFE, 0x00, 0x07, 0xFF, 0x00, 0x00, 0xFF, 0x80, 0x00, 0x1F, 0xC0, 0x00, 0x0F, 0xC0, 0x40,
    0x07, 0xC0, 0xE0, 0x03, 0xC0, 0xF0, 0x03, 0xC0, 0xF8, 0x07, 0xC0, 0xFC, 0x07, 0x80, 0x7F, 0xFF,
    0x00, 0x6F, 0xFE, 0x00, 0x63, 0xF8, 0x00, 0x7F, 0xFF, 0xFE, 0x7F, 0xFF, 0xFE, 0x7F, 0xFF, 0xFE,
    0x78, 0x3C, 0x1E, 0x70, 0x3C, 0x0E, 0xE0, 0x3C, 0x0F, 0xE0, 0x3C, 0x07, 0x60, 0x3C, 0x06, 0x00,
    0x3C, 0x00, 0x00, 0x3C, 0x00, 0x00, 0x3C, 0x00, 0x00, 0x3C, 0x00, 0x00, 0x3C, 0x00, 0x00, 0x3C,
    0x00, 0x00, 0x3C, 0x00, 0x00, 0x3C, 0x00, 0x00, 0x3C, 0x00, 0x00, 0x3C, 0x00, 0x00, 0x3C, 0x00,
    0x00, 0x3C, 0x00, 0x00, 0x3C, 0x00, 0x00, 0x7E, 0x00, 0x03, 0xFF, 0xC0, 0x03, 0xFF, 0xC0, 0xFF,
    0xC0, 0xFF, 0x80, 0xFF, 0xC0, 0xFF, 0x80, 0x3F, 0x00, 0x1E, 0x00, 0x1E, 0x00, 0x1C, 0x00, 0x1E,
    0x00, 0x1C, 0x00, 0x1E, 0x00, 0x1C, 0x00, 0x1E, 0x00, 0x1C, 0x00, 0x1E, 0x00, 0x1C, 0x00, 0x1E,
    0x00, 0x1C, 0x00, 0x1E, 0x00, 0x1C, 0x00, 0x1E, 0x00, 0x1C, 0x00, 0x1E, 0x00, 0x1C, 0x00, 0x1E,
    0x00, 0x1C, 0x00, 0x1E, 0x00, 0x1C, 0x00, 0x1E, 0x00, 0x1C, 0x00, 0x1E, 0x00, 0x1C, 0x00, 0x1F,
    0x00, 0x1C, 0x00, 0x1F, 0x00, 0x1C, 0x00, 0x1F, 0x00, 0x38, 0x00, 0x0F, 0x80, 0x78, 0x00, 0x0F,
    0xC0, 0xF0, 0x00, 0x07, 0xFF, 0xF0, 0x00, 0x03, 0xFF, 0xE0, 0x00, 0x00, 0xFF, 0x80, 0x00, 0xFF,
    0xC0, 0xFF, 0x80, 0xFF, 0xC0, 0xFF, 0x80, 0x3F, 0x00, 0x3E, 0x00, 0x1E, 0x00, 0x3C, 0x00, 0x1F,
    0x00, 0x3C, 0x00, 0x1F, 0x00, 0x38, 0x00, 0x0F, 0x00, 0x38, 0x00, 0x0F, 0x80, 0x78, 0x00, 0x0F,
    0x80, 0x70, 0x00, 0x07, 0x80, 0x70, 0x00, 0x07, 0xC0, 0xE0, 0x00, 0x03, 0xC0, 0xE0, 0x00, 0x03,
    0xC0, 0xE0, 0x00, 0x03, 0xE1, 0xC0, 0x00, 0x01, 0xE1, 0xC0, 0x00, 0x01, 0xE1, 0xC0, 0x00, 0x01,
    0xF3, 0x80, 0x00, 0x00, 0xF3, 0x80, 0x00, 0x00, 0xF3, 0x80, 0x00, 0x00, 0xFF, 0x00, 0x00, 0x00,
    0x7F, 0x00, 0x00, 0x00, 0x7E, 0x00, 0x00, 0x00, 0x7E, 0x00, 0x00, 0x00, 0x3E, 0x00, 0x00, 0xFF,
    0xC0, 0xF8, 0x0F, 0xF8, 0xFF, 0xC0, 0xF8, 0x0F, 0xF8, 0x3F, 0x00, 0xFC, 0x03, 0xE0, 0x1F, 0x00,
    0xFC, 0x03, 0xC0, 0x1F, 0x01, 0xFC, 0x03, 0xC0, 0x1F, 0x01, 0xFE, 0x03, 0x80, 0x0F, 0x01, 0xDE,
    0x03, 0x80, 0x0F, 0x01, 0x9E, 0x03, 0x80, 0x0F, 0x83, 0x9E, 0x07, 0x00, 0x0F, 0x83, 0x9F, 0x07,
    0x00, 0x07, 0x83, 0x8F, 0x07, 0x00, 0x07, 0x87, 0x0F, 0x07, 0x00, 0x07, 0xC7, 0x0F, 0x8E, 0x00,
    0x07, 0xC7, 0x07, 0x8E, 0x00, 0x03, 0xC7, 0x07, 0x8E, 0x00, 0x03, 0xCE, 0x07, 0x8E, 0x00, 0x03,
    0xCE, 0x07, 0xCC, 0x00, 0x03, 0xEE, 0x03, 0xDC, 0x00, 0x01, 0xEE, 0x03, 0xDC, 0x00, 0x01, 0xFC,
    0x03, 0xFC, 0x00, 0x01, 0xFC, 0x03, 0xF8, 0x00, 0x01, 0xFC, 0x01, 0xF8, 0x00, 0x00, 0xFC, 0x01,
    0xF8, 0x00, 0x00, 0xF8, 0x01, 0xF0, 0x00, 0xFF, 0xC1, 0xFE, 0xFF, 0xC1, 0xFE, 0x3F, 0x00, 0xF8,
    0x1F, 0x00, 0x70, 0x0F, 0x80, 0xE0, 0x07, 0xC1, 0xC0, 0x07, 0xE3, 0xC0, 0x03, 0xE3, 0x80, 0x01,
    0xF7, 0x00, 0x00, 0xFE, 0x00, 0x00, 0xFE, 0x00, 0x00, 0x7C, 0x00, 0x00, 0x3E, 0x00, 0x00, 0x7F,
    0x00, 0x00, 0xFF, 0x00, 0x01, 0xEF, 0x80, 0x01, 0xC7, 0xC0, 0x03, 0x83, 0xE0, 0x07, 0x83, 0xE0,
    0x0F, 0x01, 0xF0, 0x1E, 0x00, 0xF8, 0x3E, 0x00, 0xFC, 0xFF, 0x83, 0xFF, 0xFF, 0x83, 0xFF, 0xFF,
    0xC1, 0xFF, 0xFF, 0xC1, 0xFF, 0x3F, 0x00, 0x7C, 0x1E, 0x00, 0x78, 0x0F, 0x00, 0x70, 0x0F, 0x80,
    0xF0, 0x07, 0x80, 0xE0, 0x03, 0xC1, 0xC0, 0x03, 0xE1, 0xC0, 0x01, 0xE3, 0x80, 0x01, 0xF7, 0x80,
    0x00, 0xFF, 0x00, 0x00, 0x7E, 0x00, 0x00, 0x7E, 0x00, 0x00, 0x3C, 0x00, 0x00, 0x3C, 0x00, 0x00,
    0x3C, 0x00, 0x00, 0x3C, 0x00, 0x00, 0x3C, 0x00, 0x00, 0x3C, 0x00, 0x00, 0x3C, 0x00, 0x00, 0x7E,
    0x00, 0x03, 0xFF, 0x80, 0x03, 0xFF, 0x80, 0x7F, 0xFF, 0xF0, 0x7F, 0xFF, 0xF0, 0x7F, 0xFF, 0xF0,
    0x78, 0x03, 0xE0, 0x78, 0x07, 0xC0, 0x70, 0x07, 0xC0, 0x70, 0x0F, 0x80, 0x00, 0x1F, 0x00, 0x00,
    0x3F, 0x00, 0x00, 0x3E, 0x00, 0x00, 0x7C, 0x00, 0x00, 0xF8, 0x00, 0x01, 0xF8, 0x00, 0x01, 0xF0,
    0x00, 0x03, 0xE0, 0x00, 0x07, 0xC0, 0x00, 0x0F, 0xC0, 0x00, 0x0F, 0x80, 0x30, 0x1F, 0x00, 0x70,
    0x3E, 0x00, 0x70, 0x7E, 0x00, 0xF0, 0x7C, 0x03, 0xF0, 0xFF, 0xFF, 0xF0, 0xFF, 0xFF, 0xF0, 0xFE,
    0xFE, 0xFE, 0xF0, 0xF0, 0xF0, 0xF0, 0xF0, 0xF0, 0xF0, 0xF0, 0xF0, 0xF0, 0xF0, 0xF0, 0xF0, 0xF0,
    0xF0, 0xF0, 0xF0, 0xF0, 0xF0, 0xF0, 0xF0, 0xF0, 0xF0, 0xF0, 0xF0, 0xF0, 0xF0, 0xF0, 0xF0, 0xF0,
    0xF0, 0xFE, 0xFE, 0xC0, 0x00, 0xE0, 0x00, 0xE0, 0x00, 0x70, 0x00, 0x70, 0x00, 0x70, 0x00, 0x38,
    0x00, 0x38, 0x00, 0x38, 0x00, 0x1C, 0x00, 0x1C, 0x00, 0x1E, 0x00, 0x0E, 0x00, 0x0E, 0x00, 0x07,
    0x00, 0x07, 0x00, 0x07, 0x00, 0x03, 0x80, 0x03, 0x80, 0x03, 0x80, 0x01, 0xC0, 0x01, 0xC0, 0x01,
    0xE0, 0x00, 0xE0, 0x00, 0xE0, 0x00, 0x70, 0x00, 0x70, 0x00, 0x70, 0x00, 0x38, 0x00, 0x38, 0x00,
    0x38, 0x00, 0x1C, 0x7F, 0xFF, 0xFF, 0x0F, 0x0F, 0x0F, 0x0F, 0x0F, 0x0F, 0x0F, 0x0F, 0x0F, 0x0F,
    0x0F, 0x0F, 0x0F, 0x0F, 0x0F, 0x0F, 0x0F, 0x0F, 0x0F, 0x0F, 0x0F, 0x0F, 0x0F, 0x0F, 0x0F, 0x0F,
    0x0F, 0x0F, 0x0F, 0x0F, 0x1F, 0xFF, 0xFF, 0x01, 0xC0, 0x00, 0x03, 0xC0, 0x00, 0x07, 0xE0, 0x00,
    0x07, 0xF0, 0x00, 0x0F, 0x70, 0x00, 0x1E, 0x78, 0x00, 0x1C, 0x3C, 0x00, 0x3C, 0x1C, 0x00, 0x78,
    0x0E, 0x00, 0x70, 0x0F, 0x00, 0xE0, 0x07, 0x00, 0xE0, 0x03, 0x80, 0x40, 0x02, 0x00, 0xFF, 0xFF,
    0xFF, 0xFF, 0xFF, 0xFF, 0x60, 0xF0, 0xF8, 0x78, 0x3C, 0x0E, 0x06, 0x0F, 0xE0, 0x00, 0x3F, 0xF8,
    0x00, 0x7F, 0xF8, 0x00, 0xF0, 0x7C, 0x00, 0xF0, 0x3C, 0x00, 0xF0, 0x3C, 0x00, 0x00, 0x3C, 0x00,
    0x00, 0x7C, 0x00, 0x1F, 0xFC, 0x00, 0x7F, 0xFC, 0x00, 0x7E, 0x3C, 0x00, 0xF8, 0x3C, 0x00, 0xF0,
    0x3C, 0x00, 0xF0, 0x3C, 0x00, 0xF8, 0x7C, 0x00, 0xFF, 0xFF, 0x80, 0x7F, 0x9F, 0xC0, 0x3F, 0x0F,
    0x80, 0xFE, 0x00, 0x00, 0xFE, 0x00, 0x00, 0x3E, 0x00, 0x00, 0x1E, 0x00, 0x00, 0x1E, 0x00, 0x00,
    0x1E, 0x00, 0x00, 0x1E, 0x00, 0x00, 0x1E, 0x00, 0x00, 0x1E, 0x3F, 0x00, 0x1E, 0xFF, 0xC0, 0x1F,
    0xFF, 0xC0, 0x1F, 0x83, 0xE0, 0x1F, 0x01, 0xE0, 0x1F, 0x01, 0xF0, 0x1E, 0x01, 0xF0, 0x1E, 0x00,
    0xF0, 0x1E, 0x00, 0xF0, 0x1E, 0x00, 0xF0, 0x1E, 0x01, 0xF0, 0x1E, 0x01, 0xF0, 0x1E, 0x01, 0xE0,
    0x1E, 0x01, 0xE0, 0x1F, 0x03, 0xE0, 0x1F, 0xFF, 0xC0, 0x1F, 0xFF, 0x80, 0x18, 0xFE, 0x00, 0x07,
    0xF0, 0x0F, 0xFC, 0x3F, 0xFE, 0x3C, 0x1E, 0x78, 0x1E, 0xF8, 0x1E, 0xF8, 0x1C, 0xF0, 0x00, 0xF0,
    0x00, 0xF0, 0x00, 0xF8, 0x00, 0xF8, 0x00, 0xF8, 0x00, 0x7C, 0x00, 0x7F, 0x0E, 0x3F, 0xFE, 0x1F,
    0xFC, 0x07, 0xF0, 0x00, 0x3F, 0x80, 0x00, 0x3F, 0x80, 0x00, 0x0F, 0x80, 0x00, 0x07, 0x80, 0x00,
    0x07, 0x80, 0x00, 0x07, 0x80, 0x00, 0x07, 0x80, 0x00, 0x07, 0x80, 0x07, 0xFF, 0x80, 0x1F, 0xFF,
    0x80, 0x3F, 0xFF, 0x80, 0x3C, 0x0F, 0x80, 0x78, 0x07, 0x80, 0x78, 0x07, 0x80, 0xF8, 0x07, 0x80,
    0xF0, 0x07, 0x80, 0xF0, 0x07, 0x80, 0xF0, 0x07, 0x80, 0xF0, 0x07, 0x80, 0xF8, 0x07, 0x80, 0xF8,
    0x0F, 0x80, 0x78, 0x0F, 0x80, 0x7C, 0x1F, 0x80, 0x3F, 0xFF, 0xC0, 0x1F, 0xF7, 0xF0, 0x0F, 0xC7,
    0xF0, 0x07, 0xF0, 0x0F, 0xFC, 0x3F, 0xFE, 0x3C, 0x1F, 0x78, 0x1F, 0x78, 0x0F, 0xF0, 0x0F, 0xFF,
    0xFF, 0xFF, 0xFF, 0xFF, 0xFE, 0xF0, 0x00, 0xF8, 0x00, 0xF8, 0x00, 0x7C, 0x00, 0x7E, 0x07, 0x3F,
    0xFF, 0x1F, 0xFE, 0x07, 0xF0, 0x01, 0xF8, 0x07, 0xFC, 0x0F, 0xFE, 0x1F, 0x1E, 0x1E, 0x1E, 0x1E,
    0x1C, 0x1E, 0x00, 0x1E, 0x00, 0x1E, 0x00, 0xFF, 0xF0, 0xFF, 0xF0, 0xFF, 0xF0, 0x1E, 0x00, 0x1E,
    0x00, 0x1E, 0x00, 0x1E, 0x00, 0x1E, 0x00, 0x1E, 0x00, 0x1E, 0x00, 0x1E, 0x00, 0x1E, 0x00, 0x1E,
    0x00, 0x1E, 0x00, 0x1E, 0x00, 0x3F, 0x00, 0xFF, 0xE0, 0xFF, 0xE0, 0x00, 0x01, 0xE0, 0x00, 0x03,
    0xF0, 0x00, 0x07, 0xE0, 0x07, 0xFF, 0xE0, 0x1F, 0xFE, 0x00, 0x3F, 0xFE, 0x00, 0x7C, 0x1E, 0x00,
    0x78, 0x1F, 0x00, 0x78, 0x0F, 0x00, 0x78, 0x1F, 0x00, 0x7C, 0x1F, 0x00, 0x7E, 0x3E, 0x00, 0x3F,
    0xFE, 0x00, 0x1F, 0xF8, 0x00, 0x38, 0x80, 0x00, 0x70, 0x00, 0x00, 0x70, 0x00, 0x00, 0x78, 0x00,
    0x00, 0x7F, 0xFF, 0x00, 0x3F, 0xFF, 0x80, 0x1F, 0xFF, 0xC0, 0x78, 0x07, 0xC0, 0xF8, 0x03, 0xC0,
    0xF0, 0x03, 0xC0, 0xF8, 0x07, 0xC0, 0xFF, 0xFF, 0x80, 0x7F, 0xFF, 0x00, 0x1F, 0xF8, 0x00, 0xFC,
    0x00, 0x00, 0xFC, 0x00, 0x00, 0x7C, 0x00, 0x00, 0x3C, 0x00, 0x00, 0x3C, 0x00, 0x00, 0x3C, 0x00,
    0x00, 0x3C, 0x00, 0x00, 0x3C, 0x00, 0x00, 0x3C, 0x7E, 0x00, 0x3D, 0xFF, 0x80, 0x3F, 0xFF, 0xC0,
    0x3F, 0x07, 0xC0, 0x3E, 0x03, 0xC0, 0x3E, 0x03, 0xC0, 0x3C, 0x03, 0xC0, 0x3C, 0x03, 0xC0, 0x3C,
    0x03, 0xC0, 0x3C, 0x03, 0xC0, 0x3C, 0x03, 0xC0, 0x3C, 0x03, 0xC0, 0x3C, 0x03, 0xC0, 0x3C, 0x03,
    0xC0, 0x3C, 0x03, 0xC0, 0x7E, 0x07, 0xE0, 0xFF, 0x8F, 0xF8, 0xFF, 0x8F, 0xF8, 0x1C, 0x00, 0x3E,
    0x00, 0x3E, 0x00, 0x3E, 0x00, 0x1C, 0x00, 0x00, 0x00, 0x00, 0x00, 0x00, 0x00, 0xFE, 0x00, 0xFE,
    0x00, 0x7E, 0x00, 0x1E, 0x00, 0x1E, 0x00, 0x1E, 0x00, 0x1E, 0x00, 0x1E, 0x00, 0x1E, 0x00, 0x1E,
    0x00, 0x1E, 0x00, 0x1E, 0x00, 0x1E, 0x00, 0x1E, 0x00, 0x1E, 0x00, 0x3F, 0x00, 0xFF, 0xC0, 0xFF,
    0xC0, 0x1C, 0x3E, 0x3E, 0x3E, 0x1C, 0x00, 0x00, 0x00, 0xFE, 0xFE, 0x3E, 0x1E, 0x1E, 0x1E, 0x1E,
    0x1E, 0x1E, 0x1E, 0x1E, 0x1E, 0x1E, 0x1E, 0x1E, 0x1E, 0x1E, 0x1E, 0x1E, 0x1E, 0x3C, 0x3C, 0x78,
    0xF0, 0x60, 0xFE, 0x00, 0x00, 0xFE, 0x00, 0x00, 0x3E, 0x00, 0x00, 0x1E, 0x00, 0x00, 0x1E, 0x00,
    0x00, 0x1E, 0x00, 0x00, 0x1E, 0x00, 0x00, 0x1E, 0x00, 0x00, 0x1E, 0x1F, 0xF0, 0x1E, 0x1F, 0xF0,
    0x1E, 0x07, 0xC0, 0x1E, 0x0F, 0x00, 0x1E, 0x1E, 0x00, 0x1E, 0x3C, 0x00, 0x1E, 0x78, 0x00, 0x1E,
    0xF0, 0x00, 0x1F, 0xF0, 0x00, 0x1E, 0xF8, 0x00, 0x1E, 0x7C, 0x00, 0x1E, 0x7E, 0x00, 0x1E, 0x3E,
    0x00, 0x1E, 0x1F, 0x00, 0x1E, 0x0F, 0x80, 0x3F, 0x07, 0xF0, 0xFF, 0x83, 0xF8, 0xFF, 0x81, 0xF0,
    0xFE, 0x00, 0xFE, 0x00, 0x7E, 0x00, 0x1E, 0x00, 0x1E, 0x00, 0x1E, 0x00, 0x1E, 0x00, 0x1E, 0x00,
    0x1E, 0x00, 0x1E, 0x00, 0x1E, 0x00, 0x1E, 0x00, 0x1E, 0x00, 0x1E, 0x00, 0x1E, 0x00, 0x1E, 0x00,
    0x1E, 0x00, 0x1E, 0x00, 0x1E, 0x00, 0x1E, 0x00, 0x1E, 0x00, 0x1E, 0x00, 0x1E, 0x00, 0x3F, 0x00,
    0xFF, 0xC0, 0xFF, 0xC0, 0xFC, 0x3E, 0x07, 0xC0, 0xFC, 0xFF, 0x9F, 0xF0, 0x7F, 0xFF, 0xFF, 0xF0,
    0x1F, 0x07, 0xE0, 0xF8, 0x1F, 0x07, 0xE0, 0xF8, 0x1E, 0x03, 0xC0, 0x78, 0x1E, 0x03, 0xC0, 0x78,
    0x1E, 0x03, 0xC0, 0x78, 0x1E, 0x03, 0xC0, 0x78, 0x1E, 0x03, 0xC0, 0x78, 0x1E, 0x03, 0xC0, 0x78,
    0x1E, 0x03, 0xC0, 0x78, 0x1E, 0x03, 0xC0, 0x78, 0x1E, 0x03, 0xC0, 0x78, 0x1E, 0x03, 0xC0, 0x78,
    0x3F, 0x07, 0xE0, 0xFC, 0xFF, 0x8F, 0xF1, 0xFF, 0xFF, 0x8F, 0xF1, 0xFF, 0xFC, 0x3E, 0x00, 0xFC,
    0xFF, 0x80, 0x7F, 0xFF, 0xC0, 0x1F, 0x07, 0xC0, 0x1F, 0x03, 0xC0, 0x1E, 0x03, 0xC0, 0x1E, 0x03,
    0xC0, 0x1E, 0x03, 0xC0, 0x1E, 0x03, 0xC0, 0x1E, 0x03, 0xC0, 0x1E, 0x03, 0xC0, 0x1E, 0x03, 0xC0,
    0x1E, 0x03, 0xC0, 0x1E, 0x03, 0xC0, 0x1E, 0x03, 0xC0, 0x3F, 0x07, 0xE0, 0xFF, 0x8F, 0xF8, 0xFF,
    0x8F, 0xF8, 0x03, 0xF8, 0x00, 0x0F, 0xFE, 0x00, 0x3F, 0xFF, 0x00, 0x3C, 0x0F, 0x80, 0x78, 0x0F,
    0x80, 0x78, 0x07, 0xC0, 0xF8, 0x07, 0xC0, 0xF0, 0x07, 0xC0, 0xF0, 0x03, 0xC0, 0xF0, 0x03, 0xC0,
    0xF8, 0x03, 0xC0, 0xF8, 0x07, 0xC0, 0xF8, 0x07, 0x80, 0x7C, 0x07, 0x80, 0x7E, 0x0F, 0x00, 0x3F,
    0xFF, 0x00, 0x1F, 0xFC, 0x00, 0x07, 0xF8, 0x00, 0xFC, 0x3E, 0x00, 0xFE, 0xFF, 0x80, 0x7F, 0xFF,
    0xC0, 0x3F, 0x83, 0xC0, 0x1F, 0x03, 0xE0, 0x1E, 0x03, 0xE0, 0x1E, 0x01, 0xE0, 0x1E, 0x01, 0xE0,
    0x1E, 0x01, 0xE0, 0x1E, 0x01, 0xE0, 0x1E, 0x01, 0xE0, 0x1E, 0x01, 0xE0, 0x1E, 0x03, 0xE0, 0x1E,
    0x03, 0xC0, 0x1F, 0x07, 0xC0, 0x1F, 0xFF, 0x80, 0x1F, 0xFF, 0x00, 0x1E, 0xFE, 0x00, 0x1E, 0x00,
    0x00, 0x1E, 0x00, 0x00, 0x1E, 0x00, 0x00, 0x1E, 0x00, 0x00, 0x3F, 0x00, 0x00, 0xFF, 0xC0, 0x00,
    0xFF, 0xC0, 0x00, 0x07, 0xF1, 0x80, 0x1F, 0xFF, 0x80, 0x3F, 0xFF, 0x80, 0x3C, 0x0F, 0x80, 0x78,
    0x07, 0x80, 0x78, 0x07, 0x80, 0xF8, 0x07, 0x80, 0xF0, 0x07, 0x80, 0xF0, 0x07, 0x80, 0xF0, 0x07,
    0x80, 0xF0, 0x07, 0x80, 0xF8, 0x07, 0x80, 0xF8, 0x0F, 0x80, 0x78, 0x0F, 0x80, 0x7C, 0x1F, 0x80,
    0x3F, 0xFF, 0x80, 0x1F, 0xF7, 0x80, 0x0F, 0xC7, 0x80, 0x00, 0x07, 0x80, 0x00, 0x07, 0x80, 0x00,
    0x07, 0x80, 0x00, 0x07, 0x80, 0x00, 0x0F, 0xC0, 0x00, 0x7F, 0xE0, 0x00, 0x7F, 0xE0, 0xFC, 0x7C,
    0xFC, 0xFE, 0xFF, 0xFE, 0x3F, 0x9F, 0x1F, 0x3E, 0x1E, 0x1E, 0x1E, 0x00, 0x1E, 0x00, 0x1E, 0x00,
    0x1E, 0x00, 0x1E, 0x00, 0x1E, 0x00, 0x1E, 0x00, 0x1E, 0x00, 0x1E, 0x00, 0x3F, 0x00, 0xFF, 0xC0,
    0xFF, 0xC0, 0x1F, 0xB0, 0x3F, 0xF0, 0x7F, 0xF0, 0xF0, 0x70, 0xE0, 0x38, 0xE0, 0x30, 0xF8, 0x00,
    0x7F, 0x00, 0x7F, 0xE0, 0x1F, 0xF0, 0x03, 0xF8, 0x00, 0x78, 0xC0, 0x38, 0xE0, 0x38, 0xF0, 0x78,
    0xFF, 0xF0, 0xFF, 0xE0, 0xDF, 0xC0, 0x0E, 0x00, 0x0E, 0x00, 0x0E, 0x00, 0x0E, 0x00, 0x1E, 0x00,
    0x3E, 0x00, 0xFF, 0xF0, 0xFF, 0xF0, 0xFF, 0xF0, 0x1E, 0x00, 0x1E, 0x00, 0x1E, 0x00, 0x1E, 0x00,
    0x1E, 0x00, 0x1E, 0x00, 0x1E, 0x00, 0x1E, 0x00, 0x1E, 0x00, 0x1E, 0x00, 0x1E, 0x00, 0x1E, 0x00,
    0x1F, 0xF8, 0x0F, 0xF8, 0x07, 0xE0, 0xFE, 0x0F, 0xC0, 0xFE, 0x0F, 0xC0, 0x3E, 0x07, 0xC0, 0x1E,
    0x03, 0xC0, 0x1E, 0x03, 0xC0, 0x1E, 0x03, 0xC0, 0x1E, 0x03, 0xC0, 0x1E, 0x03, 0xC0, 0x1E, 0x03,
    0xC0, 0x1E, 0x03, 0xC0, 0x1E, 0x03, 0xC0, 0x1E, 0x03, 0xC0, 0x1E, 0x03, 0xC0, 0x1F, 0x07, 0xC0,
    0x1F, 0x0F, 0xC0, 0x0F, 0xFF, 0xF8, 0x0F, 0xFB, 0xF8, 0x03, 0xE1, 0xF8, 0xFF, 0x8F, 0xF0, 0xFF,
    0x8F, 0xF0, 0x7E, 0x03, 0xC0, 0x3E, 0x01, 0xC0, 0x1E, 0x03, 0x80, 0x1E, 0x03, 0x80, 0x1F, 0x03,
    0x00, 0x0F, 0x07, 0x00, 0x0F, 0x87, 0x00, 0x0F, 0x8E, 0x00, 0x07, 0x8E, 0x00, 0x07, 0xCC, 0x00,
    0x03, 0xDC, 0x00, 0x03, 0xDC, 0x00, 0x03, 0xF8, 0x00, 0x01, 0xF8, 0x00, 0x01, 0xF8, 0x00, 0x00,
    0xF0, 0x00, 0xFF, 0x87, 0xC1, 0xFC, 0xFF, 0x87, 0xE3, 0xFC, 0x7E, 0x07, 0xE0, 0xF0, 0x3E, 0x07,
    0xE0, 0x60, 0x1E, 0x0F, 0xE0, 0xE0, 0x1E, 0x0F, 0xF0, 0xE0, 0x1F, 0x0C, 0xF0, 0xE0, 0x0F, 0x1C,
    0xF0, 0xC0, 0x0F, 0x1C, 0xF1, 0xC0, 0x0F, 0x1C, 0x79, 0xC0, 0x07, 0x98, 0x79, 0x80, 0x07, 0xB8,
    0x7B, 0x80, 0x07, 0xB8, 0x7B, 0x80, 0x07, 0xF8, 0x3F, 0x00, 0x03, 0xF0, 0x3F, 0x00, 0x03, 0xF0,
    0x3F, 0x00, 0x03, 0xF0, 0x3F, 0x00, 0x01, 0xF0, 0x1E, 0x00, 0xFF, 0x8F, 0xE0, 0xFF, 0x9F, 0xE0,
    0x7F, 0x07, 0xC0, 0x1F, 0x07, 0x00, 0x0F, 0x8E, 0x00, 0x0F, 0x9C, 0x00, 0x07, 0xFC, 0x00, 0x03,
    0xF8, 0x00, 0x01, 0xF0, 0x00, 0x01, 0xF8, 0x00, 0x03, 0xF8, 0x00, 0x03, 0xFC, 0x00, 0x07, 0x3E,
    0x00, 0x0E, 0x1F, 0x00, 0x1C, 0x0F, 0x80, 0x3C, 0x0F, 0xC0, 0xFF, 0x3F, 0xF0, 0xFF, 0x3F, 0xF0,
    0xFF, 0xC7, 0xF0, 0xFF, 0xCF, 0xF0, 0x3E, 0x03, 0xC0, 0x1E, 0x01, 0x80, 0x1F, 0x03, 0x80, 0x0F,
    0x03, 0x80, 0x0F, 0x03, 0x00, 0x0F, 0x87, 0x00, 0x07, 0x86, 0x00, 0x07, 0xCE, 0x00, 0x03, 0xCC,
    0x00, 0x03, 0xFC, 0x00, 0x01, 0xFC, 0x00, 0x01, 0xF8, 0x00, 0x00, 0xF8, 0x00, 0x00, 0xF0, 0x00,
    0x00, 0xF0, 0x00, 0x00, 0x60, 0x00, 0x00, 0xE0, 0x00, 0x00, 0xC0, 0x00, 0x71, 0xC0, 0x00, 0xF9,
    0x80, 0x00, 0xF3, 0x80, 0x00, 0xFF, 0x00, 0x00, 0x7E, 0x00, 0x00, 0x7F, 0xFE, 0x7F, 0xFE, 0x7F,
    0xFE, 0x70, 0x3C, 0x70, 0x78, 0x60, 0xF8, 0x41, 0xF0, 0x01, 0xE0, 0x03, 0xE0, 0x07, 0xC0, 0x07,
    0x80, 0x0F, 0x02, 0x1F, 0x07, 0x3E, 0x07, 0x3C, 0x0E, 0x7C, 0x1E, 0xFF, 0xFE, 0xFF, 0xFE, 0x00,
    0x80, 0x07, 0xE0, 0x0F, 0xE0, 0x1F, 0x00, 0x1E, 0x00, 0x1E, 0x00, 0x1E, 0x00, 0x1F, 0x00, 0x1F,
    0x00, 0x1F, 0x00, 0x0F, 0x00, 0x0F, 0x00, 0x0F, 0x00, 0x0F, 0x00, 0x0F, 0x00, 0x0F, 0x00, 0x1F,
    0x00, 0x7E, 0x00, 0xF8, 0x00, 0xFC, 0x00, 0x1E, 0x00, 0x0F, 0x00, 0x0F, 0x00, 0x0F, 0x00, 0x0F,
    0x00, 0x0F, 0x00, 0x0F, 0x00, 0x1F, 0x00, 0x1F, 0x00, 0x1F, 0x00, 0x1E, 0x00, 0x1E, 0x00, 0x1E,
    0x00, 0x1F, 0x00, 0x1F, 0xE0, 0x0F, 0xE0, 0x07, 0xE0, 0xE0, 0xE0, 0xE0, 0xE0, 0xE0, 0xE0, 0xE0,
    0xE0, 0xE0, 0xE0, 0xE0, 0xE0, 0xE0, 0xE0, 0xE0, 0xE0, 0xE0, 0xE0, 0xE0, 0xE0, 0xE0, 0xE0, 0xE0,
    0xE0, 0xE0, 0xE0, 0xE0, 0xE0, 0xE0, 0xE0, 0xE0, 0xE0, 0x20, 0x00, 0xFC, 0x00, 0xFE, 0x00, 0x3E,
    0x00, 0x1E, 0x00, 0x1E, 0x00, 0x1E, 0x00, 0x1E, 0x00, 0x1E, 0x00, 0x1E, 0x00, 0x1E, 0x00, 0x1E,
    0x00, 0x1E, 0x00, 0x1E, 0x00, 0x1E, 0x00, 0x1E, 0x00, 0x1F, 0x00, 0x0F, 0xC0, 0x03, 0xC0, 0x07,
    0xC0, 0x0F, 0x00, 0x1F, 0x00, 0x1E, 0x00, 0x1E, 0x00, 0x1E, 0x00, 0x1E, 0x00, 0x1E, 0x00, 0x1E,
    0x00, 0x1E, 0x00, 0x1E, 0x00, 0x1E, 0x00, 0x1E, 0x00, 0x1E, 0x00, 0x1E, 0x00, 0xFE, 0x00, 0xFC,
    0x00, 0xF8, 0x00, 0x3F, 0x03, 0x7F, 0xFF, 0xFF, 0xFE, 0x60, 0x7C, 0x70, 0xF8, 0xF8, 0xF8, 0x70,
    0x00, 0x00, 0x30, 0x30, 0x30, 0x30, 0x30, 0x30, 0x70, 0x70, 0x70, 0x78, 0x78, 0x78, 0xF8, 0xF8,
    0xF8, 0xF8, 0xF8, 0x70, 0x00, 0x60, 0x00, 0xE0, 0x00, 0xE0, 0x07, 0xF8, 0x1F, 0xFC, 0x3F, 0xFE,
    0x7D, 0xDE, 0x79, 0xDE, 0xF9, 0xDE, 0xF9, 0x8C, 0xF1, 0x80, 0xF3, 0x80, 0xF3, 0x80, 0xFB, 0x80,
    0xFB, 0x00, 0xFF, 0x00, 0x7F, 0x00, 0x7F, 0x0E, 0x3F, 0xFE, 0x1F, 0xFC, 0x0F, 0xF0, 0x0E, 0x00,
    0x0E, 0x00, 0x03, 0xF8, 0x00, 0x0F, 0xFE, 0x00, 0x1F, 0xFF, 0x00, 0x1E, 0x07, 0x00, 0x3E, 0x0F,
    0x00, 0x3C, 0x0F, 0x00, 0x3C, 0x06, 0x00, 0x3E, 0x00, 0x00, 0x3E, 0x00, 0x00, 0x3E, 0x00, 0x00,
    0x1F, 0x00, 0x00, 0xFF, 0xFC, 0x00, 0xFF, 0xFC, 0x00, 0x7F, 0xFC, 0x00, 0x0F, 0x80, 0x00, 0x07,
    0x80, 0x00, 0x07, 0x80, 0x00, 0x07, 0x80, 0x00, 0x07, 0x81, 0x80, 0x0F, 0x03, 0x80, 0x1F, 0x03,
    0x80, 0x3F, 0xFF, 0x80, 0x7F, 0xFF, 0x80, 0x7F, 0xFF, 0x80, 0xC0, 0x06, 0xE7, 0xEE, 0x7F, 0xFC,
    0x7F, 0xFC, 0x38, 0x3C, 0x70, 0x1C, 0x70, 0x1C, 0x70, 0x1C, 0x70, 0x1C, 0x78, 0x1C, 0x78, 0x38,
    0x7F, 0xFC, 0x7F, 0xFC, 0xEF, 0xCE, 0xC0, 0x06, 0xFF, 0xC1, 0xFF, 0xFF, 0xC1, 0xFF, 0x3F, 0x00,
    0x7C, 0x1F, 0x00, 0x78, 0x1F, 0x00, 0x70, 0x0F, 0x80, 0xE0, 0x07, 0xC0, 0xE0, 0x07, 0xC1, 0xC0,
    0x03, 0xE3, 0x80, 0x01, 0xF3, 0x80, 0x3F, 0xF7, 0xF0, 0x7F, 0xFF, 0xF0, 0x00, 0x7E, 0x00, 0x00,
    0x3C, 0x00, 0x3F, 0xFF, 0xF0, 0x7F, 0xFF, 0xF0, 0x7F, 0xFF, 0xF0, 0x00, 0x3C, 0x00, 0x00, 0x3C,
    0x00, 0x00, 0x3C, 0x00, 0x00, 0x3C, 0x00, 0x00, 0x7E, 0x00, 0x03, 0xFF, 0x80, 0x03, 0xFF, 0x80,
    0xE0, 0xE0, 0xE0, 0xE0, 0xE0, 0xE0, 0xE0, 0xE0, 0xE0, 0xE0, 0xE0, 0xE0, 0xE0, 0x00, 0x00, 0x00,
    0x00, 0xE0, 0xE0, 0xE0, 0xE0, 0xE0, 0xE0, 0xE0, 0xE0, 0xE0, 0xE0, 0xE0, 0xE0, 0xE0, 0xE0, 0x03,
    0xF8, 0x00, 0x07, 0xFC, 0x00, 0x0F, 0xFE, 0x00, 0x1E, 0x3E, 0x00, 0x1C, 0x3E, 0x00, 0x1C, 0x3C,
    0x00, 0x1E, 0x00, 0x00, 0x1E, 0x00, 0x00, 0x3F, 0x80, 0x00, 0x7F, 0xC0, 0x00, 0xF7, 0xF0, 0x00,
    0xE3, 0xFC, 0x00, 0xE0, 0xFE, 0x00, 0xF0, 0x7F, 0x00, 0xF8, 0x1F, 0x80, 0x7C, 0x07, 0xC0, 0x3E,
    0x03, 0xC0, 0x3F, 0x81, 0xC0, 0x0F, 0xE1, 0xC0, 0x07, 0xF1, 0xC0, 0x01, 0xFB, 0x80, 0x00, 0xFF,
    0x00, 0x00, 0x7E, 0x00, 0x00, 0x3E, 0x00, 0x1C, 0x1E, 0x00, 0x3C, 0x1E, 0x00, 0x3C, 0x1E, 0x00,
    0x3C, 0x3C, 0x00, 0x1F, 0xFC, 0x00, 0x0F, 0xF0, 0x00, 0x01, 0x00, 0x00, 0x70, 0xE0, 0xF9, 0xF0,
    0xF9, 0xF0, 0xF9, 0xF0, 0x70, 0xE0, 0x01, 0xFF, 0x80, 0x07, 0xFF, 0xE0, 0x0F, 0x81, 0xF8, 0x1E,
    0x00, 0x38, 0x38, 0x7F, 0x9C, 0x70, 0xFF, 0x8E, 0x71, 0xE3, 0x86, 0x61, 0xC1, 0xC7, 0xE3, 0xC0,
    0xC7, 0xC3, 0x80, 0x03, 0xC3, 0x80, 0x03, 0xC3, 0x80, 0x03, 0xC3, 0x80, 0x03, 0xC3, 0x80, 0x07,
    0xE3, 0xC0, 0x07, 0xE1, 0xE0, 0xC6, 0x71, 0xFF, 0x8E, 0x70, 0xFF, 0x8E, 0x38, 0x3E, 0x3C, 0x1E,
    0x00, 0x78, 0x0F, 0xFF, 0xF0, 0x07, 0xFF, 0xC0, 0x01, 0xFF, 0x00, 0x3F, 0x80, 0x7F, 0xC0, 0xE1,
    0xE0, 0xF1, 0xE0, 0x01, 0xE0, 0x1F, 0xE0, 0x7F, 0xE0, 0xF9, 0xE0, 0xF1, 0xE0, 0xF1, 0xE0, 0xF3,
    0xE0, 0x7F, 0xFC, 0x3C, 0x78, 0x07, 0x0E, 0x0F, 0x1C, 0x1E, 0x3C, 0x3C, 0x78, 0x7C, 0xF0, 0x79,
    0xF0, 0xF3, 0xE0, 0xF9, 0xE0, 0x79, 0xF0, 0x3C, 0xF0, 0x1E, 0x78, 0x0E, 0x3C, 0x07, 0x1E, 0x03,
    0x0E, 0xFF, 0xFC, 0xFF, 0xFE, 0xFF, 0xFE, 0x00, 0x0E, 0x00, 0x0E, 0x00, 0x0E, 0x00, 0x0E, 0x00,
    0x0E, 0x0F, 0xC0, 0x3F, 0xE0, 0x7F, 0xF0, 0x72, 0x78, 0xF3, 0x78, 0xF3, 0x78, 0xF0, 0xF8, 0xF2,
    0xF8, 0xF3, 0x78, 0xF3, 0x70, 0x7F, 0xF0, 0x3F, 0xE0, 0x1F, 0x80, 0xFF, 0xC0, 0xFF, 0xC0, 0xFF,
    0xC0, 0x08, 0x00, 0x7F, 0x00, 0x7F, 0x80, 0xE3, 0x80, 0xC1, 0x80, 0xC3, 0x80, 0xFF, 0x80, 0x7F,
    0x00, 0x3E, 0x00, 0x03, 0x80, 0x03, 0x80, 0x03, 0x80, 0x03, 0x80, 0x03, 0x80, 0xFF, 0xFE, 0xFF,
    0xFE, 0xFF, 0xFE, 0x03, 0x80, 0x03, 0x80, 0x03, 0x80, 0x03, 0x80, 0x03, 0x80, 0x00, 0x00, 0x00,
    0x00, 0xFF, 0xFE, 0xFF, 0xFE, 0xFF, 0xFE, 0x3F, 0x80, 0x7F, 0xE0, 0xE1, 0xE0, 0xF0, 0xF0, 0xF0,
    0xF0, 0x00, 0xF0, 0x01, 0xE0, 0x01, 0xC0, 0x03, 0xC0, 0x07, 0x80, 0x0E, 0x00, 0x1C, 0x30, 0x38,
    0x70, 0x7F, 0xF0, 0xFF, 0xF0, 0xFF, 0xF0, 0x1F, 0x80, 0x7F, 0xE0, 0xF1, 0xE0, 0xE0, 0xF0, 0xF0,
    0xF0, 0x01, 0xE0, 0x01, 0xE0, 0x0F, 0x80, 0x0F, 0xC0, 0x01, 0xE0, 0x00, 0xF0, 0x00, 0xF0, 0x00,
    0xF0, 0xE1, 0xE0, 0xFF, 0xC0, 0x3F, 0x80, 0x0C, 0x1E, 0x3E, 0x3C, 0x78, 0xE0, 0xC0, 0xF0, 0x1E,
    0x00, 0xF0, 0x1E, 0x00, 0xF0, 0x1E, 0x00, 0xF0, 0x1E, 0x00, 0xF0, 0x1E, 0x00, 0xF0, 0x1E, 0x00,
    0xF0, 0x1E, 0x00, 0xF0, 0x1E, 0x00, 0xF0, 0x1E, 0x00, 0xF0, 0x1E, 0x00, 0xF0, 0x1E, 0x00, 0xF0,
    0x1E, 0x00, 0xF0, 0x1E, 0x00, 0xF0, 0x3E, 0x00, 0xF0, 0x3F, 0x00, 0xFF, 0xFF, 0xC0, 0xFF, 0xCF,
    0xE0, 0xFF, 0x87, 0xC0, 0xF0, 0x00, 0x00, 0xF0, 0x00, 0x00, 0xF0, 0x00, 0x00, 0xF8, 0x00, 0x00,
    0xF8, 0x00, 0x00, 0xF8, 0x00, 0x00, 0xF8, 0x00, 0x00, 0x07, 0x9F, 0x80, 0x1F, 0x9F, 0x80, 0x3F,
    0x9E, 0x00, 0x7F, 0x9E, 0x00, 0x7F, 0x9E, 0x00, 0xFF, 0x9E, 0x00, 0xFF, 0x9E, 0x00, 0xFF, 0x9E,
    0x00, 0xFF, 0x9E, 0x00, 0xFF, 0x9E, 0x00, 0xFF, 0x9E, 0x00, 0x7F, 0x9E, 0x00, 0x7F, 0x9E, 0x00,
    0x3F, 0x9E, 0x00, 0x1F, 0x9E, 0x00, 0x07, 0x9E, 0x00, 0x00, 0x1E, 0x00, 0x00, 0x1E, 0x00, 0x00,
    0x1E, 0x00, 0x00, 0x1E, 0x00, 0x00, 0x1E, 0x00, 0x00, 0x1E, 0x00, 0x00, 0x1E, 0x00, 0x00, 0x1E,
    0x00, 0x00, 0x1E, 0x00, 0x00, 0x1E, 0x00, 0x00, 0x3E, 0x00, 0x01, 0xFE, 0x00, 0x01, 0xFE, 0x00,
    0x78, 0xFC, 0xFC, 0xFC, 0x78, 0x18, 0x38, 0x3C, 0x3E, 0x07, 0x07, 0x7F, 0xFE, 0x7C, 0x7E, 0x00,
    0xFE, 0x00, 0xFE, 0x00, 0x1E, 0x00, 0x1E, 0x00, 0x1E, 0x00, 0x1E, 0x00, 0x1E, 0x00, 0x1E, 0x00,
    0x1E, 0x00, 0x1E, 0x00, 0x1E, 0x00, 0x1E, 0x00, 0x1E, 0x00, 0xFF, 0x80, 0xFF, 0x80, 0x0F, 0xC0,
    0x3F, 0xE0, 0x78, 0xF0, 0x70, 0x78, 0xF0, 0x78, 0xF0, 0x78, 0xF0, 0x78, 0xF0, 0x78, 0xF0, 0x78,
    0xF0, 0x70, 0x78, 0xF0, 0x3F, 0xE0, 0x1F, 0x80, 0xC1, 0x80, 0xE1, 0xC0, 0x70, 0xE0, 0x3C, 0xF0,
    0x3E, 0x78, 0x1F, 0x3C, 0x0F, 0x3E, 0x1F, 0x3C, 0x1E, 0x7C, 0x3C, 0x78, 0x78, 0xF0, 0x71, 0xE0,
    0xE1, 0xC0, 0xC1, 0x80, 0x1C, 0x00, 0x06, 0x00, 0xFC, 0x00, 0x0E, 0x00, 0xFC, 0x00, 0x1E, 0x00,
    0x1C, 0x00, 0x1C, 0x00, 0x1C, 0x00, 0x3C, 0x00, 0x1C, 0x00, 0x38, 0x00, 0x1C, 0x00, 0x70, 0x00,
    0x1C, 0x00, 0xF0, 0x00, 0x1C, 0x00, 0xE0, 0x00, 0x1C, 0x01, 0xE0, 0xF0, 0x1C, 0x01, 0xC1, 0xF0,
    0x1C, 0x03, 0x81, 0xF0, 0x1C, 0x03, 0x83, 0xF0, 0x1C, 0x07, 0x07, 0x70, 0xFF, 0x8F, 0x06, 0x70,
    0xFF, 0x8E, 0x0E, 0x70, 0x00, 0x1C, 0x1C, 0x70, 0x00, 0x1C, 0x18, 0x70, 0x00, 0x38, 0x30, 0x70,
    0x00, 0x78, 0x7F, 0xFE, 0x00, 0x70, 0x7F, 0xFE, 0x00, 0xE0, 0x7F, 0xFE, 0x00, 0xE0, 0x00, 0x70,
    0x01, 0xC0, 0x00, 0x70, 0x03, 0xC0, 0x00, 0x70, 0x03, 0x80, 0x00, 0x00, 0xFC, 0x00, 0x07, 0x00,
    0xFC, 0x00, 0x0E, 0x00, 0x3C, 0x00, 0x1E, 0x00, 0x1C, 0x00, 0x1C, 0x00, 0x1C, 0x00, 0x3C, 0x00,
    0x1C, 0x00, 0x38, 0x00, 0x1C, 0x00, 0x70, 0x00, 0x1C, 0x00, 0xF0, 0x00, 0x1C, 0x00, 0xE3, 0xFC,
    0x1C, 0x01, 0xE7, 0xFE, 0x1C, 0x01, 0xCF, 0x1F, 0x1C, 0x03, 0x8F, 0x0F, 0x1C, 0x07, 0x8F, 0x0F,
    0x1C, 0x07, 0x07, 0x0F, 0xFF, 0x8E, 0x00, 0x1E, 0xFF, 0x8E, 0x00, 0x1E, 0x00, 0x1C, 0x00, 0x3C,
    0x00, 0x3C, 0x00, 0x78, 0x00, 0x38, 0x00, 0xF0, 0x00, 0x70, 0x01, 0xE3, 0x00, 0xF0, 0x03, 0xC3,
    0x00, 0xE0, 0x07, 0xFF, 0x01, 0xE0, 0x0F, 0xFF, 0x01, 0xC0, 0x0F, 0xFF, 0x03, 0x80, 0x00, 0x00,
    0x1F, 0x00, 0x01, 0xC0, 0x00, 0x7F, 0xC0, 0x03, 0x80, 0x00, 0xF1, 0xE0, 0x07, 0x80, 0x00, 0xF0,
    0xE0, 0x07, 0x00, 0x00, 0xF0, 0xE0, 0x0E, 0x00, 0x00, 0x60, 0xE0, 0x0E, 0x00, 0x00, 0x01, 0xC0,
    0x1C, 0x00, 0x00, 0x07, 0x80, 0x3C, 0x00, 0x00, 0x0F, 0x80, 0x38, 0x00, 0x00, 0x07, 0xE0, 0x70,
    0x3C, 0x00, 0x01, 0xF0, 0x70, 0x7C, 0x00, 0x00, 0xF0, 0xE0, 0x7C, 0x00, 0x00, 0xF1, 0xE0, 0xFC,
    0x00, 0xC1, 0xF1, 0xC1, 0xDC, 0x00, 0xFF, 0xE3, 0x81, 0x9C, 0x00, 0x7F, 0xC3, 0x83, 0x9C, 0x00,
    0x3F, 0x87, 0x07, 0x1C, 0x00, 0x00, 0x07, 0x06, 0x1C, 0x00, 0x00, 0x0E, 0x0E, 0x1C, 0x00, 0x00,
    0x1C, 0x1F, 0xFF, 0x00, 0x00, 0x1C, 0x1F, 0xFF, 0x80, 0x00, 0x38, 0x1F, 0xFF, 0x80, 0x00, 0x38,
    0x00, 0x1C, 0x00, 0x00, 0x70, 0x00, 0x1C, 0x00, 0x00, 0xE0, 0x00, 0x1C, 0x00, 0x00, 0xC0, 0x00,
    0x00, 0x00, 0x03, 0x80, 0x07, 0xC0, 0x07, 0xC0, 0x07, 0xC0, 0x03, 0x80, 0x00, 0x00, 0x00, 0x00,
    0x01, 0x80, 0x01, 0x80, 0x01, 0x80, 0x03, 0x80, 0x03, 0x80, 0x0F, 0x80, 0x1F, 0x80, 0x3F, 0x00,
    0x7E, 0x00, 0x7C, 0x00, 0xF8, 0x00, 0xF8, 0x3C, 0xF0, 0x3C, 0xF8, 0x3C, 0xF8, 0x3C, 0x7C, 0x78,
    0x3F, 0xF0, 0x0F, 0xC0, 0x00, 0x60, 0x00, 0x00, 0x00, 0xF0, 0x00, 0x00, 0x00, 0x78, 0x00, 0x00,
    0x00, 0x7C, 0x00, 0x00, 0x00, 0x1E, 0x00, 0x00, 0x00, 0x07, 0x00, 0x00, 0x00, 0x00, 0x00, 0x00,
    0x00, 0x00, 0x00, 0x00, 0x00, 0x3E, 0x00, 0x00, 0x00, 0x3E, 0x00, 0x00, 0x00, 0x3F, 0x00, 0x00,
    0x00, 0x7F, 0x00, 0x00, 0x00, 0x7F, 0x80, 0x00, 0x00, 0x67, 0x80, 0x00, 0x00, 0xE7, 0x80, 0x00,
    0x00, 0xE7, 0xC0, 0x00, 0x01, 0xC3, 0xC0, 0x00, 0x01, 0xC3, 0xC0, 0x00, 0x01, 0xC3, 0xE0, 0x00,
    0x03, 0x81, 0xE0, 0x00, 0x03, 0x81, 0xE0, 0x00, 0x03, 0x81, 0xF0, 0x00, 0x07, 0xFF, 0xF0, 0x00,
    0x07, 0xFF, 0xF8, 0x00, 0x0F, 0x00, 0xF8, 0x00, 0x0E, 0x00, 0x78, 0x00, 0x0E, 0x00, 0x7C, 0x00,
    0x1E, 0x00, 0x7C, 0x00, 0x1C, 0x00, 0x3C, 0x00, 0x3E, 0x00, 0x7E, 0x00, 0xFF, 0x81, 0xFF, 0x80,
    0xFF, 0x81, 0xFF, 0x80, 0x00, 0x03, 0x80, 0x00, 0x00, 0x07, 0x80, 0x00, 0x00, 0x0F, 0x80, 0x00,
    0x00, 0x1F, 0x00, 0x00, 0x00, 0x3E, 0x00, 0x00, 0x00, 0x30, 0x00, 0x00, 0x00, 0x00, 0x00, 0x00,
    0x00, 0x00, 0x00, 0x00, 0x00, 0x3E, 0x00, 0x00, 0x00, 0x3E, 0x00, 0x00, 0x00, 0x3F, 0x00, 0x00,
    0x00, 0x7F, 0x00, 0x00, 0x00, 0x7F, 0x80, 0x00, 0x00, 0x67, 0x80, 0x00, 0x00, 0xE7, 0x80, 0x00,
    0x00, 0xE7, 0xC0, 0x00, 0x01, 0xC3, 0xC0, 0x00, 0x01, 0xC3, 0xC0, 0x00, 0x01, 0xC3, 0xE0, 0x00,
    0x03, 0x81, 0xE0, 0x00, 0x03, 0x81, 0xE0, 0x00, 0x03, 0x81, 0xF0, 0x00, 0x07, 0xFF, 0xF0, 0x00,
    0x07, 0xFF, 0xF8, 0x00, 0x0F, 0x00, 0xF8, 0x00, 0x0E, 0x00, 0x78, 0x00, 0x0E, 0x00, 0x7C, 0x00,
    0x1E, 0x00, 0x7C, 0x00, 0x1C, 0x00, 0x3C, 0x00, 0x3E, 0x00, 0x7E, 0x00, 0xFF, 0x81, 0xFF, 0x80,
    0xFF, 0x81, 0xFF, 0x80, 0x00, 0x08, 0x00, 0x00, 0x00, 0x1C, 0x00, 0x00, 0x00, 0x3E, 0x00, 0x00,
    0x00, 0x7F, 0x00, 0x00, 0x00, 0xFF, 0x80, 0x00, 0x00, 0xE3, 0xC0, 0x00, 0x01, 0xC0, 0xC0, 0x00,
    0x00, 0x00, 0x00, 0x00, 0x00, 0x00, 0x00, 0x00, 0x00, 0x3E, 0x00, 0x00, 0x00, 0x3E, 0x00, 0x00,
    0x00, 0x3F, 0x00, 0x00, 0x00, 0x7F, 0x00, 0x00, 0x00, 0x7F, 0x80, 0x00, 0x00, 0x67, 0x80, 0x00,
    0x00, 0xE7, 0x80, 0x00, 0x00, 0xE7, 0xC0, 0x00, 0x01, 0xC3, 0xC0, 0x00, 0x01, 0xC3, 0xC0, 0x00,
    0x01, 0xC3, 0xE0, 0x00, 0x03, 0x81, 0xE0, 0x00, 0x03, 0x81, 0xE0, 0x00, 0x03, 0x81, 0xF0, 0x00,
    0x07, 0xFF, 0xF0, 0x00, 0x07, 0xFF, 0xF8, 0x00, 0x0F, 0x00, 0xF8, 0x00, 0x0E, 0x00, 0x78, 0x00,
    0x0E, 0x00, 0x7C, 0x00, 0x1E, 0x00, 0x7C, 0x00, 0x1C, 0x00, 0x3C, 0x00, 0x3E, 0x00, 0x7E, 0x00,
    0xFF, 0x81, 0xFF, 0x80, 0xFF, 0x81, 0xFF, 0x80, 0x00, 0x70, 0x00, 0x00, 0x00, 0xFC, 0x40, 0x00,
    0x01, 0xFF, 0xC0, 0x00, 0x01, 0xFF, 0xC0, 0x00, 0x00, 0x07, 0x80, 0x00, 0x00, 0x00, 0x00, 0x00,
    0x00, 0x00, 0x00, 0x00, 0x00, 0x00, 0x00, 0x00, 0x00, 0x3E, 0x00, 0x00, 0x00, 0x3E, 0x00, 0x00,
    0x00, 0x3F, 0x00, 0x00, 0x00, 0x7F, 0x00, 0x00, 0x00, 0x7F, 0x80, 0x00, 0x00, 0x67, 0x80, 0x00,
    0x00, 0xE7, 0x80, 0x00, 0x00, 0xE7, 0xC0, 0x00, 0x01, 0xC3, 0xC0, 0x00, 0x01, 0xC3, 0xC0, 0x00,
    0x01, 0xC3, 0xE0, 0x00, 0x03, 0x81, 0xE0, 0x00, 0x03, 0x81, 0xE0, 0x00, 0x03, 0x81, 0xF0, 0x00,
    0x07, 0xFF, 0xF0, 0x00, 0x07, 0xFF, 0xF8, 0x00, 0x0F, 0x00, 0xF8, 0x00, 0x0E, 0x00, 0x78, 0x00,
    0x0E, 0x00, 0x7C, 0x00, 0x1E, 0x00, 0x7C, 0x00, 0x1C, 0x00, 0x3C, 0x00, 0x3E, 0x00, 0x7E, 0x00,
    0xFF, 0x81, 0xFF, 0x80, 0xFF, 0x81, 0xFF, 0x80, 0x01, 0xC1, 0xC0, 0x00, 0x03, 0xE3, 0xE0, 0x00,
    0x03, 0xE3, 0xE0, 0x00, 0x03, 0xE3, 0xE0, 0x00, 0x01, 0xC1, 0xC0, 0x00, 0x00, 0x00, 0x00, 0x00,
    0x00, 0x00, 0x00, 0x00, 0x00, 0x00, 0x00, 0x00, 0x00, 0x3E, 0x00, 0x00, 0x00, 0x3E, 0x00, 0x00,
    0x00, 0x7F, 0x00, 0x00, 0x00, 0x7F, 0x00, 0x00, 0x00, 0x6F, 0x80, 0x00, 0x00, 0xEF, 0x80, 0x00,
    0x00, 0xE7, 0x80, 0x00, 0x00, 0xC7, 0xC0, 0x00, 0x01, 0xC7, 0xC0, 0x00, 0x01, 0xC3, 0xC0, 0x00,
    0x03, 0x83, 0xE0, 0x00, 0x03, 0x81, 0xE0, 0x00, 0x03, 0x81, 0xE0, 0x00, 0x07, 0x01, 0xF0, 0x00,
    0x07, 0xFF, 0xF0, 0x00, 0x07, 0xFF, 0xF8, 0x00, 0x0E, 0x00, 0xF8, 0x00, 0x0E, 0x00, 0x78, 0x00,
    0x0E, 0x00, 0x7C, 0x00, 0x1C, 0x00, 0x7C, 0x00, 0x1C, 0x00, 0x3C, 0x00, 0x3C, 0x00, 0x7E, 0x00,
    0xFF, 0x81, 0xFF, 0x80, 0xFF, 0x81, 0xFF, 0x80, 0x00, 0x1E, 0x00, 0x00, 0x00, 0x7F, 0x00, 0x00,
    0x00, 0x73, 0x80, 0x00, 0x00, 0x61, 0x80, 0x00, 0x00, 0x61, 0x80, 0x00, 0x00, 0x73, 0x80, 0x00,
    0x00, 0x3F, 0x00, 0x00, 0x00, 0x1E, 0x00, 0x00, 0x00, 0x00, 0x00, 0x00, 0x00, 0x3E, 0x00, 0x00,
    0x00, 0x3F, 0x00, 0x00, 0x00, 0x3F, 0x00, 0x00, 0x00, 0x7F, 0x00, 0x00, 0x00, 0x7F, 0x80, 0x00,
    0x00, 0xE7, 0x80, 0x00, 0x00, 0xE7, 0x80, 0x00, 0x00, 0xE7, 0xC0, 0x00, 0x01, 0xC3, 0xC0, 0x00,
    0x01, 0xC3, 0xC0, 0x00, 0x01, 0xC3, 0xE0, 0x00, 0x03, 0x81, 0xE0, 0x00, 0x03, 0x81, 0xF0, 0x00,
    0x03, 0x81, 0xF0, 0x00, 0x07, 0xFF, 0xF0, 0x00, 0x07, 0xFF, 0xF8, 0x00, 0x0F, 0x00, 0xF8, 0x00,
    0x0E, 0x00, 0x78, 0x00, 0x0E, 0x00, 0x7C, 0x00, 0x1E, 0x00, 0x7C, 0x00, 0x1C, 0x00, 0x3C, 0x00,
    0x3E, 0x00, 0x3E, 0x00, 0xFF, 0x81, 0xFF, 0x80, 0xFF, 0x81, 0xFF, 0x80, 0x00, 0x3F, 0xFF, 0xFE,
    0x00, 0x00, 0x3F, 0xFF, 0xFF, 0x00, 0x00, 0x0F, 0xFF, 0xFF, 0x00, 0x00, 0x1C, 0x78, 0x0F, 0x00,
    0x00, 0x1C, 0x78, 0x07, 0x00, 0x00, 0x38, 0x78, 0x03, 0x00, 0x00, 0x38, 0x78, 0x00, 0x00, 0x00,
    0x78, 0x78, 0x00, 0x00, 0x00, 0x70, 0x78, 0x18, 0x00, 0x00, 0xF0, 0x78, 0x18, 0x00, 0x00, 0xE0,
    0x78, 0x38, 0x00, 0x01, 0xFF, 0xFF, 0xF8, 0x00, 0x01, 0xFF, 0xFF, 0xF8, 0x00, 0x03, 0xFF, 0xFF,
    0xF8, 0x00, 0x03, 0x80, 0x78, 0x18, 0x00, 0x07, 0x80, 0x78, 0x18, 0x00, 0x07, 0x00, 0x78, 0x00,
    0x00, 0x0F, 0x00, 0x78, 0x01, 0x80, 0x0E, 0x00, 0x78, 0x03, 0x80, 0x1E, 0x00, 0x78, 0x03, 0x80,
    0x1C, 0x00, 0x78, 0x07, 0x80, 0x3E, 0x00, 0xFC, 0x0F, 0x80, 0xFF, 0x83, 0xFF, 0xFF, 0x80, 0xFF,
    0x83, 0xFF, 0xFF, 0x00, 0x01, 0xFE, 0x60, 0x07, 0xFF, 0xF0, 0x0F, 0xFF, 0xF0, 0x1F, 0x01, 0xF0,
    0x3E, 0x00, 0xF0, 0x7C, 0x00, 0x70, 0x78, 0x00, 0x30, 0x78, 0x00, 0x38, 0xF8, 0x00, 0x00, 0xF8,
    0x00, 0x00, 0xF0, 0x00, 0x00, 0xF0, 0x00, 0x00, 0xF0, 0x00, 0x00, 0xF0, 0x00, 0x00, 0xF8, 0x00,
    0x00, 0xF8, 0x00, 0x00, 0x78, 0x00, 0x00, 0x7C, 0x00, 0x00, 0x7C, 0x00, 0x10, 0x3E, 0x00, 0x38,
    0x1F, 0x80, 0xF0, 0x0F, 0xFF, 0xE0, 0x07, 0xFF, 0xC0, 0x01, 0xFF, 0x00, 0x00, 0x70, 0x00, 0x00,
    0x78, 0x00, 0x00, 0x7E, 0x00, 0x00, 0x0E, 0x00, 0x00, 0x0E, 0x00, 0x00, 0xFE, 0x00, 0x01, 0xFC,
    0x00, 0x00, 0x78, 0x00, 0x07, 0x00, 0x00, 0x07, 0x80, 0x00, 0x07, 0xC0, 0x00, 0x03, 0xE0, 0x00,
    0x00, 0xF0, 0x00, 0x00, 0x38, 0x00, 0x00, 0x00, 0x00, 0x00, 0x00, 0x00, 0xFF, 0xFF, 0x80, 0xFF,
    0xFF, 0xC0, 0x3F, 0xFF, 0xC0, 0x1E, 0x03, 0xC0, 0x1E, 0x01, 0xC0, 0x1E, 0x00, 0xC0, 0x1E, 0x00,
    0x80, 0x1E, 0x00, 0x00, 0x1E, 0x06, 0x00, 0x1E, 0x0E, 0x00, 0x1F, 0xFE, 0x00, 0x1F, 0xFE, 0x00,
    0x1F, 0xFE, 0x00, 0x1E, 0x0E, 0x00, 0x1E, 0x06, 0x00, 0x1E, 0x06, 0x00, 0x1E, 0x00, 0x00, 0x1E,
    0x00, 0x60, 0x1E, 0x00, 0xE0, 0x1E, 0x00, 0xE0, 0x1E, 0x01, 0xE0, 0x3F, 0x03, 0xE0, 0xFF, 0xFF,
    0xE0, 0xFF, 0xFF, 0xE0, 0x00, 0x18, 0x00, 0x00, 0x3C, 0x00, 0x00, 0x7C, 0x00, 0x00, 0xF8, 0x00,
    0x01, 0xE0, 0x00, 0x03, 0x80, 0x00, 0x00, 0x00, 0x00, 0x00, 0x00, 0x00, 0xFF, 0xFF, 0x80, 0xFF,
    0xFF, 0xC0, 0x3F, 0xFF, 0xC0, 0x1E, 0x03, 0xC0, 0x1E, 0x01, 0xC0, 0x1E, 0x00, 0xC0, 0x1E, 0x00,
    0x80, 0x1E, 0x00, 0x00, 0x1E, 0x06, 0x00, 0x1E, 0x0E, 0x00, 0x1F, 0xFE, 0x00, 0x1F, 0xFE, 0x00,
    0x1F, 0xFE, 0x00, 0x1E, 0x0E, 0x00, 0x1E, 0x06, 0x00, 0x1E, 0x06, 0x00, 0x1E, 0x00, 0x00, 0x1E,
    0x00, 0x60, 0x1E, 0x00, 0xE0, 0x1E, 0x00, 0xE0, 0x1E, 0x01, 0xE0, 0x3F, 0x03, 0xE0, 0xFF, 0xFF,
    0xE0, 0xFF, 0xFF, 0xE0, 0x00, 0x40, 0x00, 0x00, 0xE0, 0x00, 0x01, 0xF0, 0x00, 0x03, 0xF8, 0x00,
    0x07, 0xFC, 0x00, 0x0F, 0x1E, 0x00, 0x0C, 0x06, 0x00, 0x00, 0x00, 0x00, 0x00, 0x00, 0x00, 0xFF,
    0xFF, 0x80, 0xFF, 0xFF, 0xC0, 0x3F, 0xFF, 0xC0, 0x1E, 0x03, 0xC0, 0x1E, 0x01, 0xC0, 0x1E, 0x00,
    0xC0, 0x1E, 0x00, 0x80, 0x1E, 0x00, 0x00, 0x1E, 0x06, 0x00, 0x1E, 0x0E, 0x00, 0x1F, 0xFE, 0x00,
    0x1F, 0xFE, 0x00, 0x1F, 0xFE, 0x00, 0x1E, 0x0E, 0x00, 0x1E, 0x06, 0x00, 0x1E, 0x06, 0x00, 0x1E,
    0x00, 0x00, 0x1E, 0x00, 0x60, 0x1E, 0x00, 0xE0, 0x1E, 0x00, 0xE0, 0x1E, 0x01, 0xE0, 0x3F, 0x03,
    0xE0, 0xFF, 0xFF, 0xE0, 0xFF, 0xFF, 0xE0, 0x0E, 0x0E, 0x00, 0x1F, 0x1F, 0x00, 0x1F, 0x1F, 0x00,
    0x1F, 0x1F, 0x00, 0x0E, 0x0E, 0x00, 0x00, 0x00, 0x00, 0x00, 0x00, 0x00, 0x00, 0x00, 0x00, 0xFF,
    0xFF, 0xC0, 0xFF, 0xFF, 0xC0, 0x3F, 0xFF, 0xC0, 0x1E, 0x01, 0xC0, 0x1E, 0x01, 0xE0, 0x1E, 0x00,
    0xE0, 0x1E, 0x00, 0x00, 0x1E, 0x00, 0x00, 0x1E, 0x06, 0x00, 0x1E, 0x06, 0x00, 0x1F, 0xFE, 0x00,
    0x1F, 0xFE, 0x00, 0x1F, 0xFE, 0x00, 0x1E, 0x0E, 0x00, 0x1E, 0x06, 0x00, 0x1E, 0x06, 0x00, 0x1E,
    0x00, 0x00, 0x1E, 0x00, 0x60, 0x1E, 0x00, 0x60, 0x1E, 0x00, 0xE0, 0x1E, 0x00, 0xE0, 0x3F, 0x03,
    0xE0, 0xFF, 0xFF, 0xE0, 0xFF, 0xFF, 0xE0, 0x70, 0x00, 0x78, 0x00, 0x7C, 0x00, 0x7E, 0x00, 0x1F,
    0x00, 0x03, 0x00, 0x00, 0x00, 0x00, 0x00, 0xFF, 0xC0, 0xFF, 0xC0, 0x3F, 0x00, 0x1E, 0x00, 0x1E,
    0x00, 0x1E, 0x00, 0x1E, 0x00, 0x1E, 0x00, 0x1E, 0x00, 0x1E, 0x00, 0x1E, 0x00, 0x1E, 0x00, 0x1E,
    0x00, 0x1E, 0x00, 0x1E, 0x00, 0x1E, 0x00, 0x1E, 0x00, 0x1E, 0x00, 0x1E, 0x00, 0x1E, 0x00, 0x1E,
    0x00, 0x3F, 0x00, 0xFF, 0xC0, 0xFF, 0xC0, 0x01, 0x80, 0x07, 0x80, 0x0F, 0x80, 0x1F, 0x80, 0x3E,
    0x00, 0x38, 0x00, 0x00, 0x00, 0x00, 0x00, 0xFF, 0xC0, 0xFF, 0xC0, 0x3F, 0x00, 0x1E, 0x00, 0x1E,
    0x00, 0x1E, 0x00, 0x1E, 0x00, 0x1E, 0x00, 0x1E, 0x00, 0x1E, 0x00, 0x1E, 0x00, 0x1E, 0x00, 0x1E,
    0x00, 0x1E, 0x00, 0x1E, 0x00, 0x1E, 0x00, 0x1E, 0x00, 0x1E, 0x00, 0x1E, 0x00, 0x1E, 0x00, 0x1E,
    0x00, 0x3F, 0x00, 0xFF, 0xC0, 0xFF, 0xC0, 0x0F, 0x00, 0x1F, 0x80, 0x1F, 0x80, 0x3F, 0xC0, 0x70,
    0xE0, 0xE0, 0x70, 0x00, 0x00, 0x00, 0x00, 0x7F, 0xE0, 0x7F, 0xE0, 0x1F, 0x80, 0x0F, 0x00, 0x0F,
    0x00, 0x0F, 0x00, 0x0F, 0x00, 0x0F, 0x00, 0x0F, 0x00, 0x0F, 0x00, 0x0F, 0x00, 0x0F, 0x00, 0x0F,
    0x00, 0x0F, 0x00, 0x0F, 0x00, 0x0F, 0x00, 0x0F, 0x00, 0x0F, 0x00, 0x0F, 0x00, 0x0F, 0x00, 0x0F,
    0x00, 0x1F, 0x80, 0x7F, 0xE0, 0x7F, 0xE0, 0x70, 0xE0, 0xF9, 0xF0, 0xF9, 0xF0, 0xF9, 0xF0, 0x70,
    0xE0, 0x00, 0x00, 0x00, 0x00, 0x00, 0x00, 0x7F, 0xE0, 0x7F, 0xE0, 0x1F, 0x80, 0x0F, 0x00, 0x0F,
    0x00, 0x0F, 0x00, 0x0F, 0x00, 0x0F, 0x00, 0x0F, 0x00, 0x0F, 0x00, 0x0F, 0x00, 0x0F, 0x00, 0x0F,
    0x00, 0x0F, 0x00, 0x0F, 0x00, 0x0F, 0x00, 0x0F, 0x00, 0x0F, 0x00, 0x0F, 0x00, 0x0F, 0x00, 0x0F,
    0x00, 0x1F, 0x80, 0x7F, 0xE0, 0x7F, 0xE0, 0x7F, 0xFF, 0x00, 0x7F, 0xFF, 0xE0, 0x1F, 0xFF, 0xF8,
    0x0F, 0x00, 0xFC, 0x0F, 0x00, 0x7C, 0x0F, 0x00, 0x3E, 0x0F, 0x00, 0x1F, 0x0F, 0x00, 0x1F, 0x0F,
    0x00, 0x0F, 0x0F, 0x00, 0x0F, 0xFF, 0xFC, 0x0F, 0xFF, 0xFC, 0x0F, 0xFF, 0xFC, 0x0F, 0x0F, 0x00,
    0x0F, 0x0F, 0x00, 0x0F, 0x0F, 0x00, 0x1F, 0x0F, 0x00, 0x1E, 0x0F, 0x00, 0x1E, 0x0F, 0x00, 0x3C,
    0x0F, 0x00, 0x7C, 0x0F, 0x00, 0xF8, 0x1F, 0xFF, 0xF0, 0x7F, 0xFF, 0xC0, 0x7F, 0xFE, 0x00, 0x00,
    0x60, 0x00, 0x00, 0x00, 0xFC, 0xC0, 0x00, 0x01, 0xFF, 0xC0, 0x00, 0x01, 0xFF, 0x80, 0x00, 0x01,
    0x0F, 0x00, 0x00, 0x00, 0x00, 0x00, 0x00, 0x00, 0x00, 0x00, 0x00, 0x00, 0x00, 0x00, 0x00, 0xFF,
    0x80, 0xFF, 0x80, 0xFF, 0x80, 0xFF, 0x80, 0x3F, 0xC0, 0x3E, 0x00, 0x1F, 0xC0, 0x1C, 0x00, 0x1F,
    0xE0, 0x1C, 0x00, 0x1F, 0xF0, 0x1C, 0x00, 0x1D, 0xF0, 0x1C, 0x00, 0x1C, 0xF8, 0x1C, 0x00, 0x1C,
    0xF8, 0x1C, 0x00, 0x1C, 0x7C, 0x1C, 0x00, 0x1C, 0x7C, 0x1C, 0x00, 0x1C, 0x3E, 0x1C, 0x00, 0x1C,
    0x1F, 0x1C, 0x00, 0x1C, 0x1F, 0x1C, 0x00, 0x1C, 0x0F, 0x9C, 0x00, 0x1C, 0x0F, 0x9C, 0x00, 0x1C,
    0x07, 0xDC, 0x00, 0x1C, 0x03, 0xDC, 0x00, 0x1C, 0x03, 0xFC, 0x00, 0x1C, 0x01, 0xFC, 0x00, 0x1C,
    0x01, 0xFC, 0x00, 0x3E, 0x00, 0xFC, 0x00, 0xFF, 0x80, 0x7C, 0x00, 0xFF, 0x80, 0x7C, 0x00, 0x00,
    0x80, 0x00, 0x01, 0xE0, 0x00, 0x01, 0xF0, 0x00, 0x01, 0xF8, 0x00, 0x00, 0xFC, 0x00, 0x00, 0x3E,
    0x00, 0x00, 0x0E, 0x00, 0x00, 0x00, 0x00, 0x00, 0x00, 0x00, 0x00, 0xFF, 0x00, 0x07, 0xFF, 0xC0,
    0x0F, 0xFF, 0xF0, 0x1F, 0x01, 0xF8, 0x3E, 0x00, 0xF8, 0x3C, 0x00, 0x7C, 0x78, 0x00, 0x3C, 0x78,
    0x00, 0x3E, 0xF8, 0x00, 0x3E, 0xF8, 0x00, 0x1E, 0xF0, 0x00, 0x1E, 0xF0, 0x00, 0x1E, 0xF0, 0x00,
    0x1E, 0xF0, 0x00, 0x1E, 0xF8, 0x00, 0x1E, 0xF8, 0x00, 0x1E, 0xF8, 0x00, 0x3E, 0x7C, 0x00, 0x3C,
    0x7C, 0x00, 0x3C, 0x3E, 0x00, 0x78, 0x1F, 0x00, 0xF0, 0x0F, 0xFF, 0xE0, 0x07, 0xFF, 0xC0, 0x01,
    0xFE, 0x00, 0x00, 0x02, 0x00, 0x00, 0x07, 0x00, 0x00, 0x0F, 0x00, 0x00, 0x1F, 0x00, 0x00, 0x3F,
    0x00, 0x00, 0x7C, 0x00, 0x00, 0xF0, 0x00, 0x00, 0x00, 0x00, 0x00, 0x00, 0x00, 0x00, 0xFF, 0x00,
    0x07, 0xFF, 0xC0, 0x0F, 0xFF, 0xF0, 0x1F, 0x01, 0xF8, 0x3E, 0x00, 0xF8, 0x3C, 0x00, 0x7C, 0x78,
    0x00, 0x3C, 0x78, 0x00, 0x3E, 0xF8, 0x00, 0x3E, 0xF8, 0x00, 0x1E, 0xF0, 0x00, 0x1E, 0xF0, 0x00,
    0x1E, 0xF0, 0x00, 0x1E, 0xF0, 0x00, 0x1E, 0xF8, 0x00, 0x1E, 0xF8, 0x00, 0x1E, 0xF8, 0x00, 0x3E,
    0x7C, 0x00, 0x3C, 0x7C, 0x00, 0x3C, 0x3E, 0x00, 0x78, 0x1F, 0x00, 0xF0, 0x0F, 0xFF, 0xE0, 0x07,
    0xFF, 0xC0, 0x01, 0xFE, 0x00, 0x00, 0x18, 0x00, 0x00, 0x3C, 0x00, 0x00, 0x7E, 0x00, 0x00, 0xFF,
    0x00, 0x01, 0xFF, 0x00, 0x03, 0xC7, 0x80, 0x03, 0x81, 0xC0, 0x00, 0x00, 0x80, 0x00, 0x00, 0x00,
    0x00, 0xFF, 0x00, 0x07, 0xFF, 0xC0, 0x0F, 0xFF, 0xF0, 0x1F, 0x01, 0xF8, 0x3E, 0x00, 0xF8, 0x3C,
    0x00, 0x7C, 0x78, 0x00, 0x3C, 0x78, 0x00, 0x3E, 0xF8, 0x00, 0x3E, 0xF8, 0x00, 0x1E, 0xF0, 0x00,
    0x1E, 0xF0, 0x00, 0x1E, 0xF0, 0x00, 0x1E, 0xF0, 0x00, 0x1E, 0xF8, 0x00, 0x1E, 0xF8, 0x00, 0x1E,
    0xF8, 0x00, 0x3E, 0x7C, 0x00, 0x3C, 0x7C, 0x00, 0x3C, 0x3E, 0x00, 0x78, 0x1F, 0x00, 0xF0, 0x0F,
    0xFF, 0xE0, 0x07, 0xFF, 0xC0, 0x01, 0xFE, 0x00, 0x00, 0xE0, 0x00, 0x01, 0xF8, 0xC0, 0x03, 0xFF,
    0xC0, 0x03, 0xFF, 0x80, 0x02, 0x0F, 0x00, 0x00, 0x00, 0x00, 0x00, 0x00, 0x00, 0x00, 0x00, 0x00,
    0x00, 0xFF, 0x00, 0x07, 0xFF, 0xC0, 0x0F, 0xFF, 0xF0, 0x1F, 0x01, 0xF8, 0x3E, 0x00, 0xF8, 0x3C,
    0x00, 0x7C, 0x78, 0x00, 0x3C, 0x78, 0x00, 0x3E, 0xF8, 0x00, 0x3E, 0xF8, 0x00, 0x1E, 0xF0, 0x00,
    0x1E, 0xF0, 0x00, 0x1E, 0xF0, 0x00, 0x1E, 0xF0, 0x00, 0x1E, 0xF8, 0x00, 0x1E, 0xF8, 0x00, 0x1E,
    0xF8, 0x00, 0x3E, 0x7C, 0x00, 0x3C, 0x7C, 0x00, 0x3C, 0x3E, 0x00, 0x78, 0x1F, 0x00, 0xF0, 0x0F,
    0xFF, 0xE0, 0x07, 0xFF, 0xC0, 0x01, 0xFE, 0x00, 0x01, 0xC3, 0x80, 0x03, 0xE7, 0xC0, 0x03, 0xE7,
    0xC0, 0x03, 0xE7, 0xC0, 0x01, 0xC3, 0x80, 0x00, 0x00, 0x00, 0x00, 0x00, 0x00, 0x00, 0x00, 0x00,
    0x00, 0xFF, 0x00, 0x07, 0xFF, 0xC0, 0x0F, 0xFF, 0xF0, 0x1F, 0x01, 0xF8, 0x3E, 0x00, 0xF8, 0x3C,
    0x00, 0x7C, 0x78, 0x00, 0x3C, 0x78, 0x00, 0x3E, 0xF8, 0x00, 0x3E, 0xF8, 0x00, 0x1E, 0xF0, 0x00,
    0x1E, 0xF0, 0x00, 0x1E, 0xF0, 0x00, 0x1E, 0xF0, 0x00, 0x1E, 0xF8, 0x00, 0x1E, 0xF8, 0x00, 0x1E,
    0xF8, 0x00, 0x3E, 0x7C, 0x00, 0x3C, 0x7C, 0x00, 0x3C, 0x3E, 0x00, 0x78, 0x1F, 0x00, 0xF0, 0x0F,
    0xFF, 0xE0, 0x07, 0xFF, 0xC0, 0x01, 0xFE, 0x00, 0x40, 0x20, 0xE0, 0x70, 0xF0, 0xF0, 0x79, 0xE0,
    0x3F, 0xC0, 0x1F, 0x80, 0x0F, 0x00, 0x1F, 0x80, 0x3F, 0xC0, 0x79, 0xE0, 0xF0, 0xF0, 0xE0, 0x70,
    0x40, 0x20, 0x00, 0xFF, 0x0E, 0x03, 0xFF, 0xFE, 0x0F, 0xFF, 0xFC, 0x1F, 0x01, 0xF8, 0x3E, 0x00,
    0xFC, 0x3C, 0x00, 0xFC, 0x78, 0x01, 0xFE, 0x78, 0x03, 0xBE, 0xF8, 0x07, 0xBE, 0xF8, 0x0F, 0x1E,
    0xF0, 0x1E, 0x1E, 0xF0, 0x1C, 0x1E, 0xF0, 0x38, 0x1E, 0xF0, 0x70, 0x1E, 0xF8, 0xE0, 0x1E, 0xF9,
    0xC0, 0x1E, 0xFB, 0x80, 0x3E, 0x7F, 0x80, 0x3C, 0x7F, 0x00, 0x3C, 0x3E, 0x00, 0x78, 0x3F, 0x00,
    0xF0, 0x3F, 0xFF, 0xE0, 0x77, 0xFF, 0xC0, 0xE1, 0xFE, 0x00, 0x00, 0x70, 0x00, 0x00, 0x00, 0xF8,
    0x00, 0x00, 0x00, 0x7C, 0x00, 0x00, 0x00, 0x3E, 0x00, 0x00, 0x00, 0x0F, 0x00, 0x00, 0x00, 0x03,
    0x00, 0x00, 0x00, 0x00, 0x00, 0x00, 0x00, 0x00, 0x00, 0x00, 0xFF, 0xC0, 0xFF, 0x80, 0xFF, 0xC0,
    0xFF, 0x80, 0x3F, 0x00, 0x1E, 0x00, 0x1E, 0x00, 0x1C, 0x00, 0x1E, 0x00, 0x1C, 0x00, 0x1E, 0x00,
    0x1C, 0x00, 0x1E, 0x00, 0x1C, 0x00, 0x1E, 0x00, 0x1C, 0x00, 0x1E, 0x00, 0x1C, 0x00, 0x1E, 0x00,
    0x1C, 0x00, 0x1E, 0x00, 0x1C, 0x00, 0x1E, 0x00, 0x1C, 0x00, 0x1E, 0x00, 0x1C, 0x00, 0x1E, 0x00,
    0x1C, 0x00, 0x1E, 0x00, 0x1C, 0x00, 0x1E, 0x00, 0x1C, 0x00, 0x1F, 0x00, 0x1C, 0x00, 0x1F, 0x00,
    0x1C, 0x00, 0x1F, 0x00, 0x38, 0x00, 0x0F, 0x80, 0x78, 0x00, 0x0F, 0xC0, 0xF0, 0x00, 0x07, 0xFF,
    0xF0, 0x00, 0x03, 0xFF, 0xE0, 0x00, 0x00, 0xFF, 0x80, 0x00, 0x00, 0x01, 0x00, 0x00, 0x00, 0x03,
    0x80, 0x00, 0x00, 0x07, 0x80, 0x00, 0x00, 0x0F, 0x80, 0x00, 0x00, 0x1F, 0x00, 0x00, 0x00, 0x3C,
    0x00, 0x00, 0x00, 0x30, 0x00, 0x00, 0x00, 0x00, 0x00, 0x00, 0x00, 0x00, 0x00, 0x00, 0xFF, 0xC0,
    0xFF, 0x80, 0xFF, 0xC0, 0xFF, 0x80, 0x3F, 0x00, 0x1E, 0x00, 0x1E, 0x00, 0x1C, 0x00, 0x1E, 0x00,
    0x1C, 0x00, 0x1E, 0x00, 0x1C, 0x00, 0x1E, 0x00, 0x1C, 0x00, 0x1E, 0x00, 0x1C, 0x00, 0x1E, 0x00,
    0x1C, 0x00, 0x1E, 0x00, 0x1C, 0x00, 0x1E, 0x00, 0x1C, 0x00, 0x1E, 0x00, 0x1C, 0x00, 0x1E, 0x00,
    0x1C, 0x00, 0x1E, 0x00, 0x1C, 0x00, 0x1E, 0x00, 0x1C, 0x00, 0x1E, 0x00, 0x1C, 0x00, 0x1F, 0x00,
    0x1C, 0x00, 0x1F, 0x00, 0x1C, 0x00, 0x1F, 0x00, 0x38, 0x00, 0x0F, 0x80, 0x78, 0x00, 0x0F, 0xC0,
    0xF0, 0x00, 0x07, 0xFF, 0xF0, 0x00, 0x03, 0xFF, 0xE0, 0x00, 0x00, 0xFF, 0x80, 0x00, 0x00, 0x0C,
    0x00, 0x00, 0x00, 0x1E, 0x00, 0x00, 0x00, 0x3F, 0x00, 0x00, 0x00, 0x7F, 0x80, 0x00, 0x00, 0xF7,
    0xC0, 0x00, 0x00, 0xE1, 0xC0, 0x00, 0x01, 0x80, 0xC0, 0x00, 0x00, 0x00, 0x00, 0x00, 0x00, 0x00,
    0x00, 0x00, 0xFF, 0xC0, 0xFF, 0x80, 0xFF, 0xC0, 0xFF, 0x80, 0x3F, 0x00, 0x1E, 0x00, 0x1E, 0x00,
    0x1C, 0x00, 0x1E, 0x00, 0x1C, 0x00, 0x1E, 0x00, 0x1C, 0x00, 0x1E, 0x00, 0x1C, 0x00, 0x1E, 0x00,
    0x1C, 0x00, 0x1E, 0x00, 0x1C, 0x00, 0x1E, 0x00, 0x1C, 0x00, 0x1E, 0x00, 0x1C, 0x00, 0x1E, 0x00,
    0x1C, 0x00, 0x1E, 0x00, 0x1C, 0x00, 0x1E, 0x00, 0x1C, 0x00, 0x1E, 0x00, 0x1C, 0x00, 0x1E, 0x00,
    0x1C, 0x00, 0x1F, 0x00, 0x1C, 0x00, 0x1F, 0x00, 0x1C, 0x00, 0x1F, 0x00, 0x38, 0x00, 0x0F, 0x80,
    0x78, 0x00, 0x0F, 0xC0, 0xF0, 0x00, 0x07, 0xFF, 0xF0, 0x00, 0x03, 0xFF, 0xE0, 0x00, 0x00, 0xFF,
    0x80, 0x00, 0x00, 0xE1, 0xC0, 0x00, 0x01, 0xF3, 0xE0, 0x00, 0x01, 0xF3, 0xE0, 0x00, 0x01, 0xF3,
    0xE0, 0x00, 0x00, 0xE1, 0xC0, 0x00, 0x00, 0x00, 0x00, 0x00, 0x00, 0x00, 0x00, 0x00, 0x00, 0x00,
    0x00, 0x00, 0xFF, 0xC0, 0xFF, 0x80, 0xFF, 0xC0, 0xFF, 0x80, 0x3F, 0x00, 0x1E, 0x00, 0x1E, 0x00,
    0x1C, 0x00, 0x1E, 0x00, 0x1C, 0x00, 0x1E, 0x00, 0x1C, 0x00, 0x1E, 0x00, 0x1C, 0x00, 0x1E, 0x00,
    0x1C, 0x00, 0x1E, 0x00, 0x1C, 0x00, 0x1E, 0x00, 0x1C, 0x00, 0x1E, 0x00, 0x1C, 0x00, 0x1E, 0x00,
    0x1C, 0x00, 0x1E, 0x00, 0x1C, 0x00, 0x1E, 0x00, 0x1C, 0x00, 0x1E, 0x00, 0x1C, 0x00, 0x1E, 0x00,
    0x1C, 0x00, 0x1F, 0x00, 0x1C, 0x00, 0x1F, 0x00, 0x1C, 0x00, 0x1F, 0x00, 0x38, 0x00, 0x0F, 0x80,
    0x78, 0x00, 0x0F, 0xC0, 0xF0, 0x00, 0x07, 0xFF, 0xF0, 0x00, 0x03, 0xFF, 0xE0, 0x00, 0x00, 0xFF,
    0x80, 0x00, 0x00, 0x03, 0x00, 0x00, 0x07, 0x80, 0x00, 0x0F, 0x80, 0x00, 0x1F, 0x00, 0x00, 0x3C,
    0x00, 0x00, 0x70, 0x00, 0x00, 0x00, 0x00, 0x00, 0x00, 0x00, 0xFF, 0xC1, 0xFF, 0xFF, 0xC1, 0xFF,
    0x3F, 0x00, 0x7C, 0x1E, 0x00, 0x78, 0x0F, 0x00, 0x70, 0x0F, 0x80, 0xF0, 0x07, 0x80, 0xE0, 0x03,
    0xC1, 0xC0, 0x03, 0xE1, 0xC0, 0x01, 0xE3, 0x80, 0x01, 0xF7, 0x80, 0x00, 0xFF, 0x00, 0x00, 0x7E,
    0x00, 0x00, 0x7E, 0x00, 0x00, 0x3C, 0x00, 0x00, 0x3C, 0x00, 0x00, 0x3C, 0x00, 0x00, 0x3C, 0x00,
    0x00, 0x3C, 0x00, 0x00, 0x3C, 0x00, 0x00, 0x3C, 0x00, 0x00, 0x7E, 0x00, 0x03, 0xFF, 0x80, 0x03,
    0xFF, 0x80, 0xFF, 0xE0, 0x00, 0xFF, 0xE0, 0x00, 0x3F, 0x00, 0x00, 0x1E, 0x00, 0x00, 0x1E, 0x00,
    0x00, 0x1F, 0xFE, 0x00, 0x1F, 0xFF, 0x80, 0x1E, 0x0F, 0xC0, 0x1E, 0x07, 0xC0, 0x1E, 0x03, 0xE0,
    0x1E, 0x03, 0xE0, 0x1E, 0x03, 0xE0, 0x1E, 0x03, 0xE0, 0x1E, 0x03, 0xE0, 0x1E, 0x03, 0xC0, 0x1E,
    0x07, 0xC0, 0x1F, 0xFF, 0x80, 0x1F, 0xFF, 0x00, 0x1F, 0xFC, 0x00, 0x1E, 0x00, 0x00, 0x1E, 0x00,
    0x00, 0x3F, 0x00, 0x00, 0xFF, 0xE0, 0x00, 0xFF, 0xE0, 0x00, 0x01, 0xFF, 0x80, 0x03, 0xFF, 0xC0,
    0x07, 0xC7, 0xE0, 0x0F, 0x01, 0xE0, 0x0F, 0x01, 0xE0, 0x1E, 0x01, 0xE0, 0x1E, 0x01, 0xC0, 0x1E,
    0x03, 0xC0, 0x1E, 0x03, 0x80, 0x7E, 0x07, 0x00, 0xFE, 0x0F, 0x00, 0xFE, 0x1E, 0x00, 0x1E, 0x1E,
    0x00, 0x1E, 0x1E, 0x00, 0x1E, 0x1F, 0x00, 0x1E, 0x1F, 0xC0, 0x1E, 0x0F, 0xF0, 0x1E, 0x07, 0xF8,
    0x1E, 0x01, 0xFC, 0x1E, 0x00, 0x7C, 0x1E, 0x00, 0x3C, 0x1E, 0x70, 0x1C, 0x1E, 0x70, 0x1C, 0x1E,
    0x78, 0x3C, 0xFE, 0x7F, 0xF8, 0xFE, 0x3F, 0xF0, 0xFE, 0x37, 0xE0, 0x1E, 0x00, 0x00, 0x1E, 0x00,
    0x00, 0x1F, 0x00, 0x00, 0x0F, 0x80, 0x00, 0x03, 0x80, 0x00, 0x01, 0xC0, 0x00, 0x00, 0xC0, 0x00,
    0x00, 0x00, 0x00, 0x00, 0x00, 0x00, 0x0F, 0xE0, 0x00, 0x3F, 0xF8, 0x00, 0x7F, 0xF8, 0x00, 0xF0,
    0x7C, 0x00, 0xF0, 0x3C, 0x00, 0xF0, 0x3C, 0x00, 0x00, 0x3C, 0x00, 0x00, 0x7C, 0x00, 0x1F, 0xFC,
    0x00, 0x7F, 0xFC, 0x00, 0x7E, 0x3C, 0x00, 0xF8, 0x3C, 0x00, 0xF0, 0x3C, 0x00, 0xF0, 0x3C, 0x00,
    0xF8, 0x7C, 0x00, 0xFF, 0xFF, 0x80, 0x7F, 0x9F, 0xC0, 0x3F, 0x0F, 0x80, 0x00, 0x40, 0x00, 0x00,
    0xE0, 0x00, 0x01, 0xF0, 0x00, 0x01, 0xE0, 0x00, 0x03, 0xE0, 0x00, 0x07, 0x80, 0x00, 0x07, 0x00,
    0x00, 0x04, 0x00, 0x00, 0x00, 0x00, 0x00, 0x00, 0x00, 0x00, 0x0F, 0xE0, 0x00, 0x3F, 0xF8, 0x00,
    0x7F, 0xF8, 0x00, 0xF0, 0x7C, 0x00, 0xF0, 0x3C, 0x00, 0xF0, 0x3C, 0x00, 0x20, 0x3C, 0x00, 0x00,
    0x3C, 0x00, 0x0F, 0xFC, 0x00, 0x3F, 0xFC, 0x00, 0x7C, 0x3C, 0x00, 0xF8, 0x3C, 0x00, 0xF0, 0x3C,
    0x00, 0xF0, 0x3C, 0x00, 0xF8, 0x7C, 0x00, 0xFF, 0xFF, 0x80, 0x7F, 0x9F, 0xC0, 0x3F, 0x0F, 0x80,
    0x01, 0x00, 0x00, 0x03, 0x80, 0x00, 0x07, 0xC0, 0x00, 0x0F, 0xE0, 0x00, 0x1F, 0xE0, 0x00, 0x1C,
    0x70, 0x00, 0x38, 0x38, 0x00, 0x30, 0x18, 0x00, 0x00, 0x00, 0x00, 0x00, 0x00, 0x00, 0x0F, 0xE0,
    0x00, 0x3F, 0xF8, 0x00, 0x7F, 0xF8, 0x00, 0xF0, 0x7C, 0x00, 0xF0, 0x3C, 0x00, 0xF0, 0x3C, 0x00,
    0x00, 0x3C, 0x00, 0x00, 0x7C, 0x00, 0x1F, 0xFC, 0x00, 0x7F, 0xFC, 0x00, 0x7E, 0x3C, 0x00, 0xF8,
    0x3C, 0x00, 0xF0, 0x3C, 0x00, 0xF0, 0x3C, 0x00, 0xF8, 0x7C, 0x00, 0xFF, 0xFF, 0x80, 0x7F, 0x9F,
    0xC0, 0x3F, 0x0F, 0x80, 0x0C, 0x00, 0x00, 0x1F, 0x98, 0x00, 0x3F, 0xF8, 0x00, 0x77, 0xF8, 0x00,
    0x21, 0xF0, 0x00, 0x00, 0x00, 0x00, 0x00, 0x00, 0x00, 0x00, 0x00, 0x00, 0x0F, 0xE0, 0x00, 0x3F,
    0xF8, 0x00, 0x7F, 0xF8, 0x00, 0xF0, 0x7C, 0x00, 0xF0, 0x3C, 0x00, 0xF0, 0x3C, 0x00, 0x00, 0x3C,
    0x00, 0x00, 0x7C, 0x00, 0x1F, 0xFC, 0x00, 0x7F, 0xFC, 0x00, 0x7E, 0x3C, 0x00, 0xF8, 0x3C, 0x00,
    0xF0, 0x3C, 0x00, 0xF0, 0x3C, 0x00, 0xF8, 0x7C, 0x00, 0xFF, 0xFF, 0x80, 0x7F, 0x9F, 0xC0, 0x3F,
    0x0F, 0x80, 0x38, 0x38, 0x00, 0x7C, 0x7C, 0x00, 0x7C, 0x7C, 0x00, 0x7C, 0x7C, 0x00, 0x38, 0x38,
    0x00, 0x00, 0x00, 0x00, 0x00, 0x00, 0x00, 0x00, 0x00, 0x00, 0x0F, 0xE0, 0x00, 0x3F, 0xF8, 0x00,
    0x7F, 0xF8, 0x00, 0xF0, 0x7C, 0x00, 0xF0, 0x3C, 0x00, 0xF0, 0x3C, 0x00, 0x00, 0x3C, 0x00, 0x00,
    0x7C, 0x00, 0x1F, 0xFC, 0x00, 0x7F, 0xFC, 0x00, 0x7E, 0x3C, 0x00, 0xF8, 0x3C, 0x00, 0xF0, 0x3C,
    0x00, 0xF0, 0x3C, 0x00, 0xF8, 0x7C, 0x00, 0xFF, 0xFF, 0x80, 0x7F, 0x9F, 0xC0, 0x3F, 0x0F, 0x80,
    0x07, 0x80, 0x00, 0x0F, 0xC0, 0x00, 0x1C, 0xE0, 0x00, 0x18, 0x60, 0x00, 0x18, 0x60, 0x00, 0x1C,
    0xE0, 0x00, 0x0F, 0xC0, 0x00, 0x07, 0x80, 0x00, 0x00, 0x00, 0x00, 0x00, 0x00, 0x00, 0x0F, 0xE0,
    0x00, 0x3F, 0xF8, 0x00, 0x7F, 0xF8, 0x00, 0xF0, 0x7C, 0x00, 0xF0, 0x3C, 0x00, 0xF0, 0x3C, 0x00,
    0x00, 0x3C, 0x00, 0x00, 0x7C, 0x00, 0x1F, 0xFC, 0x00, 0x7F, 0xFC, 0x00, 0x7E, 0x3C, 0x00, 0xF8,
    0x3C, 0x00, 0xF0, 0x3C, 0x00, 0xF0, 0x3C, 0x00, 0xF8, 0x7C, 0x00, 0xFF, 0xFF, 0x80, 0x7F, 0x9F,
    0xC0, 0x3F, 0x0F, 0x80, 0x0F, 0xC0, 0xFC, 0x00, 0x3F, 0xF3, 0xFF, 0x00, 0x7F, 0xFF, 0xFF, 0x80,
    0xF0, 0x7F, 0x07, 0xC0, 0xF0, 0x3E, 0x07, 0xC0, 0xF0, 0x3E, 0x03, 0xC0, 0x00, 0x3C, 0x03, 0xC0,
    0x00, 0x7F, 0xFF, 0xC0, 0x1F, 0xFF, 0xFF, 0xC0, 0x7F, 0xFF, 0xFF, 0x80, 0x7E, 0x3C, 0x00, 0x00,
    0xF8, 0x3E, 0x00, 0x00, 0xF8, 0x3E, 0x00, 0x00, 0xF0, 0x3F, 0x00, 0x00, 0xF8, 0x7F, 0x81, 0xC0,
    0xFF, 0xFF, 0xFF, 0xC0, 0x7F, 0xC7, 0xFF, 0x00, 0x3F, 0x81, 0xFC, 0x00, 0x07, 0xF0, 0x0F, 0xFC,
    0x3F, 0xFE, 0x3C, 0x1E, 0x78, 0x1E, 0xF8, 0x1E, 0xF8, 0x1C, 0xF0, 0x00, 0xF0, 0x00, 0xF0, 0x00,
    0xF8, 0x00, 0xF8, 0x00, 0xF8, 0x00, 0x7C, 0x00, 0x7E, 0x0E, 0x3F, 0xFE, 0x1F, 0xFC, 0x07, 0xF0,
    0x01, 0x80, 0x03, 0xC0, 0x03, 0xF0, 0x00, 0x70, 0x00, 0x70, 0x07, 0xF0, 0x07, 0xF0, 0x03, 0xC0,
    0x0F, 0x00, 0x0F, 0x00, 0x0F, 0x80, 0x07, 0xC0, 0x01, 0xC0, 0x00, 0xE0, 0x00, 0x20, 0x00, 0x00,
    0x00, 0x00, 0x07, 0xF0, 0x0F, 0xFC, 0x3F, 0xFE, 0x3C, 0x1F, 0x78, 0x1F, 0x78, 0x0F, 0xF0, 0x0F,
    0xFF, 0xFF, 0xFF, 0xFF, 0xF8, 0x00, 0xF8, 0x00, 0xF8, 0x00, 0xF8, 0x00, 0x7C, 0x00, 0x7E, 0x07,
    0x3F, 0xFF, 0x1F, 0xFE, 0x07, 0xF0, 0x00, 0x78, 0x00, 0x78, 0x00, 0xF8, 0x01, 0xF0, 0x01, 0xC0,
    0x03, 0x80, 0x02, 0x00, 0x00, 0x00, 0x00, 0x00, 0x07, 0xF0, 0x0F, 0xFC, 0x3F, 0xFE, 0x3C, 0x1F,
    0x78, 0x1F, 0x78, 0x0F, 0xF0, 0x0F, 0xFF, 0xFF, 0xFF, 0xFF, 0xF8, 0x00, 0xF8, 0x00, 0xF8, 0x00,
    0xF8, 0x00, 0x7C, 0x00, 0x7E, 0x07, 0x3F, 0xFF, 0x1F, 0xFE, 0x07, 0xF0, 0x00, 0x80, 0x01, 0xC0,
    0x03, 0xE0, 0x07, 0xF0, 0x07, 0xF8, 0x0E, 0x38, 0x1C, 0x1C, 0x18, 0x0C, 0x00, 0x00, 0x00, 0x00,
    0x07, 0xF0, 0x0F, 0xFC, 0x3F, 0xFE, 0x3C, 0x1F, 0x78, 0x1F, 0x78, 0x0F, 0xF0, 0x0F, 0xFF, 0xFF,
    0xFF, 0xFF, 0xFF, 0xFE, 0xF0, 0x00, 0xF8, 0x00, 0xF8, 0x00, 0x7C, 0x00, 0x7E, 0x07, 0x3F, 0xFF,
    0x1F, 0xFE, 0x07, 0xF0, 0x0E, 0x1C, 0x1F, 0x3E, 0x1F, 0x3E, 0x1F, 0x3E, 0x0E, 0x1C, 0x00, 0x00,
    0x00, 0x00, 0x00, 0x00, 0x07, 0xF0, 0x0F, 0xFC, 0x3F, 0xFE, 0x3C, 0x1F, 0x78, 0x1F, 0x78, 0x0F,
    0xF0, 0x0F, 0xFF, 0xFF, 0xFF, 0xFF, 0xFF, 0xFE, 0xF0, 0x00, 0xF8, 0x00, 0xF8, 0x00, 0x7C, 0x00,
    0x7E, 0x07, 0x3F, 0xFF, 0x1F, 0xFE, 0x07, 0xF0, 0x60, 0x00, 0xF0, 0x00, 0x78, 0x00, 0x7C, 0x00,
    0x1E, 0x00, 0x0E, 0x00, 0x02, 0x00, 0x00, 0x00, 0x00, 0x00, 0x7F, 0x00, 0x7F, 0x00, 0x3F, 0x00,
    0x0F, 0x00, 0x0F, 0x00, 0x0F, 0x00, 0x0F, 0x00, 0x0F, 0x00, 0x0F, 0x00, 0x0F, 0x00, 0x0F, 0x00,
    0x0F, 0x00, 0x0F, 0x00, 0x0F, 0x00, 0x0F, 0x00, 0x1F, 0x80, 0x7F, 0xE0, 0x7F, 0xE0, 0x06, 0x00,
    0x0F, 0x00, 0x1F, 0x00, 0x3E, 0x00, 0x3C, 0x00, 0x70, 0x00, 0x00, 0x00, 0x00, 0x00, 0x00, 0x00,
    0xFE, 0x00, 0xFE, 0x00, 0x7E, 0x00, 0x1E, 0x00, 0x1E, 0x00, 0x1E, 0x00, 0x1E, 0x00, 0x1E, 0x00,
    0x1E, 0x00, 0x1E, 0x00, 0x1E, 0x00, 0x1E, 0x00, 0x1E, 0x00, 0x1E, 0x00, 0x1E, 0x00, 0x3F, 0x00,
    0xFF, 0xC0, 0xFF, 0xC0, 0x0E, 0x00, 0x1F, 0x00, 0x1F, 0x80, 0x3F, 0xC0, 0x71, 0xE0, 0xE0, 0xE0,
    0x40, 0x20, 0x00, 0x00, 0x00, 0x00, 0x3F, 0x80, 0x3F, 0x80, 0x1F, 0x80, 0x07, 0x80, 0x07, 0x80,
    0x07, 0x80, 0x07, 0x80, 0x07, 0x80, 0x07, 0x80, 0x07, 0x80, 0x07, 0x80, 0x07, 0x80, 0x07, 0x80,
    0x07, 0x80, 0x07, 0x80, 0x0F, 0xC0, 0x3F, 0xF0, 0x3F, 0xF0, 0x70, 0xE0, 0xF8, 0xF0, 0xF8, 0xF0,
    0xF8, 0xF0, 0x70, 0xE0, 0x00, 0x00, 0x00, 0x00, 0x00, 0x00, 0x3F, 0x80, 0x3F, 0x80, 0x1F, 0x80,
    0x07, 0x80, 0x07, 0x80, 0x07, 0x80, 0x07, 0x80, 0x07, 0x80, 0x07, 0x80, 0x07, 0x80, 0x07, 0x80,
    0x07, 0x80, 0x07, 0x80, 0x07, 0x80, 0x07, 0x80, 0x0F, 0xC0, 0x3F, 0xF0, 0x3F, 0xF0, 0x00, 0x02,
    0x00, 0x1F, 0x0F, 0x00, 0x1F, 0xFE, 0x00, 0x01, 0xF8, 0x00, 0x00, 0xFC, 0x00, 0x03, 0xFE, 0x00,
    0x03, 0x1E, 0x00, 0x00, 0x0F, 0x00, 0x00, 0x0F, 0x00, 0x07, 0xE7, 0x80, 0x1F, 0xF7, 0x80, 0x3F,
    0xFF, 0x80, 0x7C, 0x1F, 0x80, 0x78, 0x0F, 0x80, 0xF8, 0x07, 0x80, 0xF8, 0x07, 0x80, 0xF0, 0x07,
    0x80, 0xF0, 0x07, 0x80, 0xF0, 0x07, 0x80, 0xF0, 0x07, 0x80, 0xF8, 0x07, 0x80, 0xF8, 0x0F, 0x00,
    0x78, 0x0F, 0x00, 0x7C, 0x1E, 0x00, 0x3F, 0xFC, 0x00, 0x1F, 0xF8, 0x00, 0x07, 0xF0, 0x00, 0x01,
    0x80, 0x00, 0x03, 0xF3, 0x00, 0x07, 0xFF, 0x00, 0x06, 0xFE, 0x00, 0x04, 0x3C, 0x00, 0x00, 0x00,
    0x00, 0x00, 0x00, 0x00, 0x00, 0x00, 0x00, 0xFC, 0x3E, 0x00, 0xFC, 0xFF, 0x80, 0x7F, 0xFF, 0xC0,
    0x1F, 0x07, 0xC0, 0x1F, 0x03, 0xC0, 0x1E, 0x03, 0xC0, 0x1E, 0x03, 0xC0, 0x1E, 0x03, 0xC0, 0x1E,
    0x03, 0xC0, 0x1E, 0x03, 0xC0, 0x1E, 0x03, 0xC0, 0x1E, 0x03, 0xC0, 0x1E, 0x03, 0xC0, 0x1E, 0x03,
    0xC0, 0x1E, 0x03, 0xC0, 0x3F, 0x07, 0xE0, 0xFF, 0x8F, 0xF8, 0xFF, 0x8F, 0xF8, 0x02, 0x00, 0x00,
    0x07, 0x00, 0x00, 0x07, 0x80, 0x00, 0x07, 0xC0, 0x00, 0x03, 0xC0, 0x00, 0x01, 0xE0, 0x00, 0x00,
    0x70, 0x00, 0x00, 0x20, 0x00, 0x00, 0x00, 0x00, 0x00, 0x00, 0x00, 0x03, 0xF8, 0x00, 0x0F, 0xFE,
    0x00, 0x3F, 0xFF, 0x00, 0x3C, 0x0F, 0x80, 0x78, 0x0F, 0x80, 0x78, 0x07, 0xC0, 0xF8, 0x07, 0xC0,
    0xF0, 0x07, 0xC0, 0xF0, 0x03, 0xC0, 0xF0, 0x03, 0xC0, 0xF8, 0x03, 0xC0, 0xF8, 0x07, 0xC0, 0xF8,
    0x07, 0x80, 0x7C, 0x07, 0x80, 0x7E, 0x0F, 0x00, 0x3F, 0xFF, 0x00, 0x1F, 0xFC, 0x00, 0x07, 0xF8,
    0x00, 0x00, 0x10, 0x00, 0x00, 0x38, 0x00, 0x00, 0x78, 0x00, 0x00, 0x78, 0x00, 0x00, 0xF0, 0x00,
    0x01, 0xE0, 0x00, 0x03, 0x80, 0x00, 0x01, 0x00, 0x00, 0x00, 0x00, 0x00, 0x00, 0x00, 0x00, 0x03,
    0xF8, 0x00, 0x0F, 0xFE, 0x00, 0x3F, 0xFF, 0x00, 0x3C, 0x0F, 0x80, 0x78, 0x0F, 0x80, 0x78, 0x07,
    0xC0, 0xF8, 0x07, 0xC0, 0xF0, 0x07, 0xC0, 0xF0, 0x03, 0xC0, 0xF0, 0x03, 0xC0, 0xF8, 0x03, 0xC0,
    0xF8, 0x07, 0xC0, 0xF8, 0x07, 0x80, 0x7C, 0x07, 0x80, 0x7E, 0x0F, 0x00, 0x3F, 0xFF, 0x00, 0x1F,
    0xFC, 0x00, 0x07, 0xF8, 0x00, 0x00, 0x40, 0x00, 0x01, 0xE0, 0x00, 0x01, 0xF0, 0x00, 0x03, 0xF0,
    0x00, 0x07, 0xF8, 0x00, 0x0F, 0x3C, 0x00, 0x0E, 0x0E, 0x00, 0x08, 0x04, 0x00, 0x00, 0x00, 0x00,
    0x00, 0x00, 0x00, 0x03, 0xF8, 0x00, 0x0F, 0xFE, 0x00, 0x3F, 0xFF, 0x00, 0x3C, 0x0F, 0x80, 0x78,
    0x0F, 0x80, 0x78, 0x07, 0xC0, 0xF8, 0x07, 0xC0, 0xF0, 0x07, 0xC0, 0xF0, 0x03, 0xC0, 0xF0, 0x03,
    0xC0, 0xF8, 0x03, 0xC0, 0xF8, 0x07, 0xC0, 0xF8, 0x07, 0x80, 0x7C, 0x07, 0x80, 0x7E, 0x0F, 0x00,
    0x3F, 0xFF, 0x00, 0x1F, 0xFC, 0x00, 0x07, 0xF8, 0x00, 0x03, 0x00, 0x00, 0x0F, 0xE6, 0x00, 0x0F,
    0xFE, 0x00, 0x1F, 0xFC, 0x00, 0x00, 0x78, 0x00, 0x00, 0x00, 0x00, 0x00, 0x00, 0x00, 0x00, 0x00,
    0x00, 0x03, 0xF8, 0x00, 0x0F, 0xFE, 0x00, 0x3F, 0xFF, 0x00, 0x3C, 0x0F, 0x80, 0x78, 0x0F, 0x80,
    0x78, 0x07, 0xC0, 0xF8, 0x07, 0xC0, 0xF0, 0x07, 0xC0, 0xF0, 0x03, 0xC0, 0xF0, 0x03, 0xC0, 0xF8,
    0x03, 0xC0, 0xF8, 0x07, 0xC0, 0xF8, 0x07, 0x80, 0x7C, 0x07, 0x80, 0x7E, 0x0F, 0x00, 0x3F, 0xFF,
    0x00, 0x1F, 0xFC, 0x00, 0x07, 0xF8, 0x00, 0x0E, 0x1C, 0x00, 0x1F, 0x3E, 0x00, 0x1F, 0x3E, 0x00,
    0x1F, 0x3E, 0x00, 0x0E, 0x1C, 0x00, 0x00, 0x00, 0x00, 0x00, 0x00, 0x00, 0x00, 0x00, 0x00, 0x03,
    0xF8, 0x00, 0x0F, 0xFE, 0x00, 0x3F, 0xFF, 0x00, 0x3C, 0x0F, 0x80, 0x78, 0x0F, 0x80, 0x78, 0x07,
    0xC0, 0xF8, 0x07, 0xC0, 0xF0, 0x07, 0xC0, 0xF0, 0x03, 0xC0, 0xF0, 0x03, 0xC0, 0xF8, 0x03, 0xC0,
    0xF8, 0x07, 0xC0, 0xF8, 0x07, 0x80, 0x7C, 0x07, 0x80, 0x7E, 0x0F, 0x00, 0x3F, 0xFF, 0x00, 0x1F,
    0xFC, 0x00, 0x07, 0xF8, 0x00, 0x03, 0x80, 0x07, 0xC0, 0x07, 0xC0, 0x07, 0xC0, 0x03, 0x80, 0x00,
    0x00, 0x00, 0x00, 0xFF, 0xFE, 0xFF, 0xFE, 0xFF, 0xFE, 0x00, 0x00, 0x03, 0x80, 0x07, 0xC0, 0x07,
    0xC0, 0x07, 0xC0, 0x03, 0x80, 0x01, 0xFC, 0xE0, 0x07, 0xFF, 0xC0, 0x1F, 0xFF, 0x80, 0x1E, 0x07,
    0xC0, 0x3C, 0x0F, 0xC0, 0x3C, 0x1F, 0xE0, 0x7C, 0x3F, 0xE0, 0x78, 0x7B, 0xE0, 0x78, 0x71, 0xE0,
    0x78, 0xE1, 0xE0, 0x7D, 0xC1, 0xE0, 0x7F, 0x83, 0xE0, 0x7F, 0x03, 0xC0, 0x3E, 0x03, 0xC0, 0x3F,
    0x07, 0x80, 0x3F, 0xFF, 0x80, 0x7F, 0xFE, 0x00, 0xE3, 0xFC, 0x00, 0x01, 0x00, 0x00, 0x03, 0x80,
    0x00, 0x03, 0xC0, 0x00, 0x03, 0xE0, 0x00, 0x01, 0xE0, 0x00, 0x00, 0x70, 0x00, 0x00, 0x38, 0x00,
    0x00, 0x00, 0x00, 0x00, 0x00, 0x00, 0x00, 0x00, 0x00, 0xFE, 0x0F, 0xC0, 0xFE, 0x0F, 0xC0, 0x3E,
    0x07, 0xC0, 0x1E, 0x03, 0xC0, 0x1E, 0x03, 0xC0, 0x1E, 0x03, 0xC0, 0x1E, 0x03, 0xC0, 0x1E, 0x03,
    0xC0, 0x1E, 0x03, 0xC0, 0x1E, 0x03, 0xC0, 0x1E, 0x03, 0xC0, 0x1E, 0x03, 0xC0, 0x1E, 0x03, 0xC0,
    0x1F, 0x07, 0xC0, 0x1F, 0x0F, 0xC0, 0x0F, 0xFF, 0xF8, 0x0F, 0xFB, 0xF8, 0x03, 0xE1, 0xF8, 0x00,
    0x08, 0x00, 0x00, 0x1C, 0x00, 0x00, 0x3C, 0x00, 0x00, 0x3C, 0x00, 0x00, 0x78, 0x00, 0x00, 0xF0,
    0x00, 0x00, 0xC0, 0x00, 0x00, 0x00, 0x00, 0x00, 0x00, 0x00, 0x00, 0x00, 0x00, 0xFE, 0x0F, 0xC0,
    0xFE, 0x0F, 0xC0, 0x3E, 0x07, 0xC0, 0x1E, 0x03, 0xC0, 0x1E, 0x03, 0xC0, 0x1E, 0x03, 0xC0, 0x1E,
    0x03, 0xC0, 0x1E, 0x03, 0xC0, 0x1E, 0x03, 0xC0, 0x1E, 0x03, 0xC0, 0x1E, 0x03, 0xC0, 0x1E, 0x03,
    0xC0, 0x1E, 0x03, 0xC0, 0x1F, 0x07, 0xC0, 0x1F, 0x0F, 0xC0, 0x0F, 0xFF, 0xF8, 0x0F, 0xFB, 0xF8,
    0x03, 0xE1, 0xF8, 0x00, 0x20, 0x00, 0x00, 0xF0, 0x00, 0x00, 0xF8, 0x00, 0x01, 0xF8, 0x00, 0x03,
    0xFC, 0x00, 0x07, 0x8E, 0x00, 0x06, 0x06, 0x00, 0x04, 0x02, 0x00, 0x00, 0x00, 0x00, 0x00, 0x00,
    0x00, 0xFE, 0x0F, 0xC0, 0xFE, 0x0F, 0xC0, 0x3E, 0x07, 0xC0, 0x1E, 0x03, 0xC0, 0x1E, 0x03, 0xC0,
    0x1E, 0x03, 0xC0, 0x1E, 0x03, 0xC0, 0x1E, 0x03, 0xC0, 0x1E, 0x03, 0xC0, 0x1E, 0x03, 0xC0, 0x1E,
    0x03, 0xC0, 0x1E, 0x03, 0xC0, 0x1E, 0x03, 0xC0, 0x1F, 0x07, 0xC0, 0x1F, 0x0F, 0xC0, 0x0F, 0xFF,
    0xF8, 0x0F, 0xFB, 0xF8, 0x03, 0xE1, 0xF8, 0x07, 0x07, 0x00, 0x0F, 0x8F, 0x80, 0x0F, 0x8F, 0x80,
    0x0F, 0x8F, 0x80, 0x07, 0x07, 0x00, 0x00, 0x00, 0x00, 0x00, 0x00, 0x00, 0x00, 0x00, 0x00, 0xFE,
    0x0F, 0xC0, 0xFE, 0x0F, 0xC0, 0x3E, 0x07, 0xC0, 0x1E, 0x03, 0xC0, 0x1E, 0x03, 0xC0, 0x1E, 0x03,
    0xC0, 0x1E, 0x03, 0xC0, 0x1E, 0x03, 0xC0, 0x1E, 0x03, 0xC0, 0x1E, 0x03, 0xC0, 0x1E, 0x03, 0xC0,
    0x1E, 0x03, 0xC0, 0x1E, 0x03, 0xC0, 0x1F, 0x07, 0xC0, 0x1F, 0x0F, 0xC0, 0x0F, 0xFF, 0xF8, 0x0F,
    0xF9, 0xF8, 0x03, 0xE1, 0xF8, 0x00, 0x0C, 0x00, 0x00, 0x1E, 0x00, 0x00, 0x1E, 0x00, 0x00, 0x3C,
    0x00, 0x00, 0x78, 0x00, 0x00, 0x70, 0x00, 0x00, 0xC0, 0x00, 0x00, 0x00, 0x00, 0x00, 0x00, 0x00,
    0x00, 0x00, 0x00, 0xFF, 0xC7, 0xF0, 0xFF, 0xCF, 0xF0, 0x3E, 0x03, 0xC0, 0x1E, 0x01, 0x80, 0x1F,
    0x03, 0x80, 0x0F, 0x03, 0x80, 0x0F, 0x03, 0x00, 0x0F, 0x87, 0x00, 0x07, 0x86, 0x00, 0x07, 0xCE,
    0x00, 0x03, 0xCC, 0x00, 0x03, 0xFC, 0x00, 0x01, 0xFC, 0x00, 0x01, 0xF8, 0x00, 0x00, 0xF8, 0x00,
    0x00, 0xF0, 0x00, 0x00, 0xF0, 0x00, 0x00, 0x60, 0x00, 0x00, 0xE0, 0x00, 0x00, 0xC0, 0x00, 0x71,
    0xC0, 0x00, 0xF9, 0x80, 0x00, 0xF3, 0x80, 0x00, 0xFF, 0x00, 0x00, 0x7E, 0x00, 0x00, 0xFE, 0x00,
    0x00, 0xFE, 0x00, 0x00, 0x3E, 0x00, 0x00, 0x1E, 0x00, 0x00, 0x1E, 0x00, 0x00, 0x1E, 0x00, 0x00,
    0x1E, 0x00, 0x00, 0x1E, 0x00, 0x00, 0x1E, 0x3E, 0x00, 0x1E, 0xFF, 0x80, 0x1F, 0xFF, 0xC0, 0x1F,
    0x83, 0xC0, 0x1F, 0x03, 0xE0, 0x1E, 0x03, 0xE0, 0x1E, 0x01, 0xE0, 0x1E, 0x01, 0xE0, 0x1E, 0x01,
    0xE0, 0x1E, 0x01, 0xE0, 0x1E, 0x01, 0xE0, 0x1E, 0x01, 0xE0, 0x1E, 0x03, 0xE0, 0x1E, 0x03, 0xC0,
    0x1F, 0x07, 0xC0, 0x1F, 0xFF, 0x80, 0x1F, 0xFF, 0x00, 0x1E, 0xFE, 0x00, 0x1E, 0x00, 0x00, 0x1E,
    0x00, 0x00, 0x1E, 0x00, 0x00, 0x1E, 0x00, 0x00, 0x3F, 0x00, 0x00, 0xFF, 0xC0, 0x00, 0xFF, 0xC0,
    0x00, 0x03, 0x87, 0x00, 0x07, 0xCF, 0x80, 0x07, 0xCF, 0x80, 0x07, 0xCF, 0x80, 0x03, 0x87, 0x00,
    0x00, 0x00, 0x00, 0x00, 0x00, 0x00, 0x00, 0x00, 0x00, 0xFF, 0xCF, 0xF8, 0xFF, 0xCF, 0xF8, 0x3E,
    0x03, 0xE0, 0x1E, 0x01, 0xC0, 0x1F, 0x03, 0x80, 0x0F, 0x03, 0x80, 0x0F, 0x87, 0x80, 0x0F, 0x87,
    0x00, 0x07, 0x87, 0x00, 0x07, 0xCE, 0x00, 0x03, 0xCE, 0x00, 0x03, 0xFC, 0x00, 0x01, 0xFC, 0x00,
    0x01, 0xF8, 0x00, 0x00, 0xF8, 0x00, 0x00, 0xF8, 0x00, 0x00, 0x70, 0x00, 0x00, 0x70, 0x00, 0x00,
    0xE0, 0x00, 0x00, 0xE0, 0x00, 0x71, 0xC0, 0x00, 0xF9, 0xC0, 0x00, 0xFB, 0x80, 0x00, 0xFF, 0x00,
    0x00, 0x7E, 0x00, 0x00, 0x01, 0xFE, 0x1F, 0xFF, 0x80, 0x07, 0xFF, 0x9F, 0xFF, 0x80, 0x0F, 0xFF,
    0xFF, 0xFF, 0x80, 0x1F, 0x01, 0xFE, 0x03, 0xC0, 0x3E, 0x00, 0xFE, 0x01, 0xC0, 0x7C, 0x00, 0x7E,
    0x01, 0xC0, 0x78, 0x00, 0x3E, 0x00, 0x00, 0x78, 0x00, 0x3E, 0x04, 0x00, 0xF8, 0x00, 0x3E, 0x0E,
    0x00, 0xF8, 0x00, 0x3E, 0x0E, 0x00, 0xF0, 0x00, 0x1F, 0xFE, 0x00, 0xF0, 0x00, 0x1F, 0xFE, 0x00,
    0xF0, 0x00, 0x1F, 0xFE, 0x00, 0xF0, 0x00, 0x1E, 0x0E, 0x00, 0xF8, 0x00, 0x3E, 0x0E, 0x00, 0xF8,
    0x00, 0x3E, 0x00, 0x00, 0xF8, 0x00, 0x3E, 0x00, 0x00, 0x78, 0x00, 0x3E, 0x00, 0xE0, 0x7C, 0x00,
    0x7E, 0x00, 0xE0, 0x3E, 0x00, 0x7E, 0x01, 0xC0, 0x1F, 0x00, 0xFE, 0x01, 0xC0, 0x0F, 0xC7, 0xFE,
    0x07, 0xC0, 0x07, 0xFF, 0x9F, 0xFF, 0xC0, 0x01, 0xFE, 0x1F, 0xFF, 0xC0, 0x03, 0xF8, 0x1F, 0xC0,
    0x0F, 0xFC, 0x7F, 0xE0, 0x3F, 0xFF, 0xFF, 0xF0, 0x3C, 0x0F, 0xF0, 0xF8, 0x78, 0x0F, 0xE0, 0x78,
    0xF8, 0x07, 0xE0, 0x78, 0xF8, 0x07, 0xC0, 0x78, 0xF0, 0x07, 0xFF, 0xF8, 0xF0, 0x03, 0xFF, 0xF8,
    0xF0, 0x03, 0xFF, 0xF0, 0xF8, 0x03, 0xC0, 0x00, 0xF8, 0x07, 0xC0, 0x00, 0xF8, 0x07, 0xE0, 0x00,
    0x7C, 0x07, 0xE0, 0x00, 0x7C, 0x0F, 0xF0, 0x38, 0x3F, 0xFF, 0xFF, 0xF8, 0x1F, 0xFC, 0x7F, 0xF0,
    0x07, 0xF0, 0x1F, 0xC0, 0x1C, 0x06, 0x00, 0x0E, 0x1E, 0x00, 0x0F, 0xFC, 0x00, 0x07, 0xF8, 0x00,
    0x03, 0xF0, 0x00, 0x01, 0xE0, 0x00, 0x00, 0x40, 0x00, 0x00, 0x00, 0x00, 0x00, 0x00, 0x00, 0x07,
    0xF3, 0x80, 0x1F, 0xFF, 0x80, 0x3F, 0xFF, 0x80, 0x3C, 0x0F, 0x80, 0x7C, 0x03, 0x80, 0x78, 0x03,
    0x80, 0x7C, 0x01, 0x80, 0x7C, 0x00, 0x00, 0x7E, 0x00, 0x00, 0x3F, 0xC0, 0x00, 0x3F, 0xF0, 0x00,
    0x1F, 0xFE, 0x00, 0x07, 0xFF, 0x00, 0x00, 0xFF, 0x80, 0x00, 0x1F, 0xC0, 0x00, 0x0F, 0xC0, 0x40,
    0x07, 0xC0, 0xE0, 0x03, 0xC0, 0xF0, 0x03, 0xC0, 0xF8, 0x07, 0xC0, 0xFC, 0x07, 0x80, 0x7F, 0xFF,
    0x00, 0x6F, 0xFE, 0x00, 0x63, 0xF8, 0x00, 0x40, 0x00, 0x60, 0x70, 0x78, 0xE0, 0x3F, 0xC0, 0x1F,
    0xC0, 0x0F, 0x80, 0x0F, 0x00, 0x02, 0x00, 0x00, 0x00, 0x00, 0x00, 0x1F, 0xB0, 0x3F, 0xF0, 0x7F,
    0xF0, 0xF0, 0x70, 0xE0, 0x38, 0xE0, 0x30, 0xF8, 0x00, 0x7F, 0x00, 0x7F, 0xE0, 0x1F, 0xF0, 0x03,
    0xF8, 0x00, 0x78, 0xC0, 0x38, 0xE0, 0x38, 0xF0, 0x78, 0xFF, 0xF0, 0xFF, 0xE0, 0xDF, 0xC0, 0x00,
    0xE1, 0xC0, 0x01, 0xE3, 0xE0, 0x01, 0xE3, 0xE0, 0x01, 0xE3, 0xE0, 0x00, 0xE1, 0xC0, 0x00, 0x00,
    0x00, 0x00, 0x00, 0x00, 0x00, 0x00, 0x00, 0xFF, 0xC1, 0xFF, 0xFF, 0xC1, 0xFF, 0x3F, 0x00, 0x7C,
    0x1E, 0x00, 0x78, 0x0F, 0x00, 0x70, 0x0F, 0x80, 0xF0, 0x07, 0x80, 0xE0, 0x03, 0xC1, 0xC0, 0x03,
    0xE1, 0xC0, 0x01, 0xE3, 0x80, 0x01, 0xF7, 0x80, 0x00, 0xFF, 0x00, 0x00, 0x7E, 0x00, 0x00, 0x7E,
    0x00, 0x00, 0x3C, 0x00, 0x00, 0x3C, 0x00, 0x00, 0x3C, 0x00, 0x00, 0x3C, 0x00, 0x00, 0x3C, 0x00,
    0x00, 0x3C, 0x00, 0x00, 0x3C, 0x00, 0x00, 0x7E, 0x00, 0x01, 0xFF, 0xC0, 0x01, 0xFF, 0xC0, 0x04,
    0x01, 0x00, 0x0F, 0x07, 0x00, 0x07, 0x9E, 0x00, 0x03, 0xFC, 0x00, 0x01, 0xFC, 0x00, 0x00, 0xF8,
    0x00, 0x00, 0x70, 0x00, 0x00, 0x00, 0x00, 0x00, 0x00, 0x00, 0x7F, 0xFF, 0xF0, 0x7F, 0xFF, 0xF0,
    0x7F, 0xFF, 0xF0, 0x78, 0x03, 0xE0, 0x78, 0x07, 0xC0, 0x70, 0x07, 0xC0, 0x70, 0x0F, 0x80, 0x00,
    0x1F, 0x00, 0x00, 0x3F, 0x00, 0x00, 0x3E, 0x00, 0x00, 0x7C, 0x00, 0x00, 0xF8, 0x00, 0x01, 0xF8,
    0x00, 0x01, 0xF0, 0x00, 0x03, 0xE0, 0x00, 0x07, 0xC0, 0x00, 0x0F, 0xC0, 0x00, 0x0F, 0x80, 0x30,
    0x1F, 0x00, 0x70, 0x3E, 0x00, 0x70, 0x7E, 0x00, 0xF0, 0x7C, 0x03, 0xF0, 0xFF, 0xFF, 0xF0, 0xFF,
    0xFF, 0xF0, 0x18, 0x18, 0x1C, 0x38, 0x0E, 0x70, 0x0F, 0xF0, 0x07, 0xE0, 0x03, 0xC0, 0x01, 0x80,
    0x00, 0x00, 0x00, 0x00, 0x7F, 0xFE, 0x7F, 0xFE, 0x7F, 0xFE, 0x70, 0x3C, 0x70, 0x78, 0x60, 0xF8,
    0x41, 0xF0, 0x01, 0xE0, 0x03, 0xE0, 0x07, 0xC0, 0x07, 0x80, 0x0F, 0x02, 0x1F, 0x07, 0x3E, 0x07,
    0x3C, 0x0E, 0x7C, 0x1E, 0xFF, 0xFE, 0xFF, 0xFE, 0x00, 0x01, 0xF8, 0x00, 0x03, 0xFC, 0x00, 0x07,
    0xFE, 0x00, 0x0F, 0x1E, 0x00, 0x1E, 0x1E, 0x00, 0x1E, 0x1E, 0x00, 0x1E, 0x00, 0x00, 0x3E, 0x00,
    0x00, 0x3C, 0x00, 0x00, 0x3C, 0x00, 0x01, 0xFF, 0xE0, 0x01, 0xFF, 0xE0, 0x00, 0xFF, 0xE0, 0x00,
    0x3C, 0x00, 0x00, 0x3C, 0x00, 0x00, 0x7C, 0x00, 0x00, 0x78, 0x00, 0x00, 0x78, 0x00, 0x00, 0x78,
    0x00, 0x00, 0x78, 0x00, 0x00, 0x78, 0x00, 0x00, 0x78, 0x00, 0x00, 0xF8, 0x00, 0x00, 0xF8, 0x00,
    0x00, 0xF0, 0x00, 0x00, 0xF0, 0x00, 0x70, 0xF0, 0x00, 0xF0, 0xE0, 0x00, 0xF1, 0xE0, 0x00, 0xFF,
    0xC0, 0x00, 0x7F, 0x80, 0x00, 0x3F, 0x00, 0x00, 0x0E, 0x00, 0x0F, 0x00, 0x1F, 0x80, 0x3F, 0xC0,
    0x79, 0xC0, 0x70, 0xE0, 0xC0, 0x60, 0x7C, 0x20, 0xFF, 0xF0, 0xCF, 0xE0, 0x03, 0xC0, 0xFF, 0xFF,
    0xFF, 0xFF, 0xFF, 0xFF, 0xFF, 0xFF, 0xFF, 0xFF, 0xC0, 0xFF, 0xFF, 0xFF, 0xFF, 0xC0, 0xFF, 0xFF,
    0xFF, 0xFF, 0xC0, 0x18, 0x38, 0x70, 0x60, 0xE0, 0xF8, 0xF8, 0xF8, 0x70, 0x70, 0xF8, 0xF8, 0xF8,
    0x38, 0x30, 0x70, 0xE0, 0xC0, 0x78, 0xFC, 0xFC, 0xFC, 0x1C, 0x38, 0x38, 0xF0, 0x40, 0x18, 0x10,
    0x38, 0x78, 0x70, 0xE0, 0x60, 0xE0, 0xE1, 0xC0, 0xF9, 0xF0, 0xF9, 0xF8, 0xF9, 0xF8, 0x70, 0xF0,
    0x70, 0xF0, 0xF9, 0xF8, 0xF9, 0xF8, 0xF8, 0xF8, 0x38, 0x38, 0x30, 0x70, 0x70, 0x70, 0xE1, 0xE0,
    0xC0, 0x80, 0x78, 0xF0, 0xFD, 0xF8, 0xFD, 0xF8, 0x7C, 0xF8, 0x1C, 0x38, 0x38, 0x70, 0x38, 0x70,
    0xF1, 0xE0, 0x40, 0x80, 0x07, 0x80, 0x07, 0x80, 0x07, 0x80, 0x07, 0x80, 0x03, 0x80, 0x43, 0x08,
    0xFF, 0xFC, 0xFF, 0xFC, 0xFF, 0xFC, 0x43, 0x08, 0x07, 0x80, 0x07, 0x80, 0x07, 0x80, 0x07, 0x80,
    0x07, 0x80, 0x03, 0x80, 0x03, 0x00, 0x03, 0x00, 0x03, 0x00, 0x03, 0x00, 0x03, 0x00, 0x03, 0x00,
    0x03, 0x00, 0x03, 0x00, 0x03, 0x00, 0x03, 0x00, 0x03, 0x00, 0x03, 0x00, 0x07, 0x80, 0x07, 0x80,
    0x07, 0x80, 0x07, 0x80, 0x03, 0x00, 0xC3, 0x0C, 0xFF, 0xFC, 0xFF, 0xFC, 0xFF, 0xFC, 0x03, 0x00,
    0x03, 0x00, 0x07, 0x80, 0x07, 0x80, 0x07, 0x80, 0x07, 0x80, 0x07, 0x80, 0x07, 0x80, 0x03, 0x00,
    0xF3, 0x1C, 0xFF, 0xFC, 0xFF, 0xFC, 0xF3, 0x3C, 0x03, 0x00, 0x07, 0x00, 0x07, 0x80, 0x07, 0x80,
    0x07, 0x80, 0x03, 0x00, 0x3C, 0x7E, 0xFF, 0xFF, 0xFF, 0xFF, 0x7E, 0x3C, 0x78, 0x0F, 0x01, 0xE0,
    0xFC, 0x1F, 0x83, 0xF0, 0xFC, 0x1F, 0x83, 0xF0, 0xFC, 0x1F, 0x83, 0xF0, 0x78, 0x0F, 0x01, 0xE0,
    0x1F, 0x00, 0x38, 0x00, 0x00, 0x00, 0x7F, 0xC0, 0x78, 0x00, 0x00, 0x00, 0x7F, 0xC0, 0x70, 0x00,
    0x00, 0x00, 0xF1, 0xE0, 0xE0, 0x00, 0x00, 0x00, 0xE0, 0xE1, 0xE0, 0x00, 0x00, 0x00, 0xE0, 0xE1,
    0xC0, 0x00, 0x00, 0x00, 0xE0, 0xE3, 0xC0, 0x00, 0x00, 0x00, 0xF0, 0xE7, 0x80, 0x00, 0x00, 0x00,
    0xF1, 0xC7, 0x00, 0x00, 0x00, 0x00, 0x7F, 0xCF, 0x00, 0x00, 0x00, 0x00, 0x3F, 0x8E, 0x1F, 0x00,
    0xFC, 0x00, 0x04, 0x1E, 0x7F, 0xC1, 0xFF, 0x00, 0x00, 0x3C, 0x71, 0xC3, 0x8F, 0x00, 0x00, 0x38,
    0xE0, 0xE7, 0x07, 0x80, 0x00, 0x78, 0xE0, 0xE7, 0x03, 0x80, 0x00, 0x70, 0xE0, 0xE7, 0x03, 0x80,
    0x00, 0xF0, 0xE0, 0xE7, 0x03, 0x80, 0x01, 0xE0, 0xF1, 0xE7, 0x87, 0x80, 0x01, 0xC0, 0x7F, 0xC3,
    0xFF, 0x00, 0x03, 0xC0, 0x7F, 0x83, 0xFE, 0x00, 0x03, 0x80, 0x1F, 0x00, 0xFC, 0x00, 0x03, 0x07,
    0x0E, 0x1C, 0x3C, 0x78, 0xF0, 0xF8, 0x78, 0x3C, 0x1E, 0x0E, 0x07, 0x03, 0xC0, 0xE0, 0x70, 0x3C,
    0x3E, 0x1F, 0x0F, 0x1F, 0x1E, 0x3C, 0x78, 0x70, 0xE0, 0xC0, 0x00, 0x3F, 0xB8, 0x01, 0xFF, 0xF8,
    0x03, 0xFF, 0xF8, 0x07, 0xC0, 0x78, 0x0F, 0x80, 0x38, 0x0F, 0x00, 0x1C, 0x0F, 0x00, 0x00, 0x7F,
    0xFC, 0x00, 0xFF, 0xFE, 0x00, 0xFF, 0xFE, 0x00, 0x1E, 0x00, 0x00, 0x1E, 0x00, 0x00, 0xFF, 0xFC,
    0x00, 0xFF, 0xFC, 0x00, 0xFF, 0xFC, 0x00, 0x1F, 0x00, 0x00, 0x0F, 0x00, 0x00, 0x0F, 0x00, 0x1C,
    0x0F, 0x80, 0x1C, 0x07, 0xC0, 0x38, 0x03, 0xE0, 0x78, 0x01, 0xFF, 0xF8, 0x00, 0xFF, 0xF8, 0x00,
    0x3F, 0xB8, 0xFF, 0xFC, 0xFC, 0x0F, 0xE0, 0xFF, 0xFC, 0xFC, 0x0F, 0xE0, 0xE7, 0x9C, 0x3E, 0x1F,
    0x80, 0xC7, 0x8C, 0x3E, 0x1F, 0x80, 0xC7, 0x8C, 0x3E, 0x1B, 0x80, 0x07, 0x80, 0x37, 0x33, 0x80,
    0x07, 0x80, 0x77, 0x33, 0x80, 0x07, 0x80, 0x77, 0xF3, 0x80, 0x07, 0x80, 0x63, 0xE3, 0x80, 0x07,
    0x80, 0x63, 0xE3, 0x80, 0x07, 0x80, 0x63, 0xC3, 0x80, 0x07, 0x80, 0x61, 0xC3, 0x80, 0x1F, 0xE1,
    0xF8, 0x0F, 0xE0, 0x1F, 0xE1, 0xF8, 0x0F, 0xE0,
];
pub static LITERATA_XXXLARGE: BitmapFont = BitmapFont {
    glyphs: &LITERATA_XXXLARGE_GLYPHS,
    bitmap: &LITERATA_XXXLARGE_BITMAP,
    extra: &LITERATA_XXXLARGE_EXTRA,
    line_height: 44,
};
