//! Generated by tools/fontgen/gen_bitmap_fonts.py; do not edit by hand.
//!
//! Reader body strikes.
//! Printable ASCII plus Latin-1 and the Windows-1252 typographic
//! characters. Rasterized from Atkinson Hyperlegible Next (SIL Open Font License 1.1,
//! see docs/licenses/FONT_NOTICES.md); the font files themselves are
//! not distributed.

use super::typography::{g, BitmapFont, Glyph};

// ATKINSON_NEXT_LARGE: Atkinson Hyperlegible Next Medium 23 px, line-height 28
const ATKINSON_NEXT_LARGE_GLYPHS: [Glyph; 95] = [
    g(0, 0, 0, 7, 0, 0),
    g(0, 3, 16, 7, 2, -16),
    g(16, 6, 5, 8, 1, -16),
    g(21, 14, 16, 16, 1, -16),
    g(53, 12, 20, 14, 1, -18),
    g(93, 21, 16, 22, 1, -16),
    g(141, 15, 16, 17, 1, -16),
    g(173, 3, 5, 5, 1, -16),
    g(178, 5, 21, 7, 1, -17),
    g(199, 6, 21, 8, 1, -17),
    g(220, 8, 8, 12, 2, -16),
    g(228, 12, 12, 14, 1, -12),
    g(252, 3, 7, 5, 1, -4),
    g(259, 7, 2, 9, 1, -7),
    g(261, 3, 4, 5, 1, -4),
    g(265, 9, 19, 9, 0, -17),
    g(303, 13, 16, 15, 1, -16),
    g(335, 7, 16, 10, 1, -16),
    g(351, 11, 16, 13, 1, -16),
    g(383, 11, 16, 13, 1, -16),
    g(415, 13, 16, 15, 1, -16),
    g(447, 12, 16, 14, 1, -16),
    g(479, 12, 16, 14, 1, -16),
    g(511, 11, 16, 13, 1, -16),
    g(543, 12, 16, 14, 1, -16),
    g(575, 11, 16, 13, 1, -16),
    g(607, 3, 12, 5, 1, -12),
    g(619, 3, 16, 5, 1, -12),
    g(635, 11, 12, 13, 1, -12),
    g(659, 12, 7, 14, 1, -10),
    g(673, 11, 12, 13, 1, -12),
    g(697, 11, 16, 12, 0, -16),
    g(729, 16, 17, 18, 1, -15),
    g(763, 15, 16, 15, 0, -16),
    g(795, 12, 16, 15, 2, -16),
    g(827, 13, 16, 15, 1, -16),
    g(859, 13, 16, 16, 2, -16),
    g(891, 11, 16, 14, 2, -16),
    g(923, 11, 16, 13, 2, -16),
    g(955, 14, 16, 16, 1, -16),
    g(987, 13, 16, 16, 2, -16),
    g(1019, 7, 16, 9, 1, -16),
    g(1035, 10, 16, 12, 1, -16),
    g(1067, 13, 16, 15, 2, -16),
    g(1099, 11, 16, 13, 2, -16),
    g(1131, 16, 16, 20, 2, -16),
    g(1163, 13, 16, 17, 2, -16),
    g(1195, 15, 16, 17, 1, -16),
    g(1227, 12, 16, 14, 2, -16),
    g(1259, 16, 17, 17, 1, -16),
    g(1293, 12, 16, 15, 2, -16),
    g(1325, 12, 16, 14, 1, -16),
    g(1357, 13, 16, 15, 1, -16),
    g(1389, 13, 16, 16, 2, -16),
    g(1421, 14, 16, 14, 0, -16),
    g(1453, 20, 16, 20, 0, -16),
    g(1501, 14, 16, 15, 0, -16),
    g(1533, 13, 16, 14, 1, -16),
    g(1565, 12, 16, 14, 1, -16),
    g(1597, 5, 21, 8, 2, -17),
    g(1618, 9, 19, 9, 0, -17),
    g(1656, 6, 21, 8, 1, -17),
    g(1677, 11, 9, 13, 1, -16),
    g(1695, 9, 2, 9, 0, 0),
    g(1699, 4, 3, 6, 1, -17),
    g(1702, 10, 12, 13, 1, -12),
    g(1726, 11, 17, 14, 2, -17),
    g(1760, 10, 12, 12, 1, -12),
    g(1784, 11, 17, 13, 1, -17),
    g(1818, 11, 12, 13, 1, -12),
    g(1842, 7, 17, 9, 1, -17),
    g(1859, 11, 17, 13, 1, -12),
    g(1893, 10, 17, 13, 2, -17),
    g(1927, 4, 17, 7, 1, -17),
    g(1944, 6, 21, 6, -1, -17),
    g(1965, 10, 17, 13, 2, -17),
    g(1999, 5, 17, 6, 1, -17),
    g(2016, 17, 12, 20, 2, -12),
    g(2052, 10, 12, 13, 2, -12),
    g(2076, 12, 12, 13, 1, -12),
    g(2100, 11, 16, 14, 2, -12),
    g(2132, 14, 16, 14, 1, -12),
    g(2164, 7, 12, 9, 2, -12),
    g(2176, 10, 12, 11, 1, -12),
    g(2200, 7, 15, 9, 1, -15),
    g(2215, 10, 12, 12, 1, -12),
    g(2239, 11, 12, 11, 0, -12),
    g(2263, 16, 12, 16, 0, -12),
    g(2287, 11, 12, 12, 0, -12),
    g(2311, 10, 16, 11, 0, -12),
    g(2343, 10, 12, 12, 1, -12),
    g(2367, 7, 21, 8, 1, -17),
    g(2388, 3, 24, 6, 2, -20),
    g(2412, 7, 21, 8, 1, -17),
    g(2433, 11, 4, 13, 1, -8),
];
const ATKINSON_NEXT_LARGE_EXTRA: [(char, Glyph); 123] = [
    ('\u{a0}', g(0, 0, 0, 7, 0, 0)),
    ('\u{a1}', g(2441, 3, 16, 7, 2, -12)),
    ('\u{a2}', g(2457, 10, 16, 12, 1, -14)),
    ('\u{a3}', g(2489, 12, 16, 15, 2, -16)),
    ('\u{a4}', g(2521, 11, 10, 14, 2, -12)),
    ('\u{a5}', g(2541, 13, 16, 13, 0, -16)),
    ('\u{a6}', g(2573, 3, 24, 6, 2, -20)),
    ('\u{a7}', g(2597, 12, 20, 13, 1, -16)),
    ('\u{a8}', g(2637, 7, 3, 9, 1, -17)),
    ('\u{a9}', g(2640, 16, 17, 18, 1, -17)),
    ('\u{aa}', g(2674, 6, 7, 8, 1, -16)),
    ('\u{ab}', g(2681, 11, 10, 14, 1, -11)),
    ('\u{ac}', g(2701, 13, 8, 15, 1, -9)),
    ('\u{ad}', g(0, 0, 0, 0, 0, 0)),
    ('\u{ae}', g(2717, 16, 17, 18, 1, -17)),
    ('\u{af}', g(2751, 7, 2, 9, 1, -16)),
    ('\u{b0}', g(2753, 7, 7, 9, 1, -16)),
    ('\u{b1}', g(2760, 11, 12, 13, 1, -12)),
    ('\u{b2}', g(2784, 7, 9, 9, 1, -18)),
    ('\u{b3}', g(2793, 6, 9, 9, 2, -18)),
    ('\u{b4}', g(2802, 4, 3, 6, 1, -17)),
    ('\u{b5}', g(2805, 11, 16, 14, 2, -12)),
    ('\u{b6}', g(2837, 11, 20, 12, 0, -16)),
    ('\u{b7}', g(2877, 3, 4, 5, 1, -8)),
    ('\u{b8}', g(2881, 5, 5, 7, 1, -1)),
    ('\u{b9}', g(2886, 4, 9, 6, 1, -18)),
    ('\u{ba}', g(2895, 7, 7, 9, 1, -16)),
    ('\u{bb}', g(2902, 11, 10, 14, 1, -11)),
    ('\u{bc}', g(2922, 16, 16, 18, 1, -16)),
    ('\u{bd}', g(2954, 17, 16, 19, 1, -16)),
    ('\u{be}', g(3002, 19, 16, 21, 1, -16)),
    ('\u{bf}', g(3050, 11, 16, 12, 1, -12)),
    ('\u{c0}', g(3082, 15, 20, 15, 0, -20)),
    ('\u{c1}', g(3122, 15, 20, 15, 0, -20)),
    ('\u{c2}', g(3162, 15, 21, 15, 0, -21)),
    ('\u{c3}', g(3204, 14, 21, 15, 0, -21)),
    ('\u{c4}', g(3246, 15, 20, 15, 0, -20)),
    ('\u{c5}', g(3286, 15, 20, 16, 0, -20)),
    ('\u{c6}', g(3326, 20, 16, 21, 0, -16)),
    ('\u{c7}', g(3374, 13, 20, 15, 1, -16)),
    ('\u{c8}', g(3414, 11, 20, 14, 2, -20)),
    ('\u{c9}', g(3454, 11, 20, 14, 2, -20)),
    ('\u{ca}', g(3494, 11, 21, 14, 2, -21)),
    ('\u{cb}', g(3536, 11, 20, 14, 2, -20)),
    ('\u{cc}', g(3576, 7, 20, 9, 1, -20)),
    ('\u{cd}', g(3596, 7, 20, 9, 1, -20)),
    ('\u{ce}', g(3616, 7, 21, 9, 1, -21)),
    ('\u{cf}', g(3637, 7, 20, 9, 1, -20)),
    ('\u{d0}', g(3657, 15, 16, 17, 1, -16)),
    ('\u{d1}', g(3689, 13, 21, 17, 2, -21)),
    ('\u{d2}', g(3731, 15, 21, 17, 1, -21)),
    ('\u{d3}', g(3773, 15, 21, 17, 1, -21)),
    ('\u{d4}', g(3815, 15, 21, 17, 1, -21)),
    ('\u{d5}', g(3857, 15, 21, 17, 1, -21)),
    ('\u{d6}', g(3899, 15, 21, 17, 1, -21)),
    ('\u{d7}', g(3941, 10, 10, 12, 1, -11)),
    ('\u{d8}', g(3961, 15, 16, 17, 1, -16)),
    ('\u{d9}', g(3993, 13, 21, 16, 2, -21)),
    ('\u{da}', g(4035, 13, 21, 16, 2, -21)),
    ('\u{db}', g(4077, 13, 21, 16, 2, -21)),
    ('\u{dc}', g(4119, 13, 21, 16, 2, -21)),
    ('\u{dd}', g(4161, 13, 21, 14, 1, -21)),
    ('\u{de}', g(4203, 12, 16, 14, 2, -16)),
    ('\u{df}', g(4235, 12, 16, 14, 2, -16)),
    ('\u{e0}', g(4267, 10, 17, 13, 1, -17)),
    ('\u{e1}', g(4301, 10, 17, 13, 1, -17)),
    ('\u{e2}', g(4335, 10, 17, 13, 1, -17)),
    ('\u{e3}', g(4369, 10, 17, 13, 1, -17)),
    ('\u{e4}', g(4403, 10, 17, 13, 1, -17)),
    ('\u{e5}', g(4437, 10, 19, 13, 1, -19)),
    ('\u{e6}', g(4475, 19, 12, 21, 1, -12)),
    ('\u{e7}', g(4511, 10, 16, 12, 1, -12)),
    ('\u{e8}', g(4543, 11, 17, 13, 1, -17)),
    ('\u{e9}', g(4577, 11, 17, 13, 1, -17)),
    ('\u{ea}', g(4611, 11, 17, 13, 1, -17)),
    ('\u{eb}', g(4645, 11, 17, 13, 1, -17)),
    ('\u{ec}', g(4679, 5, 17, 7, 1, -17)),
    ('\u{ed}', g(4696, 6, 17, 6, 0, -17)),
    ('\u{ee}', g(4713, 7, 17, 6, 0, -17)),
    ('\u{ef}', g(4730, 7, 17, 7, 0, -17)),
    ('\u{f0}', g(4747, 12, 17, 14, 1, -17)),
    ('\u{f1}', g(4781, 10, 17, 13, 2, -17)),
    ('\u{f2}', g(4815, 12, 17, 13, 1, -17)),
    ('\u{f3}', g(4849, 12, 17, 13, 1, -17)),
    ('\u{f4}', g(4883, 12, 17, 13, 1, -17)),
    ('\u{f5}', g(4917, 12, 17, 13, 1, -17)),
    ('\u{f6}', g(4951, 12, 17, 13, 1, -17)),
    ('\u{f7}', g(4985, 12, 12, 14, 1, -12)),
    ('\u{f8}', g(5009, 12, 12, 13, 1, -12)),
    ('\u{f9}', g(5033, 10, 17, 12, 1, -17)),
    ('\u{fa}', g(5067, 10, 17, 12, 1, -17)),
    ('\u{fb}', g(5101, 10, 17, 12, 1, -17)),
    ('\u{fc}', g(5135, 10, 17, 12, 1, -17)),
    ('\u{fd}', g(5169, 11, 21, 11, 0, -17)),
    ('\u{fe}', g(5211, 11, 21, 14, 2, -17)),
    ('\u{ff}', g(5253, 11, 21, 11, 0, -17)),
    ('\u{152}', g(5295, 22, 16, 23, 1, -16)),
    ('\u{153}', g(5343, 20, 12, 22, 1, -12)),
    ('\u{160}', g(5379, 12, 21, 14, 1, -21)),
    ('\u{161}', g(5421, 10, 17, 11, 1, -17)),
    ('\u{178}', g(5455, 13, 20, 13, 0, -20)),
    ('\u{17d}', g(5495, 12, 21, 14, 1, -21)),
    ('\u{17e}', g(5537, 10, 17, 12, 1, -17)),
    ('\u{192}', g(5571, 7, 21, 9, 1, -17)),
    ('\u{2c6}', g(5592, 8, 3, 10, 1, -17)),
    ('\u{2dc}', g(5595, 8, 3, 10, 1, -17)),
    ('\u{2013}', g(5598, 9, 2, 11, 1, -7)),
    ('\u{2014}', g(5602, 17, 2, 19, 1, -7)),
    ('\u{2018}', g(5608, 3, 7, 5, 1, -16)),
    ('\u{2019}', g(5615, 3, 7, 5, 1, -16)),
    ('\u{201a}', g(5622, 3, 7, 5, 1, -4)),
    ('\u{201c}', g(5629, 7, 7, 9, 1, -16)),
    ('\u{201d}', g(5636, 7, 7, 9, 1, -16)),
    ('\u{201e}', g(5643, 7, 7, 9, 1, -4)),
    ('\u{2020}', g(5650, 11, 16, 13, 1, -16)),
    ('\u{2021}', g(5682, 11, 16, 13, 1, -16)),
    ('\u{2022}', g(5714, 8, 8, 10, 1, -10)),
    ('\u{2026}', g(5722, 15, 4, 17, 1, -4)),
    ('\u{2030}', g(5730, 30, 16, 32, 1, -16)),
    ('\u{2039}', g(5794, 6, 10, 9, 1, -11)),
    ('\u{203a}', g(5804, 6, 10, 9, 1, -11)),
    ('\u{20ac}', g(5814, 14, 16, 15, 0, -16)),
    ('\u{2122}', g(5846, 19, 8, 21, 1, -15)),
];
const ATKINSON_NEXT_LARGE_BITMAP: [u8; 5870] = [
    0xE0, 0xE0, 0xE0, 0xE0, 0xE0, 0xE0, 0xE0, 0x60, 0x60, 0x60, 0x60, 0x00, 0x00, 0xE0, 0xE0, 0xE0,
    0xFC, 0xFC, 0xFC, 0xFC, 0xFC, 0x0E, 0x70, 0x0E, 0x70, 0x0C, 0x70, 0x0C, 0x70, 0x7F, 0xFC, 0x7F,
    0xFC, 0x1C, 0xE0, 0x1C, 0xE0, 0x1C, 0xE0, 0x18, 0xE0, 0xFF, 0xF8, 0xFF, 0xF8, 0x38, 0xC0, 0x38,
    0xC0, 0x39, 0xC0, 0x39, 0xC0, 0x04, 0x00, 0x04, 0x00, 0x1F, 0x80, 0x7F, 0xC0, 0xFD, 0xE0, 0xE4,
    0x60, 0xE4, 0x00, 0xE4, 0x00, 0xFC, 0x00, 0x7F, 0x80, 0x1F, 0xE0, 0x05, 0xF0, 0x04, 0x70, 0x04,
    0x70, 0xE4, 0x70, 0xF4, 0xE0, 0x7F, 0xE0, 0x3F, 0x80, 0x04, 0x00, 0x04, 0x00, 0x3E, 0x03, 0x00,
    0x7F, 0x07, 0x00, 0xF7, 0x86, 0x00, 0xE3, 0x8C, 0x00, 0xE3, 0x9C, 0x00, 0xE3, 0x98, 0x00, 0x7F,
    0x30, 0x00, 0x3E, 0x77, 0xC0, 0x00, 0x6F, 0xE0, 0x00, 0xDE, 0x70, 0x01, 0xDC, 0x38, 0x01, 0x9C,
    0x38, 0x03, 0x1C, 0x38, 0x07, 0x1E, 0x70, 0x06, 0x0F, 0xE0, 0x0C, 0x07, 0xC0, 0x0F, 0x80, 0x1F,
    0xC0, 0x39, 0xE0, 0x38, 0xE0, 0x38, 0xE0, 0x3D, 0xE0, 0x1F, 0xC0, 0x1F, 0x80, 0x7F, 0x1C, 0x73,
    0x9C, 0xE1, 0xF8, 0xE0, 0xF8, 0xE0, 0x78, 0xF1, 0xF8, 0x7F, 0xDC, 0x1F, 0x0E, 0xE0, 0xE0, 0xE0,
    0xE0, 0xE0, 0x18, 0x38, 0x30, 0x70, 0x70, 0x60, 0xE0, 0xE0, 0xE0, 0xE0, 0xE0, 0xE0, 0xE0, 0xE0,
    0xE0, 0x60, 0x70, 0x70, 0x30, 0x38, 0x18, 0xE0, 0x60, 0x70, 0x30, 0x38, 0x38, 0x38, 0x18, 0x1C,
    0x1C, 0x1C, 0x1C, 0x1C, 0x18, 0x38, 0x38, 0x38, 0x30, 0x70, 0x60, 0xE0, 0x18, 0x18, 0xDB, 0xFF,
    0x3C, 0x3C, 0x6E, 0x66, 0x0E, 0x00, 0x0E, 0x00, 0x0E, 0x00, 0x0E, 0x00, 0x0E, 0x00, 0xFF, 0xF0,
    0xFF, 0xF0, 0x0E, 0x00, 0x0E, 0x00, 0x0E, 0x00, 0x0E, 0x00, 0x0E, 0x00, 0xE0, 0xE0, 0xE0, 0x60,
    0x40, 0x40, 0xC0, 0xFE, 0xFE, 0xE0, 0xE0, 0xE0, 0xE0, 0x03, 0x80, 0x03, 0x80, 0x03, 0x00, 0x07,
    0x00, 0x07, 0x00, 0x06, 0x00, 0x0E, 0x00, 0x0E, 0x00, 0x0C, 0x00, 0x1C, 0x00, 0x1C, 0x00, 0x18,
    0x00, 0x38, 0x00, 0x38, 0x00, 0x30, 0x00, 0x70, 0x00, 0x70, 0x00, 0x60, 0x00, 0xE0, 0x00, 0x0F,
    0x80, 0x3F, 0xC0, 0x78, 0xE0, 0x70, 0x70, 0xF8, 0x70, 0xFC, 0x30, 0xEE, 0x38, 0xE6, 0x38, 0xE3,
    0x38, 0xE3, 0xB8, 0xE1, 0xF0, 0xE0, 0xF0, 0x70, 0xF0, 0x78, 0xE0, 0x3F, 0xC0, 0x0F, 0x80, 0x0E,
    0x1E, 0xFE, 0xFE, 0x0E, 0x0E, 0x0E, 0x0E, 0x0E, 0x0E, 0x0E, 0x0E, 0x0E, 0x0E, 0x0E, 0x0E, 0x1F,
    0x80, 0x3F, 0xC0, 0x79, 0xE0, 0x60, 0xE0, 0x00, 0xE0, 0x00, 0xE0, 0x00, 0xE0, 0x01, 0xC0, 0x03,
    0xC0, 0x07, 0x80, 0x0F, 0x00, 0x1E, 0x00, 0x38, 0x00, 0xF0, 0x00, 0xFF, 0xE0, 0xFF, 0xE0, 0x3F,
    0x00, 0x7F, 0xC0, 0xF1, 0xC0, 0xC0, 0xE0, 0x00, 0xE0, 0x01, 0xC0, 0x1F, 0x80, 0x1F, 0x80, 0x03,
    0xC0, 0x00, 0xE0, 0x00, 0xE0, 0x40, 0xE0, 0xC0, 0xE0, 0xF1, 0xC0, 0x7F, 0xC0, 0x3F, 0x00, 0x01,
    0xC0, 0x03, 0xC0, 0x07, 0xC0, 0x07, 0xC0, 0x0F, 0xC0, 0x1D, 0xC0, 0x19, 0xC0, 0x39, 0xC0, 0x71,
    0xC0, 0xE1, 0xC0, 0xFF, 0xF8, 0xFF, 0xF8, 0x01, 0xC0, 0x01, 0xC0, 0x01, 0xC0, 0x01, 0xC0, 0x7F,
    0xE0, 0x7F, 0xE0, 0x70, 0x00, 0x70, 0x00, 0x60, 0x00, 0x7F, 0x80, 0x7F, 0xC0, 0x79, 0xE0, 0x20,
    0xE0, 0x00, 0x70, 0x00, 0x70, 0x00, 0x70, 0xE0, 0xE0, 0x71, 0xE0, 0x3F, 0xC0, 0x1F, 0x80, 0x0F,
    0x80, 0x3F, 0xC0, 0x79, 0xE0, 0x70, 0x00, 0xE0, 0x00, 0xEF, 0x80, 0xFF, 0xC0, 0xF9, 0xE0, 0xE0,
    0xE0, 0xE0, 0x70, 0xE0, 0x70, 0xE0, 0x70, 0x60, 0xE0, 0x79, 0xE0, 0x3F, 0xC0, 0x1F, 0x80, 0xFF,
    0xE0, 0xFF, 0xE0, 0x00, 0xE0, 0x00, 0xC0, 0x01, 0xC0, 0x01, 0xC0, 0x03, 0x80, 0x03, 0x80, 0x07,
    0x00, 0x07, 0x00, 0x0E, 0x00, 0x0E, 0x00, 0x1C, 0x00, 0x1C, 0x00, 0x3C, 0x00, 0x38, 0x00, 0x0F,
    0x00, 0x3F, 0xC0, 0x39, 0xC0, 0x70, 0xE0, 0x70, 0xE0, 0x39, 0xC0, 0x3F, 0xC0, 0x3F, 0xC0, 0x70,
    0xE0, 0xE0, 0x70, 0xE0, 0x70, 0xE0, 0x70, 0xE0, 0x70, 0x70, 0xE0, 0x7F, 0xE0, 0x1F, 0x80, 0x1F,
    0x00, 0x3F, 0x80, 0x71, 0xC0, 0xE0, 0xE0, 0xE0, 0xE0, 0xE0, 0xE0, 0xE0, 0xE0, 0xE0, 0xE0, 0x71,
    0xC0, 0x7F, 0xC0, 0x3F, 0x80, 0x03, 0x80, 0x07, 0x00, 0x07, 0x00, 0x0E, 0x00, 0x0E, 0x00, 0xE0,
    0xE0, 0xE0, 0xE0, 0x00, 0x00, 0x00, 0x00, 0xE0, 0xE0, 0xE0, 0xE0, 0xE0, 0xE0, 0xE0, 0xE0, 0x00,
    0x00, 0x00, 0x00, 0x00, 0xE0, 0xE0, 0xE0, 0x60, 0x40, 0x40, 0xC0, 0x00, 0x20, 0x00, 0xE0, 0x03,
    0xE0, 0x1F, 0x80, 0x7E, 0x00, 0xF8, 0x00, 0xF0, 0x00, 0x7C, 0x00, 0x1F, 0x80, 0x07, 0xE0, 0x01,
    0xE0, 0x00, 0x60, 0xFF, 0xF0, 0xFF, 0xF0, 0x00, 0x00, 0x00, 0x00, 0x00, 0x00, 0xFF, 0xF0, 0xFF,
    0xF0, 0x80, 0x00, 0xE0, 0x00, 0xF8, 0x00, 0x3F, 0x00, 0x0F, 0xC0, 0x03, 0xE0, 0x01, 0xE0, 0x07,
    0xC0, 0x3F, 0x00, 0xFC, 0x00, 0xF0, 0x00, 0xC0, 0x00, 0x1F, 0x80, 0x7F, 0xC0, 0x71, 0xE0, 0xE0,
    0xE0, 0x00, 0xE0, 0x00, 0xE0, 0x03, 0xC0, 0x07, 0x80, 0x0F, 0x00, 0x1E, 0x00, 0x1C, 0x00, 0x0C,
    0x00, 0x00, 0x00, 0x1C, 0x00, 0x1C, 0x00, 0x1C, 0x00, 0x07, 0xE0, 0x1F, 0xF8, 0x3C, 0x3C, 0x70,
    0x0E, 0x63, 0xE6, 0xE7, 0xE7, 0xCE, 0x63, 0xCC, 0x63, 0xCC, 0x63, 0xCC, 0x63, 0xCE, 0xE7, 0xE7,
    0xFE, 0x67, 0xBC, 0x70, 0x00, 0x3C, 0x20, 0x1F, 0xE0, 0x07, 0xC0, 0x03, 0x80, 0x07, 0xC0, 0x07,
    0xC0, 0x07, 0xC0, 0x0E, 0xE0, 0x0E, 0xE0, 0x0C, 0xE0, 0x1C, 0x70, 0x1C, 0x70, 0x38, 0x70, 0x38,
    0x78, 0x3F, 0xF8, 0x7F, 0xFC, 0x70, 0x1C, 0x70, 0x1C, 0xE0, 0x0E, 0xFF, 0x80, 0xFF, 0xE0, 0xE0,
    0xE0, 0xE0, 0x70, 0xE0, 0x70, 0xE0, 0x60, 0xE0, 0xE0, 0xFF, 0xC0, 0xFF, 0xE0, 0xE0, 0xF0, 0xE0,
    0x70, 0xE0, 0x70, 0xE0, 0x70, 0xE0, 0xF0, 0xFF, 0xE0, 0xFF, 0x80, 0x0F, 0xC0, 0x1F, 0xF0, 0x3C,
    0x78, 0x70, 0x38, 0x60, 0x00, 0xE0, 0x00, 0xE0, 0x00, 0xE0, 0x00, 0xE0, 0x00, 0xE0, 0x00, 0xE0,
    0x00, 0xE0, 0x00, 0x70, 0x38, 0x3C, 0x78, 0x1F, 0xF0, 0x0F, 0xC0, 0xFF, 0x80, 0xFF, 0xC0, 0xE1,
    0xE0, 0xE0, 0x70, 0xE0, 0x38, 0xE0, 0x38, 0xE0, 0x38, 0xE0, 0x38, 0xE0, 0x38, 0xE0, 0x38, 0xE0,
    0x38, 0xE0, 0x38, 0xE0, 0x70, 0xE1, 0xE0, 0xFF, 0xC0, 0xFF, 0x00, 0xFF, 0xE0, 0xFF, 0xE0, 0xE0,
    0x00, 0xE0, 0x00, 0xE0, 0x00, 0xE0, 0x00, 0xE0, 0x00, 0xFF, 0x80, 0xFF, 0x80, 0xE0, 0x00, 0xE0,
    0x00, 0xE0, 0x00, 0xE0, 0x00, 0xE0, 0x00, 0xFF, 0xE0, 0xFF, 0xE0, 0xFF, 0xE0, 0xFF, 0xE0, 0xE0,
    0x00, 0xE0, 0x00, 0xE0, 0x00, 0xE0, 0x00, 0xE0, 0x00, 0xFF, 0xE0, 0xFF, 0xE0, 0xE0, 0x00, 0xE0,
    0x00, 0xE0, 0x00, 0xE0, 0x00, 0xE0, 0x00, 0xE0, 0x00, 0xE0, 0x00, 0x0F, 0xC0, 0x1F, 0xF0, 0x3C,
    0x78, 0x70, 0x38, 0x60, 0x00, 0xE0, 0x00, 0xE0, 0x00, 0xE1, 0xFC, 0xE1, 0xFC, 0xE0, 0x1C, 0xE0,
    0x1C, 0xE0, 0x1C, 0x70, 0x3C, 0x3C, 0x7C, 0x1F, 0xFC, 0x0F, 0xCC, 0xE0, 0x38, 0xE0, 0x38, 0xE0,
    0x38, 0xE0, 0x38, 0xE0, 0x38, 0xE0, 0x38, 0xE0, 0x38, 0xFF, 0xF8, 0xFF, 0xF8, 0xE0, 0x38, 0xE0,
    0x38, 0xE0, 0x38, 0xE0, 0x38, 0xE0, 0x38, 0xE0, 0x38, 0xE0, 0x38, 0xFE, 0xFE, 0x38, 0x38, 0x38,
    0x38, 0x38, 0x38, 0x38, 0x38, 0x38, 0x38, 0x38, 0x38, 0xFE, 0xFE, 0x01, 0xC0, 0x01, 0xC0, 0x01,
    0xC0, 0x01, 0xC0, 0x01, 0xC0, 0x01, 0xC0, 0x01, 0xC0, 0x01, 0xC0, 0x01, 0xC0, 0x01, 0xC0, 0x01,
    0xC0, 0xC1, 0xC0, 0xE1, 0x80, 0xE3, 0x80, 0x7F, 0x00, 0x3E, 0x00, 0xE0, 0xF0, 0xE0, 0xE0, 0xE1,
    0xC0, 0xE3, 0x80, 0xE7, 0x00, 0xEF, 0x00, 0xFE, 0x00, 0xFE, 0x00, 0xFF, 0x00, 0xF7, 0x00, 0xE3,
    0x80, 0xE3, 0xC0, 0xE1, 0xE0, 0xE0, 0xE0, 0xE0, 0x70, 0xE0, 0x78, 0xE0, 0x00, 0xE0, 0x00, 0xE0,
    0x00, 0xE0, 0x00, 0xE0, 0x00, 0xE0, 0x00, 0xE0, 0x00, 0xE0, 0x00, 0xE0, 0x00, 0xE0, 0x00, 0xE0,
    0x00, 0xE0, 0x00, 0xE0, 0x00, 0xFF, 0xC0, 0xFF, 0xE0, 0xFF, 0xE0, 0xF0, 0x0F, 0xF8, 0x1F, 0xF8,
    0x1F, 0xF8, 0x1F, 0xFC, 0x3F, 0xFC, 0x3F, 0xEC, 0x37, 0xEE, 0x77, 0xEE, 0x77, 0xE6, 0x67, 0xE7,
    0x67, 0xE7, 0xE7, 0xE3, 0xC7, 0xE3, 0xC7, 0xE3, 0xC7, 0xE3, 0xC7, 0xF0, 0x38, 0xF8, 0x38, 0xF8,
    0x38, 0xFC, 0x38, 0xFC, 0x38, 0xEE, 0x38, 0xEE, 0x38, 0xE7, 0x38, 0xE7, 0x38, 0xE3, 0xB8, 0xE3,
    0xB8, 0xE1, 0xF8, 0xE1, 0xF8, 0xE0, 0xF8, 0xE0, 0xF8, 0xE0, 0x78, 0x0F, 0xE0, 0x1F, 0xF0, 0x3C,
    0x78, 0x70, 0x1C, 0x70, 0x1C, 0xE0, 0x0E, 0xE0, 0x0E, 0xE0, 0x0E, 0xE0, 0x0E, 0xE0, 0x0E, 0xE0,
    0x0E, 0x70, 0x1C, 0x70, 0x1C, 0x3C, 0x78, 0x1F, 0xF0, 0x0F, 0xE0, 0xFF, 0x80, 0xFF, 0xC0, 0xE1,
    0xE0, 0xE0, 0x60, 0xE0, 0x70, 0xE0, 0x70, 0xE0, 0x60, 0xE1, 0xE0, 0xFF, 0xC0, 0xFF, 0x80, 0xE0,
    0x00, 0xE0, 0x00, 0xE0, 0x00, 0xE0, 0x00, 0xE0, 0x00, 0xE0, 0x00, 0x0F, 0xE0, 0x1F, 0xF0, 0x3C,
    0x78, 0x70, 0x1C, 0x70, 0x1C, 0xE0, 0x0E, 0xE0, 0x0E, 0xE0, 0x8E, 0xE1, 0xCE, 0xE1, 0xEE, 0xE0,
    0xFE, 0x70, 0x7C, 0x70, 0x3C, 0x3C, 0x7E, 0x1F, 0xFF, 0x0F, 0xE7, 0x00, 0x02, 0xFF, 0x80, 0xFF,
    0xE0, 0xE0, 0xE0, 0xE0, 0x70, 0xE0, 0x70, 0xE0, 0x70, 0xE0, 0xE0, 0xFF, 0xE0, 0xFF, 0x80, 0xE7,
    0x00, 0xE3, 0x80, 0xE3, 0x80, 0xE1, 0xC0, 0xE1, 0xE0, 0xE0, 0xE0, 0xE0, 0x70, 0x1F, 0x80, 0x7F,
    0xE0, 0xF1, 0xE0, 0xE0, 0x40, 0xE0, 0x00, 0xE0, 0x00, 0xFE, 0x00, 0x7F, 0xC0, 0x1F, 0xE0, 0x01,
    0xF0, 0x00, 0x70, 0x00, 0x70, 0xE0, 0x70, 0xF0, 0xE0, 0x7F, 0xE0, 0x1F, 0x80, 0xFF, 0xF8, 0xFF,
    0xF8, 0x07, 0x00, 0x07, 0x00, 0x07, 0x00, 0x07, 0x00, 0x07, 0x00, 0x07, 0x00, 0x07, 0x00, 0x07,
    0x00, 0x07, 0x00, 0x07, 0x00, 0x07, 0x00, 0x07, 0x00, 0x07, 0x00, 0x07, 0x00, 0xE0, 0x38, 0xE0,
    0x38, 0xE0, 0x38, 0xE0, 0x38, 0xE0, 0x38, 0xE0, 0x38, 0xE0, 0x38, 0xE0, 0x38, 0xE0, 0x38, 0xE0,
    0x38, 0xE0, 0x38, 0xE0, 0x30, 0xE0, 0x70, 0x78, 0xF0, 0x3F, 0xE0, 0x1F, 0xC0, 0xE0, 0x1C, 0x70,
    0x38, 0x70, 0x38, 0x70, 0x38, 0x38, 0x70, 0x38, 0x70, 0x38, 0x70, 0x1C, 0x60, 0x1C, 0xE0, 0x1C,
    0xE0, 0x0C, 0xE0, 0x0F, 0xC0, 0x0F, 0xC0, 0x07, 0xC0, 0x07, 0x80, 0x07, 0x80, 0xE0, 0xF0, 0x70,
    0x70, 0xF0, 0xE0, 0x70, 0xF0, 0xE0, 0x70, 0xF0, 0xE0, 0x71, 0xF8, 0xE0, 0x31, 0xF9, 0xC0, 0x39,
    0x99, 0xC0, 0x39, 0x99, 0xC0, 0x39, 0x99, 0xC0, 0x1B, 0x9D, 0x80, 0x1F, 0x9F, 0x80, 0x1F, 0x0F,
    0x80, 0x1F, 0x0F, 0x80, 0x1F, 0x0F, 0x00, 0x0F, 0x0F, 0x00, 0x0E, 0x0F, 0x00, 0x70, 0x1C, 0x78,
    0x38, 0x3C, 0x78, 0x1C, 0x70, 0x1E, 0xE0, 0x0F, 0xE0, 0x07, 0xC0, 0x03, 0x80, 0x07, 0xC0, 0x07,
    0xC0, 0x0F, 0xE0, 0x1E, 0xF0, 0x3C, 0x70, 0x38, 0x38, 0x78, 0x3C, 0xF0, 0x1C, 0xE0, 0x38, 0xE0,
    0x70, 0x70, 0x70, 0x70, 0xE0, 0x38, 0xE0, 0x39, 0xC0, 0x1D, 0xC0, 0x0F, 0x80, 0x0F, 0x00, 0x07,
    0x00, 0x07, 0x00, 0x07, 0x00, 0x07, 0x00, 0x07, 0x00, 0x07, 0x00, 0x07, 0x00, 0xFF, 0xF0, 0xFF,
    0xF0, 0x00, 0xF0, 0x01, 0xE0, 0x01, 0xC0, 0x03, 0x80, 0x07, 0x80, 0x07, 0x00, 0x0E, 0x00, 0x1C,
    0x00, 0x3C, 0x00, 0x38, 0x00, 0x70, 0x00, 0xF0, 0x00, 0xFF, 0xF0, 0xFF, 0xF0, 0xF8, 0xF8, 0xE0,
    0xE0, 0xE0, 0xE0, 0xE0, 0xE0, 0xE0, 0xE0, 0xE0, 0xE0, 0xE0, 0xE0, 0xE0, 0xE0, 0xE0, 0xE0, 0xE0,
    0xF8, 0xF8, 0xE0, 0x00, 0x60, 0x00, 0x70, 0x00, 0x70, 0x00, 0x30, 0x00, 0x38, 0x00, 0x38, 0x00,
    0x18, 0x00, 0x1C, 0x00, 0x1C, 0x00, 0x0C, 0x00, 0x0E, 0x00, 0x0E, 0x00, 0x06, 0x00, 0x07, 0x00,
    0x07, 0x00, 0x03, 0x00, 0x03, 0x80, 0x03, 0x80, 0xFC, 0xFC, 0x1C, 0x1C, 0x1C, 0x1C, 0x1C, 0x1C,
    0x1C, 0x1C, 0x1C, 0x1C, 0x1C, 0x1C, 0x1C, 0x1C, 0x1C, 0x1C, 0x1C, 0xFC, 0xFC, 0x04, 0x00, 0x0E,
    0x00, 0x1F, 0x00, 0x1F, 0x00, 0x3B, 0x80, 0x3B, 0x80, 0x71, 0xC0, 0x71, 0xC0, 0xE0, 0xE0, 0xFF,
    0x80, 0xFF, 0x80, 0xC0, 0xE0, 0x70, 0x1F, 0x00, 0x3F, 0x80, 0x73, 0xC0, 0x21, 0xC0, 0x01, 0xC0,
    0x1F, 0xC0, 0x7D, 0xC0, 0xE1, 0xC0, 0xE1, 0xC0, 0xE3, 0xC0, 0xFF, 0xC0, 0x7C, 0xC0, 0xE0, 0x00,
    0xE0, 0x00, 0xE0, 0x00, 0xE0, 0x00, 0xE0, 0x00, 0xEF, 0x00, 0xFF, 0xC0, 0xF1, 0xC0, 0xE0, 0xE0,
    0xE0, 0xE0, 0xE0, 0xE0, 0xE0, 0xE0, 0xE0, 0xE0, 0xE0, 0xE0, 0xF1, 0xC0, 0xFF, 0xC0, 0xCF, 0x00,
    0x1F, 0x00, 0x3F, 0x80, 0x71, 0xC0, 0xE0, 0x80, 0xE0, 0x00, 0xE0, 0x00, 0xE0, 0x00, 0xE0, 0x00,
    0xE0, 0x00, 0x71, 0xC0, 0x3F, 0x80, 0x1F, 0x00, 0x00, 0xE0, 0x00, 0xE0, 0x00, 0xE0, 0x00, 0xE0,
    0x00, 0xE0, 0x1E, 0xE0, 0x7F, 0xE0, 0x71, 0xE0, 0xE0, 0xE0, 0xE0, 0xE0, 0xE0, 0xE0, 0xE0, 0xE0,
    0xE0, 0xE0, 0xE0, 0xE0, 0x71, 0xE0, 0x7F, 0xE0, 0x1E, 0x60, 0x1F, 0x00, 0x3F, 0x80, 0x71, 0xC0,
    0xE0, 0xE0, 0xE0, 0xE0, 0xFF, 0xE0, 0xFF, 0xE0, 0xE0, 0x00, 0xE0, 0x00, 0x71, 0xC0, 0x3F, 0xC0,
    0x1F, 0x00, 0x1E, 0x3E, 0x38, 0x38, 0x38, 0xFE, 0xFE, 0x38, 0x38, 0x38, 0x38, 0x38, 0x38, 0x38,
    0x38, 0x38, 0x38, 0x1E, 0x60, 0x7F, 0xE0, 0x71, 0xE0, 0xE0, 0xE0, 0xE0, 0xE0, 0xE0, 0xE0, 0xE0,
    0xE0, 0xE0, 0xE0, 0xE0, 0xE0, 0x71, 0xE0, 0x7F, 0xE0, 0x1E, 0xE0, 0x00, 0xE0, 0x00, 0xE0, 0x71,
    0xE0, 0x3F, 0xC0, 0x1F, 0x00, 0xE0, 0x00, 0xE0, 0x00, 0xE0, 0x00, 0xE0, 0x00, 0xE0, 0x00, 0xEF,
    0x00, 0xFF, 0x80, 0xF3, 0xC0, 0xE1, 0xC0, 0xE1, 0xC0, 0xE1, 0xC0, 0xE1, 0xC0, 0xE1, 0xC0, 0xE1,
    0xC0, 0xE1, 0xC0, 0xE1, 0xC0, 0xE1, 0xC0, 0x70, 0x70, 0x70, 0x00, 0x00, 0xF0, 0xF0, 0x70, 0x70,
    0x70, 0x70, 0x70, 0x70, 0x70, 0x70, 0x70, 0x70, 0x1C, 0x1C, 0x1C, 0x00, 0x00, 0x1C, 0x1C, 0x1C,
    0x1C, 0x1C, 0x1C, 0x1C, 0x1C, 0x1C, 0x1C, 0x1C, 0x1C, 0x1C, 0x1C, 0xFC, 0xF8, 0xE0, 0x00, 0xE0,
    0x00, 0xE0, 0x00, 0xE0, 0x00, 0xE0, 0x00, 0xE3, 0xC0, 0xE3, 0x80, 0xE7, 0x00, 0xEE, 0x00, 0xFC,
    0x00, 0xFC, 0x00, 0xFE, 0x00, 0xEE, 0x00, 0xE7, 0x00, 0xE3, 0x80, 0xE3, 0x80, 0xE1, 0xC0, 0xE0,
    0xE0, 0xE0, 0xE0, 0xE0, 0xE0, 0xE0, 0xE0, 0xE0, 0xE0, 0xE0, 0xE0, 0xE0, 0xE0, 0xE0, 0xF8, 0x78,
    0xCF, 0x1E, 0x00, 0xFF, 0xFF, 0x00, 0xF3, 0xE7, 0x00, 0xE1, 0xC3, 0x80, 0xE1, 0xC3, 0x80, 0xE1,
    0xC3, 0x80, 0xE1, 0xC3, 0x80, 0xE1, 0xC3, 0x80, 0xE1, 0xC3, 0x80, 0xE1, 0xC3, 0x80, 0xE1, 0xC3,
    0x80, 0xE1, 0xC3, 0x80, 0xCF, 0x00, 0xFF, 0x80, 0xF3, 0xC0, 0xE1, 0xC0, 0xE1, 0xC0, 0xE1, 0xC0,
    0xE1, 0xC0, 0xE1, 0xC0, 0xE1, 0xC0, 0xE1, 0xC0, 0xE1, 0xC0, 0xE1, 0xC0, 0x1F, 0x00, 0x3F, 0xC0,
    0x79, 0xE0, 0xE0, 0xE0, 0xE0, 0x70, 0xE0, 0x70, 0xE0, 0x70, 0xE0, 0x70, 0xE0, 0xE0, 0x79, 0xE0,
    0x3F, 0xC0, 0x1F, 0x80, 0xCF, 0x00, 0xFF, 0xC0, 0xF1, 0xC0, 0xE0, 0xE0, 0xE0, 0xE0, 0xE0, 0xE0,
    0xE0, 0xE0, 0xE0, 0xE0, 0xE0, 0xE0, 0xF1, 0xC0, 0xFF, 0xC0, 0xEF, 0x00, 0xE0, 0x00, 0xE0, 0x00,
    0xE0, 0x00, 0xE0, 0x00, 0x1E, 0x60, 0x7F, 0xE0, 0x71, 0xE0, 0xE0, 0xE0, 0xE0, 0xE0, 0xE0, 0xE0,
    0xE0, 0xE0, 0xE0, 0xE0, 0xE0, 0xE0, 0x71, 0xE0, 0x7F, 0xE0, 0x1E, 0xE0, 0x00, 0xE0, 0x00, 0xF0,
    0x00, 0x7C, 0x00, 0x3C, 0xCE, 0xFE, 0xF8, 0xE0, 0xE0, 0xE0, 0xE0, 0xE0, 0xE0, 0xE0, 0xE0, 0xE0,
    0x3E, 0x00, 0x7F, 0x80, 0xE3, 0x80, 0xE0, 0x00, 0xF0, 0x00, 0x7F, 0x00, 0x1F, 0x80, 0x03, 0xC0,
    0x41, 0xC0, 0xE3, 0x80, 0x7F, 0x80, 0x3F, 0x00, 0x30, 0x38, 0x38, 0xFE, 0xFE, 0x38, 0x38, 0x38,
    0x38, 0x38, 0x38, 0x38, 0x38, 0x3E, 0x1E, 0xE1, 0xC0, 0xE1, 0xC0, 0xE1, 0xC0, 0xE1, 0xC0, 0xE1,
    0xC0, 0xE1, 0xC0, 0xE1, 0xC0, 0xE1, 0xC0, 0xE3, 0xC0, 0xF3, 0xC0, 0x7F, 0xC0, 0x3D, 0xC0, 0xE0,
    0xE0, 0x60, 0xE0, 0x70, 0xC0, 0x71, 0xC0, 0x31, 0xC0, 0x39, 0x80, 0x3B, 0x80, 0x1B, 0x80, 0x1F,
    0x00, 0x1F, 0x00, 0x0F, 0x00, 0x0E, 0x00, 0xE1, 0xC7, 0x63, 0xC7, 0x73, 0xC6, 0x73, 0xCE, 0x73,
    0xEE, 0x33, 0x6E, 0x3E, 0x6C, 0x3E, 0x7C, 0x3E, 0x7C, 0x1E, 0x3C, 0x1C, 0x38, 0x1C, 0x38, 0x70,
    0xE0, 0x71, 0xC0, 0x39, 0xC0, 0x1F, 0x80, 0x1F, 0x00, 0x0F, 0x00, 0x0F, 0x00, 0x1F, 0x00, 0x3B,
    0x80, 0x39, 0xC0, 0x71, 0xC0, 0xE0, 0xE0, 0xE0, 0xC0, 0xE1, 0xC0, 0x71, 0xC0, 0x71, 0x80, 0x73,
    0x80, 0x33, 0x80, 0x3B, 0x00, 0x3B, 0x00, 0x1F, 0x00, 0x1E, 0x00, 0x1E, 0x00, 0x0E, 0x00, 0x0C,
    0x00, 0x1C, 0x00, 0x7C, 0x00, 0x78, 0x00, 0xFF, 0x80, 0xFF, 0x80, 0x03, 0x80, 0x07, 0x00, 0x0E,
    0x00, 0x1C, 0x00, 0x1C, 0x00, 0x38, 0x00, 0x70, 0x00, 0xE0, 0x00, 0xFF, 0xC0, 0xFF, 0xC0, 0x1E,
    0x3E, 0x38, 0x38, 0x38, 0x38, 0x38, 0x38, 0x38, 0x70, 0xF0, 0xF0, 0x70, 0x38, 0x38, 0x38, 0x38,
    0x38, 0x38, 0x3E, 0x1E, 0xC0, 0xE0, 0xE0, 0xE0, 0xE0, 0xE0, 0xE0, 0xE0, 0xE0, 0xE0, 0xE0, 0xE0,
    0xE0, 0xE0, 0xE0, 0xE0, 0xE0, 0xE0, 0xE0, 0xE0, 0xE0, 0xE0, 0xE0, 0xE0, 0xF0, 0xF0, 0x38, 0x38,
    0x38, 0x38, 0x38, 0x38, 0x38, 0x38, 0x1E, 0x1E, 0x38, 0x38, 0x38, 0x38, 0x38, 0x38, 0x38, 0xF0,
    0xF0, 0x78, 0x60, 0x7E, 0xE0, 0xEF, 0xC0, 0xC3, 0xC0, 0xE0, 0xE0, 0xE0, 0xE0, 0x00, 0x60, 0x60,
    0x60, 0x60, 0xE0, 0xE0, 0xE0, 0xE0, 0xE0, 0xE0, 0xE0, 0x04, 0x00, 0x04, 0x00, 0x1F, 0x00, 0x3F,
    0x80, 0x7D, 0xC0, 0xE4, 0x00, 0xE4, 0x00, 0xE4, 0x00, 0xE4, 0x00, 0xE4, 0x00, 0xE4, 0x00, 0x7D,
    0xC0, 0x7F, 0xC0, 0x1F, 0x00, 0x04, 0x00, 0x04, 0x00, 0x1F, 0x80, 0x3F, 0xC0, 0x78, 0xE0, 0x70,
    0x60, 0x70, 0x00, 0x70, 0x00, 0x38, 0x00, 0xFF, 0x80, 0x3C, 0x00, 0x1C, 0x00, 0x1C, 0x00, 0x18,
    0x00, 0x38, 0x00, 0x7E, 0x20, 0xFF, 0xF0, 0x43, 0xE0, 0xDF, 0x60, 0x7F, 0xC0, 0x71, 0xC0, 0xE1,
    0xC0, 0xE0, 0xE0, 0xE0, 0xE0, 0xE1, 0xC0, 0x73, 0xC0, 0x7F, 0xC0, 0xDE, 0x60, 0xE0, 0x38, 0xF0,
    0x38, 0x70, 0x70, 0x78, 0x70, 0x38, 0xE0, 0x1C, 0xE0, 0x1D, 0xC0, 0x0F, 0xC0, 0x0F, 0x80, 0x07,
    0x80, 0x3F, 0xE0, 0x07, 0x00, 0x07, 0x00, 0x3F, 0xE0, 0x07, 0x00, 0x07, 0x00, 0xE0, 0xE0, 0xE0,
    0xE0, 0xE0, 0xE0, 0xE0, 0xE0, 0xE0, 0x00, 0x00, 0x00, 0x00, 0x00, 0x00, 0xE0, 0xE0, 0xE0, 0xE0,
    0xE0, 0xE0, 0xE0, 0xE0, 0xE0, 0x1F, 0x00, 0x3F, 0x80, 0x79, 0xC0, 0x70, 0xC0, 0x70, 0x00, 0x3C,
    0x00, 0x3F, 0x00, 0x7F, 0xC0, 0xE3, 0xE0, 0xE0, 0xE0, 0xF0, 0x70, 0x78, 0x70, 0x3E, 0xE0, 0x1F,
    0xC0, 0x07, 0xC0, 0x01, 0xC0, 0x61, 0xC0, 0x71, 0xC0, 0x3F, 0x80, 0x1F, 0x00, 0xC6, 0xEE, 0xC6,
    0x07, 0xE0, 0x1F, 0xF8, 0x38, 0x3C, 0x70, 0x0E, 0x67, 0xC6, 0xCF, 0xE7, 0x8E, 0x63, 0x9C, 0x03,
    0x9C, 0x03, 0x9C, 0x03, 0x8E, 0x63, 0xCF, 0xE7, 0x67, 0xC6, 0x70, 0x1E, 0x3C, 0x7C, 0x1F, 0xF8,
    0x07, 0xE0, 0x78, 0x6C, 0x0C, 0x7C, 0xCC, 0xFC, 0x7C, 0x1C, 0xE0, 0x3C, 0xE0, 0x39, 0xC0, 0x73,
    0x80, 0xF7, 0x80, 0xF7, 0x80, 0x73, 0x80, 0x39, 0xC0, 0x3C, 0xE0, 0x1C, 0xE0, 0xFF, 0xF8, 0xFF,
    0xF8, 0x00, 0x38, 0x00, 0x38, 0x00, 0x38, 0x00, 0x38, 0x00, 0x38, 0x00, 0x30, 0x07, 0xE0, 0x1F,
    0xF8, 0x38, 0x3C, 0x70, 0x0E, 0x6F, 0xC6, 0xCF, 0xE7, 0x8C, 0x63, 0x8C, 0x63, 0x8F, 0xE3, 0x8F,
    0xC3, 0x8D, 0xC3, 0xCC, 0xE7, 0x6C, 0x66, 0x70, 0x1E, 0x3C, 0x7C, 0x1F, 0xF8, 0x07, 0xE0, 0xFE,
    0xFE, 0x38, 0x7C, 0xEE, 0xC6, 0xEE, 0x7C, 0x38, 0x0E, 0x00, 0x0E, 0x00, 0x0E, 0x00, 0xFF, 0xE0,
    0xFF, 0xE0, 0x0E, 0x00, 0x0E, 0x00, 0x0E, 0x00, 0x00, 0x00, 0x00, 0x00, 0xFF, 0xE0, 0xFF, 0xE0,
    0x78, 0xFC, 0x4C, 0x0C, 0x18, 0x38, 0x60, 0xFC, 0xFE, 0x78, 0xFC, 0x0C, 0x1C, 0x38, 0x1C, 0x0C,
    0xFC, 0x78, 0x30, 0x70, 0xE0, 0xE1, 0xC0, 0xE1, 0xC0, 0xE1, 0xC0, 0xE1, 0xC0, 0xE1, 0xC0, 0xE1,
    0xC0, 0xE1, 0xC0, 0xE1, 0xC0, 0xE3, 0xC0, 0xF7, 0xC0, 0xFF, 0xE0, 0xFC, 0xE0, 0xE0, 0x00, 0xE0,
    0x00, 0xE0, 0x00, 0xE0, 0x00, 0x1F, 0xE0, 0x3F, 0xE0, 0x7E, 0xE0, 0x7E, 0xE0, 0xFE, 0xE0, 0xFE,
    0xE0, 0x7E, 0xE0, 0x7E, 0xE0, 0x3E, 0xE0, 0x0E, 0xE0, 0x0E, 0xE0, 0x0E, 0xE0, 0x0E, 0xE0, 0x0E,
    0xE0, 0x0E, 0xE0, 0x0E, 0xE0, 0x0E, 0xE0, 0x0E, 0xE0, 0x0E, 0xE0, 0x0E, 0xE0, 0xE0, 0xE0, 0xE0,
    0xE0, 0x20, 0x60, 0x78, 0x18, 0xF0, 0x30, 0x70, 0xF0, 0x30, 0x30, 0x30, 0x30, 0x30, 0x30, 0x7C,
    0xEC, 0xC6, 0xC6, 0xC6, 0xFC, 0x78, 0xF7, 0x80, 0x73, 0x80, 0x39, 0xC0, 0x3C, 0xE0, 0x1C, 0xE0,
    0x1C, 0xE0, 0x3C, 0xE0, 0x39, 0xC0, 0x73, 0x80, 0xF7, 0x80, 0x30, 0x1C, 0xF0, 0x18, 0x30, 0x38,
    0x30, 0x30, 0x30, 0x60, 0x30, 0xE0, 0x30, 0xC0, 0x31, 0xC6, 0x33, 0x8E, 0x03, 0x1E, 0x07, 0x36,
    0x0E, 0x36, 0x0C, 0x7F, 0x1C, 0x7F, 0x38, 0x06, 0x30, 0x06, 0x30, 0x0E, 0x00, 0xF0, 0x0C, 0x00,
    0x30, 0x18, 0x00, 0x30, 0x38, 0x00, 0x30, 0x70, 0x00, 0x30, 0x60, 0x00, 0x30, 0xE0, 0x00, 0x31,
    0xCF, 0x00, 0x31, 0x9F, 0x80, 0x03, 0x01, 0x80, 0x07, 0x01, 0x80, 0x06, 0x03, 0x00, 0x0C, 0x06,
    0x00, 0x1C, 0x0C, 0x00, 0x38, 0x1F, 0x80, 0x30, 0x1F, 0x80, 0x7C, 0x03, 0x00, 0xEE, 0x06, 0x00,
    0x06, 0x0E, 0x00, 0x0E, 0x1C, 0x00, 0x3C, 0x18, 0x00, 0x0E, 0x38, 0x00, 0x46, 0x70, 0x00, 0xEE,
    0x61, 0x80, 0x7C, 0xE3, 0x80, 0x01, 0xC7, 0x80, 0x01, 0x8D, 0x80, 0x03, 0x8D, 0x80, 0x07, 0x1F,
    0xE0, 0x06, 0x1F, 0xE0, 0x0E, 0x01, 0x80, 0x1C, 0x01, 0x80, 0x07, 0x00, 0x07, 0x00, 0x07, 0x00,
    0x07, 0x00, 0x00, 0x00, 0x06, 0x00, 0x07, 0x00, 0x0E, 0x00, 0x1E, 0x00, 0x78, 0x00, 0xF0, 0x00,
    0xE0, 0x00, 0xE0, 0xE0, 0xF1, 0xC0, 0x7F, 0xC0, 0x3F, 0x00, 0x0E, 0x00, 0x07, 0x00, 0x03, 0x00,
    0x00, 0x00, 0x03, 0x80, 0x07, 0x80, 0x07, 0xC0, 0x0F, 0xC0, 0x0E, 0xE0, 0x0E, 0xE0, 0x1C, 0xE0,
    0x1C, 0x70, 0x1C, 0x70, 0x38, 0x70, 0x38, 0x78, 0x3F, 0xF8, 0x7F, 0xF8, 0x70, 0x1C, 0xF0, 0x1C,
    0xE0, 0x1E, 0x00, 0xE0, 0x01, 0xC0, 0x01, 0x80, 0x00, 0x00, 0x03, 0x80, 0x03, 0xC0, 0x07, 0xC0,
    0x07, 0xE0, 0x0E, 0xE0, 0x0E, 0xE0, 0x0E, 0x70, 0x1C, 0x70, 0x1C, 0x70, 0x1C, 0x38, 0x3C, 0x38,
    0x3F, 0xF8, 0x3F, 0xFC, 0x70, 0x1C, 0x70, 0x1E, 0xF0, 0x0E, 0x01, 0x00, 0x03, 0x80, 0x0E, 0xC0,
    0x0C, 0x60, 0x00, 0x00, 0x03, 0x80, 0x07, 0xC0, 0x07, 0xC0, 0x07, 0xC0, 0x0E, 0xE0, 0x0E, 0xE0,
    0x0C, 0xE0, 0x1C, 0x70, 0x1C, 0x70, 0x38, 0x70, 0x38, 0x78, 0x3F, 0xF8, 0x7F, 0xFC, 0x70, 0x1C,
    0x70, 0x1C, 0xE0, 0x0E, 0x0E, 0x20, 0x1F, 0xE0, 0x19, 0xC0, 0x00, 0x00, 0x00, 0x00, 0x07, 0x80,
    0x07, 0x80, 0x07, 0xC0, 0x0F, 0xC0, 0x0F, 0xC0, 0x0C, 0xE0, 0x1C, 0xE0, 0x1C, 0xE0, 0x38, 0x70,
    0x38, 0x70, 0x38, 0x70, 0x7F, 0xF8, 0x7F, 0xF8, 0x70, 0x3C, 0xE0, 0x1C, 0xE0, 0x1C, 0x0C, 0x60,
    0x0E, 0xE0, 0x0C, 0x60, 0x00, 0x00, 0x03, 0x80, 0x07, 0xC0, 0x07, 0xC0, 0x07, 0xC0, 0x0E, 0xE0,
    0x0E, 0xE0, 0x0C, 0x60, 0x1C, 0x70, 0x1C, 0x70, 0x38, 0x38, 0x38, 0x38, 0x3F, 0xF8, 0x7F, 0xFC,
    0x70, 0x1C, 0x70, 0x1C, 0xE0, 0x0E, 0x03, 0xC0, 0x07, 0xE0, 0x06, 0x60, 0x06, 0x60, 0x03, 0xC0,
    0x03, 0xC0, 0x07, 0xE0, 0x07, 0xE0, 0x0F, 0xE0, 0x0E, 0x70, 0x0E, 0x70, 0x1C, 0x70, 0x1C, 0x38,
    0x1C, 0x38, 0x3C, 0x3C, 0x3F, 0xFC, 0x3F, 0xFC, 0x70, 0x0E, 0x70, 0x0E, 0xF0, 0x0E, 0x00, 0xFF,
    0xF0, 0x00, 0xFF, 0xF0, 0x01, 0xF8, 0x00, 0x03, 0xB8, 0x00, 0x03, 0xB8, 0x00, 0x07, 0x38, 0x00,
    0x07, 0x38, 0x00, 0x0E, 0x3F, 0xC0, 0x0E, 0x3F, 0xC0, 0x1C, 0x38, 0x00, 0x1C, 0x38, 0x00, 0x3F,
    0xF8, 0x00, 0x3F, 0xF8, 0x00, 0x70, 0x38, 0x00, 0x70, 0x3F, 0xF0, 0xE0, 0x3F, 0xF0, 0x0F, 0xE0,
    0x1F, 0xF0, 0x3C, 0x78, 0x70, 0x18, 0x70, 0x00, 0xE0, 0x00, 0xE0, 0x00, 0xE0, 0x00, 0xE0, 0x00,
    0xE0, 0x00, 0xE0, 0x00, 0xF0, 0x00, 0x70, 0x18, 0x3C, 0x78, 0x1F, 0xF0, 0x0F, 0xE0, 0x03, 0x00,
    0x03, 0xC0, 0x00, 0xC0, 0x07, 0x80, 0x38, 0x00, 0x1C, 0x00, 0x0C, 0x00, 0x00, 0x00, 0xFF, 0xE0,
    0xFF, 0xE0, 0xE0, 0x00, 0xE0, 0x00, 0xE0, 0x00, 0xE0, 0x00, 0xE0, 0x00, 0xFF, 0x80, 0xFF, 0x80,
    0xE0, 0x00, 0xE0, 0x00, 0xE0, 0x00, 0xE0, 0x00, 0xE0, 0x00, 0xFF, 0xE0, 0xFF, 0xE0, 0x03, 0x80,
    0x07, 0x00, 0x06, 0x00, 0x00, 0x00, 0xFF, 0xE0, 0xFF, 0xE0, 0xE0, 0x00, 0xE0, 0x00, 0xE0, 0x00,
    0xE0, 0x00, 0xE0, 0x00, 0xFF, 0x80, 0xFF, 0x80, 0xE0, 0x00, 0xE0, 0x00, 0xE0, 0x00, 0xE0, 0x00,
    0xE0, 0x00, 0xFF, 0xE0, 0xFF, 0xE0, 0x04, 0x00, 0x0E, 0x00, 0x3B, 0x80, 0x31, 0x80, 0x00, 0x00,
    0xFF, 0xE0, 0xFF, 0xE0, 0xE0, 0x00, 0xE0, 0x00, 0xE0, 0x00, 0xE0, 0x00, 0xE0, 0x00, 0xFF, 0x80,
    0xFF, 0x80, 0xE0, 0x00, 0xE0, 0x00, 0xE0, 0x00, 0xE0, 0x00, 0xE0, 0x00, 0xFF, 0xE0, 0xFF, 0xE0,
    0x31, 0x80, 0x3B, 0x80, 0x31, 0x80, 0x00, 0x00, 0xFF, 0xE0, 0xFF, 0xE0, 0xE0, 0x00, 0xE0, 0x00,
    0xE0, 0x00, 0xE0, 0x00, 0xE0, 0x00, 0xFF, 0x80, 0xFF, 0x80, 0xE0, 0x00, 0xE0, 0x00, 0xE0, 0x00,
    0xE0, 0x00, 0xE0, 0x00, 0xFF, 0xE0, 0xFF, 0xE0, 0xE0, 0x60, 0x30, 0x00, 0xFE, 0xFE, 0x38, 0x38,
    0x38, 0x38, 0x38, 0x38, 0x38, 0x38, 0x38, 0x38, 0x38, 0x38, 0xFE, 0xFE, 0x0E, 0x1C, 0x18, 0x00,
    0xFE, 0xFE, 0x38, 0x38, 0x38, 0x38, 0x38, 0x38, 0x38, 0x38, 0x38, 0x38, 0x38, 0x38, 0xFE, 0xFE,
    0x10, 0x38, 0xFE, 0xC6, 0x00, 0xFE, 0xFE, 0x38, 0x38, 0x38, 0x38, 0x38, 0x38, 0x38, 0x38, 0x38,
    0x38, 0x38, 0x38, 0xFE, 0xFE, 0xC6, 0xEE, 0xC6, 0x00, 0xFE, 0xFE, 0x38, 0x38, 0x38, 0x38, 0x38,
    0x38, 0x38, 0x38, 0x38, 0x38, 0x38, 0x38, 0xFE, 0xFE, 0x7F, 0xC0, 0x7F, 0xF0, 0x70, 0xF8, 0x70,
    0x3C, 0x70, 0x1C, 0x70, 0x0C, 0x70, 0x0E, 0xFF, 0x0E, 0xFF, 0x0E, 0x70, 0x0E, 0x70, 0x0C, 0x70,
    0x1C, 0x70, 0x3C, 0x70, 0xF8, 0x7F, 0xF0, 0x7F, 0xC0, 0x0E, 0x40, 0x1F, 0xC0, 0x11, 0x80, 0x00,
    0x00, 0x00, 0x00, 0xF0, 0x38, 0xF8, 0x38, 0xF8, 0x38, 0xFC, 0x38, 0xFC, 0x38, 0xEE, 0x38, 0xEE,
    0x38, 0xE7, 0x38, 0xE7, 0x38, 0xE3, 0xB8, 0xE3, 0xB8, 0xE1, 0xF8, 0xE1, 0xF8, 0xE0, 0xF8, 0xE0,
    0xF8, 0xE0, 0x78, 0x0C, 0x00, 0x0E, 0x00, 0x07, 0x00, 0x00, 0x00, 0x00, 0x00, 0x0F, 0xE0, 0x1F,
    0xF0, 0x3C, 0x78, 0x70, 0x1C, 0x70, 0x1C, 0xE0, 0x0E, 0xE0, 0x0E, 0xE0, 0x0E, 0xE0, 0x0E, 0xE0,
    0x0E, 0xE0, 0x0E, 0x70, 0x1C, 0x70, 0x1C, 0x3E, 0xF8, 0x1F, 0xF0, 0x0F, 0xE0, 0x00, 0x60, 0x00,
    0xE0, 0x01, 0xC0, 0x00, 0x00, 0x00, 0x00, 0x0F, 0xE0, 0x1F, 0xF0, 0x3C, 0x78, 0x70, 0x1C, 0x70,
    0x1C, 0xE0, 0x0E, 0xE0, 0x0E, 0xE0, 0x0E, 0xE0, 0x0E, 0xE0, 0x0E, 0xE0, 0x0E, 0x70, 0x1C, 0x70,
    0x1C, 0x3E, 0xF8, 0x1F, 0xF0, 0x0F, 0xE0, 0x03, 0x80, 0x07, 0xC0, 0x0E, 0xE0, 0x00, 0x00, 0x00,
    0x00, 0x0F, 0xE0, 0x1F, 0xF0, 0x3C, 0x78, 0x70, 0x1C, 0x70, 0x1C, 0xE0, 0x0E, 0xE0, 0x0E, 0xE0,
    0x0E, 0xE0, 0x0E, 0xE0, 0x0E, 0xE0, 0x0E, 0x70, 0x1C, 0x70, 0x1C, 0x3C, 0x78, 0x1F, 0xF0, 0x0F,
    0xE0, 0x07, 0x20, 0x0F, 0xF0, 0x08, 0xE0, 0x00, 0x00, 0x00, 0x00, 0x0F, 0xE0, 0x1F, 0xF0, 0x3C,
    0x78, 0x70, 0x1C, 0x70, 0x1C, 0xE0, 0x0E, 0xE0, 0x0E, 0xE0, 0x0E, 0xE0, 0x0E, 0xE0, 0x0E, 0xE0,
    0x0E, 0x70, 0x1C, 0x70, 0x1C, 0x3C, 0x78, 0x1F, 0xF0, 0x0F, 0xE0, 0x0C, 0x60, 0x0E, 0xE0, 0x0C,
    0x60, 0x00, 0x00, 0x00, 0x00, 0x0F, 0xE0, 0x1F, 0xF0, 0x3C, 0x78, 0x70, 0x1C, 0x70, 0x1C, 0xE0,
    0x0E, 0xE0, 0x0E, 0xE0, 0x0E, 0xE0, 0x0E, 0xE0, 0x0E, 0xE0, 0x0E, 0x70, 0x1C, 0x70, 0x1C, 0x3C,
    0x78, 0x1F, 0xF0, 0x0F, 0xE0, 0x40, 0x80, 0xE1, 0xC0, 0x73, 0x80, 0x3F, 0x00, 0x1E, 0x00, 0x1E,
    0x00, 0x3F, 0x00, 0x73, 0x80, 0xF1, 0xC0, 0x60, 0x80, 0x0F, 0xE4, 0x1F, 0xFC, 0x3C, 0x7C, 0x70,
    0x3C, 0x70, 0x3E, 0xE0, 0x6E, 0xE0, 0xCE, 0xE1, 0x8E, 0xE3, 0x0E, 0xE6, 0x0E, 0xEC, 0x0E, 0xF8,
    0x1C, 0x78, 0x1C, 0x7C, 0x78, 0x7F, 0xF0, 0x4F, 0xE0, 0x18, 0x00, 0x1C, 0x00, 0x0E, 0x00, 0x00,
    0x00, 0x00, 0x00, 0xE0, 0x38, 0xE0, 0x38, 0xE0, 0x38, 0xE0, 0x38, 0xE0, 0x38, 0xE0, 0x38, 0xE0,
    0x38, 0xE0, 0x38, 0xE0, 0x38, 0xE0, 0x38, 0xE0, 0x38, 0xE0, 0x30, 0xF0, 0x70, 0x79, 0xF0, 0x3F,
    0xE0, 0x1F, 0xC0, 0x00, 0xC0, 0x01, 0xC0, 0x03, 0x00, 0x00, 0x00, 0x00, 0x00, 0xE0, 0x38, 0xE0,
    0x38, 0xE0, 0x38, 0xE0, 0x38, 0xE0, 0x38, 0xE0, 0x38, 0xE0, 0x38, 0xE0, 0x38, 0xE0, 0x38, 0xE0,
    0x38, 0xE0, 0x38, 0xE0, 0x30, 0xF0, 0x70, 0x79, 0xF0, 0x3F, 0xE0, 0x1F, 0xC0, 0x07, 0x00, 0x0F,
    0x80, 0x19, 0xC0, 0x00, 0x00, 0x00, 0x00, 0xE0, 0x38, 0xE0, 0x38, 0xE0, 0x38, 0xE0, 0x38, 0xE0,
    0x38, 0xE0, 0x38, 0xE0, 0x38, 0xE0, 0x38, 0xE0, 0x38, 0xE0, 0x38, 0xE0, 0x38, 0xE0, 0x30, 0xF0,
    0x70, 0x79, 0xF0, 0x3F, 0xE0, 0x1F, 0xC0, 0x18, 0xC0, 0x1D, 0xC0, 0x18, 0xC0, 0x00, 0x00, 0x00,
    0x00, 0xE0, 0x38, 0xE0, 0x38, 0xE0, 0x38, 0xE0, 0x38, 0xE0, 0x38, 0xE0, 0x38, 0xE0, 0x38, 0xE0,
    0x38, 0xE0, 0x38, 0xE0, 0x38, 0xE0, 0x38, 0xE0, 0x30, 0xE0, 0x70, 0x78, 0xF0, 0x3F, 0xE0, 0x1F,
    0xC0, 0x00, 0x80, 0x01, 0xC0, 0x03, 0x80, 0x02, 0x00, 0x00, 0x00, 0xE0, 0x38, 0xE0, 0x70, 0x70,
    0x70, 0x70, 0xE0, 0x38, 0xE0, 0x39, 0xC0, 0x1D, 0xC0, 0x0F, 0x80, 0x0F, 0x00, 0x07, 0x00, 0x07,
    0x00, 0x07, 0x00, 0x07, 0x00, 0x07, 0x00, 0x07, 0x00, 0x07, 0x00, 0xE0, 0x00, 0xE0, 0x00, 0xE0,
    0x00, 0xFF, 0x80, 0xFF, 0xC0, 0xE1, 0xE0, 0xE0, 0x60, 0xE0, 0x70, 0xE0, 0x70, 0xE0, 0x60, 0xE1,
    0xE0, 0xFF, 0xC0, 0xFF, 0x80, 0xE0, 0x00, 0xE0, 0x00, 0xE0, 0x00, 0x3F, 0x00, 0x7F, 0x80, 0xF3,
    0xC0, 0xE1, 0xC0, 0xE3, 0x80, 0xEF, 0x00, 0xEF, 0x80, 0xE3, 0xE0, 0xE0, 0xE0, 0xE0, 0x70, 0xE0,
    0x70, 0xE0, 0x70, 0xE0, 0xE0, 0xE1, 0xE0, 0xEF, 0xC0, 0xE7, 0x80, 0x30, 0x00, 0x38, 0x00, 0x1C,
    0x00, 0x08, 0x00, 0x00, 0x00, 0x1F, 0x00, 0x3F, 0x80, 0x73, 0xC0, 0x21, 0xC0, 0x01, 0xC0, 0x1F,
    0xC0, 0x7F, 0xC0, 0xE1, 0xC0, 0xE1, 0xC0, 0xE3, 0xC0, 0xFF, 0xC0, 0x7C, 0xC0, 0x03, 0x00, 0x03,
    0x00, 0x06, 0x00, 0x04, 0x00, 0x00, 0x00, 0x1F, 0x00, 0x3F, 0x80, 0x73, 0xC0, 0x21, 0xC0, 0x01,
    0xC0, 0x1F, 0xC0, 0x7D, 0xC0, 0xE1, 0xC0, 0xE1, 0xC0, 0xE3, 0xC0, 0xFF, 0xC0, 0x7C, 0xC0, 0x0E,
    0x00, 0x1F, 0x00, 0x3B, 0x80, 0x00, 0x00, 0x00, 0x00, 0x1F, 0x00, 0x3F, 0x80, 0x73, 0xC0, 0x21,
    0xC0, 0x01, 0xC0, 0x1F, 0xC0, 0x7D, 0xC0, 0xE1, 0xC0, 0xE1, 0xC0, 0xE3, 0xC0, 0xFF, 0xC0, 0x7C,
    0xC0, 0x18, 0x80, 0x3F, 0x80, 0x27, 0x00, 0x00, 0x00, 0x00, 0x00, 0x1F, 0x00, 0x3F, 0x80, 0x73,
    0xC0, 0x21, 0xC0, 0x01, 0xC0, 0x1F, 0xC0, 0x7D, 0xC0, 0xE1, 0xC0, 0xE1, 0xC0, 0xE3, 0xC0, 0xFF,
    0xC0, 0x7C, 0xC0, 0x31, 0x80, 0x3B, 0x80, 0x31, 0x80, 0x00, 0x00, 0x00, 0x00, 0x1F, 0x00, 0x3F,
    0x80, 0x73, 0xC0, 0x21, 0xC0, 0x01, 0xC0, 0x1F, 0xC0, 0x7D, 0xC0, 0xE1, 0xC0, 0xE1, 0xC0, 0xE3,
    0xC0, 0xFF, 0xC0, 0x7C, 0xC0, 0x0E, 0x00, 0x1F, 0x00, 0x1B, 0x00, 0x1B, 0x00, 0x1F, 0x00, 0x0E,
    0x00, 0x00, 0x00, 0x1F, 0x00, 0x3F, 0x80, 0x73, 0xC0, 0x21, 0xC0, 0x01, 0xC0, 0x1F, 0xC0, 0x7D,
    0xC0, 0xE1, 0xC0, 0xE1, 0xC0, 0xE3, 0xC0, 0xFF, 0xC0, 0x3C, 0xC0, 0x1F, 0x1F, 0x00, 0x3F, 0xBF,
    0x80, 0x71, 0xF1, 0xC0, 0x20, 0xE0, 0xC0, 0x00, 0xE0, 0xE0, 0x1F, 0xFF, 0xE0, 0x7F, 0xFF, 0xE0,
    0xF0, 0xE0, 0x00, 0xE0, 0xE0, 0x00, 0xE3, 0xF1, 0xC0, 0x7F, 0xBF, 0xC0, 0x3E, 0x1F, 0x00, 0x1F,
    0x00, 0x3F, 0x80, 0x71, 0xC0, 0xE0, 0x80, 0xE0, 0x00, 0xE0, 0x00, 0xE0, 0x00, 0xE0, 0x00, 0xE0,
    0x00, 0x71, 0xC0, 0x7F, 0xC0, 0x3F, 0x00, 0x0C, 0x00, 0x0E, 0x00, 0x03, 0x00, 0x1E, 0x00, 0x10,
    0x00, 0x18, 0x00, 0x1C, 0x00, 0x04, 0x00, 0x00, 0x00, 0x1F, 0x00, 0x3F, 0x80, 0x71, 0xC0, 0xE0,
    0xE0, 0xE0, 0xE0, 0xFF, 0xE0, 0xFF, 0xE0, 0xE0, 0x00, 0xE0, 0x00, 0x71, 0xC0, 0x3F, 0xC0, 0x1F,
    0x00, 0x01, 0x80, 0x03, 0x80, 0x07, 0x00, 0x04, 0x00, 0x00, 0x00, 0x1F, 0x00, 0x3F, 0x80, 0x71,
    0xC0, 0xE0, 0xE0, 0xE0, 0xE0, 0xFF, 0xE0, 0xFF, 0xE0, 0xE0, 0x00, 0xE0, 0x00, 0x71, 0xC0, 0x3F,
    0xC0, 0x1F, 0x00, 0x0E, 0x00, 0x1F, 0x00, 0x3B, 0x80, 0x00, 0x00, 0x00, 0x00, 0x1F, 0x00, 0x3F,
    0x80, 0x71, 0xC0, 0xE0, 0xE0, 0xE0, 0xE0, 0xFF, 0xE0, 0xFF, 0xE0, 0xE0, 0x00, 0xE0, 0x00, 0x71,
    0xC0, 0x3F, 0xC0, 0x1F, 0x00, 0x19, 0x80, 0x39, 0xC0, 0x19, 0x80, 0x00, 0x00, 0x00, 0x00, 0x1F,
    0x00, 0x3F, 0x80, 0x79, 0xC0, 0xE0, 0xE0, 0xE0, 0x60, 0xFF, 0xE0, 0xFF, 0xE0, 0xE0, 0x00, 0xE0,
    0x00, 0x78, 0xC0, 0x3F, 0xC0, 0x1F, 0x00, 0xC0, 0xE0, 0x70, 0x00, 0x00, 0xF8, 0xF8, 0x38, 0x38,
    0x38, 0x38, 0x38, 0x38, 0x38, 0x38, 0x38, 0x38, 0x0C, 0x1C, 0x18, 0x00, 0x00, 0xF8, 0xF8, 0x38,
    0x38, 0x38, 0x38, 0x38, 0x38, 0x38, 0x38, 0x38, 0x38, 0x30, 0x7C, 0xCE, 0x00, 0x00, 0xF8, 0xF8,
    0x38, 0x38, 0x38, 0x38, 0x38, 0x38, 0x38, 0x38, 0x38, 0x38, 0xC6, 0xEE, 0xC6, 0x00, 0x00, 0x78,
    0x78, 0x38, 0x38, 0x38, 0x38, 0x38, 0x38, 0x38, 0x38, 0x38, 0x38, 0x1E, 0xC0, 0x1F, 0x80, 0x07,
    0xC0, 0x07, 0xC0, 0x04, 0xE0, 0x00, 0x60, 0x1F, 0x60, 0x7F, 0xF0, 0x71, 0xF0, 0xE0, 0xF0, 0xE0,
    0x70, 0xE0, 0x70, 0xE0, 0x60, 0xE0, 0xE0, 0x71, 0xE0, 0x3F, 0xC0, 0x1F, 0x00, 0x39, 0x80, 0x7F,
    0x80, 0x67, 0x00, 0x00, 0x00, 0x00, 0x00, 0xCF, 0x00, 0xFF, 0x80, 0xF3, 0xC0, 0xE1, 0xC0, 0xE1,
    0xC0, 0xE1, 0xC0, 0xE1, 0xC0, 0xE1, 0xC0, 0xE1, 0xC0, 0xE1, 0xC0, 0xE1, 0xC0, 0xE1, 0xC0, 0x18,
    0x00, 0x18, 0x00, 0x1C, 0x00, 0x04, 0x00, 0x00, 0x00, 0x1F, 0x00, 0x3F, 0xC0, 0x79, 0xE0, 0xE0,
    0xE0, 0xE0, 0x70, 0xE0, 0x70, 0xE0, 0x70, 0xE0, 0x70, 0xE0, 0xE0, 0x79, 0xE0, 0x3F, 0xC0, 0x1F,
    0x80, 0x01, 0x80, 0x03, 0x80, 0x07, 0x00, 0x06, 0x00, 0x00, 0x00, 0x1F, 0x00, 0x3F, 0xC0, 0x79,
    0xE0, 0xE0, 0xE0, 0xE0, 0x70, 0xE0, 0x70, 0xE0, 0x70, 0xE0, 0x70, 0xE0, 0xE0, 0x79, 0xE0, 0x3F,
    0xC0, 0x1F, 0x80, 0x0E, 0x00, 0x1F, 0x00, 0x3B, 0x80, 0x00, 0x00, 0x00, 0x00, 0x1F, 0x00, 0x3F,
    0xC0, 0x79, 0xE0, 0xE0, 0xE0, 0xE0, 0x70, 0xE0, 0x70, 0xE0, 0x70, 0xE0, 0x70, 0xE0, 0xE0, 0x79,
    0xE0, 0x3F, 0xC0, 0x1F, 0x80, 0x1C, 0xC0, 0x3F, 0xC0, 0x33, 0x80, 0x00, 0x00, 0x00, 0x00, 0x1F,
    0x00, 0x3F, 0xC0, 0x79, 0xE0, 0xE0, 0xE0, 0xE0, 0x70, 0xE0, 0x70, 0xE0, 0x70, 0xE0, 0x70, 0xE0,
    0xE0, 0x79, 0xE0, 0x3F, 0xC0, 0x1F, 0x80, 0x31, 0x80, 0x3B, 0x80, 0x31, 0x80, 0x00, 0x00, 0x00,
    0x00, 0x1F, 0x00, 0x3F, 0xC0, 0x79, 0xE0, 0xE0, 0xE0, 0xE0, 0x70, 0xE0, 0x70, 0xE0, 0x70, 0xE0,
    0x70, 0xE0, 0xE0, 0x79, 0xE0, 0x3F, 0xC0, 0x1F, 0x80, 0x0E, 0x00, 0x0E, 0x00, 0x0E, 0x00, 0x00,
    0x00, 0x00, 0x00, 0xFF, 0xF0, 0xFF, 0xF0, 0x00, 0x00, 0x00, 0x00, 0x0E, 0x00, 0x0E, 0x00, 0x0E,
    0x00, 0x1F, 0x20, 0x3F, 0xE0, 0x79, 0xE0, 0xE1, 0xE0, 0xE3, 0x70, 0xE6, 0x70, 0xEC, 0x70, 0xF8,
    0x70, 0xF8, 0xE0, 0x79, 0xE0, 0x7F, 0xC0, 0x5F, 0x00, 0x30, 0x00, 0x30, 0x00, 0x18, 0x00, 0x00,
    0x00, 0x00, 0x00, 0xE1, 0xC0, 0xE1, 0xC0, 0xE1, 0xC0, 0xE1, 0xC0, 0xE1, 0xC0, 0xE1, 0xC0, 0xE1,
    0xC0, 0xE1, 0xC0, 0xE3, 0xC0, 0xF3, 0xC0, 0x7F, 0xC0, 0x3D, 0xC0, 0x03, 0x00, 0x07, 0x00, 0x0E,
    0x00, 0x00, 0x00, 0x00, 0x00, 0xE1, 0xC0, 0xE1, 0xC0, 0xE1, 0xC0, 0xE1, 0xC0, 0xE1, 0xC0, 0xE1,
    0xC0, 0xE1, 0xC0, 0xE1, 0xC0, 0xE3, 0xC0, 0xF3, 0xC0, 0x7F, 0xC0, 0x3D, 0xC0, 0x0C, 0x00, 0x3E,
    0x00, 0x77, 0x00, 0x00, 0x00, 0x00, 0x00, 0xE1, 0xC0, 0xE1, 0xC0, 0xE1, 0xC0, 0xE1, 0xC0, 0xE1,
    0xC0, 0xE1, 0xC0, 0xE1, 0xC0, 0xE1, 0xC0, 0xE3, 0xC0, 0xF3, 0xC0, 0x7F, 0xC0, 0x3D, 0xC0, 0x33,
    0x00, 0x73, 0x80, 0x33, 0x00, 0x00, 0x00, 0x00, 0x00, 0xE1, 0xC0, 0xE1, 0xC0, 0xE1, 0xC0, 0xE1,
    0xC0, 0xE1, 0xC0, 0xE1, 0xC0, 0xE1, 0xC0, 0xE1, 0xC0, 0xE3, 0xC0, 0xF3, 0xC0, 0x7F, 0xC0, 0x3D,
    0xC0, 0x03, 0x00, 0x03, 0x00, 0x06, 0x00, 0x00, 0x00, 0x00, 0x00, 0xE0, 0xE0, 0xE1, 0xC0, 0x71,
    0xC0, 0x71, 0xC0, 0x73, 0x80, 0x33, 0x80, 0x3B, 0x80, 0x3B, 0x00, 0x1F, 0x00, 0x1F, 0x00, 0x0E,
    0x00, 0x0E, 0x00, 0x0E, 0x00, 0x1C, 0x00, 0x7C, 0x00, 0x78, 0x00, 0xE0, 0x00, 0xE0, 0x00, 0xE0,
    0x00, 0xE0, 0x00, 0xE0, 0x00, 0xEF, 0x00, 0xFF, 0xC0, 0xF1, 0xC0, 0xE0, 0xE0, 0xE0, 0xE0, 0xE0,
    0xE0, 0xE0, 0xE0, 0xE0, 0xE0, 0xE0, 0xE0, 0xF1, 0xC0, 0xFF, 0xC0, 0xEF, 0x00, 0xE0, 0x00, 0xE0,
    0x00, 0xE0, 0x00, 0xE0, 0x00, 0x31, 0x80, 0x3B, 0x80, 0x31, 0x80, 0x00, 0x00, 0x00, 0x00, 0xE0,
    0xE0, 0x60, 0xC0, 0x71, 0xC0, 0x71, 0xC0, 0x31, 0x80, 0x3B, 0x80, 0x3B, 0x80, 0x1B, 0x00, 0x1F,
    0x00, 0x1F, 0x00, 0x0E, 0x00, 0x0E, 0x00, 0x0E, 0x00, 0x0C, 0x00, 0x7C, 0x00, 0x78, 0x00, 0x0F,
    0xDF, 0xFC, 0x1F, 0xFF, 0xFC, 0x3C, 0xFC, 0x00, 0x70, 0x3C, 0x00, 0x60, 0x1C, 0x00, 0xE0, 0x1C,
    0x00, 0xE0, 0x1C, 0x00, 0xE0, 0x1F, 0xE0, 0xE0, 0x1F, 0xE0, 0xE0, 0x1C, 0x00, 0xE0, 0x1C, 0x00,
    0x60, 0x1C, 0x00, 0x70, 0x3C, 0x00, 0x3C, 0xFC, 0x00, 0x1F, 0xFF, 0xFC, 0x0F, 0xDF, 0xFC, 0x1F,
    0x0F, 0x80, 0x3F, 0xDF, 0xC0, 0x79, 0xF8, 0xE0, 0xE0, 0xF0, 0x70, 0xE0, 0x70, 0x70, 0xE0, 0x7F,
    0xF0, 0xE0, 0x7F, 0xF0, 0xE0, 0x70, 0x00, 0xE0, 0xF0, 0x00, 0x79, 0xF8, 0xE0, 0x3F, 0xDF, 0xE0,
    0x1F, 0x0F, 0x80, 0x39, 0xC0, 0x1F, 0x80, 0x0F, 0x00, 0x04, 0x00, 0x00, 0x00, 0x1F, 0x80, 0x7F,
    0xE0, 0xF1, 0xE0, 0xE0, 0x40, 0xE0, 0x00, 0xE0, 0x00, 0xFE, 0x00, 0x7F, 0xC0, 0x0F, 0xE0, 0x00,
    0xF0, 0x00, 0x70, 0x40, 0x70, 0xE0, 0x70, 0xF9, 0xE0, 0x7F, 0xE0, 0x1F, 0x80, 0x77, 0x00, 0x3E,
    0x00, 0x1C, 0x00, 0x00, 0x00, 0x00, 0x00, 0x3E, 0x00, 0x7F, 0x80, 0xE3, 0x80, 0xE0, 0x00, 0xF0,
    0x00, 0x7F, 0x00, 0x1F, 0x80, 0x03, 0xC0, 0x41, 0xC0, 0xE3, 0x80, 0x7F, 0x80, 0x3F, 0x00, 0x18,
    0xC0, 0x1D, 0xC0, 0x18, 0xC0, 0x00, 0x00, 0xE0, 0x38, 0xF0, 0x78, 0x70, 0x70, 0x38, 0xF0, 0x38,
    0xE0, 0x1D, 0xC0, 0x1D, 0xC0, 0x0F, 0x80, 0x07, 0x80, 0x07, 0x00, 0x07, 0x00, 0x07, 0x00, 0x07,
    0x00, 0x07, 0x00, 0x07, 0x00, 0x07, 0x00, 0x30, 0xC0, 0x1F, 0x80, 0x0F, 0x00, 0x06, 0x00, 0x00,
    0x00, 0xFF, 0xF0, 0xFF, 0xF0, 0x00, 0xF0, 0x01, 0xE0, 0x01, 0xC0, 0x03, 0x80, 0x07, 0x80, 0x07,
    0x00, 0x0E, 0x00, 0x1C, 0x00, 0x3C, 0x00, 0x38, 0x00, 0x70, 0x00, 0xF0, 0x00, 0xFF, 0xF0, 0xFF,
    0xF0, 0x77, 0x00, 0x3E, 0x00, 0x1C, 0x00, 0x00, 0x00, 0x00, 0x00, 0xFF, 0x80, 0xFF, 0x80, 0x03,
    0x80, 0x07, 0x00, 0x0E, 0x00, 0x1C, 0x00, 0x1C, 0x00, 0x38, 0x00, 0x70, 0x00, 0xE0, 0x00, 0xFF,
    0xC0, 0xFF, 0xC0, 0x1E, 0x3E, 0x38, 0x38, 0x38, 0xFE, 0xFE, 0x38, 0x38, 0x38, 0x38, 0x38, 0x38,
    0x38, 0x38, 0x38, 0x38, 0x38, 0x78, 0xF0, 0xE0, 0x18, 0x7C, 0xE7, 0x7B, 0xFF, 0xCE, 0xFF, 0x80,
    0xFF, 0x80, 0xFF, 0xFF, 0x80, 0xFF, 0xFF, 0x80, 0x60, 0x40, 0x40, 0xC0, 0xE0, 0xE0, 0xE0, 0xE0,
    0xE0, 0xE0, 0x60, 0x40, 0x40, 0xC0, 0xE0, 0xE0, 0xE0, 0x60, 0x40, 0x40, 0xC0, 0x66, 0x44, 0x44,
    0xCC, 0xEE, 0xEE, 0xEE, 0xEE, 0xEE, 0xEE, 0x66, 0x44, 0x44, 0xCC, 0xEE, 0xEE, 0xEE, 0x66, 0x44,
    0x44, 0xCC, 0x0E, 0x00, 0x0E, 0x00, 0x0E, 0x00, 0x0E, 0x00, 0xFF, 0xE0, 0xFF, 0xE0, 0x0E, 0x00,
    0x0E, 0x00, 0x0E, 0x00, 0x0E, 0x00, 0x0E, 0x00, 0x0E, 0x00, 0x0E, 0x00, 0x0E, 0x00, 0x0E, 0x00,
    0x0E, 0x00, 0x0E, 0x00, 0x0E, 0x00, 0x0E, 0x00, 0x0E, 0x00, 0xFF, 0xE0, 0xFF, 0xE0, 0x0E, 0x00,
    0x0E, 0x00, 0x0E, 0x00, 0x0E, 0x00, 0xFF, 0xE0, 0xFF, 0xE0, 0x0E, 0x00, 0x0E, 0x00, 0x0E, 0x00,
    0x0E, 0x00, 0x3C, 0x7E, 0xFF, 0xFF, 0xFF, 0xFF, 0x7E, 0x3C, 0xE3, 0x8E, 0xE3, 0x8E, 0xE3, 0x8E,
    0xE3, 0x8E, 0x3E, 0x03, 0x00, 0x00, 0x7F, 0x07, 0x00, 0x00, 0xF7, 0x86, 0x00, 0x00, 0xE3, 0x8C,
    0x00, 0x00, 0xE3, 0x9C, 0x00, 0x00, 0xE3, 0x98, 0x00, 0x00, 0x7F, 0x30, 0x00, 0x00, 0x3E, 0x77,
    0xC1, 0xF0, 0x00, 0x6F, 0xE3, 0xF8, 0x00, 0xDE, 0x77, 0xBC, 0x01, 0xDC, 0x3F, 0x1C, 0x01, 0x9C,
    0x3F, 0x1C, 0x03, 0x1C, 0x3F, 0x1C, 0x07, 0x1E, 0x77, 0xBC, 0x06, 0x0F, 0xE3, 0xF8, 0x0C, 0x07,
    0xC1, 0xF0, 0x1C, 0x38, 0x38, 0x70, 0xE0, 0xE0, 0x70, 0x38, 0x38, 0x1C, 0xE0, 0x70, 0x38, 0x38,
    0x1C, 0x1C, 0x38, 0x38, 0x70, 0xE0, 0x03, 0xE0, 0x07, 0xF8, 0x0E, 0x3C, 0x1C, 0x1C, 0x18, 0x00,
    0x38, 0x00, 0xFF, 0xC0, 0x38, 0x00, 0x38, 0x00, 0xFF, 0x00, 0x38, 0x00, 0x38, 0x00, 0x1C, 0x0C,
    0x1E, 0x3C, 0x0F, 0xF8, 0x03, 0xE0, 0xFF, 0x71, 0xE0, 0x18, 0x79, 0xE0, 0x18, 0x79, 0xE0, 0x18,
    0x7B, 0xE0, 0x18, 0x6F, 0x60, 0x18, 0x6F, 0x60, 0x18, 0x6E, 0x60, 0x18, 0x66, 0x60,
];
pub static ATKINSON_NEXT_LARGE: BitmapFont = BitmapFont {
    glyphs: &ATKINSON_NEXT_LARGE_GLYPHS,
    bitmap: &ATKINSON_NEXT_LARGE_BITMAP,
    extra: &ATKINSON_NEXT_LARGE_EXTRA,
    line_height: 28,
};

// ATKINSON_NEXT_XLARGE: Atkinson Hyperlegible Next Medium 27 px, line-height 33
const ATKINSON_NEXT_XLARGE_GLYPHS: [Glyph; 95] = [
    g(0, 0, 0, 8, 0, 0),
    g(0, 4, 18, 8, 2, -18),
    g(18, 6, 6, 8, 1, -18),
    g(24, 17, 18, 19, 1, -18),
    g(78, 14, 23, 16, 1, -20),
    g(124, 23, 18, 25, 1, -18),
    g(178, 18, 18, 20, 1, -18),
    g(232, 2, 6, 4, 1, -18),
    g(238, 6, 24, 8, 1, -20),
    g(262, 6, 24, 8, 1, -20),
    g(286, 10, 9, 14, 2, -18),
    g(304, 14, 14, 16, 1, -14),
    g(332, 4, 8, 6, 1, -4),
    g(340, 8, 3, 10, 1, -9),
    g(343, 4, 4, 6, 1, -4),
    g(347, 9, 22, 11, 1, -20),
    g(391, 15, 18, 17, 1, -18),
    g(427, 8, 18, 12, 1, -18),
    g(445, 13, 18, 15, 1, -18),
    g(481, 13, 18, 16, 1, -18),
    g(517, 15, 18, 17, 1, -18),
    g(553, 13, 18, 17, 2, -18),
    g(589, 13, 18, 16, 2, -18),
    g(625, 13, 18, 15, 1, -18),
    g(661, 14, 18, 16, 1, -18),
    g(697, 13, 18, 15, 1, -18),
    g(733, 4, 14, 6, 1, -14),
    g(747, 4, 18, 6, 1, -14),
    g(765, 13, 14, 15, 1, -14),
    g(793, 14, 8, 18, 2, -11),
    g(809, 13, 14, 15, 1, -14),
    g(837, 12, 18, 14, 1, -18),
    g(873, 19, 20, 21, 1, -17),
    g(933, 17, 18, 17, 0, -18),
    g(987, 14, 18, 17, 2, -18),
    g(1023, 15, 18, 17, 1, -18),
    g(1059, 15, 18, 18, 2, -18),
    g(1095, 13, 18, 16, 2, -18),
    g(1131, 12, 18, 15, 2, -18),
    g(1167, 16, 18, 19, 1, -18),
    g(1203, 15, 18, 19, 2, -18),
    g(1239, 8, 18, 10, 1, -18),
    g(1257, 12, 18, 14, 0, -18),
    g(1293, 15, 18, 17, 2, -18),
    g(1329, 13, 18, 15, 2, -18),
    g(1365, 19, 18, 23, 2, -18),
    g(1419, 15, 18, 19, 2, -18),
    g(1455, 17, 18, 19, 1, -18),
    g(1509, 14, 18, 17, 2, -18),
    g(1545, 19, 19, 19, 1, -18),
    g(1602, 14, 18, 17, 2, -18),
    g(1638, 14, 18, 16, 1, -18),
    g(1674, 15, 18, 17, 1, -18),
    g(1710, 15, 18, 19, 2, -18),
    g(1746, 16, 18, 17, 0, -18),
    g(1782, 23, 18, 23, 0, -18),
    g(1836, 17, 18, 18, 0, -18),
    g(1890, 15, 18, 17, 1, -18),
    g(1926, 14, 18, 16, 1, -18),
    g(1962, 6, 24, 9, 2, -20),
    g(1986, 9, 22, 11, 1, -20),
    g(2030, 7, 24, 10, 1, -20),
    g(2054, 12, 10, 15, 2, -19),
    g(2074, 10, 3, 10, 0, 0),
    g(2080, 5, 4, 7, 1, -20),
    g(2084, 13, 14, 15, 1, -14),
    g(2112, 13, 20, 16, 2, -20),
    g(2152, 12, 14, 13, 1, -14),
    g(2180, 13, 20, 16, 1, -20),
    g(2220, 13, 14, 15, 1, -14),
    g(2248, 8, 20, 10, 1, -20),
    g(2268, 13, 20, 16, 1, -14),
    g(2308, 12, 20, 16, 2, -20),
    g(2348, 6, 21, 8, 0, -21),
    g(2369, 8, 25, 7, -2, -21),
    g(2394, 12, 20, 14, 2, -20),
    g(2434, 6, 20, 8, 2, -20),
    g(2454, 19, 14, 23, 2, -14),
    g(2496, 12, 14, 16, 2, -14),
    g(2524, 13, 14, 15, 1, -14),
    g(2552, 13, 18, 16, 2, -14),
    g(2588, 17, 18, 16, 1, -14),
    g(2642, 8, 14, 10, 2, -14),
    g(2656, 11, 14, 13, 1, -14),
    g(2684, 8, 17, 10, 1, -17),
    g(2701, 11, 14, 15, 2, -14),
    g(2729, 13, 14, 13, 0, -14),
    g(2757, 19, 14, 19, 0, -14),
    g(2799, 13, 14, 14, 0, -14),
    g(2827, 12, 18, 13, 0, -14),
    g(2863, 11, 14, 13, 1, -14),
    g(2891, 9, 24, 9, 0, -20),
    g(2939, 3, 28, 7, 2, -24),
    g(2967, 9, 24, 9, 0, -20),
    g(3015, 13, 4, 15, 1, -9),
];
const ATKINSON_NEXT_XLARGE_EXTRA: [(char, Glyph); 123] = [
    ('\u{a0}', g(0, 0, 0, 8, 0, 0)),
    ('\u{a1}', g(3023, 4, 18, 8, 2, -14)),
    ('\u{a2}', g(3041, 12, 19, 13, 1, -16)),
    ('\u{a3}', g(3079, 14, 18, 17, 2, -18)),
    ('\u{a4}', g(3115, 12, 12, 16, 2, -15)),
    ('\u{a5}', g(3139, 17, 18, 17, 0, -18)),
    ('\u{a6}', g(3193, 3, 28, 7, 2, -24)),
    ('\u{a7}', g(3221, 13, 22, 15, 1, -18)),
    ('\u{a8}', g(3265, 8, 3, 10, 1, -19)),
    ('\u{a9}', g(3268, 19, 19, 21, 1, -19)),
    ('\u{aa}', g(3325, 7, 8, 10, 1, -19)),
    ('\u{ab}', g(3333, 12, 12, 16, 2, -13)),
    ('\u{ac}', g(3357, 14, 10, 16, 1, -12)),
    ('\u{ad}', g(0, 0, 0, 0, 0, 0)),
    ('\u{ae}', g(3377, 19, 19, 21, 1, -19)),
    ('\u{af}', g(3434, 8, 3, 10, 1, -19)),
    ('\u{b0}', g(3437, 8, 8, 10, 1, -19)),
    ('\u{b1}', g(3445, 13, 14, 15, 1, -14)),
    ('\u{b2}', g(3473, 8, 10, 10, 1, -21)),
    ('\u{b3}', g(3483, 7, 10, 11, 2, -21)),
    ('\u{b4}', g(3493, 5, 4, 7, 1, -20)),
    ('\u{b5}', g(3497, 13, 19, 16, 2, -14)),
    ('\u{b6}', g(3535, 13, 22, 14, 1, -18)),
    ('\u{b7}', g(3579, 4, 4, 7, 1, -9)),
    ('\u{b8}', g(3583, 5, 5, 7, 1, 0)),
    ('\u{b9}', g(3588, 4, 10, 7, 1, -21)),
    ('\u{ba}', g(3598, 8, 8, 10, 1, -19)),
    ('\u{bb}', g(3606, 12, 12, 16, 2, -13)),
    ('\u{bc}', g(3630, 19, 18, 21, 1, -18)),
    ('\u{bd}', g(3684, 19, 18, 22, 1, -18)),
    ('\u{be}', g(3738, 21, 19, 24, 2, -19)),
    ('\u{bf}', g(3795, 12, 19, 13, 1, -14)),
    ('\u{c0}', g(3833, 17, 24, 17, 0, -24)),
    ('\u{c1}', g(3905, 17, 24, 17, 1, -24)),
    ('\u{c2}', g(3977, 17, 24, 17, 0, -24)),
    ('\u{c3}', g(4049, 17, 24, 17, 0, -24)),
    ('\u{c4}', g(4121, 16, 23, 18, 1, -23)),
    ('\u{c5}', g(4167, 16, 23, 18, 1, -23)),
    ('\u{c6}', g(4213, 24, 18, 25, 0, -18)),
    ('\u{c7}', g(4267, 15, 23, 17, 1, -18)),
    ('\u{c8}', g(4313, 13, 24, 16, 2, -24)),
    ('\u{c9}', g(4361, 13, 24, 16, 2, -24)),
    ('\u{ca}', g(4409, 13, 24, 16, 2, -24)),
    ('\u{cb}', g(4457, 13, 23, 16, 2, -23)),
    ('\u{cc}', g(4503, 8, 24, 10, 1, -24)),
    ('\u{cd}', g(4527, 8, 24, 10, 1, -24)),
    ('\u{ce}', g(4551, 8, 24, 10, 1, -24)),
    ('\u{cf}', g(4575, 8, 23, 10, 1, -23)),
    ('\u{d0}', g(4598, 17, 18, 19, 1, -18)),
    ('\u{d1}', g(4652, 15, 24, 19, 2, -24)),
    ('\u{d2}', g(4700, 17, 25, 19, 1, -25)),
    ('\u{d3}', g(4775, 17, 25, 19, 1, -25)),
    ('\u{d4}', g(4850, 17, 25, 19, 1, -25)),
    ('\u{d5}', g(4925, 17, 24, 19, 1, -24)),
    ('\u{d6}', g(4997, 17, 24, 19, 1, -24)),
    ('\u{d7}', g(5069, 11, 12, 14, 2, -13)),
    ('\u{d8}', g(5093, 17, 18, 19, 1, -18)),
    ('\u{d9}', g(5147, 15, 25, 19, 2, -25)),
    ('\u{da}', g(5197, 15, 25, 19, 2, -25)),
    ('\u{db}', g(5247, 15, 25, 19, 2, -25)),
    ('\u{dc}', g(5297, 15, 24, 19, 2, -24)),
    ('\u{dd}', g(5345, 16, 24, 17, 1, -24)),
    ('\u{de}', g(5393, 14, 18, 17, 2, -18)),
    ('\u{df}', g(5429, 13, 18, 16, 2, -18)),
    ('\u{e0}', g(5465, 13, 20, 15, 1, -20)),
    ('\u{e1}', g(5505, 13, 20, 15, 1, -20)),
    ('\u{e2}', g(5545, 13, 20, 15, 1, -20)),
    ('\u{e3}', g(5585, 13, 19, 15, 1, -19)),
    ('\u{e4}', g(5623, 13, 20, 15, 1, -20)),
    ('\u{e5}', g(5663, 13, 22, 15, 1, -22)),
    ('\u{e6}', g(5707, 22, 14, 24, 1, -14)),
    ('\u{e7}', g(5749, 12, 19, 13, 1, -14)),
    ('\u{e8}', g(5787, 13, 20, 15, 1, -20)),
    ('\u{e9}', g(5827, 13, 20, 15, 1, -20)),
    ('\u{ea}', g(5867, 13, 20, 15, 1, -20)),
    ('\u{eb}', g(5907, 13, 20, 15, 1, -20)),
    ('\u{ec}', g(5947, 6, 20, 8, 0, -20)),
    ('\u{ed}', g(5967, 7, 20, 8, 1, -20)),
    ('\u{ee}', g(5987, 9, 20, 8, 0, -20)),
    ('\u{ef}', g(6027, 8, 20, 8, 0, -20)),
    ('\u{f0}', g(6047, 13, 20, 15, 1, -20)),
    ('\u{f1}', g(6087, 12, 19, 16, 2, -19)),
    ('\u{f2}', g(6125, 13, 20, 15, 1, -20)),
    ('\u{f3}', g(6165, 13, 20, 15, 1, -20)),
    ('\u{f4}', g(6205, 13, 20, 15, 1, -20)),
    ('\u{f5}', g(6245, 13, 19, 15, 1, -19)),
    ('\u{f6}', g(6283, 13, 20, 15, 1, -20)),
    ('\u{f7}', g(6323, 14, 14, 16, 1, -14)),
    ('\u{f8}', g(6351, 13, 14, 15, 1, -14)),
    ('\u{f9}', g(6379, 11, 20, 15, 2, -20)),
    ('\u{fa}', g(6419, 11, 20, 15, 2, -20)),
    ('\u{fb}', g(6459, 11, 20, 15, 2, -20)),
    ('\u{fc}', g(6499, 11, 20, 15, 2, -20)),
    ('\u{fd}', g(6539, 12, 24, 12, 0, -20)),
    ('\u{fe}', g(6587, 13, 24, 16, 2, -20)),
    ('\u{ff}', g(6635, 12, 24, 12, 0, -20)),
    ('\u{152}', g(6683, 25, 18, 27, 1, -18)),
    ('\u{153}', g(6755, 23, 14, 25, 1, -14)),
    ('\u{160}', g(6797, 14, 25, 16, 1, -25)),
    ('\u{161}', g(6847, 11, 20, 13, 1, -20)),
    ('\u{178}', g(6887, 16, 23, 16, 0, -23)),
    ('\u{17d}', g(6933, 14, 24, 16, 1, -24)),
    ('\u{17e}', g(6981, 11, 20, 13, 1, -20)),
    ('\u{192}', g(7021, 8, 24, 10, 1, -20)),
    ('\u{2c6}', g(7045, 8, 4, 12, 2, -20)),
    ('\u{2dc}', g(7049, 9, 3, 12, 1, -19)),
    ('\u{2013}', g(7055, 11, 3, 13, 1, -9)),
    ('\u{2014}', g(7061, 20, 3, 22, 1, -9)),
    ('\u{2018}', g(7070, 4, 8, 6, 1, -18)),
    ('\u{2019}', g(7078, 4, 8, 6, 1, -18)),
    ('\u{201a}', g(7086, 4, 8, 6, 1, -4)),
    ('\u{201c}', g(7094, 9, 8, 11, 1, -18)),
    ('\u{201d}', g(7110, 9, 8, 11, 1, -18)),
    ('\u{201e}', g(7126, 9, 8, 11, 1, -4)),
    ('\u{2020}', g(7142, 13, 18, 15, 1, -18)),
    ('\u{2021}', g(7178, 13, 18, 15, 1, -18)),
    ('\u{2022}', g(7214, 9, 9, 11, 1, -11)),
    ('\u{2026}', g(7232, 18, 4, 20, 1, -4)),
    ('\u{2030}', g(7244, 35, 18, 37, 1, -18)),
    ('\u{2039}', g(7334, 6, 12, 10, 2, -13)),
    ('\u{203a}', g(7346, 6, 12, 10, 2, -13)),
    ('\u{20ac}', g(7358, 16, 18, 19, 1, -18)),
    ('\u{2122}', g(7394, 21, 10, 24, 1, -18)),
];
const ATKINSON_NEXT_XLARGE_BITMAP: [u8; 7424] = [
    0x70, 0x70, 0x70, 0x70, 0x70, 0x70, 0x70, 0x70, 0x70, 0x70, 0x70, 0x70, 0x70, 0x00, 0x60, 0xF0,
    0xF0, 0x60, 0xCC, 0xCC, 0xCC, 0xCC, 0xCC, 0xCC, 0x07, 0x1C, 0x00, 0x07, 0x1C, 0x00, 0x07, 0x1C,
    0x00, 0x07, 0x1C, 0x00, 0x7F, 0xFF, 0x80, 0x7F, 0xFF, 0x80, 0x7F, 0xFF, 0x00, 0x0E, 0x38, 0x00,
    0x0E, 0x38, 0x00, 0x0E, 0x38, 0x00, 0x0E, 0x38, 0x00, 0xFF, 0xFF, 0x00, 0xFF, 0xFF, 0x00, 0xFF,
    0xFE, 0x00, 0x1C, 0x70, 0x00, 0x1C, 0x70, 0x00, 0x1C, 0x70, 0x00, 0x1C, 0x70, 0x00, 0x03, 0x00,
    0x03, 0x00, 0x0F, 0xE0, 0x3F, 0xF0, 0x7F, 0xF8, 0xF3, 0x38, 0xE3, 0x00, 0xE3, 0x00, 0xF3, 0x00,
    0x7F, 0x00, 0x7F, 0xC0, 0x1F, 0xF0, 0x03, 0xF8, 0x03, 0x3C, 0x03, 0x1C, 0x03, 0x1C, 0xE3, 0x1C,
    0xF3, 0x3C, 0x7F, 0xF8, 0x3F, 0xF0, 0x0F, 0xC0, 0x03, 0x00, 0x03, 0x00, 0x1E, 0x00, 0xE0, 0x7F,
    0x80, 0xC0, 0xFF, 0xC1, 0xC0, 0xE1, 0xC3, 0x80, 0xC0, 0xC7, 0x00, 0xE1, 0xC7, 0x00, 0xFF, 0xCE,
    0x00, 0x7F, 0x9C, 0x20, 0x1F, 0x1C, 0xF8, 0x00, 0x39, 0xFC, 0x00, 0x73, 0x8E, 0x00, 0xF3, 0x06,
    0x00, 0xE3, 0x06, 0x01, 0xC3, 0x06, 0x03, 0x83, 0x8E, 0x03, 0x83, 0xFE, 0x07, 0x01, 0xFC, 0x0E,
    0x00, 0xF8, 0x07, 0xE0, 0x00, 0x0F, 0xF0, 0x00, 0x1F, 0xF8, 0x00, 0x1C, 0x38, 0x00, 0x1C, 0x38,
    0x00, 0x1C, 0x38, 0x00, 0x0E, 0x70, 0x00, 0x0F, 0xC0, 0x00, 0x3F, 0xC7, 0x00, 0x7D, 0xE7, 0x00,
    0xF0, 0xF7, 0x00, 0xE0, 0x7F, 0x00, 0xE0, 0x7E, 0x00, 0xE0, 0x3E, 0x00, 0xF0, 0x3E, 0x00, 0x7F,
    0xFF, 0x00, 0x3F, 0xF7, 0x80, 0x1F, 0xC3, 0xC0, 0xC0, 0xC0, 0xC0, 0xC0, 0xC0, 0xC0, 0x1C, 0x1C,
    0x38, 0x38, 0x78, 0x70, 0x70, 0xF0, 0xE0, 0xE0, 0xE0, 0xE0, 0xE0, 0xE0, 0xE0, 0xE0, 0xF0, 0x70,
    0x70, 0x78, 0x38, 0x38, 0x1C, 0x1C, 0xE0, 0xE0, 0x70, 0x70, 0x78, 0x38, 0x38, 0x3C, 0x1C, 0x1C,
    0x1C, 0x1C, 0x1C, 0x1C, 0x1C, 0x1C, 0x3C, 0x38, 0x38, 0x78, 0x70, 0x70, 0xE0, 0xE0, 0x0C, 0x00,
    0x0C, 0x00, 0x0C, 0x00, 0xFF, 0xC0, 0x7F, 0x80, 0x1E, 0x00, 0x3E, 0x00, 0x33, 0x00, 0x33, 0x00,
    0x07, 0x00, 0x07, 0x00, 0x07, 0x00, 0x07, 0x00, 0x07, 0x00, 0x07, 0x00, 0xFF, 0xFC, 0xFF, 0xFC,
    0xFF, 0xFC, 0x07, 0x00, 0x07, 0x00, 0x07, 0x00, 0x07, 0x00, 0x07, 0x00, 0x60, 0xF0, 0xF0, 0xF0,
    0x60, 0x60, 0x60, 0xC0, 0xFF, 0xFF, 0xFF, 0x60, 0xF0, 0xF0, 0x60, 0x03, 0x80, 0x03, 0x80, 0x03,
    0x80, 0x07, 0x00, 0x07, 0x00, 0x07, 0x00, 0x0E, 0x00, 0x0E, 0x00, 0x0E, 0x00, 0x1E, 0x00, 0x1C,
    0x00, 0x1C, 0x00, 0x3C, 0x00, 0x38, 0x00, 0x38, 0x00, 0x38, 0x00, 0x70, 0x00, 0x70, 0x00, 0x70,
    0x00, 0xE0, 0x00, 0xE0, 0x00, 0xE0, 0x00, 0x0F, 0xE0, 0x1F, 0xF0, 0x3F, 0xF8, 0x78, 0x3C, 0x7C,
    0x1C, 0xFC, 0x1E, 0xEE, 0x0E, 0xE7, 0x0E, 0xE3, 0x8E, 0xE1, 0x8E, 0xE1, 0xCE, 0xE0, 0xEE, 0xF0,
    0x7E, 0x70, 0x3C, 0x78, 0x3C, 0x3F, 0xF8, 0x1F, 0xF0, 0x0F, 0xE0, 0x07, 0x0F, 0xFF, 0xFF, 0x7F,
    0x07, 0x07, 0x07, 0x07, 0x07, 0x07, 0x07, 0x07, 0x07, 0x07, 0x07, 0x07, 0x07, 0x0F, 0xC0, 0x3F,
    0xF0, 0x7F, 0xF0, 0x70, 0x78, 0x70, 0x38, 0x00, 0x38, 0x00, 0x38, 0x00, 0x78, 0x00, 0xF0, 0x01,
    0xE0, 0x03, 0xC0, 0x07, 0x80, 0x0F, 0x00, 0x1E, 0x00, 0x7C, 0x00, 0xFF, 0xF8, 0xFF, 0xF8, 0xFF,
    0xF8, 0x0F, 0xC0, 0x3F, 0xF0, 0x7F, 0xF8, 0x70, 0x78, 0x20, 0x38, 0x00, 0x38, 0x00, 0xF0, 0x07,
    0xE0, 0x07, 0xE0, 0x07, 0xF0, 0x00, 0x78, 0x00, 0x38, 0x00, 0x38, 0xE0, 0x38, 0xF0, 0x78, 0x7F,
    0xF0, 0x3F, 0xE0, 0x1F, 0xC0, 0x00, 0xF0, 0x00, 0xF0, 0x01, 0xF0, 0x03, 0xF0, 0x07, 0xF0, 0x0F,
    0x70, 0x0E, 0x70, 0x1C, 0x70, 0x38, 0x70, 0x70, 0x70, 0xF0, 0x70, 0xFF, 0xFE, 0xFF, 0xFE, 0xFF,
    0xFE, 0x00, 0x70, 0x00, 0x70, 0x00, 0x70, 0x00, 0x70, 0x7F, 0xF0, 0x7F, 0xF0, 0x7F, 0xF0, 0x70,
    0x00, 0x70, 0x00, 0x6F, 0xC0, 0xFF, 0xE0, 0xFF, 0xF0, 0xF0, 0x78, 0x00, 0x78, 0x00, 0x38, 0x00,
    0x38, 0x00, 0x38, 0xE0, 0x78, 0xF0, 0x70, 0x7F, 0xF0, 0x3F, 0xE0, 0x1F, 0x80, 0x0F, 0xC0, 0x1F,
    0xE0, 0x3F, 0xF0, 0x78, 0x60, 0x70, 0x00, 0xE1, 0x00, 0xEF, 0xE0, 0xFF, 0xF0, 0xF8, 0xF0, 0xF0,
    0x78, 0xE0, 0x38, 0xE0, 0x38, 0xE0, 0x38, 0xF0, 0x38, 0x70, 0x78, 0x7F, 0xF0, 0x3F, 0xE0, 0x0F,
    0x80, 0xFF, 0xF8, 0xFF, 0xF8, 0xFF, 0xF8, 0x00, 0x78, 0x00, 0x70, 0x00, 0xF0, 0x00, 0xE0, 0x01,
    0xE0, 0x01, 0xC0, 0x03, 0xC0, 0x03, 0x80, 0x07, 0x80, 0x07, 0x00, 0x0F, 0x00, 0x0E, 0x00, 0x1E,
    0x00, 0x1C, 0x00, 0x3C, 0x00, 0x0F, 0xC0, 0x1F, 0xE0, 0x3F, 0xF0, 0x38, 0x70, 0x38, 0x70, 0x38,
    0x70, 0x1F, 0xE0, 0x1F, 0xE0, 0x3F, 0xF0, 0x78, 0x78, 0xF0, 0x3C, 0xE0, 0x1C, 0xE0, 0x1C, 0xE0,
    0x1C, 0xF0, 0x3C, 0x7F, 0xF8, 0x3F, 0xF0, 0x0F, 0xC0, 0x0F, 0x80, 0x3F, 0xE0, 0x7F, 0xF0, 0x70,
    0x70, 0xF0, 0x78, 0xE0, 0x38, 0xE0, 0x38, 0xE0, 0x38, 0xF0, 0x78, 0x78, 0xF0, 0x7F, 0xF0, 0x1F,
    0xE0, 0x07, 0xE0, 0x01, 0xC0, 0x03, 0x80, 0x03, 0x80, 0x07, 0x00, 0x0F, 0x00, 0x60, 0xF0, 0xF0,
    0x60, 0x00, 0x00, 0x00, 0x00, 0x00, 0x00, 0x60, 0xF0, 0xF0, 0x60, 0x60, 0xF0, 0xF0, 0x60, 0x00,
    0x00, 0x00, 0x00, 0x00, 0x00, 0x60, 0xF0, 0xF0, 0xF0, 0x60, 0x60, 0x60, 0xC0, 0x00, 0x08, 0x00,
    0x38, 0x01, 0xF8, 0x07, 0xF0, 0x1F, 0xC0, 0x7F, 0x00, 0xF8, 0x00, 0xF8, 0x00, 0xFE, 0x00, 0x1F,
    0x80, 0x07, 0xF0, 0x01, 0xF8, 0x00, 0x78, 0x00, 0x18, 0xFF, 0xFC, 0xFF, 0xFC, 0xFF, 0xFC, 0x00,
    0x00, 0x00, 0x00, 0xFF, 0xFC, 0xFF, 0xFC, 0xFF, 0xFC, 0x80, 0x00, 0xE0, 0x00, 0xFC, 0x00, 0x7F,
    0x00, 0x1F, 0xC0, 0x07, 0xF0, 0x00, 0xF8, 0x00, 0xF8, 0x03, 0xF8, 0x0F, 0xC0, 0x7F, 0x00, 0xFC,
    0x00, 0xF0, 0x00, 0xC0, 0x00, 0x1F, 0x80, 0x7F, 0xE0, 0xFF, 0xF0, 0xE0, 0xF0, 0x60, 0x70, 0x00,
    0x70, 0x00, 0xF0, 0x03, 0xE0, 0x07, 0xC0, 0x0F, 0x00, 0x0E, 0x00, 0x0E, 0x00, 0x00, 0x00, 0x00,
    0x00, 0x0C, 0x00, 0x1E, 0x00, 0x1E, 0x00, 0x0C, 0x00, 0x03, 0xF8, 0x00, 0x0F, 0xFE, 0x00, 0x1F,
    0xFF, 0x00, 0x3C, 0x07, 0x80, 0x70, 0x01, 0xC0, 0x70, 0xF8, 0xC0, 0xE3, 0xF8, 0xE0, 0xC7, 0xF8,
    0x60, 0xC7, 0x18, 0x60, 0xC6, 0x18, 0x60, 0xC6, 0x18, 0x60, 0xC6, 0x18, 0x60, 0xC7, 0x3C, 0xE0,
    0xE7, 0xFF, 0xC0, 0x73, 0xEF, 0x80, 0x70, 0x82, 0x00, 0x3C, 0x00, 0x00, 0x1F, 0xF8, 0x00, 0x0F,
    0xF8, 0x00, 0x03, 0xF0, 0x00, 0x01, 0xE0, 0x00, 0x03, 0xE0, 0x00, 0x03, 0xF0, 0x00, 0x03, 0xF0,
    0x00, 0x07, 0x70, 0x00, 0x07, 0x78, 0x00, 0x0F, 0x38, 0x00, 0x0E, 0x38, 0x00, 0x0E, 0x1C, 0x00,
    0x1E, 0x1C, 0x00, 0x1C, 0x1E, 0x00, 0x1F, 0xFE, 0x00, 0x3F, 0xFE, 0x00, 0x3F, 0xFF, 0x00, 0x78,
    0x07, 0x00, 0x70, 0x07, 0x00, 0x70, 0x07, 0x80, 0xF0, 0x03, 0x80, 0xFF, 0xC0, 0xFF, 0xF0, 0xFF,
    0xF8, 0xE0, 0x78, 0xE0, 0x38, 0xE0, 0x38, 0xE0, 0x78, 0xFF, 0xF0, 0xFF, 0xF0, 0xFF, 0xF8, 0xE0,
    0x3C, 0xE0, 0x1C, 0xE0, 0x1C, 0xE0, 0x1C, 0xE0, 0x3C, 0xFF, 0xF8, 0xFF, 0xF0, 0xFF, 0xE0, 0x07,
    0xF0, 0x1F, 0xF8, 0x3F, 0xFE, 0x78, 0x1E, 0x70, 0x0C, 0xF0, 0x00, 0xF0, 0x00, 0xE0, 0x00, 0xE0,
    0x00, 0xE0, 0x00, 0xE0, 0x00, 0xF0, 0x00, 0xF0, 0x00, 0x70, 0x0C, 0x78, 0x0E, 0x3F, 0xFE, 0x1F,
    0xFC, 0x07, 0xF0, 0xFF, 0xC0, 0xFF, 0xF0, 0xFF, 0xF8, 0xE0, 0x3C, 0xE0, 0x1C, 0xE0, 0x1E, 0xE0,
    0x0E, 0xE0, 0x0E, 0xE0, 0x0E, 0xE0, 0x0E, 0xE0, 0x0E, 0xE0, 0x0E, 0xE0, 0x1E, 0xE0, 0x1C, 0xE0,
    0x3C, 0xFF, 0xF8, 0xFF, 0xF0, 0xFF, 0xC0, 0xFF, 0xF8, 0xFF, 0xF8, 0xFF, 0xF0, 0xE0, 0x00, 0xE0,
    0x00, 0xE0, 0x00, 0xE0, 0x00, 0xFF, 0xC0, 0xFF, 0xC0, 0xFF, 0xC0, 0xE0, 0x00, 0xE0, 0x00, 0xE0,
    0x00, 0xE0, 0x00, 0xE0, 0x00, 0xFF, 0xF0, 0xFF, 0xF8, 0xFF, 0xF8, 0xFF, 0xF0, 0xFF, 0xF0, 0xFF,
    0xF0, 0xE0, 0x00, 0xE0, 0x00, 0xE0, 0x00, 0xE0, 0x00, 0xFF, 0xF0, 0xFF, 0xF0, 0xFF, 0xF0, 0xE0,
    0x00, 0xE0, 0x00, 0xE0, 0x00, 0xE0, 0x00, 0xE0, 0x00, 0xE0, 0x00, 0xE0, 0x00, 0xE0, 0x00, 0x07,
    0xF0, 0x1F, 0xF8, 0x3F, 0xFE, 0x78, 0x1E, 0x70, 0x08, 0xF0, 0x00, 0xE0, 0x00, 0xE0, 0x00, 0xE0,
    0xFF, 0xE0, 0xFF, 0xE0, 0x7F, 0xE0, 0x07, 0xF0, 0x07, 0x70, 0x0F, 0x78, 0x1F, 0x3F, 0xFF, 0x1F,
    0xFB, 0x07, 0xE3, 0xE0, 0x0E, 0xE0, 0x0E, 0xE0, 0x0E, 0xE0, 0x0E, 0xE0, 0x0E, 0xE0, 0x0E, 0xE0,
    0x0E, 0xFF, 0xFE, 0xFF, 0xFE, 0xFF, 0xFE, 0xE0, 0x0E, 0xE0, 0x0E, 0xE0, 0x0E, 0xE0, 0x0E, 0xE0,
    0x0E, 0xE0, 0x0E, 0xE0, 0x0E, 0xE0, 0x0E, 0xFF, 0xFF, 0xFF, 0x1C, 0x1C, 0x1C, 0x1C, 0x1C, 0x1C,
    0x1C, 0x1C, 0x1C, 0x1C, 0x1C, 0x1C, 0xFF, 0xFF, 0xFF, 0x00, 0x70, 0x00, 0x70, 0x00, 0x70, 0x00,
    0x70, 0x00, 0x70, 0x00, 0x70, 0x00, 0x70, 0x00, 0x70, 0x00, 0x70, 0x00, 0x70, 0x00, 0x70, 0x00,
    0x70, 0x60, 0x70, 0xE0, 0x70, 0xF0, 0xF0, 0x7F, 0xE0, 0x3F, 0xC0, 0x1F, 0x80, 0xE0, 0x3C, 0xE0,
    0x78, 0xE0, 0xF0, 0xE1, 0xE0, 0xE3, 0xC0, 0xE3, 0xC0, 0xE7, 0x80, 0xEF, 0x00, 0xFF, 0x00, 0xFF,
    0x80, 0xFB, 0xC0, 0xF1, 0xC0, 0xE1, 0xE0, 0xE0, 0xF0, 0xE0, 0x78, 0xE0, 0x78, 0xE0, 0x3C, 0xE0,
    0x1E, 0xE0, 0x00, 0xE0, 0x00, 0xE0, 0x00, 0xE0, 0x00, 0xE0, 0x00, 0xE0, 0x00, 0xE0, 0x00, 0xE0,
    0x00, 0xE0, 0x00, 0xE0, 0x00, 0xE0, 0x00, 0xE0, 0x00, 0xE0, 0x00, 0xE0, 0x00, 0xE0, 0x00, 0xFF,
    0xF8, 0xFF, 0xF8, 0xFF, 0xF8, 0xF8, 0x03, 0xE0, 0xFC, 0x07, 0xE0, 0xFC, 0x07, 0xE0, 0xFC, 0x07,
    0xE0, 0xFE, 0x07, 0xE0, 0xEE, 0x0E, 0xE0, 0xEE, 0x0E, 0xE0, 0xEF, 0x0E, 0xE0, 0xE7, 0x1C, 0xE0,
    0xE7, 0x1C, 0xE0, 0xE7, 0x1C, 0xE0, 0xE3, 0xB8, 0xE0, 0xE3, 0xB8, 0xE0, 0xE3, 0xF8, 0xE0, 0xE1,
    0xF0, 0xE0, 0xE1, 0xF0, 0xE0, 0xE1, 0xF0, 0xE0, 0xE0, 0xE0, 0xE0, 0xF8, 0x0E, 0xF8, 0x0E, 0xFC,
    0x0E, 0xFC, 0x0E, 0xFE, 0x0E, 0xEE, 0x0E, 0xE7, 0x0E, 0xE7, 0x0E, 0xE3, 0x8E, 0xE3, 0x8E, 0xE1,
    0xCE, 0xE1, 0xEE, 0xE0, 0xEE, 0xE0, 0xFE, 0xE0, 0x7E, 0xE0, 0x7E, 0xE0, 0x3E, 0xE0, 0x3E, 0x07,
    0xF0, 0x00, 0x1F, 0xFC, 0x00, 0x3F, 0xFE, 0x00, 0x3C, 0x1F, 0x00, 0x70, 0x07, 0x00, 0xF0, 0x07,
    0x80, 0xF0, 0x03, 0x80, 0xE0, 0x03, 0x80, 0xE0, 0x03, 0x80, 0xE0, 0x03, 0x80, 0xE0, 0x03, 0x80,
    0xF0, 0x03, 0x80, 0xF0, 0x07, 0x80, 0x70, 0x07, 0x00, 0x3C, 0x1F, 0x00, 0x3F, 0xFE, 0x00, 0x1F,
    0xFC, 0x00, 0x07, 0xF0, 0x00, 0xFF, 0xE0, 0xFF, 0xF0, 0xFF, 0xF8, 0xE0, 0x3C, 0xE0, 0x1C, 0xE0,
    0x1C, 0xE0, 0x1C, 0xE0, 0x3C, 0xFF, 0xF8, 0xFF, 0xF0, 0xFF, 0xE0, 0xE0, 0x00, 0xE0, 0x00, 0xE0,
    0x00, 0xE0, 0x00, 0xE0, 0x00, 0xE0, 0x00, 0xE0, 0x00, 0x07, 0xF0, 0x00, 0x1F, 0xFC, 0x00, 0x3F,
    0xFE, 0x00, 0x3C, 0x1F, 0x00, 0x70, 0x07, 0x00, 0xF0, 0x07, 0x80, 0xF0, 0x03, 0x80, 0xE0, 0x03,
    0x80, 0xE0, 0x43, 0x80, 0xE0, 0xE3, 0x80, 0xE0, 0xF3, 0x80, 0xF0, 0x7F, 0x80, 0xF0, 0x3F, 0x80,
    0x70, 0x1F, 0x00, 0x3C, 0x1F, 0x00, 0x3F, 0xFF, 0x80, 0x1F, 0xFF, 0xC0, 0x07, 0xF1, 0xE0, 0x00,
    0x00, 0xC0, 0xFF, 0xE0, 0xFF, 0xF0, 0xFF, 0xF8, 0xE0, 0x3C, 0xE0, 0x1C, 0xE0, 0x1C, 0xE0, 0x1C,
    0xE0, 0x7C, 0xFF, 0xF8, 0xFF, 0xF0, 0xFF, 0xC0, 0xE3, 0xC0, 0xE1, 0xE0, 0xE0, 0xF0, 0xE0, 0xF0,
    0xE0, 0x78, 0xE0, 0x3C, 0xE0, 0x1C, 0x1F, 0xC0, 0x3F, 0xF0, 0x7F, 0xF8, 0xF0, 0x38, 0xE0, 0x00,
    0xE0, 0x00, 0xF0, 0x00, 0x7F, 0x00, 0x3F, 0xE0, 0x0F, 0xF8, 0x00, 0xFC, 0x00, 0x3C, 0x00, 0x1C,
    0xE0, 0x1C, 0xF0, 0x3C, 0xFF, 0xF8, 0x7F, 0xF0, 0x1F, 0xC0, 0xFF, 0xFE, 0xFF, 0xFE, 0xFF, 0xFE,
    0x03, 0x80, 0x03, 0x80, 0x03, 0x80, 0x03, 0x80, 0x03, 0x80, 0x03, 0x80, 0x03, 0x80, 0x03, 0x80,
    0x03, 0x80, 0x03, 0x80, 0x03, 0x80, 0x03, 0x80, 0x03, 0x80, 0x03, 0x80, 0x03, 0x80, 0xE0, 0x0E,
    0xE0, 0x0E, 0xE0, 0x0E, 0xE0, 0x0E, 0xE0, 0x0E, 0xE0, 0x0E, 0xE0, 0x0E, 0xE0, 0x0E, 0xE0, 0x0E,
    0xE0, 0x0E, 0xE0, 0x0E, 0xE0, 0x0E, 0xE0, 0x0E, 0xF0, 0x1E, 0x70, 0x1C, 0x7F, 0xFC, 0x3F, 0xF8,
    0x0F, 0xE0, 0xF0, 0x07, 0x70, 0x0F, 0x78, 0x0F, 0x78, 0x0E, 0x38, 0x1E, 0x3C, 0x1C, 0x3C, 0x1C,
    0x1C, 0x3C, 0x1C, 0x38, 0x1E, 0x38, 0x0E, 0x78, 0x0E, 0x70, 0x0F, 0x70, 0x07, 0xF0, 0x07, 0xE0,
    0x07, 0xE0, 0x03, 0xE0, 0x03, 0xC0, 0xF0, 0x3C, 0x1E, 0x70, 0x3C, 0x1E, 0x70, 0x7C, 0x1C, 0x78,
    0x7C, 0x1C, 0x78, 0x7E, 0x1C, 0x38, 0x6E, 0x3C, 0x38, 0xEE, 0x38, 0x3C, 0xEE, 0x38, 0x3C, 0xE6,
    0x38, 0x1C, 0xE7, 0x78, 0x1C, 0xC7, 0x78, 0x1D, 0xC7, 0x70, 0x1F, 0xC3, 0x70, 0x0F, 0xC3, 0xF0,
    0x0F, 0x83, 0xF0, 0x0F, 0x83, 0xE0, 0x0F, 0x83, 0xE0, 0x07, 0x81, 0xE0, 0x78, 0x07, 0x80, 0x3C,
    0x0F, 0x00, 0x3C, 0x1E, 0x00, 0x1E, 0x3C, 0x00, 0x0F, 0x3C, 0x00, 0x0F, 0x78, 0x00, 0x07, 0xF0,
    0x00, 0x03, 0xF0, 0x00, 0x01, 0xE0, 0x00, 0x03, 0xE0, 0x00, 0x03, 0xF0, 0x00, 0x07, 0xF8, 0x00,
    0x0F, 0x78, 0x00, 0x1E, 0x3C, 0x00, 0x1E, 0x1E, 0x00, 0x3C, 0x0F, 0x00, 0x78, 0x0F, 0x00, 0xF0,
    0x07, 0x80, 0xE0, 0x0E, 0xF0, 0x1E, 0x70, 0x1C, 0x78, 0x3C, 0x3C, 0x78, 0x1C, 0x70, 0x1E, 0xF0,
    0x0E, 0xE0, 0x0F, 0xE0, 0x07, 0xC0, 0x03, 0x80, 0x03, 0x80, 0x03, 0x80, 0x03, 0x80, 0x03, 0x80,
    0x03, 0x80, 0x03, 0x80, 0x03, 0x80, 0xFF, 0xFC, 0xFF, 0xFC, 0xFF, 0xFC, 0x00, 0x78, 0x00, 0xF0,
    0x00, 0xF0, 0x01, 0xE0, 0x03, 0xC0, 0x07, 0x80, 0x07, 0x00, 0x0F, 0x00, 0x1E, 0x00, 0x3C, 0x00,
    0x38, 0x00, 0x78, 0x00, 0xFF, 0xFC, 0xFF, 0xFC, 0xFF, 0xFC, 0xFC, 0xFC, 0xFC, 0xE0, 0xE0, 0xE0,
    0xE0, 0xE0, 0xE0, 0xE0, 0xE0, 0xE0, 0xE0, 0xE0, 0xE0, 0xE0, 0xE0, 0xE0, 0xE0, 0xE0, 0xE0, 0xFC,
    0xFC, 0xFC, 0xE0, 0x00, 0xE0, 0x00, 0xE0, 0x00, 0x70, 0x00, 0x70, 0x00, 0x70, 0x00, 0x38, 0x00,
    0x38, 0x00, 0x38, 0x00, 0x3C, 0x00, 0x1C, 0x00, 0x1C, 0x00, 0x1E, 0x00, 0x0E, 0x00, 0x0E, 0x00,
    0x0E, 0x00, 0x07, 0x00, 0x07, 0x00, 0x07, 0x00, 0x03, 0x80, 0x03, 0x80, 0x03, 0x80, 0xFE, 0xFE,
    0x7E, 0x0E, 0x0E, 0x0E, 0x0E, 0x0E, 0x0E, 0x0E, 0x0E, 0x0E, 0x0E, 0x0E, 0x0E, 0x0E, 0x0E, 0x0E,
    0x0E, 0x0E, 0x0E, 0x7E, 0xFE, 0xFE, 0x0E, 0x00, 0x0F, 0x00, 0x1F, 0x00, 0x1F, 0x80, 0x3B, 0x80,
    0x39, 0xC0, 0x71, 0xC0, 0x70, 0xE0, 0xE0, 0xE0, 0xE0, 0x70, 0xFF, 0xC0, 0xFF, 0xC0, 0xFF, 0xC0,
    0xC0, 0xE0, 0x70, 0x38, 0x0F, 0xC0, 0x3F, 0xE0, 0x7F, 0xF0, 0x70, 0xF0, 0x00, 0x70, 0x01, 0xF0,
    0x1F, 0xF0, 0x7F, 0x70, 0xF0, 0x70, 0xE0, 0x70, 0xE0, 0xF0, 0xFF, 0xF0, 0x7F, 0xF0, 0x3E, 0x78,
    0xE0, 0x00, 0xE0, 0x00, 0xE0, 0x00, 0xE0, 0x00, 0xE0, 0x00, 0xE0, 0x00, 0xE7, 0xC0, 0xEF, 0xE0,
    0xFF, 0xF0, 0xF0, 0x70, 0xF0, 0x78, 0xE0, 0x38, 0xE0, 0x38, 0xE0, 0x38, 0xE0, 0x38, 0xF0, 0x78,
    0xF0, 0x70, 0xFF, 0xF0, 0xEF, 0xE0, 0xE7, 0xC0, 0x0F, 0x80, 0x3F, 0xE0, 0x7F, 0xF0, 0x70, 0x70,
    0xF0, 0x00, 0xE0, 0x00, 0xE0, 0x00, 0xE0, 0x00, 0xE0, 0x00, 0xF0, 0x00, 0x70, 0x60, 0x7F, 0xF0,
    0x3F, 0xE0, 0x0F, 0x80, 0x00, 0x38, 0x00, 0x38, 0x00, 0x38, 0x00, 0x38, 0x00, 0x38, 0x00, 0x38,
    0x1F, 0x38, 0x3F, 0xB8, 0x7F, 0xF8, 0x70, 0x78, 0xF0, 0x78, 0xE0, 0x38, 0xE0, 0x38, 0xE0, 0x38,
    0xE0, 0x38, 0xF0, 0x78, 0x70, 0x78, 0x7F, 0xF8, 0x3F, 0xF8, 0x1F, 0x38, 0x0F, 0x80, 0x3F, 0xE0,
    0x7F, 0xF0, 0x70, 0x70, 0xE0, 0x38, 0xFF, 0xF8, 0xFF, 0xF8, 0xFF, 0xF8, 0xE0, 0x00, 0xE0, 0x00,
    0x70, 0x40, 0x7F, 0xF0, 0x3F, 0xE0, 0x0F, 0xC0, 0x1F, 0x3F, 0x3F, 0x38, 0x38, 0x38, 0xFF, 0xFF,
    0xFF, 0x38, 0x38, 0x38, 0x38, 0x38, 0x38, 0x38, 0x38, 0x38, 0x38, 0x38, 0x1F, 0x38, 0x3F, 0xB8,
    0x7F, 0xF8, 0x70, 0x78, 0xF0, 0x78, 0xE0, 0x38, 0xE0, 0x38, 0xE0, 0x38, 0xE0, 0x38, 0xF0, 0x78,
    0x70, 0x78, 0x7F, 0xF8, 0x3F, 0xB8, 0x1F, 0x38, 0x00, 0x38, 0x00, 0x38, 0x30, 0x78, 0x7F, 0xF0,
    0x3F, 0xE0, 0x0F, 0xC0, 0xE0, 0x00, 0xE0, 0x00, 0xE0, 0x00, 0xE0, 0x00, 0xE0, 0x00, 0xE0, 0x00,
    0xE7, 0xC0, 0xEF, 0xE0, 0xFF, 0xF0, 0xF0, 0xF0, 0xF0, 0x70, 0xE0, 0x70, 0xE0, 0x70, 0xE0, 0x70,
    0xE0, 0x70, 0xE0, 0x70, 0xE0, 0x70, 0xE0, 0x70, 0xE0, 0x70, 0xE0, 0x70, 0x18, 0x3C, 0x3C, 0x3C,
    0x18, 0x00, 0x00, 0xFC, 0xFC, 0x7C, 0x1C, 0x1C, 0x1C, 0x1C, 0x1C, 0x1C, 0x1C, 0x1C, 0x1C, 0x1C,
    0x1C, 0x06, 0x0F, 0x0F, 0x0F, 0x06, 0x00, 0x00, 0x0E, 0x0E, 0x0E, 0x0E, 0x0E, 0x0E, 0x0E, 0x0E,
    0x0E, 0x0E, 0x0E, 0x0E, 0x0E, 0x0E, 0x0E, 0x7E, 0xFC, 0xF8, 0xE0, 0x00, 0xE0, 0x00, 0xE0, 0x00,
    0xE0, 0x00, 0xE0, 0x00, 0xE0, 0x00, 0xE0, 0xE0, 0xE1, 0xC0, 0xE3, 0x80, 0xE7, 0x80, 0xEF, 0x00,
    0xFE, 0x00, 0xFE, 0x00, 0xFF, 0x00, 0xF7, 0x00, 0xE7, 0x80, 0xE3, 0xC0, 0xE1, 0xE0, 0xE0, 0xE0,
    0xE0, 0xF0, 0xE0, 0xE0, 0xE0, 0xE0, 0xE0, 0xE0, 0xE0, 0xE0, 0xE0, 0xE0, 0xE0, 0xE0, 0xE0, 0xE0,
    0xE0, 0xE0, 0xE0, 0xF8, 0xFC, 0x7C, 0xE7, 0x8F, 0x80, 0xEF, 0xDF, 0xC0, 0xFF, 0xFF, 0xE0, 0xF1,
    0xF1, 0xE0, 0xE0, 0xE0, 0xE0, 0xE0, 0xE0, 0xE0, 0xE0, 0xE0, 0xE0, 0xE0, 0xE0, 0xE0, 0xE0, 0xE0,
    0xE0, 0xE0, 0xE0, 0xE0, 0xE0, 0xE0, 0xE0, 0xE0, 0xE0, 0xE0, 0xE0, 0xE0, 0xE0, 0xE0, 0xE0, 0xE0,
    0xE7, 0xC0, 0xEF, 0xE0, 0xFF, 0xF0, 0xF0, 0xF0, 0xF0, 0x70, 0xE0, 0x70, 0xE0, 0x70, 0xE0, 0x70,
    0xE0, 0x70, 0xE0, 0x70, 0xE0, 0x70, 0xE0, 0x70, 0xE0, 0x70, 0xE0, 0x70, 0x0F, 0x80, 0x3F, 0xE0,
    0x7F, 0xF0, 0x70, 0x70, 0xF0, 0x78, 0xE0, 0x38, 0xE0, 0x38, 0xE0, 0x38, 0xE0, 0x38, 0xF0, 0x78,
    0x70, 0x70, 0x7F, 0xF0, 0x3F, 0xE0, 0x0F, 0x80, 0xE7, 0xC0, 0xEF, 0xE0, 0xFF, 0xF0, 0xF0, 0x70,
    0xF0, 0x78, 0xE0, 0x38, 0xE0, 0x38, 0xE0, 0x38, 0xE0, 0x38, 0xF0, 0x78, 0xF0, 0x70, 0xFF, 0xF0,
    0xEF, 0xE0, 0xE7, 0xC0, 0xE0, 0x00, 0xE0, 0x00, 0xE0, 0x00, 0xE0, 0x00, 0x1F, 0x38, 0x00, 0x3F,
    0xB8, 0x00, 0x7F, 0xF8, 0x00, 0x70, 0x78, 0x00, 0xF0, 0x78, 0x00, 0xE0, 0x38, 0x00, 0xE0, 0x38,
    0x00, 0xE0, 0x38, 0x00, 0xE0, 0x38, 0x00, 0xF0, 0x78, 0x00, 0x70, 0x78, 0x00, 0x7F, 0xF8, 0x00,
    0x3F, 0xB8, 0x00, 0x1F, 0x38, 0x00, 0x00, 0x38, 0x00, 0x00, 0x3F, 0x00, 0x00, 0x3F, 0x80, 0x00,
    0x0F, 0x00, 0xE7, 0xEF, 0xFE, 0xF0, 0xF0, 0xE0, 0xE0, 0xE0, 0xE0, 0xE0, 0xE0, 0xE0, 0xE0, 0xE0,
    0x3F, 0x00, 0x7F, 0xC0, 0xFF, 0xC0, 0xE1, 0xC0, 0xE0, 0x00, 0xF8, 0x00, 0x7F, 0x80, 0x1F, 0xC0,
    0x01, 0xE0, 0x00, 0xE0, 0xE0, 0xE0, 0xFF, 0xE0, 0x7F, 0xC0, 0x3F, 0x00, 0x38, 0x38, 0x38, 0xFF,
    0xFF, 0xFF, 0x38, 0x38, 0x38, 0x38, 0x38, 0x38, 0x38, 0x38, 0x3F, 0x3F, 0x1F, 0xE0, 0xE0, 0xE0,
    0xE0, 0xE0, 0xE0, 0xE0, 0xE0, 0xE0, 0xE0, 0xE0, 0xE0, 0xE0, 0xE0, 0xE0, 0xE0, 0xE0, 0xE0, 0xE0,
    0xE0, 0xF1, 0xE0, 0xFF, 0xE0, 0x7F, 0xE0, 0x3C, 0xE0, 0xF0, 0x38, 0x70, 0x78, 0x70, 0x70, 0x78,
    0x70, 0x38, 0xF0, 0x38, 0xE0, 0x38, 0xE0, 0x1D, 0xC0, 0x1D, 0xC0, 0x1F, 0xC0, 0x0F, 0x80, 0x0F,
    0x80, 0x0F, 0x80, 0x07, 0x00, 0xF0, 0xE1, 0xE0, 0x70, 0xE1, 0xC0, 0x71, 0xF1, 0xC0, 0x71, 0xF1,
    0xC0, 0x79, 0xB1, 0xC0, 0x39, 0xB3, 0x80, 0x3B, 0xBB, 0x80, 0x3B, 0xBB, 0x80, 0x1F, 0x1B, 0x80,
    0x1F, 0x1F, 0x00, 0x1F, 0x1F, 0x00, 0x1F, 0x1F, 0x00, 0x0E, 0x0F, 0x00, 0x0E, 0x0E, 0x00, 0x70,
    0x78, 0x78, 0x70, 0x3C, 0xE0, 0x1D, 0xE0, 0x0F, 0xC0, 0x0F, 0x80, 0x07, 0x80, 0x07, 0x80, 0x0F,
    0xC0, 0x1F, 0xC0, 0x1C, 0xE0, 0x38, 0xF0, 0x78, 0x70, 0xF0, 0x38, 0xE0, 0x70, 0xF0, 0xF0, 0x70,
    0xE0, 0x70, 0xE0, 0x70, 0xE0, 0x39, 0xC0, 0x39, 0xC0, 0x39, 0xC0, 0x1F, 0x80, 0x1F, 0x80, 0x1F,
    0x80, 0x0F, 0x00, 0x0F, 0x00, 0x07, 0x00, 0x0E, 0x00, 0x7E, 0x00, 0x7C, 0x00, 0x78, 0x00, 0xFF,
    0xE0, 0xFF, 0xE0, 0xFF, 0xE0, 0x03, 0xC0, 0x03, 0x80, 0x07, 0x80, 0x0F, 0x00, 0x1E, 0x00, 0x3C,
    0x00, 0x38, 0x00, 0x70, 0x00, 0xFF, 0xE0, 0xFF, 0xE0, 0xFF, 0xE0, 0x0F, 0x80, 0x1F, 0x80, 0x1F,
    0x00, 0x1C, 0x00, 0x1C, 0x00, 0x1C, 0x00, 0x1C, 0x00, 0x1C, 0x00, 0x1C, 0x00, 0x1C, 0x00, 0x7C,
    0x00, 0xF0, 0x00, 0xF8, 0x00, 0x3C, 0x00, 0x1C, 0x00, 0x1C, 0x00, 0x1C, 0x00, 0x1C, 0x00, 0x1C,
    0x00, 0x1C, 0x00, 0x1C, 0x00, 0x1F, 0x00, 0x1F, 0x80, 0x0F, 0x80, 0xE0, 0xE0, 0xE0, 0xE0, 0xE0,
    0xE0, 0xE0, 0xE0, 0xE0, 0xE0, 0xE0, 0xE0, 0xE0, 0xE0, 0xE0, 0xE0, 0xE0, 0xE0, 0xE0, 0xE0, 0xE0,
    0xE0, 0xE0, 0xE0, 0xE0, 0xE0, 0xE0, 0xE0, 0xF8, 0x00, 0xFC, 0x00, 0x7C, 0x00, 0x1C, 0x00, 0x1C,
    0x00, 0x1C, 0x00, 0x1C, 0x00, 0x1C, 0x00, 0x1C, 0x00, 0x1C, 0x00, 0x1F, 0x00, 0x07, 0x80, 0x0F,
    0x80, 0x1E, 0x00, 0x1C, 0x00, 0x1C, 0x00, 0x1C, 0x00, 0x1C, 0x00, 0x1C, 0x00, 0x1C, 0x00, 0x1C,
    0x00, 0x7C, 0x00, 0xFC, 0x00, 0xF8, 0x00, 0x7C, 0x38, 0xFF, 0xF8, 0xFF, 0xF0, 0xC1, 0xE0, 0x60,
    0xF0, 0xF0, 0x60, 0x00, 0x70, 0x70, 0x70, 0x70, 0x70, 0x70, 0x70, 0x70, 0x70, 0x70, 0x70, 0x70,
    0x70, 0x06, 0x00, 0x06, 0x00, 0x1F, 0x80, 0x3F, 0xE0, 0x7F, 0xF0, 0x76, 0x70, 0xF6, 0x00, 0xE6,
    0x00, 0xE6, 0x00, 0xE6, 0x00, 0xE6, 0x00, 0xE6, 0x00, 0xF6, 0x00, 0x7E, 0xF0, 0x7F, 0xE0, 0x3F,
    0xC0, 0x0F, 0x80, 0x06, 0x00, 0x06, 0x00, 0x0F, 0xE0, 0x3F, 0xF0, 0x7F, 0xF8, 0x78, 0x3C, 0x70,
    0x00, 0x70, 0x00, 0x38, 0x00, 0xFF, 0xE0, 0xFF, 0xE0, 0x1C, 0x00, 0x1C, 0x00, 0x1C, 0x00, 0x1C,
    0x00, 0x38, 0x00, 0x3C, 0x00, 0xFF, 0xFC, 0xFF, 0xFC, 0x61, 0xFC, 0xCF, 0x30, 0xFF, 0xF0, 0x7F,
    0xE0, 0x70, 0xE0, 0xE0, 0x70, 0xE0, 0x70, 0xE0, 0x70, 0xE0, 0x70, 0x70, 0xE0, 0x7F, 0xE0, 0xFF,
    0xF0, 0xCF, 0x30, 0xF0, 0x07, 0x80, 0x78, 0x0F, 0x00, 0x38, 0x0E, 0x00, 0x3C, 0x1E, 0x00, 0x1E,
    0x3C, 0x00, 0x0E, 0x38, 0x00, 0x0F, 0x78, 0x00, 0x07, 0xF0, 0x00, 0x07, 0xF0, 0x00, 0x03, 0xE0,
    0x00, 0x1F, 0xFC, 0x00, 0x1F, 0xFC, 0x00, 0x01, 0xC0, 0x00, 0x01, 0xC0, 0x00, 0x1F, 0xFC, 0x00,
    0x1F, 0xFC, 0x00, 0x01, 0xC0, 0x00, 0x01, 0xC0, 0x00, 0xE0, 0xE0, 0xE0, 0xE0, 0xE0, 0xE0, 0xE0,
    0xE0, 0xE0, 0xE0, 0xE0, 0x00, 0x00, 0x00, 0x00, 0x00, 0x00, 0xE0, 0xE0, 0xE0, 0xE0, 0xE0, 0xE0,
    0xE0, 0xE0, 0xE0, 0xE0, 0xE0, 0x0F, 0x80, 0x3F, 0xE0, 0x7F, 0xF0, 0x70, 0x70, 0x70, 0x00, 0x78,
    0x00, 0x3E, 0x00, 0x3F, 0x80, 0x77, 0xE0, 0xE1, 0xF0, 0xE0, 0x78, 0xF0, 0x38, 0x78, 0x38, 0x3E,
    0x70, 0x0F, 0xE0, 0x03, 0xE0, 0x00, 0xF0, 0x00, 0x70, 0x70, 0x70, 0x7F, 0xF0, 0x3F, 0xE0, 0x0F,
    0x80, 0xE7, 0xE7, 0xE7, 0x03, 0xF8, 0x00, 0x0F, 0xFE, 0x00, 0x1E, 0x0F, 0x00, 0x38, 0x03, 0x80,
    0x71, 0xF1, 0xC0, 0x67, 0xF8, 0xC0, 0xE7, 0xF8, 0xC0, 0xCF, 0x00, 0x60, 0xCE, 0x00, 0x60, 0xCE,
    0x00, 0x60, 0xCE, 0x00, 0x60, 0xCF, 0x00, 0x60, 0xE7, 0xF8, 0xC0, 0x67, 0xF8, 0xC0, 0x73, 0xF1,
    0xC0, 0x38, 0x03, 0x80, 0x1E, 0x0F, 0x00, 0x0F, 0xFE, 0x00, 0x03, 0xF8, 0x00, 0x7C, 0x7E, 0x06,
    0x7E, 0xFE, 0xC6, 0xFE, 0x7E, 0x1E, 0x70, 0x3C, 0xF0, 0x38, 0xE0, 0x79, 0xC0, 0xF3, 0xC0, 0xE3,
    0x80, 0xE3, 0x80, 0xF3, 0xC0, 0x79, 0xC0, 0x38, 0xE0, 0x3C, 0xF0, 0x1E, 0x70, 0xFF, 0xFC, 0xFF,
    0xFC, 0xFF, 0xFC, 0x00, 0x1C, 0x00, 0x1C, 0x00, 0x1C, 0x00, 0x1C, 0x00, 0x1C, 0x00, 0x1C, 0x00,
    0x1C, 0x03, 0xF8, 0x00, 0x0F, 0xFE, 0x00, 0x1E, 0x0F, 0x00, 0x3B, 0xC3, 0x80, 0x73, 0xF1, 0xC0,
    0x63, 0xF8, 0xC0, 0xE3, 0x18, 0xC0, 0xC3, 0x18, 0x60, 0xC3, 0xF8, 0x60, 0xC3, 0xF0, 0x60, 0xC3,
    0x70, 0x60, 0xC3, 0x30, 0x60, 0xE3, 0x38, 0xC0, 0x63, 0x1C, 0xC0, 0x70, 0x01, 0xC0, 0x38, 0x03,
    0x80, 0x1E, 0x0F, 0x00, 0x0F, 0xFE, 0x00, 0x03, 0xF8, 0x00, 0xFF, 0xFF, 0xFF, 0x3C, 0x7E, 0xFF,
    0xC3, 0xC3, 0xFF, 0x7E, 0x3C, 0x07, 0x00, 0x07, 0x00, 0x07, 0x00, 0x07, 0x00, 0xFF, 0xF8, 0xFF,
    0xF8, 0xFF, 0xF8, 0x07, 0x00, 0x07, 0x00, 0x07, 0x00, 0x00, 0x00, 0xFF, 0xF8, 0xFF, 0xF8, 0xFF,
    0xF8, 0x3C, 0x7E, 0x46, 0x06, 0x0E, 0x1C, 0x38, 0x70, 0xFF, 0xFF, 0x7C, 0xFE, 0x46, 0x0E, 0x3C,
    0x1E, 0x06, 0xC6, 0xFE, 0x7C, 0x18, 0x38, 0x70, 0xE0, 0xE0, 0xE0, 0xE0, 0xE0, 0xE0, 0xE0, 0xE0,
    0xE0, 0xE0, 0xE0, 0xE0, 0xE0, 0xE0, 0xE0, 0xE0, 0xE0, 0xE0, 0xE0, 0xE0, 0xE0, 0xE1, 0xE0, 0xFF,
    0xF8, 0xFF, 0xF8, 0xFE, 0x78, 0xE0, 0x00, 0xE0, 0x00, 0xE0, 0x00, 0xE0, 0x00, 0xE0, 0x00, 0x1F,
    0xF8, 0x7F, 0xF8, 0x7F, 0xF0, 0xFC, 0x60, 0xFC, 0x60, 0xFC, 0x60, 0xFC, 0x60, 0xFC, 0x60, 0x7C,
    0x60, 0x3C, 0x60, 0x0C, 0x60, 0x0C, 0x60, 0x0C, 0x60, 0x0C, 0x60, 0x0C, 0x60, 0x0C, 0x60, 0x0C,
    0x60, 0x0C, 0x60, 0x0C, 0x60, 0x0C, 0x60, 0x0C, 0x60, 0x0C, 0x60, 0x60, 0xF0, 0xF0, 0x60, 0x60,
    0xF0, 0x38, 0x18, 0xF0, 0x30, 0xF0, 0xF0, 0x30, 0x30, 0x30, 0x30, 0x30, 0x30, 0x30, 0x3C, 0x7E,
    0xE7, 0xC3, 0xC3, 0xE7, 0x7E, 0x3C, 0xE3, 0x80, 0xF3, 0xC0, 0x79, 0xC0, 0x38, 0xE0, 0x3C, 0xF0,
    0x1E, 0x70, 0x1E, 0x70, 0x3C, 0xF0, 0x38, 0xE0, 0x79, 0xC0, 0xF3, 0xC0, 0xE3, 0x80, 0x30, 0x03,
    0x80, 0xF0, 0x07, 0x00, 0xF0, 0x0E, 0x00, 0x30, 0x0E, 0x00, 0x30, 0x1C, 0x00, 0x30, 0x38, 0x00,
    0x30, 0x78, 0x00, 0x30, 0x70, 0x00, 0x30, 0xE1, 0xC0, 0x31, 0xC3, 0xC0, 0x01, 0xC7, 0xC0, 0x03,
    0x8E, 0xC0, 0x07, 0x1C, 0xC0, 0x07, 0x38, 0xC0, 0x0E, 0x3F, 0xE0, 0x1C, 0x3F, 0xE0, 0x38, 0x00,
    0xC0, 0x38, 0x00, 0xC0, 0x30, 0x07, 0x00, 0xF0, 0x0F, 0x00, 0xF0, 0x0E, 0x00, 0x30, 0x1C, 0x00,
    0x30, 0x3C, 0x00, 0x30, 0x38, 0x00, 0x30, 0x70, 0x00, 0x30, 0xE3, 0x80, 0x30, 0xEF, 0xE0, 0x31,
    0xDC, 0xE0, 0x03, 0x80, 0x60, 0x03, 0x80, 0xE0, 0x07, 0x01, 0xC0, 0x0E, 0x03, 0x80, 0x0E, 0x07,
    0x00, 0x1C, 0x1F, 0xE0, 0x38, 0x1F, 0xE0, 0x38, 0x1F, 0xE0, 0x3C, 0x00, 0xC0, 0xFE, 0x01, 0xC0,
    0xC6, 0x03, 0x80, 0x06, 0x07, 0x00, 0x3C, 0x07, 0x00, 0x3C, 0x0E, 0x00, 0x0E, 0x1C, 0x00, 0x06,
    0x1C, 0x00, 0xC6, 0x38, 0x00, 0xFE, 0x70, 0xE0, 0x7C, 0x70, 0xE0, 0x00, 0xE1, 0xE0, 0x01, 0xC3,
    0x60, 0x01, 0x87, 0x60, 0x03, 0x8E, 0x60, 0x07, 0x0F, 0xF8, 0x06, 0x0F, 0xF8, 0x0E, 0x00, 0x60,
    0x1C, 0x00, 0x60, 0x03, 0x00, 0x07, 0x80, 0x07, 0x80, 0x03, 0x00, 0x00, 0x00, 0x00, 0x00, 0x03,
    0x80, 0x03, 0x80, 0x07, 0x80, 0x1F, 0x00, 0x3E, 0x00, 0x78, 0x00, 0xF0, 0x00, 0xE0, 0x00, 0xE0,
    0x70, 0xF0, 0x70, 0xFF, 0xF0, 0x7F, 0xE0, 0x1F, 0x80, 0x06, 0x00, 0x00, 0x07, 0x00, 0x00, 0x03,
    0x80, 0x00, 0x01, 0xC0, 0x00, 0x00, 0x00, 0x00, 0x00, 0x00, 0x00, 0x01, 0xE0, 0x00, 0x03, 0xE0,
    0x00, 0x03, 0xF0, 0x00, 0x03, 0xF0, 0x00, 0x07, 0xF0, 0x00, 0x07, 0x38, 0x00, 0x07, 0x38, 0x00,
    0x0E, 0x3C, 0x00, 0x0E, 0x1C, 0x00, 0x1E, 0x1C, 0x00, 0x1C, 0x1E, 0x00, 0x1F, 0xFE, 0x00, 0x3F,
    0xFE, 0x00, 0x3F, 0xFF, 0x00, 0x38, 0x07, 0x00, 0x78, 0x07, 0x80, 0x70, 0x07, 0x80, 0xF0, 0x03,
    0x80, 0x00, 0x30, 0x00, 0x00, 0x70, 0x00, 0x00, 0xE0, 0x00, 0x01, 0xC0, 0x00, 0x00, 0x00, 0x00,
    0x00, 0x00, 0x00, 0x03, 0xC0, 0x00, 0x03, 0xE0, 0x00, 0x07, 0xE0, 0x00, 0x07, 0xE0, 0x00, 0x07,
    0xF0, 0x00, 0x0E, 0x70, 0x00, 0x0E, 0x70, 0x00, 0x1E, 0x38, 0x00, 0x1C, 0x38, 0x00, 0x1C, 0x3C,
    0x00, 0x3C, 0x1C, 0x00, 0x3F, 0xFC, 0x00, 0x3F, 0xFE, 0x00, 0x7F, 0xFE, 0x00, 0x70, 0x0E, 0x00,
    0xF0, 0x0F, 0x00, 0xF0, 0x07, 0x00, 0xE0, 0x07, 0x80, 0x01, 0xC0, 0x00, 0x03, 0xE0, 0x00, 0x07,
    0x70, 0x00, 0x06, 0x18, 0x00, 0x00, 0x00, 0x00, 0x00, 0x00, 0x00, 0x01, 0xE0, 0x00, 0x03, 0xE0,
    0x00, 0x03, 0xF0, 0x00, 0x03, 0xF0, 0x00, 0x07, 0x70, 0x00, 0x07, 0x78, 0x00, 0x0F, 0x38, 0x00,
    0x0E, 0x38, 0x00, 0x0E, 0x1C, 0x00, 0x1E, 0x1C, 0x00, 0x1C, 0x1E, 0x00, 0x1F, 0xFE, 0x00, 0x3F,
    0xFE, 0x00, 0x3F, 0xFF, 0x00, 0x78, 0x07, 0x00, 0x70, 0x07, 0x00, 0x70, 0x07, 0x80, 0xF0, 0x03,
    0x80, 0x07, 0x98, 0x00, 0x0F, 0xF8, 0x00, 0x0C, 0xF0, 0x00, 0x00, 0x00, 0x00, 0x00, 0x00, 0x00,
    0x00, 0x00, 0x00, 0x03, 0xC0, 0x00, 0x03, 0xE0, 0x00, 0x03, 0xE0, 0x00, 0x07, 0xF0, 0x00, 0x07,
    0x70, 0x00, 0x0F, 0x70, 0x00, 0x0E, 0x78, 0x00, 0x0E, 0x38, 0x00, 0x1E, 0x38, 0x00, 0x1C, 0x1C,
    0x00, 0x1C, 0x1C, 0x00, 0x3F, 0xFE, 0x00, 0x3F, 0xFE, 0x00, 0x7F, 0xFE, 0x00, 0x70, 0x0F, 0x00,
    0x70, 0x07, 0x00, 0xF0, 0x07, 0x00, 0xF0, 0x07, 0x80, 0x0E, 0x70, 0x0E, 0x70, 0x0E, 0x70, 0x00,
    0x00, 0x00, 0x00, 0x03, 0xC0, 0x03, 0xC0, 0x07, 0xE0, 0x07, 0xE0, 0x07, 0xF0, 0x0E, 0x70, 0x0E,
    0x70, 0x1E, 0x78, 0x1C, 0x38, 0x1C, 0x38, 0x3C, 0x1C, 0x3F, 0xFC, 0x3F, 0xFC, 0x7F, 0xFE, 0x70,
    0x0E, 0xF0, 0x0F, 0xF0, 0x0F, 0xE0, 0x07, 0x03, 0xC0, 0x07, 0xE0, 0x07, 0xE0, 0x06, 0x60, 0x06,
    0x60, 0x03, 0xC0, 0x03, 0xC0, 0x07, 0xE0, 0x07, 0xE0, 0x07, 0xE0, 0x0E, 0x70, 0x0E, 0x70, 0x1E,
    0x78, 0x1C, 0x38, 0x1C, 0x38, 0x3C, 0x3C, 0x3F, 0xFC, 0x3F, 0xFC, 0x7F, 0xFE, 0x70, 0x0E, 0xF0,
    0x0F, 0xF0, 0x0F, 0xE0, 0x07, 0x00, 0x3F, 0xFF, 0x00, 0x7F, 0xFF, 0x00, 0x7F, 0xFF, 0x00, 0xEE,
    0x00, 0x00, 0xEE, 0x00, 0x01, 0xCE, 0x00, 0x03, 0xCE, 0x00, 0x03, 0x8F, 0xF8, 0x07, 0x8F, 0xF8,
    0x07, 0x0F, 0xF8, 0x0F, 0x0E, 0x00, 0x0F, 0xFE, 0x00, 0x1F, 0xFE, 0x00, 0x1F, 0xFE, 0x00, 0x38,
    0x0E, 0x00, 0x78, 0x0F, 0xFF, 0x70, 0x0F, 0xFF, 0xF0, 0x0F, 0xFF, 0x07, 0xF0, 0x1F, 0xF8, 0x3F,
    0xFE, 0x78, 0x1E, 0x70, 0x0C, 0xF0, 0x00, 0xF0, 0x00, 0xE0, 0x00, 0xE0, 0x00, 0xE0, 0x00, 0xE0,
    0x00, 0xF0, 0x00, 0xF0, 0x00, 0x70, 0x04, 0x78, 0x0E, 0x3F, 0xFE, 0x1F, 0xFC, 0x07, 0xF0, 0x01,
    0x80, 0x01, 0xC0, 0x00, 0x60, 0x00, 0x60, 0x03, 0xC0, 0x18, 0x00, 0x3C, 0x00, 0x1E, 0x00, 0x06,
    0x00, 0x00, 0x00, 0x00, 0x00, 0xFF, 0xF8, 0xFF, 0xF8, 0xFF, 0xF0, 0xE0, 0x00, 0xE0, 0x00, 0xE0,
    0x00, 0xE0, 0x00, 0xFF, 0xC0, 0xFF, 0xC0, 0xFF, 0xC0, 0xE0, 0x00, 0xE0, 0x00, 0xE0, 0x00, 0xE0,
    0x00, 0xE0, 0x00, 0xFF, 0xF0, 0xFF, 0xF8, 0xFF, 0xF8, 0x00, 0xC0, 0x01, 0xC0, 0x03, 0xC0, 0x03,
    0x00, 0x00, 0x00, 0x00, 0x00, 0xFF, 0xF8, 0xFF, 0xF8, 0xFF, 0xF0, 0xE0, 0x00, 0xE0, 0x00, 0xE0,
    0x00, 0xE0, 0x00, 0xFF, 0xC0, 0xFF, 0xC0, 0xFF, 0xC0, 0xE0, 0x00, 0xE0, 0x00, 0xE0, 0x00, 0xE0,
    0x00, 0xE0, 0x00, 0xFF, 0xF0, 0xFF, 0xF8, 0xFF, 0xF8, 0x07, 0x00, 0x0F, 0x80, 0x1D, 0xC0, 0x38,
    0xE0, 0x00, 0x00, 0x00, 0x00, 0xFF, 0xF8, 0xFF, 0xF8, 0xFF, 0xF0, 0xE0, 0x00, 0xE0, 0x00, 0xE0,
    0x00, 0xE0, 0x00, 0xFF, 0xC0, 0xFF, 0xC0, 0xFF, 0xC0, 0xE0, 0x00, 0xE0, 0x00, 0xE0, 0x00, 0xE0,
    0x00, 0xE0, 0x00, 0xFF, 0xF0, 0xFF, 0xF8, 0xFF, 0xF8, 0x39, 0xC0, 0x39, 0xC0, 0x39, 0xC0, 0x00,
    0x00, 0x00, 0x00, 0xFF, 0xF8, 0xFF, 0xF8, 0xFF, 0xF0, 0xE0, 0x00, 0xE0, 0x00, 0xE0, 0x00, 0xE0,
    0x00, 0xFF, 0x80, 0xFF, 0x80, 0xFF, 0x80, 0xE0, 0x00, 0xE0, 0x00, 0xE0, 0x00, 0xE0, 0x00, 0xE0,
    0x00, 0xFF, 0xF0, 0xFF, 0xF8, 0xFF, 0xF8, 0xE0, 0xF0, 0x78, 0x18, 0x00, 0x00, 0xFF, 0xFF, 0xFF,
    0x1C, 0x1C, 0x1C, 0x1C, 0x1C, 0x1C, 0x1C, 0x1C, 0x1C, 0x1C, 0x1C, 0x1C, 0xFF, 0xFF, 0xFF, 0x03,
    0x07, 0x0E, 0x0C, 0x00, 0x00, 0xFF, 0xFF, 0xFF, 0x1C, 0x1C, 0x1C, 0x1C, 0x1C, 0x1C, 0x1C, 0x1C,
    0x1C, 0x1C, 0x1C, 0x1C, 0xFF, 0xFF, 0xFF, 0x18, 0x7E, 0xF7, 0xE3, 0x00, 0x00, 0xFF, 0xFF, 0xFF,
    0x1C, 0x1C, 0x1C, 0x1C, 0x1C, 0x1C, 0x1C, 0x1C, 0x1C, 0x1C, 0x1C, 0x1C, 0x3C, 0xFF, 0xFF, 0xE7,
    0xE7, 0xE7, 0x00, 0x00, 0xFF, 0xFF, 0xFF, 0x1C, 0x1C, 0x1C, 0x1C, 0x1C, 0x1C, 0x1C, 0x1C, 0x1C,
    0x1C, 0x1C, 0x1C, 0xFF, 0xFF, 0xFF, 0x3F, 0xF0, 0x00, 0x3F, 0xFC, 0x00, 0x3F, 0xFE, 0x00, 0x38,
    0x0F, 0x00, 0x38, 0x07, 0x00, 0x38, 0x07, 0x80, 0x38, 0x03, 0x80, 0xFF, 0xC3, 0x80, 0xFF, 0xC3,
    0x80, 0xFF, 0xC3, 0x80, 0x38, 0x03, 0x80, 0x38, 0x03, 0x80, 0x38, 0x07, 0x80, 0x38, 0x07, 0x00,
    0x38, 0x0F, 0x00, 0x3F, 0xFE, 0x00, 0x3F, 0xFC, 0x00, 0x3F, 0xF0, 0x00, 0x0F, 0x30, 0x1F, 0xF0,
    0x19, 0xE0, 0x00, 0x00, 0x00, 0x00, 0x00, 0x00, 0xF8, 0x0E, 0xF8, 0x0E, 0xFC, 0x0E, 0xFC, 0x0E,
    0xFE, 0x0E, 0xEE, 0x0E, 0xE7, 0x0E, 0xE7, 0x0E, 0xE3, 0x8E, 0xE3, 0x8E, 0xE1, 0xCE, 0xE1, 0xEE,
    0xE0, 0xEE, 0xE0, 0xFE, 0xE0, 0x7E, 0xE0, 0x7E, 0xE0, 0x3E, 0xE0, 0x3E, 0x04, 0x00, 0x00, 0x06,
    0x00, 0x00, 0x07, 0x00, 0x00, 0x03, 0x80, 0x00, 0x00, 0x00, 0x00, 0x00, 0x00, 0x00, 0x00, 0x00,
    0x00, 0x07, 0xF0, 0x00, 0x1F, 0xFC, 0x00, 0x3F, 0xFE, 0x00, 0x3C, 0x0F, 0x00, 0x70, 0x07, 0x00,
    0xF0, 0x07, 0x80, 0xE0, 0x03, 0x80, 0xE0, 0x03, 0x80, 0xE0, 0x03, 0x80, 0xE0, 0x03, 0x80, 0xE0,
    0x03, 0x80, 0xF0, 0x07, 0x80, 0xF0, 0x07, 0x80, 0x78, 0x0F, 0x00, 0x3C, 0x1F, 0x00, 0x3F, 0xFE,
    0x00, 0x1F, 0xFC, 0x00, 0x07, 0xF0, 0x00, 0x00, 0x10, 0x00, 0x00, 0x30, 0x00, 0x00, 0x70, 0x00,
    0x00, 0xE0, 0x00, 0x00, 0x00, 0x00, 0x00, 0x00, 0x00, 0x00, 0x00, 0x00, 0x07, 0xF0, 0x00, 0x1F,
    0xFC, 0x00, 0x3F, 0xFE, 0x00, 0x3C, 0x0F, 0x00, 0x70, 0x07, 0x00, 0xF0, 0x07, 0x80, 0xE0, 0x03,
    0x80, 0xE0, 0x03, 0x80, 0xE0, 0x03, 0x80, 0xE0, 0x03, 0x80, 0xE0, 0x03, 0x80, 0xF0, 0x07, 0x80,
    0xF0, 0x07, 0x80, 0x78, 0x0F, 0x00, 0x3C, 0x1F, 0x00, 0x3F, 0xFE, 0x00, 0x1F, 0xFC, 0x00, 0x07,
    0xF0, 0x00, 0x00, 0x80, 0x00, 0x01, 0xE0, 0x00, 0x07, 0xF0, 0x00, 0x0E, 0x38, 0x00, 0x00, 0x00,
    0x00, 0x00, 0x00, 0x00, 0x00, 0x00, 0x00, 0x07, 0xF0, 0x00, 0x1F, 0xFC, 0x00, 0x3F, 0xFE, 0x00,
    0x3C, 0x1F, 0x00, 0x70, 0x07, 0x00, 0xF0, 0x07, 0x80, 0xF0, 0x03, 0x80, 0xE0, 0x03, 0x80, 0xE0,
    0x03, 0x80, 0xE0, 0x03, 0x80, 0xE0, 0x03, 0x80, 0xF0, 0x03, 0x80, 0xF0, 0x07, 0x80, 0x70, 0x07,
    0x00, 0x3C, 0x1F, 0x00, 0x3F, 0xFE, 0x00, 0x1F, 0xFC, 0x00, 0x07, 0xF0, 0x00, 0x07, 0x98, 0x00,
    0x0F, 0xF8, 0x00, 0x0C, 0xF0, 0x00, 0x00, 0x00, 0x00, 0x00, 0x00, 0x00, 0x00, 0x00, 0x00, 0x07,
    0xF0, 0x00, 0x1F, 0xFC, 0x00, 0x3F, 0xFE, 0x00, 0x3C, 0x1F, 0x00, 0x70, 0x07, 0x00, 0xF0, 0x07,
    0x80, 0xF0, 0x03, 0x80, 0xE0, 0x03, 0x80, 0xE0, 0x03, 0x80, 0xE0, 0x03, 0x80, 0xE0, 0x03, 0x80,
    0xF0, 0x03, 0x80, 0xF0, 0x07, 0x80, 0x70, 0x07, 0x00, 0x3C, 0x1F, 0x00, 0x3F, 0xFE, 0x00, 0x1F,
    0xFC, 0x00, 0x07, 0xF0, 0x00, 0x07, 0x38, 0x00, 0x07, 0x38, 0x00, 0x07, 0x38, 0x00, 0x00, 0x00,
    0x00, 0x00, 0x00, 0x00, 0x00, 0x00, 0x00, 0x07, 0xF0, 0x00, 0x1F, 0xFC, 0x00, 0x3F, 0xFE, 0x00,
    0x3C, 0x1F, 0x00, 0x70, 0x07, 0x00, 0xF0, 0x07, 0x80, 0xF0, 0x03, 0x80, 0xE0, 0x03, 0x80, 0xE0,
    0x03, 0x80, 0xE0, 0x03, 0x80, 0xE0, 0x03, 0x80, 0xF0, 0x03, 0x80, 0xF0, 0x07, 0x80, 0x70, 0x07,
    0x00, 0x3C, 0x1F, 0x00, 0x3F, 0xFE, 0x00, 0x1F, 0xFC, 0x00, 0x07, 0xF0, 0x00, 0x40, 0x40, 0xE0,
    0xE0, 0xF1, 0xE0, 0x7B, 0xC0, 0x3F, 0x80, 0x1F, 0x00, 0x1F, 0x00, 0x3F, 0x80, 0x7B, 0xC0, 0xF1,
    0xE0, 0xE0, 0xE0, 0x40, 0xC0, 0x07, 0xF1, 0x00, 0x1F, 0xFF, 0x00, 0x3F, 0xFE, 0x00, 0x3C, 0x1F,
    0x00, 0x70, 0x1F, 0x00, 0xF0, 0x3F, 0x80, 0xF0, 0x33, 0x80, 0xE0, 0x63, 0x80, 0xE0, 0xC3, 0x80,
    0xE1, 0x83, 0x80, 0xE3, 0x03, 0x80, 0xF6, 0x03, 0x80, 0xFE, 0x07, 0x80, 0x7C, 0x07, 0x00, 0x7C,
    0x1E, 0x00, 0x3F, 0xFE, 0x00, 0x7F, 0xFC, 0x00, 0x47, 0xF0, 0x00, 0x08, 0x00, 0x1C, 0x00, 0x0E,
    0x00, 0x07, 0x00, 0x00, 0x00, 0x00, 0x00, 0x00, 0x00, 0xE0, 0x0E, 0xE0, 0x0E, 0xE0, 0x0E, 0xE0,
    0x0E, 0xE0, 0x0E, 0xE0, 0x0E, 0xE0, 0x0E, 0xE0, 0x0E, 0xE0, 0x0E, 0xE0, 0x0E, 0xE0, 0x0E, 0xE0,
    0x0E, 0xE0, 0x0E, 0xF0, 0x1E, 0x78, 0x3C, 0x7F, 0xFC, 0x3F, 0xF8, 0x0F, 0xE0, 0x00, 0x20, 0x00,
    0x70, 0x00, 0xE0, 0x01, 0xC0, 0x00, 0x00, 0x00, 0x00, 0x00, 0x00, 0xE0, 0x0E, 0xE0, 0x0E, 0xE0,
    0x0E, 0xE0, 0x0E, 0xE0, 0x0E, 0xE0, 0x0E, 0xE0, 0x0E, 0xE0, 0x0E, 0xE0, 0x0E, 0xE0, 0x0E, 0xE0,
    0x0E, 0xE0, 0x0E, 0xE0, 0x0E, 0xF0, 0x1E, 0x78, 0x3C, 0x7F, 0xFC, 0x3F, 0xF8, 0x0F, 0xE0, 0x01,
    0x00, 0x07, 0xC0, 0x0F, 0xE0, 0x1C, 0x70, 0x00, 0x00, 0x00, 0x00, 0x00, 0x00, 0xE0, 0x0E, 0xE0,
    0x0E, 0xE0, 0x0E, 0xE0, 0x0E, 0xE0, 0x0E, 0xE0, 0x0E, 0xE0, 0x0E, 0xE0, 0x0E, 0xE0, 0x0E, 0xE0,
    0x0E, 0xE0, 0x0E, 0xE0, 0x0E, 0xE0, 0x0E, 0xF0, 0x1E, 0x78, 0x3C, 0x7F, 0xFC, 0x3F, 0xF8, 0x0F,
    0xE0, 0x1C, 0xE0, 0x1C, 0xE0, 0x1C, 0xE0, 0x00, 0x00, 0x00, 0x00, 0x00, 0x00, 0xE0, 0x0E, 0xE0,
    0x0E, 0xE0, 0x0E, 0xE0, 0x0E, 0xE0, 0x0E, 0xE0, 0x0E, 0xE0, 0x0E, 0xE0, 0x0E, 0xE0, 0x0E, 0xE0,
    0x0E, 0xE0, 0x0E, 0xE0, 0x0E, 0xE0, 0x0E, 0xF0, 0x1E, 0x70, 0x1C, 0x7F, 0xFC, 0x3F, 0xF8, 0x0F,
    0xE0, 0x00, 0x60, 0x00, 0xE0, 0x01, 0xE0, 0x01, 0x80, 0x00, 0x00, 0x00, 0x00, 0xE0, 0x0F, 0xF0,
    0x1E, 0x70, 0x1C, 0x78, 0x3C, 0x3C, 0x78, 0x1C, 0x78, 0x1E, 0xF0, 0x0E, 0xE0, 0x0F, 0xE0, 0x07,
    0xC0, 0x03, 0x80, 0x03, 0x80, 0x03, 0x80, 0x03, 0x80, 0x03, 0x80, 0x03, 0x80, 0x03, 0x80, 0x03,
    0x80, 0xE0, 0x00, 0xE0, 0x00, 0xE0, 0x00, 0xFF, 0xE0, 0xFF, 0xF0, 0xFF, 0xF8, 0xE0, 0x3C, 0xE0,
    0x1C, 0xE0, 0x1C, 0xE0, 0x1C, 0xE0, 0x3C, 0xFF, 0xF8, 0xFF, 0xF0, 0xFF, 0xE0, 0xE0, 0x00, 0xE0,
    0x00, 0xE0, 0x00, 0xE0, 0x00, 0x1F, 0x80, 0x7F, 0xC0, 0x7F, 0xE0, 0xF0, 0xE0, 0xE0, 0xE0, 0xE7,
    0xC0, 0xE7, 0x80, 0xE7, 0xE0, 0xE1, 0xF0, 0xE0, 0x78, 0xE0, 0x38, 0xE0, 0x38, 0xE0, 0x38, 0xE0,
    0x38, 0xE0, 0x78, 0xE7, 0xF0, 0xE7, 0xE0, 0xE7, 0xC0, 0x18, 0x00, 0x1C, 0x00, 0x1C, 0x00, 0x0E,
    0x00, 0x00, 0x00, 0x00, 0x00, 0x0F, 0xC0, 0x3F, 0xE0, 0x7F, 0xF0, 0x70, 0xF0, 0x00, 0x70, 0x00,
    0xF0, 0x1F, 0xF0, 0x7F, 0xF0, 0xF0, 0x70, 0xE0, 0x70, 0xE0, 0xF0, 0xF1, 0xF0, 0x7F, 0xF0, 0x3E,
    0x78, 0x00, 0xC0, 0x01, 0xC0, 0x03, 0x80, 0x03, 0x00, 0x00, 0x00, 0x00, 0x00, 0x0F, 0xC0, 0x3F,
    0xE0, 0x7F, 0xF0, 0x70, 0xF0, 0x00, 0x70, 0x01, 0xF0, 0x1F, 0xF0, 0x7F, 0x70, 0xF0, 0x70, 0xE0,
    0x70, 0xE0, 0xF0, 0xFF, 0xF0, 0x7F, 0xF0, 0x3E, 0x78, 0x07, 0x00, 0x0F, 0x80, 0x1F, 0xC0, 0x38,
    0xE0, 0x00, 0x00, 0x00, 0x00, 0x0F, 0xC0, 0x3F, 0xE0, 0x7F, 0xF0, 0x70, 0xF0, 0x00, 0x70, 0x01,
    0xF0, 0x1F, 0xF0, 0x7F, 0x70, 0xF0, 0x70, 0xE0, 0x70, 0xE0, 0xF0, 0xFF, 0xF0, 0x7F, 0xF0, 0x3E,
    0x78, 0x1E, 0x60, 0x3F, 0xE0, 0x33, 0xC0, 0x00, 0x00, 0x00, 0x00, 0x0F, 0xC0, 0x3F, 0xE0, 0x7F,
    0xF0, 0x70, 0xF0, 0x00, 0x70, 0x01, 0xF0, 0x1F, 0xF0, 0x7F, 0x70, 0xF0, 0x70, 0xE0, 0x70, 0xE0,
    0xF0, 0xFF, 0xF0, 0x7F, 0xF0, 0x3E, 0x78, 0x39, 0xC0, 0x39, 0xC0, 0x39, 0xC0, 0x00, 0x00, 0x00,
    0x00, 0x00, 0x00, 0x0F, 0xC0, 0x3F, 0xE0, 0x7F, 0xF0, 0x70, 0xF0, 0x00, 0x70, 0x01, 0xF0, 0x1F,
    0xF0, 0x7F, 0x70, 0xF0, 0x70, 0xE0, 0x70, 0xE0, 0xF0, 0xFF, 0xF0, 0x7F, 0x70, 0x3E, 0x78, 0x07,
    0x00, 0x0F, 0x80, 0x18, 0xC0, 0x18, 0xC0, 0x1D, 0xC0, 0x0F, 0x80, 0x07, 0x00, 0x00, 0x00, 0x0F,
    0xC0, 0x3F, 0xE0, 0x7F, 0xF0, 0x70, 0xF0, 0x00, 0x70, 0x01, 0xF0, 0x1F, 0xF0, 0x7F, 0x70, 0xF0,
    0x70, 0xE0, 0x70, 0xE0, 0xF0, 0xFF, 0xF0, 0x7F, 0xF0, 0x3E, 0x38, 0x0F, 0x87, 0xC0, 0x3F, 0xDF,
    0xF0, 0x7F, 0xFF, 0xF8, 0x70, 0xF8, 0x38, 0x00, 0x70, 0x1C, 0x01, 0xFF, 0xFC, 0x1F, 0xFF, 0xFC,
    0x7F, 0xFF, 0xFC, 0xF8, 0x70, 0x00, 0xE0, 0x70, 0x00, 0xE0, 0xF8, 0x20, 0xFF, 0xFF, 0xF8, 0x7F,
    0x9F, 0xF0, 0x3F, 0x07, 0xC0, 0x0F, 0x80, 0x3F, 0xE0, 0x7F, 0xE0, 0x70, 0x60, 0xF0, 0x00, 0xE0,
    0x00, 0xE0, 0x00, 0xE0, 0x00, 0xE0, 0x00, 0xF0, 0x00, 0x70, 0x40, 0x78, 0xF0, 0x3F, 0xE0, 0x1F,
    0xC0, 0x06, 0x00, 0x07, 0x00, 0x01, 0x80, 0x01, 0x80, 0x0F, 0x00, 0x18, 0x00, 0x1C, 0x00, 0x0E,
    0x00, 0x06, 0x00, 0x00, 0x00, 0x00, 0x00, 0x0F, 0x80, 0x3F, 0xE0, 0x7F, 0xF0, 0x70, 0x70, 0xE0,
    0x38, 0xE0, 0x38, 0xFF, 0xF8, 0xFF, 0xF8, 0xE0, 0x00, 0xE0, 0x00, 0x70, 0x40, 0x7F, 0xF0, 0x3F,
    0xE0, 0x0F, 0xC0, 0x00, 0xC0, 0x01, 0xC0, 0x01, 0xC0, 0x03, 0x80, 0x00, 0x00, 0x00, 0x00, 0x0F,
    0x80, 0x3F, 0xE0, 0x7F, 0xF0, 0x70, 0x70, 0xE0, 0x38, 0xE0, 0x38, 0xFF, 0xF8, 0xFF, 0xF8, 0xE0,
    0x00, 0xE0, 0x00, 0x70, 0x40, 0x7F, 0xF0, 0x3F, 0xE0, 0x0F, 0xC0, 0x07, 0x00, 0x0F, 0x80, 0x1F,
    0xC0, 0x38, 0xE0, 0x00, 0x00, 0x00, 0x00, 0x0F, 0x80, 0x3F, 0xE0, 0x7F, 0xF0, 0x70, 0x70, 0xE0,
    0x38, 0xFF, 0xF8, 0xFF, 0xF8, 0xFF, 0xF8, 0xE0, 0x00, 0xE0, 0x00, 0x70, 0x40, 0x7F, 0xF0, 0x3F,
    0xE0, 0x0F, 0xC0, 0x1C, 0xE0, 0x1C, 0xE0, 0x1C, 0xE0, 0x00, 0x00, 0x00, 0x00, 0x00, 0x00, 0x0F,
    0x80, 0x3F, 0xE0, 0x7F, 0xF0, 0x70, 0x70, 0xF0, 0x38, 0xFF, 0xF8, 0xFF, 0xF8, 0xFF, 0xF8, 0xE0,
    0x00, 0xF0, 0x00, 0x70, 0x00, 0x7F, 0xF0, 0x3F, 0xE0, 0x0F, 0xC0, 0x60, 0xF0, 0x70, 0x38, 0x00,
    0x00, 0x7C, 0x7C, 0x7C, 0x1C, 0x1C, 0x1C, 0x1C, 0x1C, 0x1C, 0x1C, 0x1C, 0x1C, 0x1C, 0x1C, 0x06,
    0x0E, 0x1C, 0x38, 0x00, 0x00, 0xF8, 0xF8, 0xF8, 0x38, 0x38, 0x38, 0x38, 0x38, 0x38, 0x38, 0x38,
    0x38, 0x38, 0x38, 0x1C, 0x00, 0x3E, 0x00, 0x77, 0x00, 0xE3, 0x80, 0x00, 0x00, 0x00, 0x00, 0x7C,
    0x00, 0x7C, 0x00, 0x7C, 0x00, 0x1C, 0x00, 0x1C, 0x00, 0x1C, 0x00, 0x1C, 0x00, 0x1C, 0x00, 0x1C,
    0x00, 0x1C, 0x00, 0x1C, 0x00, 0x1C, 0x00, 0x1C, 0x00, 0x1C, 0x00, 0xE7, 0xE7, 0xE7, 0x00, 0x00,
    0x00, 0x7C, 0x7C, 0x7C, 0x1C, 0x1C, 0x1C, 0x1C, 0x1C, 0x1C, 0x1C, 0x1C, 0x1C, 0x1C, 0x1C, 0x0F,
    0x60, 0x0F, 0xE0, 0x0F, 0xE0, 0x03, 0xE0, 0x03, 0x70, 0x02, 0x70, 0x00, 0x38, 0x1F, 0x38, 0x3F,
    0xF8, 0x7F, 0xF8, 0xF0, 0x78, 0xF0, 0x78, 0xE0, 0x38, 0xE0, 0x38, 0xE0, 0x38, 0xF0, 0x78, 0x70,
    0x70, 0x7F, 0xF0, 0x3F, 0xE0, 0x0F, 0x80, 0x3C, 0x60, 0x3F, 0xE0, 0x73, 0xC0, 0x00, 0x00, 0x00,
    0x00, 0xE7, 0xC0, 0xEF, 0xE0, 0xFF, 0xF0, 0xF0, 0xF0, 0xF0, 0x70, 0xE0, 0x70, 0xE0, 0x70, 0xE0,
    0x70, 0xE0, 0x70, 0xE0, 0x70, 0xE0, 0x70, 0xE0, 0x70, 0xE0, 0x70, 0xE0, 0x70, 0x18, 0x00, 0x1C,
    0x00, 0x1E, 0x00, 0x06, 0x00, 0x00, 0x00, 0x00, 0x00, 0x0F, 0x80, 0x3F, 0xE0, 0x7F, 0xF0, 0x70,
    0x70, 0xF0, 0x78, 0xE0, 0x38, 0xE0, 0x38, 0xE0, 0x38, 0xE0, 0x38, 0xF0, 0x78, 0x70, 0x70, 0x7F,
    0xF0, 0x3F, 0xE0, 0x0F, 0x80, 0x00, 0xC0, 0x01, 0xC0, 0x01, 0xC0, 0x03, 0x00, 0x00, 0x00, 0x00,
    0x00, 0x0F, 0x80, 0x3F, 0xE0, 0x7F, 0xF0, 0x70, 0x70, 0xF0, 0x78, 0xE0, 0x38, 0xE0, 0x38, 0xE0,
    0x38, 0xE0, 0x38, 0xF0, 0x78, 0x70, 0x70, 0x7F, 0xF0, 0x3F, 0xE0, 0x0F, 0x80, 0x07, 0x00, 0x0F,
    0x80, 0x1D, 0xC0, 0x38, 0xE0, 0x00, 0x00, 0x00, 0x00, 0x0F, 0x80, 0x3F, 0xE0, 0x7F, 0xF0, 0x70,
    0x70, 0xF0, 0x78, 0xE0, 0x38, 0xE0, 0x38, 0xE0, 0x38, 0xE0, 0x38, 0xF0, 0x78, 0x70, 0x70, 0x7F,
    0xF0, 0x3F, 0xE0, 0x0F, 0x80, 0x1E, 0x60, 0x3F, 0xE0, 0x33, 0xC0, 0x00, 0x00, 0x00, 0x00, 0x0F,
    0x80, 0x3F, 0xE0, 0x7F, 0xF0, 0x70, 0x70, 0xF0, 0x78, 0xE0, 0x38, 0xE0, 0x38, 0xE0, 0x38, 0xE0,
    0x38, 0xF0, 0x78, 0x70, 0x70, 0x7F, 0xF0, 0x3F, 0xE0, 0x0F, 0x80, 0x1C, 0xE0, 0x1C, 0xE0, 0x1C,
    0xE0, 0x00, 0x00, 0x00, 0x00, 0x00, 0x00, 0x0F, 0x80, 0x3F, 0xE0, 0x7F, 0xF0, 0x70, 0x70, 0xF0,
    0x78, 0xE0, 0x38, 0xE0, 0x38, 0xE0, 0x38, 0xE0, 0x38, 0xF0, 0x78, 0x70, 0x70, 0x7F, 0xF0, 0x3F,
    0xE0, 0x0F, 0x80, 0x03, 0x00, 0x07, 0x80, 0x07, 0x80, 0x03, 0x00, 0x00, 0x00, 0x00, 0x00, 0xFF,
    0xFC, 0xFF, 0xFC, 0xFF, 0xFC, 0x00, 0x00, 0x03, 0x00, 0x07, 0x80, 0x07, 0x80, 0x03, 0x00, 0x0F,
    0x90, 0x3F, 0xF0, 0x7F, 0xF0, 0x70, 0xF0, 0xF1, 0xF8, 0xE1, 0xB8, 0xE3, 0x38, 0xE6, 0x38, 0xEC,
    0x38, 0xFC, 0x78, 0x78, 0x70, 0x7F, 0xF0, 0x7F, 0xE0, 0x4F, 0x80, 0x30, 0x00, 0x38, 0x00, 0x1C,
    0x00, 0x0C, 0x00, 0x00, 0x00, 0x00, 0x00, 0xE0, 0xE0, 0xE0, 0xE0, 0xE0, 0xE0, 0xE0, 0xE0, 0xE0,
    0xE0, 0xE0, 0xE0, 0xE0, 0xE0, 0xE0, 0xE0, 0xE0, 0xE0, 0xE0, 0xE0, 0xF1, 0xE0, 0xFF, 0xE0, 0x7F,
    0xE0, 0x3C, 0xE0, 0x01, 0x80, 0x03, 0x80, 0x07, 0x00, 0x06, 0x00, 0x00, 0x00, 0x00, 0x00, 0xE0,
    0xE0, 0xE0, 0xE0, 0xE0, 0xE0, 0xE0, 0xE0, 0xE0, 0xE0, 0xE0, 0xE0, 0xE0, 0xE0, 0xE0, 0xE0, 0xE0,
    0xE0, 0xE0, 0xE0, 0xF1, 0xE0, 0xFF, 0xE0, 0x7F, 0xE0, 0x3C, 0xE0, 0x0E, 0x00, 0x1F, 0x00, 0x3B,
    0x80, 0x71, 0xC0, 0x00, 0x00, 0x00, 0x00, 0xE0, 0xE0, 0xE0, 0xE0, 0xE0, 0xE0, 0xE0, 0xE0, 0xE0,
    0xE0, 0xE0, 0xE0, 0xE0, 0xE0, 0xE0, 0xE0, 0xE0, 0xE0, 0xE0, 0xE0, 0xF1, 0xE0, 0xFF, 0xE0, 0x7F,
    0xE0, 0x3C, 0xE0, 0x39, 0xC0, 0x39, 0xC0, 0x39, 0xC0, 0x00, 0x00, 0x00, 0x00, 0x00, 0x00, 0xE0,
    0xE0, 0xE0, 0xE0, 0xE0, 0xE0, 0xE0, 0xE0, 0xE0, 0xE0, 0xE0, 0xE0, 0xE0, 0xE0, 0xE0, 0xE0, 0xE0,
    0xE0, 0xE0, 0xE0, 0xF1, 0xE0, 0xFF, 0xE0, 0x7F, 0xE0, 0x3C, 0x60, 0x01, 0x80, 0x01, 0xC0, 0x03,
    0x80, 0x07, 0x00, 0x00, 0x00, 0x00, 0x00, 0xE0, 0x70, 0xE0, 0xF0, 0x70, 0xE0, 0x70, 0xE0, 0x71,
    0xE0, 0x39, 0xC0, 0x39, 0xC0, 0x3B, 0xC0, 0x1F, 0x80, 0x1F, 0x80, 0x1F, 0x00, 0x0F, 0x00, 0x0F,
    0x00, 0x0E, 0x00, 0x0E, 0x00, 0x7E, 0x00, 0x7C, 0x00, 0x78, 0x00, 0xE0, 0x00, 0xE0, 0x00, 0xE0,
    0x00, 0xE0, 0x00, 0xE0, 0x00, 0xE0, 0x00, 0xE7, 0xC0, 0xEF, 0xE0, 0xFF, 0xF0, 0xF0, 0x70, 0xF0,
    0x78, 0xE0, 0x38, 0xE0, 0x38, 0xE0, 0x38, 0xE0, 0x38, 0xF0, 0x78, 0xF0, 0x70, 0xFF, 0xF0, 0xEF,
    0xE0, 0xE7, 0xC0, 0xE0, 0x00, 0xE0, 0x00, 0xE0, 0x00, 0xE0, 0x00, 0x39, 0xC0, 0x39, 0xC0, 0x39,
    0xC0, 0x00, 0x00, 0x00, 0x00, 0x00, 0x00, 0xE0, 0x70, 0xF0, 0xF0, 0x70, 0xE0, 0x70, 0xE0, 0x78,
    0xE0, 0x39, 0xC0, 0x39, 0xC0, 0x3D, 0xC0, 0x1F, 0x80, 0x1F, 0x80, 0x1F, 0x80, 0x0F, 0x00, 0x0F,
    0x00, 0x07, 0x00, 0x0E, 0x00, 0x7E, 0x00, 0x7C, 0x00, 0x78, 0x00, 0x07, 0xE7, 0xFF, 0x80, 0x1F,
    0xFF, 0xFF, 0x80, 0x3F, 0xFF, 0xFF, 0x80, 0x78, 0x1F, 0x00, 0x00, 0x70, 0x0F, 0x00, 0x00, 0xF0,
    0x0F, 0x00, 0x00, 0xE0, 0x07, 0x00, 0x00, 0xE0, 0x07, 0xFC, 0x00, 0xE0, 0x07, 0xFC, 0x00, 0xE0,
    0x07, 0xFC, 0x00, 0xE0, 0x07, 0x00, 0x00, 0xE0, 0x07, 0x00, 0x00, 0xF0, 0x0F, 0x00, 0x00, 0x70,
    0x0F, 0x00, 0x00, 0x78, 0x1F, 0x00, 0x00, 0x3F, 0xFF, 0xFF, 0x80, 0x1F, 0xFF, 0xFF, 0x80, 0x07,
    0xE7, 0xFF, 0x80, 0x0F, 0x83, 0xE0, 0x3F, 0xEF, 0xF8, 0x7F, 0xFF, 0xFC, 0x70, 0x7C, 0x1C, 0xF0,
    0x78, 0x0E, 0xE0, 0x3F, 0xFE, 0xE0, 0x3F, 0xFE, 0xE0, 0x3F, 0xFE, 0xE0, 0x38, 0x00, 0xF0, 0x78,
    0x00, 0x70, 0x7C, 0x10, 0x7F, 0xFF, 0xFC, 0x3F, 0xEF, 0xF8, 0x0F, 0x83, 0xF0, 0x18, 0x60, 0x1D,
    0xE0, 0x0F, 0xC0, 0x07, 0x80, 0x02, 0x00, 0x00, 0x00, 0x00, 0x00, 0x1F, 0xC0, 0x3F, 0xF0, 0x7F,
    0xF8, 0xF0, 0x38, 0xE0, 0x00, 0xE0, 0x00, 0xF0, 0x00, 0x7F, 0x00, 0x3F, 0xE0, 0x0F, 0xF8, 0x00,
    0xFC, 0x00, 0x3C, 0x00, 0x1C, 0xE0, 0x1C, 0xF0, 0x3C, 0x7F, 0xF8, 0x3F, 0xF0, 0x1F, 0xC0, 0x73,
    0x80, 0x3F, 0x80, 0x1F, 0x00, 0x0E, 0x00, 0x00, 0x00, 0x00, 0x00, 0x3F, 0x00, 0x7F, 0xC0, 0xFF,
    0xC0, 0xE1, 0xC0, 0xE0, 0x00, 0xF8, 0x00, 0x7F, 0x80, 0x1F, 0xC0, 0x01, 0xE0, 0x00, 0xE0, 0xE0,
    0xE0, 0xFF, 0xE0, 0x7F, 0xC0, 0x3F, 0x00, 0x0E, 0x70, 0x0E, 0x70, 0x0E, 0x70, 0x00, 0x00, 0x00,
    0x00, 0xF0, 0x0F, 0x70, 0x0E, 0x78, 0x1E, 0x3C, 0x3C, 0x1C, 0x3C, 0x1E, 0x78, 0x0E, 0x78, 0x07,
    0xF0, 0x07, 0xE0, 0x03, 0xE0, 0x01, 0xC0, 0x01, 0xC0, 0x01, 0xC0, 0x01, 0xC0, 0x01, 0xC0, 0x01,
    0xC0, 0x01, 0xC0, 0x01, 0xC0, 0x1C, 0xE0, 0x0F, 0xC0, 0x07, 0x80, 0x03, 0x00, 0x00, 0x00, 0x00,
    0x00, 0xFF, 0xFC, 0xFF, 0xFC, 0xFF, 0xFC, 0x00, 0x78, 0x00, 0xF0, 0x00, 0xF0, 0x01, 0xE0, 0x03,
    0xC0, 0x07, 0x80, 0x07, 0x00, 0x0F, 0x00, 0x1E, 0x00, 0x3C, 0x00, 0x38, 0x00, 0x78, 0x00, 0xFF,
    0xFC, 0xFF, 0xFC, 0xFF, 0xFC, 0x71, 0xC0, 0x3F, 0x80, 0x1F, 0x00, 0x0E, 0x00, 0x00, 0x00, 0x00,
    0x00, 0xFF, 0xE0, 0xFF, 0xE0, 0xFF, 0xE0, 0x03, 0xC0, 0x03, 0x80, 0x07, 0x80, 0x0F, 0x00, 0x1E,
    0x00, 0x3C, 0x00, 0x38, 0x00, 0x70, 0x00, 0xFF, 0xE0, 0xFF, 0xE0, 0xFF, 0xE0, 0x1F, 0x3F, 0x3F,
    0x38, 0x38, 0x38, 0xFF, 0xFF, 0xFF, 0x38, 0x38, 0x38, 0x38, 0x38, 0x38, 0x38, 0x38, 0x38, 0x38,
    0x38, 0x38, 0xF8, 0xF8, 0xF0, 0x10, 0x3C, 0x7E, 0xE7, 0x7F, 0x80, 0xFF, 0x80, 0xCF, 0x00, 0xFF,
    0xE0, 0xFF, 0xE0, 0xFF, 0xE0, 0xFF, 0xFF, 0xF0, 0xFF, 0xFF, 0xF0, 0xFF, 0xFF, 0xF0, 0x30, 0x60,
    0x60, 0x60, 0xF0, 0xF0, 0xF0, 0x60, 0x60, 0xF0, 0xF0, 0xF0, 0x60, 0x60, 0x60, 0xC0, 0x60, 0xF0,
    0xF0, 0xF0, 0x60, 0x60, 0x60, 0xC0, 0x31, 0x80, 0x63, 0x00, 0x63, 0x00, 0x63, 0x00, 0xF7, 0x80,
    0xF7, 0x80, 0xF7, 0x80, 0x63, 0x00, 0x63, 0x00, 0xF7, 0x80, 0xF7, 0x80, 0xF7, 0x80, 0x63, 0x00,
    0x63, 0x00, 0x63, 0x00, 0xC6, 0x00, 0x63, 0x00, 0xF7, 0x80, 0xF7, 0x80, 0xF7, 0x80, 0x63, 0x00,
    0x63, 0x00, 0x63, 0x00, 0xC6, 0x00, 0x07, 0x00, 0x07, 0x00, 0x07, 0x00, 0x07, 0x00, 0xFF, 0xF8,
    0xFF, 0xF8, 0xFF, 0xF8, 0x07, 0x00, 0x07, 0x00, 0x07, 0x00, 0x07, 0x00, 0x07, 0x00, 0x07, 0x00,
    0x07, 0x00, 0x07, 0x00, 0x07, 0x00, 0x07, 0x00, 0x07, 0x00, 0x07, 0x00, 0x07, 0x00, 0x07, 0x00,
    0x07, 0x00, 0xFF, 0xF8, 0xFF, 0xF8, 0xFF, 0xF8, 0x07, 0x00, 0x07, 0x00, 0x07, 0x00, 0xFF, 0xF8,
    0xFF, 0xF8, 0xFF, 0xF8, 0x07, 0x00, 0x07, 0x00, 0x07, 0x00, 0x07, 0x00, 0x07, 0x00, 0x3E, 0x00,
    0x7F, 0x00, 0xFF, 0x80, 0xFF, 0x80, 0xFF, 0x80, 0xFF, 0x80, 0xFF, 0x80, 0x7F, 0x00, 0x3E, 0x00,
    0x60, 0xC1, 0x80, 0xF1, 0xE3, 0xC0, 0xF1, 0xE3, 0xC0, 0x60, 0xC1, 0x80, 0x1E, 0x00, 0xE0, 0x00,
    0x00, 0x7F, 0x80, 0xC0, 0x00, 0x00, 0xFF, 0xC1, 0xC0, 0x00, 0x00, 0xE1, 0xC3, 0x80, 0x00, 0x00,
    0xC0, 0xC7, 0x00, 0x00, 0x00, 0xE1, 0xC7, 0x00, 0x00, 0x00, 0xFF, 0xCE, 0x00, 0x00, 0x00, 0x7F,
    0x9C, 0x20, 0x04, 0x00, 0x1F, 0x1C, 0xF8, 0x1F, 0x80, 0x00, 0x39, 0xFC, 0x3F, 0xC0, 0x00, 0x73,
    0x8E, 0x79, 0xE0, 0x00, 0xF3, 0x06, 0x60, 0xE0, 0x00, 0xE3, 0x06, 0x60, 0x60, 0x01, 0xC3, 0x06,
    0x60, 0x60, 0x03, 0x83, 0x8E, 0x70, 0xE0, 0x03, 0x83, 0xFE, 0x3F, 0xC0, 0x07, 0x01, 0xFC, 0x3F,
    0xC0, 0x0E, 0x00, 0xF8, 0x0F, 0x00, 0x1C, 0x3C, 0x38, 0x70, 0xF0, 0xE0, 0xE0, 0xF0, 0x70, 0x38,
    0x3C, 0x1C, 0xE0, 0xF0, 0x70, 0x38, 0x3C, 0x1C, 0x1C, 0x3C, 0x38, 0x70, 0xF0, 0xE0, 0x01, 0xF8,
    0x07, 0xFE, 0x0F, 0xFF, 0x1E, 0x07, 0x1C, 0x02, 0x3C, 0x00, 0xFF, 0xE0, 0xFF, 0xE0, 0x38, 0x00,
    0xFF, 0x80, 0xFF, 0x80, 0x3C, 0x00, 0x3C, 0x00, 0x1E, 0x07, 0x1E, 0x07, 0x0F, 0xFF, 0x07, 0xFE,
    0x01, 0xF8, 0xFF, 0x3C, 0x78, 0xFF, 0x3C, 0x78, 0x18, 0x3C, 0x78, 0x18, 0x3C, 0xF8, 0x18, 0x36,
    0xD8, 0x18, 0x36, 0xD8, 0x18, 0x37, 0xD8, 0x18, 0x33, 0x98, 0x18, 0x33, 0x98, 0x18, 0x33, 0x98,
];
pub static ATKINSON_NEXT_XLARGE: BitmapFont = BitmapFont {
    glyphs: &ATKINSON_NEXT_XLARGE_GLYPHS,
    bitmap: &ATKINSON_NEXT_XLARGE_BITMAP,
    extra: &ATKINSON_NEXT_XLARGE_EXTRA,
    line_height: 33,
};

// ATKINSON_NEXT_XXLARGE: Atkinson Hyperlegible Next Medium 31 px, line-height 38
const ATKINSON_NEXT_XXLARGE_GLYPHS: [Glyph; 95] = [
    g(0, 0, 0, 9, 0, 0),
    g(0, 5, 21, 9, 2, -21),
    g(21, 8, 7, 10, 1, -21),
    g(28, 20, 21, 22, 1, -21),
    g(91, 16, 27, 19, 2, -24),
    g(145, 27, 21, 29, 1, -21),
    g(229, 21, 21, 23, 2, -21),
    g(292, 3, 7, 5, 1, -21),
    g(299, 7, 27, 11, 2, -22),
    g(326, 8, 27, 10, 1, -22),
    g(353, 11, 11, 15, 2, -21),
    g(375, 16, 16, 20, 2, -16),
    g(407, 5, 9, 7, 1, -5),
    g(416, 9, 3, 11, 1, -9),
    g(422, 5, 5, 7, 1, -5),
    g(427, 11, 25, 13, 1, -22),
    g(477, 17, 21, 21, 2, -21),
    g(540, 10, 21, 14, 1, -21),
    g(582, 15, 21, 17, 1, -21),
    g(624, 15, 21, 19, 2, -21),
    g(666, 17, 21, 19, 1, -21),
    g(729, 15, 21, 18, 2, -21),
    g(771, 16, 21, 19, 2, -21),
    g(813, 15, 21, 17, 1, -21),
    g(855, 16, 21, 20, 2, -21),
    g(897, 15, 21, 19, 2, -21),
    g(939, 5, 16, 7, 1, -16),
    g(955, 5, 21, 7, 1, -16),
    g(976, 15, 16, 17, 1, -16),
    g(1008, 16, 9, 20, 2, -13),
    g(1026, 15, 16, 17, 1, -16),
    g(1058, 15, 21, 16, 1, -21),
    g(1100, 22, 22, 24, 1, -19),
    g(1166, 20, 21, 20, 0, -21),
    g(1229, 16, 21, 19, 2, -21),
    g(1271, 18, 21, 20, 1, -21),
    g(1334, 18, 21, 21, 2, -21),
    g(1397, 15, 21, 18, 2, -21),
    g(1439, 14, 21, 17, 2, -21),
    g(1481, 19, 21, 22, 1, -21),
    g(1544, 17, 21, 21, 2, -21),
    g(1607, 9, 21, 13, 2, -21),
    g(1649, 14, 21, 17, 1, -21),
    g(1691, 17, 21, 20, 2, -21),
    g(1754, 15, 21, 17, 2, -21),
    g(1796, 22, 21, 26, 2, -21),
    g(1859, 18, 21, 22, 2, -21),
    g(1922, 20, 21, 22, 1, -21),
    g(1985, 16, 21, 19, 2, -21),
    g(2027, 22, 22, 23, 1, -21),
    g(2093, 17, 21, 19, 2, -21),
    g(2156, 16, 21, 19, 2, -21),
    g(2198, 17, 21, 19, 1, -21),
    g(2261, 17, 21, 21, 2, -21),
    g(2324, 19, 21, 19, 0, -21),
    g(2387, 25, 21, 27, 1, -21),
    g(2471, 19, 21, 20, 1, -21),
    g(2534, 18, 21, 19, 1, -21),
    g(2597, 17, 21, 19, 1, -21),
    g(2660, 7, 27, 10, 2, -22),
    g(2687, 11, 25, 13, 1, -22),
    g(2737, 8, 27, 12, 2, -22),
    g(2764, 14, 12, 17, 2, -22),
    g(2788, 12, 3, 12, 0, 0),
    g(2794, 5, 5, 8, 1, -23),
    g(2799, 15, 16, 17, 1, -16),
    g(2831, 15, 22, 18, 2, -22),
    g(2875, 14, 16, 15, 1, -16),
    g(2907, 15, 22, 18, 1, -22),
    g(2951, 15, 16, 17, 1, -16),
    g(2983, 9, 22, 11, 1, -22),
    g(3027, 15, 23, 18, 1, -16),
    g(3073, 14, 22, 17, 2, -22),
    g(3117, 6, 23, 8, 0, -23),
    g(3140, 8, 28, 8, -2, -23),
    g(3168, 14, 22, 16, 2, -22),
    g(3212, 7, 22, 9, 2, -22),
    g(3234, 23, 16, 27, 2, -16),
    g(3282, 14, 16, 17, 2, -16),
    g(3314, 16, 16, 17, 1, -16),
    g(3346, 15, 21, 18, 2, -16),
    g(3388, 19, 21, 18, 1, -16),
    g(3451, 9, 16, 11, 2, -16),
    g(3483, 13, 16, 15, 1, -16),
    g(3515, 9, 20, 11, 1, -20),
    g(3555, 13, 16, 17, 2, -16),
    g(3587, 15, 16, 15, 0, -16),
    g(3619, 21, 16, 22, 0, -16),
    g(3667, 14, 16, 16, 1, -16),
    g(3699, 14, 21, 15, 1, -16),
    g(3741, 13, 16, 15, 1, -16),
    g(3773, 9, 27, 11, 1, -22),
    g(3827, 4, 32, 8, 2, -27),
    g(3859, 9, 27, 11, 1, -22),
    g(3913, 14, 5, 17, 2, -11),
];
const ATKINSON_NEXT_XXLARGE_EXTRA: [(char, Glyph); 123] = [
    ('\u{a0}', g(0, 0, 0, 9, 0, 0)),
    ('\u{a1}', g(3923, 5, 21, 9, 2, -16)),
    ('\u{a2}', g(3944, 13, 21, 15, 1, -18)),
    ('\u{a3}', g(3986, 16, 21, 19, 2, -21)),
    ('\u{a4}', g(4028, 15, 15, 18, 1, -17)),
    ('\u{a5}', g(4058, 18, 21, 18, 0, -21)),
    ('\u{a6}', g(4121, 4, 32, 8, 2, -27)),
    ('\u{a7}', g(4153, 15, 26, 17, 1, -21)),
    ('\u{a8}', g(4205, 10, 4, 12, 1, -22)),
    ('\u{a9}', g(4213, 22, 22, 26, 2, -22)),
    ('\u{aa}', g(4279, 8, 9, 12, 2, -22)),
    ('\u{ab}', g(4288, 15, 13, 19, 2, -14)),
    ('\u{ac}', g(4314, 17, 11, 19, 1, -13)),
    ('\u{ad}', g(0, 0, 0, 0, 0, 0)),
    ('\u{ae}', g(4347, 22, 22, 26, 2, -22)),
    ('\u{af}', g(4413, 9, 3, 11, 1, -22)),
    ('\u{b0}', g(4419, 9, 9, 11, 1, -21)),
    ('\u{b1}', g(4437, 15, 16, 19, 2, -16)),
    ('\u{b2}', g(4469, 9, 11, 12, 2, -24)),
    ('\u{b3}', g(4491, 9, 11, 13, 2, -24)),
    ('\u{b4}', g(4513, 5, 5, 8, 2, -23)),
    ('\u{b5}', g(4518, 15, 21, 18, 2, -16)),
    ('\u{b6}', g(4560, 15, 26, 16, 1, -21)),
    ('\u{b7}', g(4612, 5, 5, 9, 2, -10)),
    ('\u{b8}', g(4617, 6, 6, 8, 1, 0)),
    ('\u{b9}', g(4623, 6, 11, 8, 1, -24)),
    ('\u{ba}', g(4634, 9, 9, 13, 2, -22)),
    ('\u{bb}', g(4652, 15, 13, 19, 2, -14)),
    ('\u{bc}', g(4678, 23, 21, 26, 1, -21)),
    ('\u{bd}', g(4741, 23, 21, 26, 1, -21)),
    ('\u{be}', g(4804, 24, 22, 28, 2, -22)),
    ('\u{bf}', g(4870, 15, 22, 16, 1, -16)),
    ('\u{c0}', g(4914, 19, 28, 20, 1, -28)),
    ('\u{c1}', g(4998, 19, 28, 20, 1, -28)),
    ('\u{c2}', g(5082, 20, 28, 20, 0, -28)),
    ('\u{c3}', g(5166, 19, 27, 20, 0, -27)),
    ('\u{c4}', g(5247, 19, 27, 20, 0, -27)),
    ('\u{c5}', g(5328, 19, 27, 19, 0, -27)),
    ('\u{c6}', g(5409, 28, 21, 29, 0, -21)),
    ('\u{c7}', g(5493, 18, 26, 20, 1, -21)),
    ('\u{c8}', g(5571, 15, 28, 18, 2, -28)),
    ('\u{c9}', g(5627, 15, 28, 18, 2, -28)),
    ('\u{ca}', g(5683, 15, 28, 18, 2, -28)),
    ('\u{cb}', g(5739, 15, 27, 18, 2, -27)),
    ('\u{cc}', g(5793, 9, 28, 13, 2, -28)),
    ('\u{cd}', g(5849, 9, 28, 13, 2, -28)),
    ('\u{ce}', g(5905, 9, 28, 13, 2, -28)),
    ('\u{cf}', g(5961, 10, 27, 13, 2, -27)),
    ('\u{d0}', g(6015, 20, 21, 22, 1, -21)),
    ('\u{d1}', g(6078, 18, 27, 22, 2, -27)),
    ('\u{d2}', g(6159, 20, 28, 22, 1, -28)),
    ('\u{d3}', g(6243, 20, 28, 22, 1, -28)),
    ('\u{d4}', g(6327, 20, 28, 22, 1, -28)),
    ('\u{d5}', g(6411, 20, 27, 22, 1, -27)),
    ('\u{d6}', g(6492, 20, 27, 22, 1, -27)),
    ('\u{d7}', g(6573, 13, 14, 17, 2, -15)),
    ('\u{d8}', g(6601, 20, 21, 22, 1, -21)),
    ('\u{d9}', g(6664, 17, 28, 21, 2, -28)),
    ('\u{da}', g(6748, 17, 28, 21, 2, -28)),
    ('\u{db}', g(6832, 17, 28, 21, 2, -28)),
    ('\u{dc}', g(6916, 17, 27, 21, 2, -27)),
    ('\u{dd}', g(6997, 18, 28, 19, 1, -28)),
    ('\u{de}', g(7081, 16, 21, 19, 2, -21)),
    ('\u{df}', g(7123, 16, 21, 18, 2, -21)),
    ('\u{e0}', g(7165, 15, 22, 17, 1, -22)),
    ('\u{e1}', g(7209, 15, 22, 17, 1, -22)),
    ('\u{e2}', g(7253, 15, 22, 17, 1, -22)),
    ('\u{e3}', g(7297, 15, 22, 17, 1, -22)),
    ('\u{e4}', g(7341, 15, 22, 17, 1, -22)),
    ('\u{e5}', g(7385, 15, 25, 17, 1, -25)),
    ('\u{e6}', g(7435, 26, 16, 27, 1, -16)),
    ('\u{e7}', g(7499, 13, 22, 15, 1, -16)),
    ('\u{e8}', g(7543, 15, 22, 17, 1, -22)),
    ('\u{e9}', g(7587, 15, 22, 17, 1, -22)),
    ('\u{ea}', g(7631, 15, 22, 17, 1, -22)),
    ('\u{eb}', g(7675, 15, 22, 17, 1, -22)),
    ('\u{ec}', g(7719, 7, 22, 10, 1, -22)),
    ('\u{ed}', g(7741, 8, 22, 8, 0, -22)),
    ('\u{ee}', g(7763, 10, 22, 9, -1, -22)),
    ('\u{ef}', g(7807, 10, 22, 9, 0, -22)),
    ('\u{f0}', g(7851, 16, 22, 18, 1, -22)),
    ('\u{f1}', g(7895, 14, 22, 17, 2, -22)),
    ('\u{f2}', g(7939, 16, 22, 17, 1, -22)),
    ('\u{f3}', g(7983, 16, 22, 17, 1, -22)),
    ('\u{f4}', g(8027, 16, 22, 17, 1, -22)),
    ('\u{f5}', g(8071, 16, 22, 17, 1, -22)),
    ('\u{f6}', g(8115, 16, 22, 17, 1, -22)),
    ('\u{f7}', g(8159, 16, 16, 20, 2, -16)),
    ('\u{f8}', g(8191, 16, 16, 17, 1, -16)),
    ('\u{f9}', g(8223, 13, 22, 17, 2, -22)),
    ('\u{fa}', g(8267, 13, 22, 17, 2, -22)),
    ('\u{fb}', g(8311, 13, 22, 17, 2, -22)),
    ('\u{fc}', g(8355, 13, 22, 17, 2, -22)),
    ('\u{fd}', g(8399, 14, 27, 15, 1, -22)),
    ('\u{fe}', g(8453, 15, 27, 18, 2, -22)),
    ('\u{ff}', g(8507, 14, 27, 15, 1, -22)),
    ('\u{152}', g(8561, 30, 21, 32, 1, -21)),
    ('\u{153}', g(8645, 27, 16, 29, 1, -16)),
    ('\u{160}', g(8709, 16, 28, 19, 2, -28)),
    ('\u{161}', g(8765, 13, 22, 15, 1, -22)),
    ('\u{178}', g(8809, 18, 27, 19, 1, -27)),
    ('\u{17d}', g(8890, 17, 28, 19, 1, -28)),
    ('\u{17e}', g(8974, 13, 22, 15, 1, -22)),
    ('\u{192}', g(9018, 9, 27, 11, 1, -22)),
    ('\u{2c6}', g(9072, 10, 4, 13, 2, -22)),
    ('\u{2dc}', g(9080, 11, 4, 13, 1, -22)),
    ('\u{2013}', g(9088, 13, 3, 15, 1, -9)),
    ('\u{2014}', g(9094, 23, 3, 25, 1, -9)),
    ('\u{2018}', g(9103, 5, 9, 9, 2, -21)),
    ('\u{2019}', g(9112, 5, 9, 9, 2, -21)),
    ('\u{201a}', g(9121, 5, 9, 9, 2, -5)),
    ('\u{201c}', g(9130, 10, 9, 14, 2, -21)),
    ('\u{201d}', g(9148, 10, 9, 14, 2, -21)),
    ('\u{201e}', g(9166, 10, 9, 14, 2, -5)),
    ('\u{2020}', g(9184, 15, 21, 17, 1, -21)),
    ('\u{2021}', g(9226, 15, 21, 17, 1, -21)),
    ('\u{2022}', g(9268, 10, 11, 14, 2, -14)),
    ('\u{2026}', g(9290, 19, 5, 21, 1, -5)),
    ('\u{2030}', g(9305, 40, 21, 42, 1, -21)),
    ('\u{2039}', g(9410, 8, 13, 11, 2, -14)),
    ('\u{203a}', g(9423, 8, 13, 11, 2, -14)),
    ('\u{20ac}', g(9436, 20, 21, 21, 0, -21)),
    ('\u{2122}', g(9499, 25, 11, 28, 1, -21)),
];
const ATKINSON_NEXT_XXLARGE_BITMAP: [u8; 9543] = [
    0xF0, 0xF0, 0xF0, 0xF0, 0xF0, 0xF0, 0x70, 0x70, 0x70, 0x70, 0x70, 0x70, 0x70, 0x60, 0x00, 0x00,
    0x70, 0xF8, 0xF8, 0xF8, 0x70, 0xE7, 0xE7, 0xE7, 0xE7, 0xE7, 0xE7, 0xE7, 0x03, 0x87, 0x00, 0x03,
    0x87, 0x00, 0x03, 0x87, 0x00, 0x03, 0x87, 0x00, 0x07, 0x8F, 0x00, 0x7F, 0xFF, 0xF0, 0x7F, 0xFF,
    0xE0, 0x7F, 0xFF, 0xE0, 0x07, 0x0E, 0x00, 0x07, 0x0E, 0x00, 0x07, 0x0E, 0x00, 0x0F, 0x0E, 0x00,
    0x0F, 0x1E, 0x00, 0xFF, 0xFF, 0xE0, 0xFF, 0xFF, 0xC0, 0xFF, 0xFF, 0xC0, 0x0E, 0x1C, 0x00, 0x0E,
    0x1C, 0x00, 0x1E, 0x1C, 0x00, 0x1E, 0x3C, 0x00, 0x1E, 0x3C, 0x00, 0x01, 0x80, 0x01, 0x80, 0x01,
    0x80, 0x0F, 0xF0, 0x3F, 0xFC, 0x7F, 0xFE, 0x79, 0xBE, 0xF1, 0x8C, 0xF1, 0x80, 0xF1, 0x80, 0xF9,
    0x80, 0x7F, 0x80, 0x7F, 0xE0, 0x1F, 0xFC, 0x07, 0xFE, 0x01, 0xBF, 0x01, 0x8F, 0x01, 0x8F, 0x21,
    0x8F, 0xE1, 0x8F, 0xF1, 0x8F, 0x7F, 0xFE, 0x7F, 0xFC, 0x1F, 0xF8, 0x03, 0xC0, 0x01, 0x80, 0x01,
    0x80, 0x1F, 0x80, 0x1C, 0x00, 0x3F, 0xC0, 0x38, 0x00, 0x7F, 0xE0, 0x78, 0x00, 0xF0, 0xF0, 0xF0,
    0x00, 0xE0, 0x70, 0xE0, 0x00, 0xE0, 0x71, 0xE0, 0x00, 0xE0, 0x73, 0xC0, 0x00, 0xF0, 0xF3, 0x80,
    0x00, 0x7F, 0xE7, 0x80, 0x00, 0x3F, 0xCF, 0x1E, 0x00, 0x1F, 0x8E, 0x7F, 0x80, 0x00, 0x1C, 0xFF,
    0xC0, 0x00, 0x3C, 0xF3, 0xC0, 0x00, 0x39, 0xE0, 0xE0, 0x00, 0x71, 0xC0, 0xE0, 0x00, 0xF1, 0xC0,
    0xE0, 0x00, 0xE1, 0xC0, 0xE0, 0x01, 0xC0, 0xE1, 0xE0, 0x03, 0xC0, 0xFF, 0xC0, 0x03, 0x80, 0x7F,
    0x80, 0x07, 0x00, 0x1F, 0x00, 0x03, 0xF0, 0x00, 0x0F, 0xFC, 0x00, 0x0F, 0xFC, 0x00, 0x1E, 0x1E,
    0x00, 0x1E, 0x1E, 0x00, 0x1E, 0x1E, 0x00, 0x1E, 0x1E, 0x00, 0x0F, 0x3C, 0x00, 0x07, 0xF8, 0x00,
    0x0F, 0xE0, 0x00, 0x3F, 0xE0, 0xE0, 0x7D, 0xF1, 0xE0, 0x78, 0xF9, 0xC0, 0xF0, 0x7F, 0xC0, 0xF0,
    0x3F, 0xC0, 0xF0, 0x1F, 0x80, 0xF0, 0x0F, 0x80, 0xF8, 0x3F, 0xC0, 0x7F, 0xFF, 0xE0, 0x3F, 0xF9,
    0xF0, 0x0F, 0xE0, 0xF8, 0xE0, 0xE0, 0xE0, 0xE0, 0xE0, 0xE0, 0xE0, 0x0E, 0x1E, 0x1C, 0x3C, 0x38,
    0x78, 0x78, 0x70, 0xF0, 0xF0, 0xF0, 0xF0, 0xF0, 0xF0, 0xF0, 0xF0, 0xF0, 0xF0, 0xF0, 0x70, 0x78,
    0x78, 0x38, 0x3C, 0x1C, 0x1E, 0x0E, 0xF0, 0x70, 0x78, 0x38, 0x3C, 0x3C, 0x1C, 0x1E, 0x1E, 0x0E,
    0x0E, 0x0E, 0x0F, 0x0F, 0x0F, 0x0E, 0x0E, 0x0E, 0x1E, 0x1E, 0x1C, 0x3C, 0x3C, 0x38, 0x78, 0x70,
    0xF0, 0x0C, 0x00, 0x0C, 0x00, 0x0C, 0x00, 0xED, 0xC0, 0xFF, 0xE0, 0x7F, 0x80, 0x1E, 0x00, 0x3F,
    0x00, 0x73, 0x80, 0x73, 0x80, 0x21, 0x00, 0x03, 0xC0, 0x03, 0xC0, 0x03, 0xC0, 0x03, 0xC0, 0x03,
    0xC0, 0x03, 0xC0, 0x03, 0xC0, 0xFF, 0xFF, 0xFF, 0xFF, 0xFF, 0xFF, 0x03, 0xC0, 0x03, 0xC0, 0x03,
    0xC0, 0x03, 0xC0, 0x03, 0xC0, 0x03, 0xC0, 0x70, 0xF8, 0xF8, 0xF8, 0x78, 0x30, 0x70, 0x60, 0xE0,
    0xFF, 0x80, 0xFF, 0x80, 0xFF, 0x80, 0x70, 0xF8, 0xF8, 0xF8, 0x70, 0x00, 0xE0, 0x01, 0xE0, 0x01,
    0xC0, 0x01, 0xC0, 0x03, 0xC0, 0x03, 0x80, 0x03, 0x80, 0x07, 0x80, 0x07, 0x00, 0x07, 0x00, 0x0F,
    0x00, 0x0E, 0x00, 0x0E, 0x00, 0x1E, 0x00, 0x1C, 0x00, 0x1C, 0x00, 0x3C, 0x00, 0x38, 0x00, 0x38,
    0x00, 0x78, 0x00, 0x70, 0x00, 0x70, 0x00, 0xF0, 0x00, 0xE0, 0x00, 0xE0, 0x00, 0x07, 0xF0, 0x00,
    0x1F, 0xFC, 0x00, 0x3F, 0xFE, 0x00, 0x3C, 0x1E, 0x00, 0x7C, 0x0F, 0x00, 0x7E, 0x07, 0x00, 0xFE,
    0x07, 0x80, 0xF7, 0x07, 0x80, 0xF3, 0x87, 0x80, 0xF3, 0xC7, 0x80, 0xF1, 0xC7, 0x80, 0xF0, 0xE7,
    0x80, 0xF0, 0x77, 0x80, 0xF0, 0x77, 0x80, 0xF0, 0x3F, 0x80, 0x70, 0x1F, 0x00, 0x78, 0x0F, 0x00,
    0x3C, 0x1E, 0x00, 0x3F, 0xFE, 0x00, 0x1F, 0xFC, 0x00, 0x07, 0xF0, 0x00, 0x01, 0xC0, 0x03, 0xC0,
    0x0F, 0xC0, 0xFF, 0xC0, 0xFF, 0xC0, 0xFF, 0xC0, 0x03, 0xC0, 0x03, 0xC0, 0x03, 0xC0, 0x03, 0xC0,
    0x03, 0xC0, 0x03, 0xC0, 0x03, 0xC0, 0x03, 0xC0, 0x03, 0xC0, 0x03, 0xC0, 0x03, 0xC0, 0x03, 0xC0,
    0x03, 0xC0, 0x03, 0xC0, 0x03, 0xC0, 0x07, 0xE0, 0x1F, 0xF8, 0x3F, 0xFC, 0x7C, 0x3E, 0x78, 0x1E,
    0x30, 0x1E, 0x00, 0x1E, 0x00, 0x1E, 0x00, 0x1E, 0x00, 0x3C, 0x00, 0x7C, 0x00, 0xF8, 0x01, 0xF0,
    0x03, 0xE0, 0x07, 0xC0, 0x0F, 0x00, 0x3E, 0x00, 0x7C, 0x00, 0xFF, 0xFE, 0xFF, 0xFE, 0xFF, 0xFE,
    0x0F, 0xE0, 0x3F, 0xF8, 0x7F, 0xFC, 0xF8, 0x3C, 0xE0, 0x1E, 0x20, 0x1E, 0x00, 0x3C, 0x00, 0x7C,
    0x07, 0xF8, 0x07, 0xF0, 0x07, 0xF8, 0x00, 0x7C, 0x00, 0x1E, 0x00, 0x1E, 0x00, 0x1E, 0xE0, 0x1E,
    0xF0, 0x1E, 0xF8, 0x3C, 0x7F, 0xFC, 0x3F, 0xF8, 0x0F, 0xE0, 0x00, 0x7C, 0x00, 0x00, 0x7C, 0x00,
    0x00, 0xFC, 0x00, 0x01, 0xFC, 0x00, 0x03, 0xFC, 0x00, 0x03, 0xBC, 0x00, 0x07, 0xBC, 0x00, 0x0F,
    0x3C, 0x00, 0x1E, 0x3C, 0x00, 0x1C, 0x3C, 0x00, 0x3C, 0x3C, 0x00, 0x78, 0x3C, 0x00, 0xF0, 0x3C,
    0x00, 0xFF, 0xFF, 0x80, 0xFF, 0xFF, 0x80, 0xFF, 0xFF, 0x80, 0x00, 0x3C, 0x00, 0x00, 0x3C, 0x00,
    0x00, 0x3C, 0x00, 0x00, 0x3C, 0x00, 0x00, 0x3C, 0x00, 0x7F, 0xFC, 0x7F, 0xFC, 0x7F, 0xFC, 0x70,
    0x00, 0xF0, 0x00, 0xF0, 0x00, 0xE7, 0xC0, 0xFF, 0xF0, 0xFF, 0xF8, 0xF8, 0xFC, 0xF0, 0x3C, 0x00,
    0x3C, 0x00, 0x1C, 0x00, 0x1E, 0x00, 0x1E, 0xE0, 0x1C, 0xE0, 0x3C, 0xF0, 0x7C, 0x7F, 0xF8, 0x3F,
    0xF0, 0x1F, 0xC0, 0x07, 0xF0, 0x0F, 0xF8, 0x1F, 0xFC, 0x3C, 0x1C, 0x78, 0x00, 0x70, 0x00, 0xF3,
    0xE0, 0xF7, 0xF8, 0xFF, 0xFC, 0xFC, 0x3E, 0xF8, 0x1E, 0xF0, 0x1E, 0xF0, 0x0E, 0xF0, 0x0F, 0xF0,
    0x0E, 0xF0, 0x0E, 0x70, 0x1E, 0x7C, 0x3C, 0x3F, 0xFC, 0x1F, 0xF8, 0x07, 0xE0, 0xFF, 0xFE, 0xFF,
    0xFE, 0xFF, 0xFE, 0x00, 0x1E, 0x00, 0x3C, 0x00, 0x3C, 0x00, 0x78, 0x00, 0x78, 0x00, 0xF0, 0x00,
    0xF0, 0x01, 0xE0, 0x01, 0xE0, 0x03, 0xE0, 0x03, 0xC0, 0x03, 0xC0, 0x07, 0x80, 0x07, 0x80, 0x0F,
    0x00, 0x0F, 0x00, 0x1E, 0x00, 0x1E, 0x00, 0x07, 0xE0, 0x0F, 0xF0, 0x1F, 0xF8, 0x3E, 0x7C, 0x3C,
    0x3C, 0x3C, 0x3C, 0x3C, 0x3C, 0x3E, 0x7C, 0x1F, 0xF8, 0x1F, 0xF8, 0x3F, 0xFC, 0x78, 0x1E, 0xF0,
    0x0F, 0xF0, 0x0F, 0xF0, 0x0F, 0xF0, 0x0F, 0xF0, 0x0F, 0x78, 0x1E, 0x7F, 0xFE, 0x3F, 0xFC, 0x0F,
    0xF0, 0x07, 0xC0, 0x1F, 0xF0, 0x3F, 0xF8, 0x7C, 0x7C, 0x78, 0x3C, 0xF0, 0x1E, 0xF0, 0x1E, 0xF0,
    0x1E, 0xF0, 0x1E, 0xF0, 0x1E, 0x78, 0x3C, 0x7C, 0x7C, 0x3F, 0xF8, 0x1F, 0xF8, 0x0F, 0xF0, 0x00,
    0xF0, 0x01, 0xE0, 0x01, 0xE0, 0x03, 0xC0, 0x03, 0x80, 0x07, 0x80, 0x70, 0xF8, 0xF8, 0xF8, 0x70,
    0x00, 0x00, 0x00, 0x00, 0x00, 0x00, 0x70, 0xF8, 0xF8, 0xF8, 0x70, 0x70, 0xF8, 0xF8, 0xF8, 0x70,
    0x00, 0x00, 0x00, 0x00, 0x00, 0x00, 0x00, 0x70, 0xF8, 0xF8, 0xF8, 0x78, 0x30, 0x70, 0x60, 0xE0,
    0x00, 0x02, 0x00, 0x0E, 0x00, 0x3E, 0x01, 0xFE, 0x07, 0xF8, 0x1F, 0xE0, 0x7F, 0x00, 0xFC, 0x00,
    0xF8, 0x00, 0xFF, 0x00, 0x3F, 0xC0, 0x0F, 0xF0, 0x01, 0xFE, 0x00, 0x7E, 0x00, 0x1E, 0x00, 0x06,
    0xFF, 0xFF, 0xFF, 0xFF, 0xFF, 0xFF, 0x00, 0x00, 0x00, 0x00, 0x00, 0x00, 0xFF, 0xFF, 0xFF, 0xFF,
    0xFF, 0xFF, 0x80, 0x00, 0xE0, 0x00, 0xF8, 0x00, 0xFF, 0x00, 0x3F, 0xC0, 0x0F, 0xF0, 0x01, 0xFC,
    0x00, 0x7E, 0x00, 0x3E, 0x01, 0xFE, 0x07, 0xF8, 0x1F, 0xE0, 0xFF, 0x00, 0xFC, 0x00, 0xF0, 0x00,
    0xC0, 0x00, 0x0F, 0xE0, 0x3F, 0xF8, 0x7F, 0xFC, 0x78, 0x3C, 0xF0, 0x1E, 0x00, 0x1E, 0x00, 0x3C,
    0x00, 0x7C, 0x00, 0xF8, 0x03, 0xF0, 0x07, 0xC0, 0x07, 0x80, 0x0F, 0x00, 0x0F, 0x00, 0x00, 0x00,
    0x00, 0x00, 0x07, 0x00, 0x0F, 0x80, 0x0F, 0x80, 0x0F, 0x80, 0x07, 0x00, 0x01, 0xFE, 0x00, 0x07,
    0xFF, 0x80, 0x0F, 0x83, 0xE0, 0x1C, 0x00, 0xF0, 0x38, 0x00, 0x70, 0x70, 0x7E, 0x38, 0x61, 0xFE,
    0x18, 0xE3, 0xFE, 0x1C, 0xE3, 0x86, 0x0C, 0xC7, 0x86, 0x0C, 0xC7, 0x06, 0x0C, 0xC7, 0x06, 0x0C,
    0xC7, 0x06, 0x1C, 0xE7, 0x8F, 0x3C, 0xE3, 0xFF, 0xF8, 0x61, 0xFB, 0xF0, 0x70, 0xF1, 0xE0, 0x38,
    0x00, 0x00, 0x1C, 0x00, 0x00, 0x0F, 0x86, 0x00, 0x07, 0xFE, 0x00, 0x01, 0xFC, 0x00, 0x00, 0xF0,
    0x00, 0x01, 0xF8, 0x00, 0x01, 0xF8, 0x00, 0x01, 0xF8, 0x00, 0x03, 0xFC, 0x00, 0x03, 0xFC, 0x00,
    0x03, 0x9E, 0x00, 0x07, 0x9E, 0x00, 0x07, 0x9E, 0x00, 0x0F, 0x0F, 0x00, 0x0F, 0x0F, 0x00, 0x0F,
    0x0F, 0x00, 0x1E, 0x07, 0x80, 0x1E, 0x07, 0x80, 0x1F, 0xFF, 0xC0, 0x3F, 0xFF, 0xC0, 0x3F, 0xFF,
    0xC0, 0x78, 0x01, 0xE0, 0x78, 0x01, 0xE0, 0x78, 0x01, 0xE0, 0xF0, 0x00, 0xF0, 0xFF, 0xF0, 0xFF,
    0xFC, 0xFF, 0xFE, 0xF0, 0x1E, 0xF0, 0x0E, 0xF0, 0x0F, 0xF0, 0x0E, 0xF0, 0x1E, 0xF0, 0x3E, 0xFF,
    0xFC, 0xFF, 0xFC, 0xFF, 0xFE, 0xF0, 0x1E, 0xF0, 0x0F, 0xF0, 0x0F, 0xF0, 0x0F, 0xF0, 0x0F, 0xF0,
    0x1F, 0xFF, 0xFE, 0xFF, 0xFC, 0xFF, 0xF0, 0x03, 0xF8, 0x00, 0x0F, 0xFE, 0x00, 0x1F, 0xFF, 0x00,
    0x3E, 0x0F, 0x80, 0x7C, 0x03, 0xC0, 0x78, 0x02, 0x00, 0xF0, 0x00, 0x00, 0xF0, 0x00, 0x00, 0xF0,
    0x00, 0x00, 0xF0, 0x00, 0x00, 0xF0, 0x00, 0x00, 0xF0, 0x00, 0x00, 0xF0, 0x00, 0x00, 0xF0, 0x00,
    0x00, 0xF0, 0x00, 0x00, 0x78, 0x01, 0x00, 0x7C, 0x03, 0xC0, 0x3E, 0x0F, 0x80, 0x1F, 0xFF, 0x00,
    0x0F, 0xFE, 0x00, 0x03, 0xF8, 0x00, 0xFF, 0xE0, 0x00, 0xFF, 0xF8, 0x00, 0xFF, 0xFE, 0x00, 0xF0,
    0x3F, 0x00, 0xF0, 0x0F, 0x00, 0xF0, 0x07, 0x80, 0xF0, 0x07, 0x80, 0xF0, 0x03, 0x80, 0xF0, 0x03,
    0x80, 0xF0, 0x03, 0xC0, 0xF0, 0x03, 0xC0, 0xF0, 0x03, 0xC0, 0xF0, 0x03, 0x80, 0xF0, 0x03, 0x80,
    0xF0, 0x07, 0x80, 0xF0, 0x07, 0x80, 0xF0, 0x0F, 0x00, 0xF0, 0x3F, 0x00, 0xFF, 0xFE, 0x00, 0xFF,
    0xF8, 0x00, 0xFF, 0xE0, 0x00, 0xFF, 0xFE, 0xFF, 0xFE, 0xFF, 0xFE, 0xF0, 0x00, 0xF0, 0x00, 0xF0,
    0x00, 0xF0, 0x00, 0xF0, 0x00, 0xF0, 0x00, 0xFF, 0xF0, 0xFF, 0xF0, 0xFF, 0xF0, 0xF0, 0x00, 0xF0,
    0x00, 0xF0, 0x00, 0xF0, 0x00, 0xF0, 0x00, 0xF0, 0x00, 0xFF, 0xFE, 0xFF, 0xFE, 0xFF, 0xFE, 0xFF,
    0xFC, 0xFF, 0xFC, 0xFF, 0xFC, 0xF0, 0x00, 0xF0, 0x00, 0xF0, 0x00, 0xF0, 0x00, 0xF0, 0x00, 0xF0,
    0x00, 0xFF, 0xFC, 0xFF, 0xFC, 0xFF, 0xFC, 0xF0, 0x00, 0xF0, 0x00, 0xF0, 0x00, 0xF0, 0x00, 0xF0,
    0x00, 0xF0, 0x00, 0xF0, 0x00, 0xF0, 0x00, 0xF0, 0x00, 0x03, 0xFC, 0x00, 0x0F, 0xFF, 0x00, 0x1F,
    0xFF, 0x80, 0x3E, 0x07, 0xC0, 0x7C, 0x03, 0xC0, 0x78, 0x00, 0x00, 0xF0, 0x00, 0x00, 0xF0, 0x00,
    0x00, 0xF0, 0x00, 0x00, 0xF0, 0x3F, 0xE0, 0xF0, 0x3F, 0xE0, 0xF0, 0x3F, 0xE0, 0xF0, 0x01, 0xE0,
    0xF0, 0x01, 0xE0, 0xF0, 0x01, 0xE0, 0x78, 0x01, 0xE0, 0x7C, 0x03, 0xE0, 0x3E, 0x07, 0xE0, 0x1F,
    0xFF, 0xE0, 0x0F, 0xFE, 0xE0, 0x03, 0xF8, 0x60, 0xF0, 0x07, 0x80, 0xF0, 0x07, 0x80, 0xF0, 0x07,
    0x80, 0xF0, 0x07, 0x80, 0xF0, 0x07, 0x80, 0xF0, 0x07, 0x80, 0xF0, 0x07, 0x80, 0xF0, 0x07, 0x80,
    0xF0, 0x07, 0x80, 0xFF, 0xFF, 0x80, 0xFF, 0xFF, 0x80, 0xFF, 0xFF, 0x80, 0xF0, 0x07, 0x80, 0xF0,
    0x07, 0x80, 0xF0, 0x07, 0x80, 0xF0, 0x07, 0x80, 0xF0, 0x07, 0x80, 0xF0, 0x07, 0x80, 0xF0, 0x07,
    0x80, 0xF0, 0x07, 0x80, 0xF0, 0x07, 0x80, 0xFF, 0x80, 0xFF, 0x80, 0xFF, 0x80, 0x1E, 0x00, 0x1E,
    0x00, 0x1E, 0x00, 0x1E, 0x00, 0x1E, 0x00, 0x1E, 0x00, 0x1E, 0x00, 0x1E, 0x00, 0x1E, 0x00, 0x1E,
    0x00, 0x1E, 0x00, 0x1E, 0x00, 0x1E, 0x00, 0x1E, 0x00, 0x1E, 0x00, 0xFF, 0x80, 0xFF, 0x80, 0xFF,
    0x80, 0x00, 0x3C, 0x00, 0x3C, 0x00, 0x3C, 0x00, 0x3C, 0x00, 0x3C, 0x00, 0x3C, 0x00, 0x3C, 0x00,
    0x3C, 0x00, 0x3C, 0x00, 0x3C, 0x00, 0x3C, 0x00, 0x3C, 0x00, 0x3C, 0x00, 0x3C, 0x60, 0x3C, 0xE0,
    0x38, 0xF0, 0x78, 0xF8, 0x78, 0x7F, 0xF0, 0x3F, 0xE0, 0x1F, 0xC0, 0xF0, 0x0F, 0x00, 0xF0, 0x1E,
    0x00, 0xF0, 0x3C, 0x00, 0xF0, 0x7C, 0x00, 0xF0, 0xF8, 0x00, 0xF1, 0xF0, 0x00, 0xF3, 0xE0, 0x00,
    0xF7, 0xC0, 0x00, 0xF7, 0x80, 0x00, 0xFF, 0x80, 0x00, 0xFF, 0xC0, 0x00, 0xFF, 0xE0, 0x00, 0xF9,
    0xE0, 0x00, 0xF8, 0xF0, 0x00, 0xF0, 0xF8, 0x00, 0xF0, 0x78, 0x00, 0xF0, 0x3C, 0x00, 0xF0, 0x3E,
    0x00, 0xF0, 0x1F, 0x00, 0xF0, 0x0F, 0x00, 0xF0, 0x07, 0x80, 0xF0, 0x00, 0xF0, 0x00, 0xF0, 0x00,
    0xF0, 0x00, 0xF0, 0x00, 0xF0, 0x00, 0xF0, 0x00, 0xF0, 0x00, 0xF0, 0x00, 0xF0, 0x00, 0xF0, 0x00,
    0xF0, 0x00, 0xF0, 0x00, 0xF0, 0x00, 0xF0, 0x00, 0xF0, 0x00, 0xF0, 0x00, 0xF0, 0x00, 0xFF, 0xFE,
    0xFF, 0xFE, 0xFF, 0xFE, 0xFC, 0x00, 0xFC, 0xFC, 0x01, 0xFC, 0xFE, 0x01, 0xFC, 0xFE, 0x01, 0xFC,
    0xFE, 0x03, 0xFC, 0xFE, 0x03, 0xBC, 0xFF, 0x03, 0xBC, 0xF7, 0x07, 0xBC, 0xF7, 0x07, 0xBC, 0xF7,
    0x87, 0x3C, 0xF3, 0x8F, 0x3C, 0xF3, 0x8F, 0x3C, 0xF3, 0xCE, 0x3C, 0xF1, 0xCE, 0x3C, 0xF1, 0xDE,
    0x3C, 0xF1, 0xFC, 0x3C, 0xF0, 0xFC, 0x3C, 0xF0, 0xFC, 0x3C, 0xF0, 0xF8, 0x3C, 0xF0, 0xF8, 0x3C,
    0xF0, 0x78, 0x3C, 0xF8, 0x03, 0xC0, 0xFC, 0x03, 0xC0, 0xFC, 0x03, 0xC0, 0xFE, 0x03, 0xC0, 0xFE,
    0x03, 0xC0, 0xFF, 0x03, 0xC0, 0xF7, 0x83, 0xC0, 0xF7, 0x83, 0xC0, 0xF3, 0xC3, 0xC0, 0xF3, 0xC3,
    0xC0, 0xF1, 0xE3, 0xC0, 0xF1, 0xE3, 0xC0, 0xF0, 0xF3, 0xC0, 0xF0, 0xF3, 0xC0, 0xF0, 0x7B, 0xC0,
    0xF0, 0x7B, 0xC0, 0xF0, 0x3F, 0xC0, 0xF0, 0x1F, 0xC0, 0xF0, 0x1F, 0xC0, 0xF0, 0x0F, 0xC0, 0xF0,
    0x0F, 0xC0, 0x03, 0xFC, 0x00, 0x0F, 0xFF, 0x00, 0x1F, 0xFF, 0x80, 0x3E, 0x07, 0xC0, 0x7C, 0x03,
    0xE0, 0x78, 0x01, 0xE0, 0x70, 0x00, 0xE0, 0xF0, 0x00, 0xF0, 0xF0, 0x00, 0xF0, 0xF0, 0x00, 0xF0,
    0xF0, 0x00, 0xF0, 0xF0, 0x00, 0xF0, 0xF0, 0x00, 0xF0, 0xF0, 0x00, 0xF0, 0x70, 0x00, 0xE0, 0x78,
    0x01, 0xE0, 0x7C, 0x03, 0xE0, 0x3E, 0x07, 0xC0, 0x1F, 0xFF, 0x80, 0x0F, 0xFF, 0x00, 0x03, 0xFC,
    0x00, 0xFF, 0xF0, 0xFF, 0xFC, 0xFF, 0xFE, 0xF0, 0x1F, 0xF0, 0x0F, 0xF0, 0x0F, 0xF0, 0x0F, 0xF0,
    0x0F, 0xF0, 0x0F, 0xF0, 0x3E, 0xFF, 0xFE, 0xFF, 0xF8, 0xFF, 0xE0, 0xF0, 0x00, 0xF0, 0x00, 0xF0,
    0x00, 0xF0, 0x00, 0xF0, 0x00, 0xF0, 0x00, 0xF0, 0x00, 0xF0, 0x00, 0x03, 0xFC, 0x00, 0x0F, 0xFF,
    0x00, 0x1F, 0xFF, 0x80, 0x3E, 0x07, 0xC0, 0x7C, 0x03, 0xE0, 0x78, 0x01, 0xE0, 0x70, 0x00, 0xE0,
    0xF0, 0x00, 0xF0, 0xF0, 0x00, 0xF0, 0xF0, 0x00, 0xF0, 0xF0, 0x30, 0xF0, 0xF0, 0x78, 0xF0, 0xF0,
    0x7C, 0xF0, 0xF0, 0x1E, 0xF0, 0x70, 0x0F, 0xF0, 0x78, 0x07, 0xE0, 0x7C, 0x03, 0xE0, 0x3E, 0x07,
    0xF0, 0x1F, 0xFF, 0xF8, 0x0F, 0xFF, 0x7C, 0x03, 0xFC, 0x3C, 0x00, 0x00, 0x18, 0xFF, 0xF0, 0x00,
    0xFF, 0xFC, 0x00, 0xFF, 0xFE, 0x00, 0xF0, 0x1F, 0x00, 0xF0, 0x0F, 0x00, 0xF0, 0x0F, 0x00, 0xF0,
    0x0F, 0x00, 0xF0, 0x0F, 0x00, 0xF0, 0x1F, 0x00, 0xFF, 0xFE, 0x00, 0xFF, 0xFC, 0x00, 0xFF, 0xE0,
    0x00, 0xF1, 0xE0, 0x00, 0xF0, 0xF0, 0x00, 0xF0, 0xF8, 0x00, 0xF0, 0x78, 0x00, 0xF0, 0x3C, 0x00,
    0xF0, 0x3E, 0x00, 0xF0, 0x1E, 0x00, 0xF0, 0x0F, 0x00, 0xF0, 0x0F, 0x80, 0x0F, 0xE0, 0x3F, 0xF8,
    0x7F, 0xFE, 0x78, 0x3E, 0xF0, 0x0C, 0xF0, 0x00, 0xF0, 0x00, 0xF8, 0x00, 0x7F, 0x80, 0x7F, 0xF0,
    0x1F, 0xFC, 0x03, 0xFE, 0x00, 0x3F, 0x00, 0x0F, 0x00, 0x0F, 0x60, 0x0F, 0xF0, 0x0F, 0xF8, 0x1E,
    0x7F, 0xFE, 0x3F, 0xF8, 0x0F, 0xE0, 0xFF, 0xFF, 0x80, 0xFF, 0xFF, 0x80, 0xFF, 0xFF, 0x80, 0x01,
    0xE0, 0x00, 0x01, 0xE0, 0x00, 0x01, 0xE0, 0x00, 0x01, 0xE0, 0x00, 0x01, 0xE0, 0x00, 0x01, 0xE0,
    0x00, 0x01, 0xE0, 0x00, 0x01, 0xE0, 0x00, 0x01, 0xE0, 0x00, 0x01, 0xE0, 0x00, 0x01, 0xE0, 0x00,
    0x01, 0xE0, 0x00, 0x01, 0xE0, 0x00, 0x01, 0xE0, 0x00, 0x01, 0xE0, 0x00, 0x01, 0xE0, 0x00, 0x01,
    0xE0, 0x00, 0x01, 0xE0, 0x00, 0xF0, 0x07, 0x80, 0xF0, 0x07, 0x80, 0xF0, 0x07, 0x80, 0xF0, 0x07,
    0x80, 0xF0, 0x07, 0x80, 0xF0, 0x07, 0x80, 0xF0, 0x07, 0x80, 0xF0, 0x07, 0x80, 0xF0, 0x07, 0x80,
    0xF0, 0x07, 0x80, 0xF0, 0x07, 0x80, 0xF0, 0x07, 0x80, 0xF0, 0x07, 0x80, 0xF0, 0x07, 0x80, 0xF0,
    0x07, 0x80, 0xF0, 0x07, 0x80, 0x78, 0x0F, 0x00, 0x7C, 0x1F, 0x00, 0x3F, 0xFE, 0x00, 0x1F, 0xFC,
    0x00, 0x0F, 0xF8, 0x00, 0xF0, 0x01, 0xE0, 0x78, 0x03, 0xC0, 0x78, 0x03, 0xC0, 0x78, 0x03, 0xC0,
    0x3C, 0x07, 0x80, 0x3C, 0x07, 0x80, 0x3C, 0x07, 0x80, 0x1E, 0x0F, 0x00, 0x1E, 0x0F, 0x00, 0x1E,
    0x0F, 0x00, 0x0F, 0x1E, 0x00, 0x0F, 0x1E, 0x00, 0x0F, 0x1E, 0x00, 0x07, 0xBC, 0x00, 0x07, 0xBC,
    0x00, 0x07, 0xBC, 0x00, 0x03, 0xF8, 0x00, 0x03, 0xF8, 0x00, 0x03, 0xF8, 0x00, 0x01, 0xF0, 0x00,
    0x01, 0xF0, 0x00, 0xF0, 0x3E, 0x07, 0x80, 0xF0, 0x3E, 0x07, 0x80, 0xF0, 0x3E, 0x07, 0x80, 0xF0,
    0x3E, 0x07, 0x80, 0x70, 0x7F, 0x0F, 0x00, 0x78, 0x7F, 0x0F, 0x00, 0x78, 0x77, 0x0F, 0x00, 0x78,
    0x77, 0x0F, 0x00, 0x78, 0x77, 0x0E, 0x00, 0x3C, 0xE7, 0x9E, 0x00, 0x3C, 0xE3, 0x9E, 0x00, 0x3C,
    0xE3, 0x9E, 0x00, 0x3C, 0xE3, 0x9C, 0x00, 0x1D, 0xE3, 0xBC, 0x00, 0x1F, 0xC1, 0xFC, 0x00, 0x1F,
    0xC1, 0xFC, 0x00, 0x1F, 0xC1, 0xF8, 0x00, 0x0F, 0xC1, 0xF8, 0x00, 0x0F, 0x81, 0xF8, 0x00, 0x0F,
    0x80, 0xF8, 0x00, 0x0F, 0x80, 0xF8, 0x00, 0xF0, 0x03, 0xC0, 0x78, 0x07, 0x80, 0x7C, 0x0F, 0x80,
    0x3E, 0x1F, 0x00, 0x1E, 0x1E, 0x00, 0x1F, 0x3E, 0x00, 0x0F, 0xFC, 0x00, 0x07, 0xF8, 0x00, 0x03,
    0xF0, 0x00, 0x03, 0xF0, 0x00, 0x01, 0xF0, 0x00, 0x03, 0xF0, 0x00, 0x07, 0xF8, 0x00, 0x0F, 0xFC,
    0x00, 0x0F, 0x3C, 0x00, 0x1F, 0x3E, 0x00, 0x3E, 0x1F, 0x00, 0x3C, 0x0F, 0x00, 0x78, 0x07, 0x80,
    0xF8, 0x07, 0xC0, 0xF0, 0x03, 0xE0, 0xF0, 0x03, 0xC0, 0xF0, 0x07, 0x80, 0x78, 0x0F, 0x80, 0x78,
    0x0F, 0x00, 0x3C, 0x1F, 0x00, 0x1E, 0x1E, 0x00, 0x1E, 0x3C, 0x00, 0x0F, 0x3C, 0x00, 0x0F, 0x78,
    0x00, 0x07, 0xF8, 0x00, 0x07, 0xF0, 0x00, 0x03, 0xE0, 0x00, 0x01, 0xE0, 0x00, 0x01, 0xE0, 0x00,
    0x01, 0xE0, 0x00, 0x01, 0xE0, 0x00, 0x01, 0xE0, 0x00, 0x01, 0xE0, 0x00, 0x01, 0xE0, 0x00, 0x01,
    0xE0, 0x00, 0x01, 0xE0, 0x00, 0xFF, 0xFF, 0x00, 0xFF, 0xFF, 0x00, 0xFF, 0xFF, 0x00, 0x00, 0x1E,
    0x00, 0x00, 0x3E, 0x00, 0x00, 0x7C, 0x00, 0x00, 0x78, 0x00, 0x00, 0xF0, 0x00, 0x01, 0xF0, 0x00,
    0x03, 0xE0, 0x00, 0x03, 0xC0, 0x00, 0x07, 0x80, 0x00, 0x0F, 0x80, 0x00, 0x1F, 0x00, 0x00, 0x1E,
    0x00, 0x00, 0x3C, 0x00, 0x00, 0x7C, 0x00, 0x00, 0x78, 0x00, 0x00, 0xFF, 0xFF, 0x80, 0xFF, 0xFF,
    0x80, 0xFF, 0xFF, 0x80, 0xFE, 0xFE, 0xFE, 0xF0, 0xF0, 0xF0, 0xF0, 0xF0, 0xF0, 0xF0, 0xF0, 0xF0,
    0xF0, 0xF0, 0xF0, 0xF0, 0xF0, 0xF0, 0xF0, 0xF0, 0xF0, 0xF0, 0xF0, 0xF0, 0xFE, 0xFE, 0xFE, 0xE0,
    0x00, 0xE0, 0x00, 0xF0, 0x00, 0x70, 0x00, 0x70, 0x00, 0x78, 0x00, 0x38, 0x00, 0x38, 0x00, 0x3C,
    0x00, 0x1C, 0x00, 0x1C, 0x00, 0x1E, 0x00, 0x0E, 0x00, 0x0E, 0x00, 0x0F, 0x00, 0x07, 0x00, 0x07,
    0x00, 0x07, 0x80, 0x03, 0x80, 0x03, 0x80, 0x03, 0xC0, 0x01, 0xC0, 0x01, 0xC0, 0x01, 0xE0, 0x00,
    0xE0, 0xFF, 0xFF, 0xFF, 0x0F, 0x0F, 0x0F, 0x0F, 0x0F, 0x0F, 0x0F, 0x0F, 0x0F, 0x0F, 0x0F, 0x0F,
    0x0F, 0x0F, 0x0F, 0x0F, 0x0F, 0x0F, 0x0F, 0x0F, 0x0F, 0xFF, 0xFF, 0xFF, 0x07, 0x00, 0x07, 0x80,
    0x0F, 0x80, 0x0F, 0xC0, 0x1F, 0xC0, 0x1D, 0xE0, 0x3C, 0xE0, 0x38, 0xF0, 0x78, 0x70, 0x70, 0x78,
    0xF0, 0x38, 0xE0, 0x3C, 0xFF, 0xF0, 0xFF, 0xF0, 0xFF, 0xF0, 0x40, 0xE0, 0xF0, 0x70, 0x38, 0x0F,
    0xE0, 0x1F, 0xF0, 0x3F, 0xF8, 0x78, 0x7C, 0x30, 0x3C, 0x00, 0x3C, 0x01, 0xFC, 0x1F, 0xFC, 0x7F,
    0xFC, 0x78, 0x3C, 0xF0, 0x3C, 0xF0, 0x3C, 0xF0, 0x7C, 0xFF, 0xFC, 0x7F, 0xDC, 0x1F, 0x1E, 0xF0,
    0x00, 0xF0, 0x00, 0xF0, 0x00, 0xF0, 0x00, 0xF0, 0x00, 0xF0, 0x00, 0xF3, 0xE0, 0xFF, 0xF0, 0xFF,
    0xF8, 0xF8, 0x3C, 0xF0, 0x1E, 0xF0, 0x1E, 0xF0, 0x1E, 0xF0, 0x1E, 0xF0, 0x1E, 0xF0, 0x1E, 0xF0,
    0x1E, 0xF0, 0x3C, 0xFC, 0x3C, 0xFF, 0xF8, 0xEF, 0xF0, 0xE3, 0xE0, 0x0F, 0xC0, 0x1F, 0xF0, 0x3F,
    0xF8, 0x7C, 0x3C, 0x78, 0x10, 0xF0, 0x00, 0xF0, 0x00, 0xF0, 0x00, 0xF0, 0x00, 0xF0, 0x00, 0xF0,
    0x00, 0x78, 0x10, 0x7C, 0x3C, 0x3F, 0xF8, 0x1F, 0xF0, 0x0F, 0xC0, 0x00, 0x1E, 0x00, 0x1E, 0x00,
    0x1E, 0x00, 0x1E, 0x00, 0x1E, 0x00, 0x1E, 0x0F, 0x9E, 0x1F, 0xFE, 0x3F, 0xFE, 0x78, 0x3E, 0xF0,
    0x1E, 0xF0, 0x1E, 0xF0, 0x1E, 0xF0, 0x1E, 0xF0, 0x1E, 0xF0, 0x1E, 0xF0, 0x1E, 0x70, 0x3E, 0x78,
    0x3E, 0x3F, 0xFE, 0x1F, 0xEE, 0x0F, 0x8E, 0x07, 0xE0, 0x1F, 0xF0, 0x3F, 0xF8, 0x78, 0x3C, 0x70,
    0x1C, 0xF0, 0x1E, 0xFF, 0xFE, 0xFF, 0xFE, 0xFF, 0xFE, 0xF0, 0x00, 0xF0, 0x00, 0x70, 0x00, 0x7C,
    0x38, 0x3F, 0xF8, 0x1F, 0xF0, 0x0F, 0xE0, 0x0F, 0x80, 0x1F, 0x80, 0x1F, 0x80, 0x3C, 0x00, 0x3C,
    0x00, 0x3C, 0x00, 0xFF, 0x80, 0xFF, 0x80, 0xFF, 0x80, 0x3C, 0x00, 0x3C, 0x00, 0x3C, 0x00, 0x3C,
    0x00, 0x3C, 0x00, 0x3C, 0x00, 0x3C, 0x00, 0x3C, 0x00, 0x3C, 0x00, 0x3C, 0x00, 0x3C, 0x00, 0x3C,
    0x00, 0x3C, 0x00, 0x0F, 0x8E, 0x1F, 0xEE, 0x3F, 0xFE, 0x7C, 0x3E, 0xF0, 0x1E, 0xF0, 0x1E, 0xF0,
    0x1E, 0xF0, 0x1E, 0xF0, 0x1E, 0xF0, 0x1E, 0xF0, 0x1E, 0xF8, 0x1E, 0x7C, 0x3E, 0x3F, 0xFE, 0x1F,
    0xFE, 0x0F, 0x9E, 0x00, 0x1E, 0x00, 0x1E, 0x38, 0x1E, 0x7C, 0x3C, 0x3F, 0xFC, 0x1F, 0xF8, 0x07,
    0xC0, 0xF0, 0x00, 0xF0, 0x00, 0xF0, 0x00, 0xF0, 0x00, 0xF0, 0x00, 0xF0, 0x00, 0xF3, 0xE0, 0xFF,
    0xF0, 0xFF, 0xF8, 0xF8, 0x78, 0xF0, 0x38, 0xF0, 0x3C, 0xF0, 0x3C, 0xF0, 0x3C, 0xF0, 0x3C, 0xF0,
    0x3C, 0xF0, 0x3C, 0xF0, 0x3C, 0xF0, 0x3C, 0xF0, 0x3C, 0xF0, 0x3C, 0xF0, 0x3C, 0x18, 0x3C, 0x3C,
    0x3C, 0x18, 0x00, 0x00, 0xFC, 0xFC, 0xFC, 0x3C, 0x3C, 0x3C, 0x3C, 0x3C, 0x3C, 0x3C, 0x3C, 0x3C,
    0x3C, 0x3C, 0x3C, 0x3C, 0x06, 0x0F, 0x0F, 0x0F, 0x06, 0x00, 0x00, 0x0F, 0x0F, 0x0F, 0x0F, 0x0F,
    0x0F, 0x0F, 0x0F, 0x0F, 0x0F, 0x0F, 0x0F, 0x0F, 0x0F, 0x0F, 0x0F, 0x0F, 0x0F, 0xFF, 0xFE, 0xFC,
    0xF0, 0x00, 0xF0, 0x00, 0xF0, 0x00, 0xF0, 0x00, 0xF0, 0x00, 0xF0, 0x00, 0xF0, 0x78, 0xF0, 0xF0,
    0xF1, 0xE0, 0xF3, 0xC0, 0xF7, 0x80, 0xFF, 0x80, 0xFF, 0x00, 0xFF, 0x00, 0xFF, 0x80, 0xFF, 0xC0,
    0xF3, 0xC0, 0xF1, 0xE0, 0xF1, 0xF0, 0xF0, 0xF0, 0xF0, 0x78, 0xF0, 0x7C, 0xF0, 0xF0, 0xF0, 0xF0,
    0xF0, 0xF0, 0xF0, 0xF0, 0xF0, 0xF0, 0xF0, 0xF0, 0xF0, 0xF0, 0xF0, 0xF0, 0xF0, 0xF0, 0xF0, 0xFE,
    0xFE, 0x7E, 0xE3, 0xE1, 0xF0, 0xEF, 0xF7, 0xF8, 0xFF, 0xFF, 0xFC, 0xF8, 0xFC, 0x3C, 0xF0, 0x7C,
    0x1E, 0xF0, 0x78, 0x1E, 0xF0, 0x78, 0x1E, 0xF0, 0x78, 0x1E, 0xF0, 0x78, 0x1E, 0xF0, 0x78, 0x1E,
    0xF0, 0x78, 0x1E, 0xF0, 0x78, 0x1E, 0xF0, 0x78, 0x1E, 0xF0, 0x78, 0x1E, 0xF0, 0x78, 0x1E, 0xF0,
    0x78, 0x1E, 0xE3, 0xE0, 0xEF, 0xF0, 0xFF, 0xF8, 0xF8, 0x78, 0xF0, 0x38, 0xF0, 0x3C, 0xF0, 0x3C,
    0xF0, 0x3C, 0xF0, 0x3C, 0xF0, 0x3C, 0xF0, 0x3C, 0xF0, 0x3C, 0xF0, 0x3C, 0xF0, 0x3C, 0xF0, 0x3C,
    0xF0, 0x3C, 0x07, 0xE0, 0x1F, 0xF8, 0x3F, 0xFC, 0x7C, 0x3C, 0x78, 0x1E, 0xF0, 0x1E, 0xF0, 0x0E,
    0xF0, 0x0F, 0xF0, 0x0F, 0xF0, 0x0E, 0xF0, 0x1E, 0x78, 0x1E, 0x7C, 0x3C, 0x3F, 0xFC, 0x1F, 0xF8,
    0x07, 0xE0, 0xE3, 0xE0, 0xEF, 0xF0, 0xFF, 0xF8, 0xF8, 0x7C, 0xF0, 0x1C, 0xF0, 0x1E, 0xF0, 0x1E,
    0xF0, 0x1E, 0xF0, 0x1E, 0xF0, 0x1E, 0xF0, 0x1E, 0xF0, 0x1C, 0xF8, 0x3C, 0xFF, 0xF8, 0xFF, 0xF0,
    0xF3, 0xE0, 0xF0, 0x00, 0xF0, 0x00, 0xF0, 0x00, 0xF0, 0x00, 0xF0, 0x00, 0x0F, 0x8E, 0x00, 0x1F,
    0xEE, 0x00, 0x3F, 0xFE, 0x00, 0x78, 0x3E, 0x00, 0x70, 0x1E, 0x00, 0xF0, 0x1E, 0x00, 0xF0, 0x1E,
    0x00, 0xF0, 0x1E, 0x00, 0xF0, 0x1E, 0x00, 0xF0, 0x1E, 0x00, 0xF0, 0x1E, 0x00, 0xF0, 0x1E, 0x00,
    0x78, 0x3E, 0x00, 0x3F, 0xFE, 0x00, 0x1F, 0xFE, 0x00, 0x0F, 0x9E, 0x00, 0x00, 0x1E, 0x00, 0x00,
    0x0F, 0x00, 0x00, 0x0F, 0xE0, 0x00, 0x0F, 0xE0, 0x00, 0x03, 0xE0, 0xE3, 0x80, 0xEF, 0x80, 0xFF,
    0x80, 0xFC, 0x00, 0xF8, 0x00, 0xF0, 0x00, 0xF0, 0x00, 0xF0, 0x00, 0xF0, 0x00, 0xF0, 0x00, 0xF0,
    0x00, 0xF0, 0x00, 0xF0, 0x00, 0xF0, 0x00, 0xF0, 0x00, 0xF0, 0x00, 0x1F, 0x80, 0x7F, 0xE0, 0xFF,
    0xF0, 0xF0, 0xF0, 0xF0, 0x00, 0xF0, 0x00, 0xFE, 0x00, 0x7F, 0xE0, 0x1F, 0xF0, 0x00, 0xF8, 0x00,
    0x78, 0x60, 0x78, 0xF0, 0x78, 0xFF, 0xF0, 0x7F, 0xE0, 0x1F, 0xC0, 0x1C, 0x00, 0x3C, 0x00, 0x3C,
    0x00, 0x3C, 0x00, 0xFF, 0x80, 0xFF, 0x80, 0xFF, 0x80, 0x3C, 0x00, 0x3C, 0x00, 0x3C, 0x00, 0x3C,
    0x00, 0x3C, 0x00, 0x3C, 0x00, 0x3C, 0x00, 0x3C, 0x00, 0x3C, 0x00, 0x3C, 0x00, 0x1F, 0x80, 0x1F,
    0x80, 0x0F, 0x80, 0xF0, 0x78, 0xF0, 0x78, 0xF0, 0x78, 0xF0, 0x78, 0xF0, 0x78, 0xF0, 0x78, 0xF0,
    0x78, 0xF0, 0x78, 0xF0, 0x78, 0xF0, 0x78, 0xF0, 0x78, 0xF0, 0x78, 0xF8, 0xF8, 0x7F, 0xF8, 0x7F,
    0xB8, 0x3F, 0x38, 0xF0, 0x1E, 0x70, 0x1C, 0x78, 0x3C, 0x78, 0x3C, 0x38, 0x38, 0x3C, 0x78, 0x3C,
    0x78, 0x1C, 0x70, 0x1E, 0x70, 0x1E, 0xF0, 0x0E, 0xE0, 0x0F, 0xE0, 0x0F, 0xE0, 0x07, 0xC0, 0x07,
    0xC0, 0x07, 0xC0, 0xF0, 0x78, 0x38, 0x70, 0x78, 0x38, 0x78, 0x78, 0x78, 0x78, 0xFC, 0x78, 0x38,
    0xFC, 0x70, 0x38, 0xFC, 0x70, 0x3C, 0xCC, 0xF0, 0x3D, 0xCC, 0xF0, 0x1D, 0xCE, 0xE0, 0x1D, 0xCE,
    0xE0, 0x1F, 0x8F, 0xE0, 0x1F, 0x87, 0xE0, 0x0F, 0x87, 0xC0, 0x0F, 0x87, 0xC0, 0x0F, 0x07, 0xC0,
    0x0F, 0x03, 0x80, 0xF0, 0x3C, 0x78, 0x78, 0x78, 0xF0, 0x3C, 0xF0, 0x1F, 0xE0, 0x1F, 0xC0, 0x0F,
    0xC0, 0x07, 0x80, 0x0F, 0x80, 0x0F, 0xC0, 0x1F, 0xE0, 0x3D, 0xE0, 0x3C, 0xF0, 0x78, 0x78, 0xF0,
    0x78, 0xF0, 0x3C, 0xE0, 0x3C, 0xF0, 0x38, 0xF0, 0x78, 0x70, 0x78, 0x78, 0x70, 0x78, 0xF0, 0x38,
    0xF0, 0x3C, 0xE0, 0x1C, 0xE0, 0x1D, 0xE0, 0x1F, 0xC0, 0x0F, 0xC0, 0x0F, 0xC0, 0x0F, 0x80, 0x07,
    0x80, 0x07, 0x80, 0x07, 0x00, 0x0F, 0x00, 0x7E, 0x00, 0x7E, 0x00, 0x7C, 0x00, 0xFF, 0xF0, 0xFF,
    0xF0, 0xFF, 0xF0, 0x01, 0xF0, 0x01, 0xE0, 0x03, 0xC0, 0x07, 0x80, 0x0F, 0x00, 0x1F, 0x00, 0x1E,
    0x00, 0x3C, 0x00, 0x78, 0x00, 0xF0, 0x00, 0xFF, 0xF8, 0xFF, 0xF8, 0xFF, 0xF8, 0x0F, 0x80, 0x1F,
    0x80, 0x1F, 0x80, 0x1E, 0x00, 0x1E, 0x00, 0x1E, 0x00, 0x1E, 0x00, 0x1E, 0x00, 0x1E, 0x00, 0x1E,
    0x00, 0x1C, 0x00, 0x3C, 0x00, 0xF8, 0x00, 0xF0, 0x00, 0xFC, 0x00, 0x3C, 0x00, 0x1E, 0x00, 0x1E,
    0x00, 0x1E, 0x00, 0x1E, 0x00, 0x1E, 0x00, 0x1E, 0x00, 0x1E, 0x00, 0x1E, 0x00, 0x1F, 0x80, 0x1F,
    0x80, 0x0F, 0x80, 0xE0, 0xF0, 0xF0, 0xF0, 0xF0, 0xF0, 0xF0, 0xF0, 0xF0, 0xF0, 0xF0, 0xF0, 0xF0,
    0xF0, 0xF0, 0xF0, 0xF0, 0xF0, 0xF0, 0xF0, 0xF0, 0xF0, 0xF0, 0xF0, 0xF0, 0xF0, 0xF0, 0xF0, 0xF0,
    0xF0, 0xF0, 0xF0, 0xF8, 0x00, 0xFC, 0x00, 0xFC, 0x00, 0x1E, 0x00, 0x1E, 0x00, 0x1E, 0x00, 0x1E,
    0x00, 0x1E, 0x00, 0x1E, 0x00, 0x1E, 0x00, 0x1E, 0x00, 0x1E, 0x00, 0x0F, 0x80, 0x07, 0x80, 0x0F,
    0x80, 0x1E, 0x00, 0x1E, 0x00, 0x1E, 0x00, 0x1E, 0x00, 0x1E, 0x00, 0x1E, 0x00, 0x1E, 0x00, 0x1E,
    0x00, 0x1E, 0x00, 0xFC, 0x00, 0xFC, 0x00, 0xF8, 0x00, 0x38, 0x1C, 0xFF, 0x1C, 0xFF, 0xFC, 0xE7,
    0xF8, 0xC0, 0xF0, 0x70, 0xF8, 0xF8, 0xF8, 0x70, 0x00, 0x00, 0x60, 0x70, 0x70, 0x70, 0x70, 0x70,
    0x70, 0xF0, 0xF0, 0xF0, 0xF0, 0xF0, 0xF0, 0xF0, 0x03, 0x00, 0x03, 0x00, 0x0F, 0xE0, 0x1F, 0xF0,
    0x3F, 0xF8, 0x7B, 0x78, 0x73, 0x30, 0xF3, 0x00, 0xF3, 0x00, 0xF3, 0x00, 0xF3, 0x00, 0xF3, 0x00,
    0xF3, 0x00, 0xF3, 0x00, 0x7B, 0x38, 0x7F, 0xF8, 0x3F, 0xF0, 0x1F, 0xE0, 0x03, 0x00, 0x03, 0x00,
    0x03, 0x00, 0x07, 0xF0, 0x1F, 0xF8, 0x3F, 0xFC, 0x7C, 0x1E, 0x78, 0x0E, 0x78, 0x00, 0x78, 0x00,
    0x38, 0x00, 0x3C, 0x00, 0xFF, 0xF0, 0xFF, 0xF0, 0x1E, 0x00, 0x0F, 0x00, 0x0F, 0x00, 0x0E, 0x00,
    0x1E, 0x00, 0x1C, 0x00, 0x7F, 0x82, 0xFF, 0xFE, 0xFF, 0xFF, 0x40, 0xFE, 0x63, 0xC6, 0x7F, 0xFE,
    0x3F, 0xFC, 0x3C, 0x3C, 0x78, 0x1C, 0x70, 0x1E, 0x70, 0x0E, 0x70, 0x0E, 0x70, 0x0E, 0x78, 0x1E,
    0x3C, 0x3C, 0x3F, 0xFC, 0x7F, 0xFE, 0xE7, 0xE6, 0x40, 0x00, 0xF0, 0x03, 0xC0, 0x78, 0x07, 0x80,
    0x78, 0x07, 0x80, 0x3C, 0x0F, 0x00, 0x3E, 0x0F, 0x00, 0x1E, 0x1E, 0x00, 0x0F, 0x1E, 0x00, 0x0F,
    0x3C, 0x00, 0x07, 0xB8, 0x00, 0x07, 0xF8, 0x00, 0x03, 0xF0, 0x00, 0x01, 0xF0, 0x00, 0x1F, 0xFE,
    0x00, 0x1F, 0xFE, 0x00, 0x01, 0xE0, 0x00, 0x01, 0xE0, 0x00, 0x1F, 0xFE, 0x00, 0x1F, 0xFE, 0x00,
    0x01, 0xE0, 0x00, 0x01, 0xE0, 0x00, 0x01, 0xE0, 0x00, 0xF0, 0xF0, 0xF0, 0xF0, 0xF0, 0xF0, 0xF0,
    0xF0, 0xF0, 0xF0, 0xF0, 0xF0, 0xF0, 0x00, 0x00, 0x00, 0x00, 0x00, 0x00, 0x00, 0xF0, 0xF0, 0xF0,
    0xF0, 0xF0, 0xF0, 0xF0, 0xF0, 0xF0, 0xF0, 0xF0, 0xF0, 0x07, 0xE0, 0x1F, 0xF0, 0x3F, 0xF8, 0x3C,
    0x7C, 0x78, 0x38, 0x78, 0x00, 0x3E, 0x00, 0x1F, 0x00, 0x3F, 0xC0, 0x7F, 0xF0, 0xF1, 0xF8, 0xF0,
    0x7C, 0xF0, 0x3E, 0xF0, 0x1E, 0x7C, 0x1E, 0x3E, 0x1E, 0x1F, 0xBC, 0x07, 0xF8, 0x01, 0xF0, 0x00,
    0xF8, 0x00, 0x3C, 0x38, 0x3C, 0x7C, 0x78, 0x3F, 0xF8, 0x1F, 0xF0, 0x0F, 0xC0, 0x61, 0x80, 0xF3,
    0xC0, 0xF3, 0xC0, 0x61, 0x80, 0x01, 0xFE, 0x00, 0x07, 0xFF, 0x80, 0x0F, 0x87, 0xC0, 0x1C, 0x00,
    0xE0, 0x38, 0x00, 0x70, 0x70, 0xF8, 0x38, 0x61, 0xFE, 0x18, 0xE3, 0xFF, 0x1C, 0xE3, 0x86, 0x1C,
    0xC7, 0x00, 0x0C, 0xC7, 0x00, 0x0C, 0xC7, 0x00, 0x0C, 0xC7, 0x00, 0x0C, 0xE7, 0x86, 0x1C, 0xE3,
    0xFF, 0x1C, 0x61, 0xFE, 0x18, 0x70, 0xF8, 0x38, 0x38, 0x00, 0x70, 0x1C, 0x00, 0xE0, 0x0F, 0x87,
    0xC0, 0x07, 0xFF, 0x80, 0x01, 0xFE, 0x00, 0x3E, 0x7F, 0x27, 0x1F, 0x7F, 0xE7, 0xE7, 0xFF, 0x7B,
    0x0F, 0x1E, 0x1E, 0x3C, 0x3C, 0x78, 0x3C, 0xF8, 0x78, 0xF0, 0xF1, 0xE0, 0xF3, 0xE0, 0xF1, 0xE0,
    0x78, 0xF0, 0x3C, 0xF8, 0x3C, 0x78, 0x1E, 0x3C, 0x0F, 0x1E, 0xFF, 0xFF, 0x00, 0xFF, 0xFF, 0x80,
    0xFF, 0xFF, 0x80, 0x00, 0x07, 0x80, 0x00, 0x07, 0x80, 0x00, 0x07, 0x80, 0x00, 0x07, 0x80, 0x00,
    0x07, 0x80, 0x00, 0x07, 0x80, 0x00, 0x07, 0x80, 0x00, 0x07, 0x00, 0x01, 0xFE, 0x00, 0x07, 0xFF,
    0x80, 0x0F, 0x87, 0xC0, 0x1C, 0x00, 0xE0, 0x38, 0x00, 0x70, 0x73, 0xFC, 0x38, 0x63, 0xFE, 0x18,
    0xE3, 0x8F, 0x1C, 0xE3, 0x87, 0x1C, 0xC3, 0x8F, 0x0C, 0xC3, 0xFE, 0x0C, 0xC3, 0xFC, 0x0C, 0xC3,
    0xBC, 0x0C, 0xE3, 0x9C, 0x1C, 0xE3, 0x8E, 0x1C, 0x63, 0x87, 0x18, 0x71, 0x83, 0x38, 0x38, 0x00,
    0x70, 0x1C, 0x00, 0xE0, 0x0F, 0x87, 0xC0, 0x07, 0xFF, 0x80, 0x01, 0xFE, 0x00, 0xFF, 0x80, 0xFF,
    0x80, 0xFF, 0x80, 0x3E, 0x00, 0x7F, 0x00, 0xFF, 0x80, 0xE3, 0x80, 0xC1, 0x80, 0xE3, 0x80, 0xFF,
    0x80, 0x7F, 0x00, 0x3E, 0x00, 0x03, 0xC0, 0x03, 0xC0, 0x03, 0xC0, 0x03, 0xC0, 0xFF, 0xFE, 0xFF,
    0xFE, 0xFF, 0xFE, 0x03, 0xC0, 0x03, 0xC0, 0x03, 0xC0, 0x03, 0xC0, 0x00, 0x00, 0x00, 0x00, 0xFF,
    0xFE, 0xFF, 0xFE, 0xFF, 0xFE, 0x3E, 0x00, 0x7F, 0x00, 0x63, 0x80, 0x03, 0x80, 0x07, 0x00, 0x0F,
    0x00, 0x1E, 0x00, 0x38, 0x00, 0x70, 0x00, 0xFF, 0x80, 0xFF, 0x80, 0x3E, 0x00, 0xFF, 0x00, 0xE3,
    0x80, 0x07, 0x00, 0x1F, 0x00, 0x1F, 0x00, 0x03, 0x80, 0x03, 0x80, 0xE3, 0x80, 0xFF, 0x00, 0x3E,
    0x00, 0x10, 0x38, 0x78, 0x70, 0xE0, 0xE0, 0x38, 0xE0, 0x38, 0xE0, 0x38, 0xE0, 0x38, 0xE0, 0x38,
    0xE0, 0x38, 0xE0, 0x38, 0xE0, 0x38, 0xE0, 0x38, 0xE0, 0x78, 0xF0, 0x78, 0xF0, 0x78, 0xF0, 0xF8,
    0xFF, 0xFE, 0xFF, 0xBE, 0xEF, 0x1E, 0xE0, 0x00, 0xE0, 0x00, 0xE0, 0x00, 0xE0, 0x00, 0xE0, 0x00,
    0x0F, 0xFE, 0x3F, 0xFE, 0x3F, 0x38, 0x7F, 0x38, 0x7F, 0x38, 0xFF, 0x38, 0xFF, 0x38, 0x7F, 0x38,
    0x7F, 0x38, 0x3F, 0x38, 0x1F, 0x38, 0x0F, 0x38, 0x07, 0x38, 0x07, 0x38, 0x07, 0x38, 0x07, 0x38,
    0x07, 0x38, 0x07, 0x38, 0x07, 0x38, 0x07, 0x38, 0x07, 0x38, 0x07, 0x38, 0x07, 0x38, 0x07, 0x38,
    0x07, 0x38, 0x07, 0x38, 0x70, 0xF8, 0xF8, 0xF8, 0x70, 0x30, 0x70, 0x7C, 0x0C, 0x0C, 0xF8, 0x1C,
    0xFC, 0xFC, 0x1C, 0x1C, 0x1C, 0x1C, 0x1C, 0x1C, 0x1C, 0x1C, 0x3E, 0x00, 0x7F, 0x00, 0xE3, 0x80,
    0xE3, 0x80, 0xE3, 0x80, 0xE3, 0x80, 0xE3, 0x80, 0x7F, 0x00, 0x3E, 0x00, 0xF1, 0xE0, 0x79, 0xE0,
    0x78, 0xF0, 0x3C, 0x78, 0x1E, 0x3C, 0x1E, 0x3C, 0x0F, 0x1E, 0x1E, 0x3C, 0x1E, 0x3C, 0x3C, 0x78,
    0x78, 0xF0, 0x79, 0xE0, 0xF1, 0xE0, 0x18, 0x00, 0x70, 0xF8, 0x00, 0xE0, 0xF8, 0x01, 0xE0, 0x18,
    0x01, 0xC0, 0x18, 0x03, 0x80, 0x18, 0x07, 0x00, 0x18, 0x0F, 0x00, 0x18, 0x0E, 0x00, 0x18, 0x1C,
    0x00, 0x18, 0x3C, 0x38, 0x18, 0x38, 0x78, 0x18, 0x70, 0x78, 0x00, 0xE0, 0xF8, 0x01, 0xE1, 0xD8,
    0x01, 0xC3, 0x98, 0x03, 0x87, 0x18, 0x07, 0x07, 0xFE, 0x07, 0x07, 0xFE, 0x0E, 0x00, 0x18, 0x1C,
    0x00, 0x18, 0x1C, 0x00, 0x18, 0x18, 0x00, 0xF0, 0xF8, 0x01, 0xE0, 0xF8, 0x01, 0xC0, 0x18, 0x03,
    0x80, 0x18, 0x07, 0x80, 0x18, 0x07, 0x00, 0x18, 0x0E, 0x00, 0x18, 0x1E, 0x00, 0x18, 0x1C, 0x00,
    0x18, 0x38, 0xF8, 0x18, 0x79, 0xFE, 0x18, 0x73, 0x8E, 0x00, 0xE0, 0x8E, 0x01, 0xE0, 0x0E, 0x01,
    0xC0, 0x1C, 0x03, 0x80, 0x3C, 0x07, 0x00, 0x78, 0x07, 0x00, 0xE0, 0x0E, 0x03, 0xC0, 0x1C, 0x03,
    0xFE, 0x1C, 0x03, 0xFE, 0x3E, 0x00, 0x38, 0x7F, 0x00, 0x78, 0xE7, 0x80, 0x70, 0x43, 0x80, 0xE0,
    0x03, 0x81, 0xE0, 0x07, 0x01, 0xC0, 0x1F, 0x03, 0x80, 0x1F, 0x07, 0x80, 0x07, 0x87, 0x00, 0x43,
    0x8E, 0x00, 0xE7, 0x9E, 0x1C, 0x7F, 0x1C, 0x1C, 0x3E, 0x38, 0x3C, 0x00, 0x78, 0x7C, 0x00, 0x70,
    0xEC, 0x00, 0xE1, 0xCC, 0x01, 0xE3, 0x8C, 0x01, 0xC3, 0xFF, 0x03, 0x83, 0xFF, 0x07, 0x80, 0x0C,
    0x0F, 0x00, 0x0C, 0x0E, 0x00, 0x0C, 0x01, 0xC0, 0x03, 0xE0, 0x03, 0xE0, 0x03, 0xE0, 0x01, 0xC0,
    0x00, 0x00, 0x00, 0x00, 0x03, 0xC0, 0x03, 0xC0, 0x03, 0xC0, 0x07, 0xC0, 0x1F, 0x80, 0x3F, 0x00,
    0x7C, 0x00, 0xF8, 0x00, 0xF0, 0x00, 0xF0, 0x08, 0xF0, 0x1E, 0xF8, 0x3C, 0x7F, 0xFC, 0x3F, 0xF8,
    0x0F, 0xE0, 0x02, 0x00, 0x00, 0x07, 0x00, 0x00, 0x07, 0x80, 0x00, 0x03, 0xC0, 0x00, 0x00, 0xC0,
    0x00, 0x00, 0x00, 0x00, 0x00, 0x00, 0x00, 0x01, 0xF0, 0x00, 0x01, 0xF0, 0x00, 0x03, 0xF8, 0x00,
    0x03, 0xF8, 0x00, 0x03, 0xF8, 0x00, 0x07, 0xBC, 0x00, 0x07, 0xBC, 0x00, 0x07, 0x1C, 0x00, 0x0F,
    0x1E, 0x00, 0x0F, 0x1E, 0x00, 0x1E, 0x0E, 0x00, 0x1E, 0x0F, 0x00, 0x1E, 0x0F, 0x00, 0x3C, 0x07,
    0x80, 0x3F, 0xFF, 0x80, 0x3F, 0xFF, 0x80, 0x7F, 0xFF, 0xC0, 0x78, 0x03, 0xC0, 0x78, 0x03, 0xC0,
    0xF0, 0x01, 0xE0, 0xF0, 0x01, 0xE0, 0x00, 0x08, 0x00, 0x00, 0x1C, 0x00, 0x00, 0x3C, 0x00, 0x00,
    0x78, 0x00, 0x00, 0x60, 0x00, 0x00, 0x00, 0x00, 0x00, 0x00, 0x00, 0x01, 0xF0, 0x00, 0x01, 0xF0,
    0x00, 0x03, 0xF8, 0x00, 0x03, 0xF8, 0x00, 0x03, 0xF8, 0x00, 0x07, 0xBC, 0x00, 0x07, 0xBC, 0x00,
    0x07, 0x1C, 0x00, 0x0F, 0x1E, 0x00, 0x0F, 0x1E, 0x00, 0x0E, 0x0F, 0x00, 0x1E, 0x0F, 0x00, 0x1E,
    0x0F, 0x00, 0x3C, 0x07, 0x80, 0x3F, 0xFF, 0x80, 0x3F, 0xFF, 0x80, 0x7F, 0xFF, 0xC0, 0x78, 0x03,
    0xC0, 0x78, 0x03, 0xC0, 0xF0, 0x01, 0xE0, 0xF0, 0x01, 0xE0, 0x00, 0x60, 0x00, 0x00, 0xF0, 0x00,
    0x01, 0xF8, 0x00, 0x03, 0x9C, 0x00, 0x07, 0x0E, 0x00, 0x00, 0x00, 0x00, 0x00, 0x00, 0x00, 0x00,
    0xF0, 0x00, 0x01, 0xF8, 0x00, 0x01, 0xF8, 0x00, 0x01, 0xF8, 0x00, 0x03, 0xFC, 0x00, 0x03, 0xFC,
    0x00, 0x03, 0x9E, 0x00, 0x07, 0x9E, 0x00, 0x07, 0x9E, 0x00, 0x0F, 0x0F, 0x00, 0x0F, 0x0F, 0x00,
    0x0F, 0x0F, 0x00, 0x1E, 0x07, 0x80, 0x1E, 0x07, 0x80, 0x1F, 0xFF, 0xC0, 0x3F, 0xFF, 0xC0, 0x3F,
    0xFF, 0xC0, 0x78, 0x01, 0xE0, 0x78, 0x01, 0xE0, 0x78, 0x01, 0xE0, 0xF0, 0x00, 0xF0, 0x01, 0x80,
    0x00, 0x07, 0xEE, 0x00, 0x07, 0xFE, 0x00, 0x0E, 0x3C, 0x00, 0x00, 0x00, 0x00, 0x00, 0x00, 0x00,
    0x01, 0xF0, 0x00, 0x01, 0xF0, 0x00, 0x01, 0xF8, 0x00, 0x03, 0xF8, 0x00, 0x03, 0xFC, 0x00, 0x03,
    0xBC, 0x00, 0x07, 0xBC, 0x00, 0x07, 0x9E, 0x00, 0x0F, 0x1E, 0x00, 0x0F, 0x1E, 0x00, 0x0F, 0x0F,
    0x00, 0x1E, 0x0F, 0x00, 0x1E, 0x07, 0x00, 0x1E, 0x07, 0x80, 0x3F, 0xFF, 0x80, 0x3F, 0xFF, 0xC0,
    0x7F, 0xFF, 0xC0, 0x78, 0x03, 0xC0, 0x78, 0x01, 0xE0, 0xF0, 0x01, 0xE0, 0xF0, 0x01, 0xE0, 0x03,
    0x0C, 0x00, 0x07, 0x9E, 0x00, 0x07, 0x1C, 0x00, 0x03, 0x0C, 0x00, 0x00, 0x00, 0x00, 0x00, 0x00,
    0x00, 0x01, 0xF0, 0x00, 0x01, 0xF8, 0x00, 0x01, 0xF8, 0x00, 0x03, 0xF8, 0x00, 0x03, 0xFC, 0x00,
    0x03, 0xBC, 0x00, 0x07, 0x9C, 0x00, 0x07, 0x9E, 0x00, 0x0F, 0x1E, 0x00, 0x0F, 0x0E, 0x00, 0x0F,
    0x0F, 0x00, 0x1E, 0x0F, 0x00, 0x1E, 0x07, 0x80, 0x1E, 0x07, 0x80, 0x3F, 0xFF, 0x80, 0x3F, 0xFF,
    0xC0, 0x3F, 0xFF, 0xC0, 0x78, 0x03, 0xC0, 0x78, 0x01, 0xE0, 0xF8, 0x01, 0xE0, 0xF0, 0x01, 0xE0,
    0x00, 0xE0, 0x00, 0x01, 0xF0, 0x00, 0x03, 0xB8, 0x00, 0x03, 0x18, 0x00, 0x03, 0x18, 0x00, 0x03,
    0xB8, 0x00, 0x01, 0xF0, 0x00, 0x01, 0xF0, 0x00, 0x03, 0xF8, 0x00, 0x03, 0xF8, 0x00, 0x03, 0xF8,
    0x00, 0x07, 0xBC, 0x00, 0x07, 0xBC, 0x00, 0x07, 0x1C, 0x00, 0x0F, 0x1E, 0x00, 0x0F, 0x1E, 0x00,
    0x0E, 0x0F, 0x00, 0x1E, 0x0F, 0x00, 0x1E, 0x0F, 0x00, 0x3C, 0x07, 0x80, 0x3F, 0xFF, 0x80, 0x3F,
    0xFF, 0x80, 0x7F, 0xFF, 0xC0, 0x78, 0x03, 0xC0, 0x78, 0x03, 0xC0, 0xF0, 0x01, 0xE0, 0xF0, 0x01,
    0xE0, 0x00, 0x0F, 0xFF, 0xF0, 0x00, 0x1F, 0xFF, 0xF0, 0x00, 0x3F, 0xFF, 0xF0, 0x00, 0x3F, 0xC0,
    0x00, 0x00, 0x7B, 0xC0, 0x00, 0x00, 0x7B, 0xC0, 0x00, 0x00, 0xF3, 0xC0, 0x00, 0x00, 0xF3, 0xC0,
    0x00, 0x01, 0xE3, 0xC0, 0x00, 0x01, 0xE3, 0xFF, 0x80, 0x03, 0xC3, 0xFF, 0x80, 0x07, 0xC3, 0xFF,
    0x80, 0x07, 0x83, 0xC0, 0x00, 0x0F, 0x83, 0xC0, 0x00, 0x0F, 0xFF, 0xC0, 0x00, 0x1F, 0xFF, 0xC0,
    0x00, 0x1F, 0xFF, 0xC0, 0x00, 0x3C, 0x03, 0xC0, 0x00, 0x3C, 0x03, 0xFF, 0xF0, 0x78, 0x03, 0xFF,
    0xF0, 0xF8, 0x03, 0xFF, 0xF0, 0x03, 0xFC, 0x00, 0x0F, 0xFF, 0x00, 0x1F, 0xFF, 0x80, 0x3E, 0x0F,
    0xC0, 0x7C, 0x03, 0xC0, 0x78, 0x01, 0x00, 0xF0, 0x00, 0x00, 0xF0, 0x00, 0x00, 0xF0, 0x00, 0x00,
    0xF0, 0x00, 0x00, 0xF0, 0x00, 0x00, 0xF0, 0x00, 0x00, 0xF0, 0x00, 0x00, 0xF0, 0x00, 0x00, 0xF0,
    0x00, 0x00, 0x78, 0x01, 0x00, 0x7C, 0x03, 0xC0, 0x3E, 0x07, 0xC0, 0x1F, 0xFF, 0x80, 0x0F, 0xFF,
    0x00, 0x03, 0xFC, 0x00, 0x00, 0xC0, 0x00, 0x00, 0xF0, 0x00, 0x00, 0x38, 0x00, 0x00, 0x38, 0x00,
    0x01, 0xF0, 0x00, 0x08, 0x00, 0x1C, 0x00, 0x1E, 0x00, 0x0F, 0x00, 0x03, 0x00, 0x00, 0x00, 0x00,
    0x00, 0xFF, 0xFE, 0xFF, 0xFE, 0xFF, 0xFE, 0xF0, 0x00, 0xF0, 0x00, 0xF0, 0x00, 0xF0, 0x00, 0xF0,
    0x00, 0xF0, 0x00, 0xFF, 0xF0, 0xFF, 0xF0, 0xFF, 0xF0, 0xF0, 0x00, 0xF0, 0x00, 0xF0, 0x00, 0xF0,
    0x00, 0xF0, 0x00, 0xF0, 0x00, 0xFF, 0xFE, 0xFF, 0xFE, 0xFF, 0xFE, 0x00, 0x20, 0x00, 0x70, 0x00,
    0xF0, 0x01, 0xE0, 0x01, 0x80, 0x00, 0x00, 0x00, 0x00, 0xFF, 0xFE, 0xFF, 0xFE, 0xFF, 0xFE, 0xF0,
    0x00, 0xF0, 0x00, 0xF0, 0x00, 0xF0, 0x00, 0xF0, 0x00, 0xF0, 0x00, 0xFF, 0xF0, 0xFF, 0xF0, 0xFF,
    0xF0, 0xF0, 0x00, 0xF0, 0x00, 0xF0, 0x00, 0xF0, 0x00, 0xF0, 0x00, 0xF0, 0x00, 0xFF, 0xFE, 0xFF,
    0xFE, 0xFF, 0xFE, 0x01, 0x00, 0x07, 0xC0, 0x0F, 0xE0, 0x1E, 0xF0, 0x38, 0x30, 0x00, 0x00, 0x00,
    0x00, 0xFF, 0xFE, 0xFF, 0xFE, 0xFF, 0xFE, 0xF0, 0x00, 0xF0, 0x00, 0xF0, 0x00, 0xF0, 0x00, 0xF0,
    0x00, 0xF0, 0x00, 0xFF, 0xF0, 0xFF, 0xF0, 0xFF, 0xF0, 0xF0, 0x00, 0xF0, 0x00, 0xF0, 0x00, 0xF0,
    0x00, 0xF0, 0x00, 0xF0, 0x00, 0xFF, 0xFE, 0xFF, 0xFE, 0xFF, 0xFE, 0x18, 0x60, 0x3C, 0xF0, 0x1C,
    0x70, 0x18, 0x60, 0x00, 0x00, 0x00, 0x00, 0xFF, 0xFE, 0xFF, 0xFE, 0xFF, 0xFE, 0xF0, 0x00, 0xF0,
    0x00, 0xF0, 0x00, 0xF0, 0x00, 0xF0, 0x00, 0xF0, 0x00, 0xFF, 0xE0, 0xFF, 0xE0, 0xFF, 0xE0, 0xF0,
    0x00, 0xF0, 0x00, 0xF0, 0x00, 0xF0, 0x00, 0xF0, 0x00, 0xF0, 0x00, 0xFF, 0xFE, 0xFF, 0xFE, 0xFF,
    0xFE, 0x40, 0x00, 0xE0, 0x00, 0xF0, 0x00, 0x78, 0x00, 0x1C, 0x00, 0x00, 0x00, 0x00, 0x00, 0xFF,
    0x80, 0xFF, 0x80, 0xFF, 0x80, 0x1E, 0x00, 0x1E, 0x00, 0x1E, 0x00, 0x1E, 0x00, 0x1E, 0x00, 0x1E,
    0x00, 0x1E, 0x00, 0x1E, 0x00, 0x1E, 0x00, 0x1E, 0x00, 0x1E, 0x00, 0x1E, 0x00, 0x1E, 0x00, 0x1E,
    0x00, 0x1E, 0x00, 0xFF, 0x80, 0xFF, 0x80, 0xFF, 0x80, 0x01, 0x00, 0x03, 0x80, 0x07, 0x80, 0x0F,
    0x00, 0x0C, 0x00, 0x00, 0x00, 0x00, 0x00, 0xFF, 0x80, 0xFF, 0x80, 0xFF, 0x80, 0x1E, 0x00, 0x1E,
    0x00, 0x1E, 0x00, 0x1E, 0x00, 0x1E, 0x00, 0x1E, 0x00, 0x1E, 0x00, 0x1E, 0x00, 0x1E, 0x00, 0x1E,
    0x00, 0x1E, 0x00, 0x1E, 0x00, 0x1E, 0x00, 0x1E, 0x00, 0x1E, 0x00, 0xFF, 0x80, 0xFF, 0x80, 0xFF,
    0x80, 0x08, 0x00, 0x3E, 0x00, 0x7F, 0x00, 0xF7, 0x80, 0xE1, 0x80, 0x00, 0x00, 0x00, 0x00, 0xFF,
    0x80, 0xFF, 0x80, 0xFF, 0x80, 0x1E, 0x00, 0x1E, 0x00, 0x1E, 0x00, 0x1E, 0x00, 0x1E, 0x00, 0x1E,
    0x00, 0x1E, 0x00, 0x1E, 0x00, 0x1E, 0x00, 0x1E, 0x00, 0x1E, 0x00, 0x1E, 0x00, 0x1E, 0x00, 0x1E,
    0x00, 0x1E, 0x00, 0xFF, 0x80, 0xFF, 0x80, 0xFF, 0x80, 0x61, 0x80, 0xF3, 0xC0, 0xE3, 0x80, 0x61,
    0x80, 0x00, 0x00, 0x00, 0x00, 0xFF, 0xC0, 0xFF, 0xC0, 0xFF, 0x80, 0x1E, 0x00, 0x1E, 0x00, 0x1E,
    0x00, 0x1E, 0x00, 0x1E, 0x00, 0x1E, 0x00, 0x1E, 0x00, 0x1E, 0x00, 0x1E, 0x00, 0x1E, 0x00, 0x1E,
    0x00, 0x1E, 0x00, 0x1E, 0x00, 0x1E, 0x00, 0x1E, 0x00, 0xFF, 0x80, 0xFF, 0xC0, 0xFF, 0xC0, 0x3F,
    0xF8, 0x00, 0x3F, 0xFE, 0x00, 0x3F, 0xFF, 0x80, 0x3C, 0x0F, 0xC0, 0x3C, 0x03, 0xC0, 0x3C, 0x01,
    0xE0, 0x3C, 0x01, 0xE0, 0x3C, 0x00, 0xE0, 0x3C, 0x00, 0xE0, 0xFF, 0xE0, 0xF0, 0xFF, 0xE0, 0xF0,
    0xFF, 0xE0, 0xF0, 0x3C, 0x00, 0xE0, 0x3C, 0x00, 0xE0, 0x3C, 0x01, 0xE0, 0x3C, 0x01, 0xE0, 0x3C,
    0x03, 0xC0, 0x3C, 0x0F, 0xC0, 0x3F, 0xFF, 0x80, 0x3F, 0xFE, 0x00, 0x3F, 0xF8, 0x00, 0x03, 0x00,
    0x00, 0x0F, 0xDC, 0x00, 0x0F, 0xFC, 0x00, 0x1C, 0x78, 0x00, 0x00, 0x00, 0x00, 0x00, 0x00, 0x00,
    0xF8, 0x03, 0xC0, 0xFC, 0x03, 0xC0, 0xFC, 0x03, 0xC0, 0xFE, 0x03, 0xC0, 0xFE, 0x03, 0xC0, 0xFF,
    0x03, 0xC0, 0xF7, 0x83, 0xC0, 0xF7, 0x83, 0xC0, 0xF3, 0xC3, 0xC0, 0xF3, 0xC3, 0xC0, 0xF1, 0xE3,
    0xC0, 0xF1, 0xE3, 0xC0, 0xF0, 0xF3, 0xC0, 0xF0, 0xF3, 0xC0, 0xF0, 0x7B, 0xC0, 0xF0, 0x7B, 0xC0,
    0xF0, 0x3F, 0xC0, 0xF0, 0x1F, 0xC0, 0xF0, 0x1F, 0xC0, 0xF0, 0x0F, 0xC0, 0xF0, 0x0F, 0xC0, 0x03,
    0x00, 0x00, 0x07, 0x80, 0x00, 0x03, 0xC0, 0x00, 0x00, 0xE0, 0x00, 0x00, 0x00, 0x00, 0x00, 0x00,
    0x00, 0x00, 0x00, 0x00, 0x03, 0xFC, 0x00, 0x0F, 0xFF, 0x00, 0x1F, 0xFF, 0x80, 0x3E, 0x07, 0xC0,
    0x7C, 0x03, 0xE0, 0x78, 0x01, 0xE0, 0x70, 0x00, 0xE0, 0xF0, 0x00, 0xF0, 0xF0, 0x00, 0xF0, 0xF0,
    0x00, 0xF0, 0xF0, 0x00, 0xF0, 0xF0, 0x00, 0xF0, 0xF0, 0x00, 0xF0, 0xF0, 0x00, 0xF0, 0x70, 0x00,
    0xE0, 0x78, 0x01, 0xE0, 0x7C, 0x03, 0xE0, 0x3E, 0x07, 0xC0, 0x1F, 0xFF, 0x80, 0x0F, 0xFF, 0x00,
    0x03, 0xFC, 0x00, 0x00, 0x0C, 0x00, 0x00, 0x1E, 0x00, 0x00, 0x3C, 0x00, 0x00, 0x78, 0x00, 0x00,
    0x00, 0x00, 0x00, 0x00, 0x00, 0x00, 0x00, 0x00, 0x03, 0xFC, 0x00, 0x0F, 0xFF, 0x00, 0x1F, 0xFF,
    0x80, 0x3E, 0x07, 0xC0, 0x7C, 0x03, 0xE0, 0x78, 0x01, 0xE0, 0x70, 0x00, 0xE0, 0xF0, 0x00, 0xF0,
    0xF0, 0x00, 0xF0, 0xF0, 0x00, 0xF0, 0xF0, 0x00, 0xF0, 0xF0, 0x00, 0xF0, 0xF0, 0x00, 0xF0, 0xF0,
    0x00, 0xF0, 0x70, 0x00, 0xE0, 0x78, 0x01, 0xE0, 0x7C, 0x03, 0xE0, 0x3E, 0x07, 0xC0, 0x1F, 0xFF,
    0x80, 0x0F, 0xFF, 0x00, 0x03, 0xFC, 0x00, 0x00, 0xF0, 0x00, 0x01, 0xF8, 0x00, 0x03, 0xFC, 0x00,
    0x07, 0x9E, 0x00, 0x00, 0x00, 0x00, 0x00, 0x00, 0x00, 0x00, 0x00, 0x00, 0x03, 0xFC, 0x00, 0x0F,
    0xFF, 0x00, 0x1F, 0xFF, 0x80, 0x3E, 0x07, 0xC0, 0x7C, 0x03, 0xE0, 0x78, 0x01, 0xE0, 0x70, 0x00,
    0xE0, 0xF0, 0x00, 0xF0, 0xF0, 0x00, 0xF0, 0xF0, 0x00, 0xF0, 0xF0, 0x00, 0xF0, 0xF0, 0x00, 0xF0,
    0xF0, 0x00, 0xF0, 0xF0, 0x00, 0xF0, 0x70, 0x00, 0xE0, 0x78, 0x01, 0xE0, 0x7C, 0x03, 0xE0, 0x3E,
    0x07, 0xC0, 0x1F, 0xFF, 0x80, 0x0F, 0xFF, 0x00, 0x03, 0xFC, 0x00, 0x01, 0x82, 0x00, 0x03, 0xE7,
    0x00, 0x07, 0xFE, 0x00, 0x06, 0x3C, 0x00, 0x00, 0x00, 0x00, 0x00, 0x00, 0x00, 0x03, 0xFC, 0x00,
    0x0F, 0xFF, 0x00, 0x1F, 0xFF, 0x80, 0x3E, 0x07, 0xC0, 0x7C, 0x03, 0xE0, 0x78, 0x01, 0xE0, 0x70,
    0x00, 0xE0, 0xF0, 0x00, 0xF0, 0xF0, 0x00, 0xF0, 0xF0, 0x00, 0xF0, 0xF0, 0x00, 0xF0, 0xF0, 0x00,
    0xF0, 0xF0, 0x00, 0xF0, 0xF0, 0x00, 0xF0, 0x70, 0x00, 0xE0, 0x78, 0x01, 0xE0, 0x7C, 0x03, 0xE0,
    0x3E, 0x07, 0xC0, 0x1F, 0xFF, 0x80, 0x0F, 0xFF, 0x00, 0x03, 0xFC, 0x00, 0x03, 0x0C, 0x00, 0x07,
    0x9E, 0x00, 0x03, 0x8E, 0x00, 0x03, 0x0C, 0x00, 0x00, 0x00, 0x00, 0x00, 0x00, 0x00, 0x03, 0xFC,
    0x00, 0x0F, 0xFF, 0x00, 0x1F, 0xFF, 0x80, 0x3E, 0x07, 0xC0, 0x7C, 0x03, 0xE0, 0x78, 0x01, 0xE0,
    0x70, 0x00, 0xE0, 0xF0, 0x00, 0xF0, 0xF0, 0x00, 0xF0, 0xF0, 0x00, 0xF0, 0xF0, 0x00, 0xF0, 0xF0,
    0x00, 0xF0, 0xF0, 0x00, 0xF0, 0xF0, 0x00, 0xF0, 0x70, 0x00, 0xE0, 0x78, 0x01, 0xE0, 0x7C, 0x03,
    0xE0, 0x3E, 0x07, 0xC0, 0x1F, 0xFF, 0x80, 0x0F, 0xFF, 0x00, 0x03, 0xFC, 0x00, 0x40, 0x20, 0xE0,
    0x70, 0xF0, 0x78, 0xF8, 0xF0, 0x7D, 0xE0, 0x3F, 0xC0, 0x1F, 0x80, 0x0F, 0x80, 0x1F, 0xC0, 0x3F,
    0xE0, 0x79, 0xF0, 0xF0, 0xF8, 0xE0, 0x70, 0x40, 0x20, 0x03, 0xFC, 0x20, 0x0F, 0xFF, 0x60, 0x1F,
    0xFF, 0xC0, 0x3E, 0x07, 0xC0, 0x7C, 0x03, 0xE0, 0x78, 0x07, 0xE0, 0x70, 0x0E, 0xF0, 0xF0, 0x1C,
    0xF0, 0xF0, 0x38, 0xF0, 0xF0, 0x30, 0xF0, 0xF0, 0x60, 0xF0, 0xF0, 0xC0, 0xF0, 0xF1, 0xC0, 0xF0,
    0xF3, 0x80, 0xF0, 0xF7, 0x00, 0xE0, 0x7E, 0x01, 0xE0, 0x7C, 0x03, 0xE0, 0x3E, 0x07, 0xC0, 0x3F,
    0xFF, 0x80, 0x6F, 0xFF, 0x00, 0x43, 0xFC, 0x00, 0x0E, 0x00, 0x00, 0x0F, 0x00, 0x00, 0x07, 0x80,
    0x00, 0x03, 0xC0, 0x00, 0x00, 0x00, 0x00, 0x00, 0x00, 0x00, 0x00, 0x00, 0x00, 0xF0, 0x07, 0x80,
    0xF0, 0x07, 0x80, 0xF0, 0x07, 0x80, 0xF0, 0x07, 0x80, 0xF0, 0x07, 0x80, 0xF0, 0x07, 0x80, 0xF0,
    0x07, 0x80, 0xF0, 0x07, 0x80, 0xF0, 0x07, 0x80, 0xF0, 0x07, 0x80, 0xF0, 0x07, 0x80, 0xF0, 0x07,
    0x80, 0xF0, 0x07, 0x80, 0xF0, 0x07, 0x80, 0xF0, 0x07, 0x80, 0xF0, 0x07, 0x80, 0x78, 0x0F, 0x00,
    0x7C, 0x1F, 0x00, 0x3F, 0xFE, 0x00, 0x1F, 0xFC, 0x00, 0x0F, 0xF8, 0x00, 0x00, 0x38, 0x00, 0x00,
    0x78, 0x00, 0x00, 0xF0, 0x00, 0x00, 0xE0, 0x00, 0x00, 0x00, 0x00, 0x00, 0x00, 0x00, 0x00, 0x00,
    0x00, 0xF0, 0x07, 0x80, 0xF0, 0x07, 0x80, 0xF0, 0x07, 0x80, 0xF0, 0x07, 0x80, 0xF0, 0x07, 0x80,
    0xF0, 0x07, 0x80, 0xF0, 0x07, 0x80, 0xF0, 0x07, 0x80, 0xF0, 0x07, 0x80, 0xF0, 0x07, 0x80, 0xF0,
    0x07, 0x80, 0xF0, 0x07, 0x80, 0xF0, 0x07, 0x80, 0xF0, 0x07, 0x80, 0xF0, 0x07, 0x80, 0xF0, 0x07,
    0x80, 0x78, 0x0F, 0x00, 0x7C, 0x1F, 0x00, 0x3F, 0xFE, 0x00, 0x1F, 0xFC, 0x00, 0x0F, 0xF8, 0x00,
    0x01, 0xC0, 0x00, 0x03, 0xE0, 0x00, 0x07, 0x70, 0x00, 0x0E, 0x3C, 0x00, 0x00, 0x00, 0x00, 0x00,
    0x00, 0x00, 0x00, 0x00, 0x00, 0xF0, 0x07, 0x80, 0xF0, 0x07, 0x80, 0xF0, 0x07, 0x80, 0xF0, 0x07,
    0x80, 0xF0, 0x07, 0x80, 0xF0, 0x07, 0x80, 0xF0, 0x07, 0x80, 0xF0, 0x07, 0x80, 0xF0, 0x07, 0x80,
    0xF0, 0x07, 0x80, 0xF0, 0x07, 0x80, 0xF0, 0x07, 0x80, 0xF0, 0x07, 0x80, 0xF0, 0x07, 0x80, 0xF0,
    0x07, 0x80, 0xF0, 0x07, 0x80, 0x78, 0x0F, 0x00, 0x7C, 0x1F, 0x00, 0x3F, 0xFE, 0x00, 0x1F, 0xFC,
    0x00, 0x0F, 0xF8, 0x00, 0x06, 0x30, 0x00, 0x0F, 0x78, 0x00, 0x0E, 0x38, 0x00, 0x06, 0x30, 0x00,
    0x00, 0x00, 0x00, 0x00, 0x00, 0x00, 0xF0, 0x07, 0x80, 0xF0, 0x07, 0x80, 0xF0, 0x07, 0x80, 0xF0,
    0x07, 0x80, 0xF0, 0x07, 0x80, 0xF0, 0x07, 0x80, 0xF0, 0x07, 0x80, 0xF0, 0x07, 0x80, 0xF0, 0x07,
    0x80, 0xF0, 0x07, 0x80, 0xF0, 0x07, 0x80, 0xF0, 0x07, 0x80, 0xF0, 0x07, 0x80, 0xF0, 0x07, 0x80,
    0xF0, 0x07, 0x80, 0xF0, 0x07, 0x80, 0x78, 0x0F, 0x00, 0x7C, 0x1F, 0x00, 0x3F, 0xFE, 0x00, 0x1F,
    0xFC, 0x00, 0x0F, 0xF8, 0x00, 0x00, 0x08, 0x00, 0x00, 0x3C, 0x00, 0x00, 0x78, 0x00, 0x00, 0xF0,
    0x00, 0x00, 0xC0, 0x00, 0x00, 0x00, 0x00, 0x00, 0x00, 0x00, 0xF0, 0x03, 0xC0, 0xF0, 0x07, 0xC0,
    0x78, 0x07, 0x80, 0x78, 0x0F, 0x00, 0x3C, 0x0F, 0x00, 0x1E, 0x1E, 0x00, 0x1E, 0x3C, 0x00, 0x0F,
    0x3C, 0x00, 0x0F, 0x78, 0x00, 0x07, 0xF8, 0x00, 0x07, 0xF0, 0x00, 0x03, 0xE0, 0x00, 0x01, 0xE0,
    0x00, 0x01, 0xE0, 0x00, 0x01, 0xE0, 0x00, 0x01, 0xE0, 0x00, 0x01, 0xE0, 0x00, 0x01, 0xE0, 0x00,
    0x01, 0xE0, 0x00, 0x01, 0xE0, 0x00, 0x01, 0xE0, 0x00, 0xF0, 0x00, 0xF0, 0x00, 0xF0, 0x00, 0xF0,
    0x00, 0xFF, 0xF0, 0xFF, 0xFC, 0xFF, 0xFE, 0xF0, 0x1F, 0xF0, 0x0F, 0xF0, 0x0F, 0xF0, 0x0F, 0xF0,
    0x0F, 0xF0, 0x0F, 0xF0, 0x3E, 0xFF, 0xFE, 0xFF, 0xF8, 0xFF, 0xE0, 0xF0, 0x00, 0xF0, 0x00, 0xF0,
    0x00, 0xF0, 0x00, 0x1F, 0xC0, 0x3F, 0xF0, 0x7F, 0xF0, 0xF8, 0x78, 0xF0, 0x78, 0xF0, 0x78, 0xF0,
    0xF0, 0xF3, 0xF0, 0xF3, 0xF0, 0xF3, 0xF8, 0xF0, 0x7C, 0xF0, 0x1E, 0xF0, 0x1E, 0xF0, 0x0F, 0xF0,
    0x0F, 0xF0, 0x0F, 0xF0, 0x1E, 0xF0, 0x3E, 0xF3, 0xFC, 0xF3, 0xF8, 0xF3, 0xE0, 0x1C, 0x00, 0x1C,
    0x00, 0x0E, 0x00, 0x07, 0x00, 0x00, 0x00, 0x00, 0x00, 0x0F, 0xE0, 0x1F, 0xF0, 0x3F, 0xF8, 0x78,
    0x7C, 0x30, 0x3C, 0x00, 0x3C, 0x00, 0xFC, 0x1F, 0xFC, 0x3F, 0xFC, 0x78, 0x3C, 0xF0, 0x3C, 0xF0,
    0x3C, 0xF0, 0x7C, 0xFF, 0xFC, 0x7F, 0xDC, 0x1F, 0x1E, 0x00, 0x70, 0x00, 0xF0, 0x01, 0xE0, 0x03,
    0xC0, 0x00, 0x00, 0x00, 0x00, 0x0F, 0xE0, 0x1F, 0xF0, 0x3F, 0xF8, 0x78, 0x7C, 0x30, 0x3C, 0x00,
    0x3C, 0x01, 0xFC, 0x1F, 0xFC, 0x7F, 0xFC, 0x78, 0x3C, 0xF0, 0x3C, 0xF0, 0x3C, 0xF0, 0x7C, 0xFF,
    0xFC, 0x7F, 0xDC, 0x1F, 0x1E, 0x03, 0x80, 0x07, 0xC0, 0x1E, 0xE0, 0x3C, 0x70, 0x00, 0x00, 0x00,
    0x00, 0x0F, 0xE0, 0x1F, 0xF0, 0x3F, 0xF8, 0x78, 0x7C, 0x30, 0x3C, 0x00, 0x3C, 0x01, 0xFC, 0x1F,
    0xFC, 0x7F, 0xFC, 0x78, 0x3C, 0xF0, 0x3C, 0xF0, 0x3C, 0xF0, 0x7C, 0xFF, 0xFC, 0x7F, 0xDC, 0x1F,
    0x1E, 0x04, 0x10, 0x1F, 0xB8, 0x3F, 0xF8, 0x31, 0xF0, 0x00, 0x00, 0x00, 0x00, 0x0F, 0xE0, 0x1F,
    0xF0, 0x3F, 0xF8, 0x78, 0x7C, 0x30, 0x3C, 0x00, 0x3C, 0x01, 0xFC, 0x1F, 0xFC, 0x7F, 0xFC, 0x78,
    0x3C, 0xF0, 0x3C, 0xF0, 0x3C, 0xF0, 0x7C, 0xFF, 0xFC, 0x7F, 0xDC, 0x1F, 0x1E, 0x18, 0x60, 0x1C,
    0x70, 0x1C, 0x70, 0x18, 0x60, 0x00, 0x00, 0x00, 0x00, 0x0F, 0xE0, 0x1F, 0xF0, 0x3F, 0xF8, 0x78,
    0x7C, 0x30, 0x3C, 0x00, 0x3C, 0x01, 0xFC, 0x1F, 0xFC, 0x7F, 0xFC, 0x78, 0x3C, 0xF0, 0x3C, 0xF0,
    0x3C, 0xF0, 0x7C, 0xFF, 0xFC, 0x7F, 0xDC, 0x1F, 0x1E, 0x07, 0x80, 0x0F, 0xC0, 0x0E, 0xE0, 0x0C,
    0x60, 0x0E, 0xE0, 0x0F, 0xC0, 0x07, 0x80, 0x00, 0x00, 0x00, 0x00, 0x0F, 0xE0, 0x1F, 0xF0, 0x3F,
    0xF8, 0x78, 0x7C, 0x10, 0x3C, 0x00, 0x3C, 0x01, 0xFC, 0x1F, 0xFC, 0x7F, 0xFC, 0x78, 0x3C, 0xF0,
    0x3C, 0xF0, 0x3C, 0xF0, 0x7C, 0xFF, 0xFC, 0x7F, 0xDC, 0x1F, 0x1E, 0x0F, 0xC1, 0xF8, 0x00, 0x1F,
    0xF3, 0xFE, 0x00, 0x3F, 0xFF, 0xFF, 0x00, 0x78, 0x7E, 0x0F, 0x00, 0x10, 0x3C, 0x07, 0x80, 0x00,
    0x3C, 0x03, 0x80, 0x07, 0xFF, 0xFF, 0x80, 0x3F, 0xFF, 0xFF, 0xC0, 0x7F, 0xFF, 0xFF, 0x80, 0xF8,
    0x3C, 0x00, 0x00, 0xF0, 0x3C, 0x00, 0x00, 0xF0, 0x3E, 0x00, 0x00, 0xF0, 0x7F, 0x0F, 0x00, 0xFF,
    0xFF, 0xFF, 0x00, 0x7F, 0xE7, 0xFE, 0x00, 0x1F, 0x81, 0xF8, 0x00, 0x0F, 0xC0, 0x1F, 0xF0, 0x3F,
    0xF8, 0x7C, 0x78, 0x78, 0x30, 0xF0, 0x00, 0xF0, 0x00, 0xF0, 0x00, 0xF0, 0x00, 0xF0, 0x00, 0xF0,
    0x00, 0xF0, 0x00, 0x78, 0x30, 0x7C, 0x78, 0x3F, 0xF8, 0x1F, 0xE0, 0x07, 0xC0, 0x03, 0x00, 0x07,
    0xC0, 0x00, 0xC0, 0x00, 0xC0, 0x0F, 0x80, 0x0C, 0x00, 0x0E, 0x00, 0x0F, 0x00, 0x07, 0x80, 0x00,
    0x00, 0x00, 0x00, 0x07, 0xE0, 0x1F, 0xF0, 0x3F, 0xF8, 0x78, 0x3C, 0x70, 0x1C, 0xF0, 0x1E, 0xFF,
    0xFE, 0xFF, 0xFE, 0xFF, 0xFE, 0xF0, 0x00, 0xF0, 0x00, 0x78, 0x00, 0x7C, 0x3C, 0x3F, 0xF8, 0x1F,
    0xF0, 0x0F, 0xE0, 0x00, 0x30, 0x00, 0x70, 0x00, 0xE0, 0x01, 0xC0, 0x00, 0x00, 0x00, 0x00, 0x07,
    0xE0, 0x1F, 0xF0, 0x3F, 0xF8, 0x78, 0x3C, 0x70, 0x1C, 0xF0, 0x1E, 0xFF, 0xFE, 0xFF, 0xFE, 0xFF,
    0xFE, 0xF0, 0x00, 0xF0, 0x00, 0x78, 0x00, 0x7C, 0x3C, 0x3F, 0xF8, 0x1F, 0xF0, 0x0F, 0xE0, 0x03,
    0x80, 0x07, 0xC0, 0x0E, 0xF0, 0x1C, 0x78, 0x00, 0x00, 0x00, 0x00, 0x07, 0xE0, 0x1F, 0xF0, 0x3F,
    0xF8, 0x78, 0x3C, 0x70, 0x1C, 0xF0, 0x1E, 0xFF, 0xFE, 0xFF, 0xFE, 0xFF, 0xFE, 0xF0, 0x00, 0xF0,
    0x00, 0x70, 0x00, 0x7C, 0x38, 0x3F, 0xF8, 0x1F, 0xF0, 0x0F, 0xE0, 0x0C, 0x30, 0x1E, 0x78, 0x1E,
    0x78, 0x0C, 0x30, 0x00, 0x00, 0x00, 0x00, 0x07, 0xE0, 0x1F, 0xF0, 0x3F, 0xF8, 0x78, 0x3C, 0x70,
    0x1C, 0xF0, 0x1E, 0xFF, 0xFE, 0xFF, 0xFE, 0xFF, 0xFE, 0xF0, 0x00, 0xF0, 0x00, 0x70, 0x00, 0x7C,
    0x38, 0x3F, 0xF8, 0x1F, 0xF0, 0x0F, 0xE0, 0xE0, 0xF0, 0x78, 0x38, 0x00, 0x00, 0xFE, 0xFE, 0x7E,
    0x1E, 0x1E, 0x1E, 0x1E, 0x1E, 0x1E, 0x1E, 0x1E, 0x1E, 0x1E, 0x1E, 0x1E, 0x1E, 0x03, 0x07, 0x0F,
    0x0E, 0x00, 0x00, 0xFE, 0xFE, 0xFE, 0x1E, 0x1E, 0x1E, 0x1E, 0x1E, 0x1E, 0x1E, 0x1E, 0x1E, 0x1E,
    0x1E, 0x1E, 0x1E, 0x0E, 0x00, 0x3F, 0x00, 0x7B, 0xC0, 0xF1, 0xC0, 0x00, 0x00, 0x00, 0x00, 0x7F,
    0x00, 0x7F, 0x00, 0x7F, 0x00, 0x0F, 0x00, 0x0F, 0x00, 0x0F, 0x00, 0x0F, 0x00, 0x0F, 0x00, 0x0F,
    0x00, 0x0F, 0x00, 0x0F, 0x00, 0x0F, 0x00, 0x0F, 0x00, 0x0F, 0x00, 0x0F, 0x00, 0x0F, 0x00, 0x61,
    0x80, 0xF3, 0xC0, 0xF3, 0xC0, 0x61, 0x80, 0x00, 0x00, 0x00, 0x00, 0x7E, 0x00, 0x7E, 0x00, 0x7E,
    0x00, 0x1E, 0x00, 0x1E, 0x00, 0x1E, 0x00, 0x1E, 0x00, 0x1E, 0x00, 0x1E, 0x00, 0x1E, 0x00, 0x1E,
    0x00, 0x1E, 0x00, 0x1E, 0x00, 0x1E, 0x00, 0x1E, 0x00, 0x1E, 0x00, 0x0F, 0x98, 0x0F, 0xF8, 0x0F,
    0xF0, 0x00, 0xF8, 0x01, 0xFC, 0x01, 0x1C, 0x00, 0x1E, 0x07, 0x8E, 0x1F, 0xEE, 0x3F, 0xFE, 0x7C,
    0x7E, 0x78, 0x1F, 0xF0, 0x1F, 0xF0, 0x0F, 0xF0, 0x0E, 0xF0, 0x0E, 0xF0, 0x0E, 0xF0, 0x1E, 0x78,
    0x3C, 0x3F, 0xFC, 0x1F, 0xF8, 0x07, 0xE0, 0x0C, 0x00, 0x3F, 0x70, 0x3F, 0xF0, 0x71, 0xE0, 0x00,
    0x00, 0x00, 0x00, 0xE3, 0xE0, 0xEF, 0xF0, 0xFF, 0xF8, 0xF8, 0x78, 0xF0, 0x38, 0xF0, 0x3C, 0xF0,
    0x3C, 0xF0, 0x3C, 0xF0, 0x3C, 0xF0, 0x3C, 0xF0, 0x3C, 0xF0, 0x3C, 0xF0, 0x3C, 0xF0, 0x3C, 0xF0,
    0x3C, 0xF0, 0x3C, 0x0C, 0x00, 0x1E, 0x00, 0x0F, 0x00, 0x07, 0x80, 0x00, 0x00, 0x00, 0x00, 0x07,
    0xE0, 0x1F, 0xF8, 0x3F, 0xFC, 0x7C, 0x3C, 0x78, 0x1E, 0xF0, 0x1E, 0xF0, 0x0E, 0xF0, 0x0F, 0xF0,
    0x0F, 0xF0, 0x0E, 0xF0, 0x1E, 0x78, 0x1E, 0x7C, 0x3C, 0x3F, 0xFC, 0x1F, 0xF8, 0x07, 0xE0, 0x00,
    0x30, 0x00, 0x70, 0x00, 0xE0, 0x01, 0xC0, 0x00, 0x00, 0x00, 0x00, 0x07, 0xE0, 0x1F, 0xF8, 0x3F,
    0xFC, 0x7C, 0x3C, 0x78, 0x1E, 0xF0, 0x1E, 0xF0, 0x0E, 0xF0, 0x0F, 0xF0, 0x0F, 0xF0, 0x0E, 0xF0,
    0x1E, 0x78, 0x1E, 0x7C, 0x3C, 0x3F, 0xFC, 0x1F, 0xF8, 0x07, 0xE0, 0x03, 0x80, 0x07, 0xC0, 0x0E,
    0xF0, 0x1C, 0x78, 0x00, 0x00, 0x00, 0x00, 0x07, 0xE0, 0x1F, 0xF8, 0x3F, 0xFC, 0x7C, 0x3C, 0x78,
    0x1E, 0xF0, 0x1E, 0xF0, 0x0E, 0xF0, 0x0F, 0xF0, 0x0F, 0xF0, 0x0E, 0xF0, 0x1E, 0x78, 0x1E, 0x7C,
    0x3C, 0x3F, 0xFC, 0x1F, 0xF8, 0x07, 0xE0, 0x06, 0x00, 0x1F, 0xB8, 0x1F, 0xF8, 0x38, 0xF0, 0x00,
    0x00, 0x00, 0x00, 0x07, 0xE0, 0x1F, 0xF8, 0x3F, 0xFC, 0x7C, 0x3C, 0x78, 0x1E, 0xF0, 0x1E, 0xF0,
    0x0E, 0xF0, 0x0F, 0xF0, 0x0F, 0xF0, 0x0E, 0xF0, 0x1E, 0x78, 0x1E, 0x7C, 0x3C, 0x3F, 0xFC, 0x1F,
    0xF8, 0x07, 0xE0, 0x0C, 0x30, 0x1E, 0x78, 0x1E, 0x78, 0x0C, 0x30, 0x00, 0x00, 0x00, 0x00, 0x07,
    0xE0, 0x1F, 0xF8, 0x3F, 0xFC, 0x7C, 0x3C, 0x78, 0x1E, 0xF0, 0x1E, 0xF0, 0x0E, 0xF0, 0x0F, 0xF0,
    0x0F, 0xF0, 0x0E, 0xF0, 0x1E, 0x78, 0x1E, 0x7C, 0x3C, 0x3F, 0xFC, 0x1F, 0xF8, 0x07, 0xE0, 0x01,
    0x80, 0x03, 0xC0, 0x03, 0xC0, 0x01, 0x80, 0x00, 0x00, 0x00, 0x00, 0x00, 0x00, 0xFF, 0xFF, 0xFF,
    0xFF, 0xFF, 0xFF, 0x00, 0x00, 0x00, 0x00, 0x01, 0x80, 0x03, 0xC0, 0x03, 0xC0, 0x01, 0x80, 0x07,
    0xE6, 0x1F, 0xFE, 0x3F, 0xFC, 0x7C, 0x3C, 0x78, 0x3E, 0xF0, 0x7E, 0xF0, 0xCE, 0xF1, 0x8F, 0xF3,
    0x8F, 0xF7, 0x0E, 0xFE, 0x1E, 0x7C, 0x1E, 0x7C, 0x3C, 0x7F, 0xFC, 0x7F, 0xF8, 0x47, 0xE0, 0x18,
    0x00, 0x3C, 0x00, 0x1E, 0x00, 0x0E, 0x00, 0x00, 0x00, 0x00, 0x00, 0xF0, 0x78, 0xF0, 0x78, 0xF0,
    0x78, 0xF0, 0x78, 0xF0, 0x78, 0xF0, 0x78, 0xF0, 0x78, 0xF0, 0x78, 0xF0, 0x78, 0xF0, 0x78, 0xF0,
    0x78, 0xF0, 0x78, 0xF8, 0xF8, 0x7F, 0xF8, 0x7F, 0xB8, 0x3F, 0x38, 0x00, 0xE0, 0x01, 0xE0, 0x03,
    0xC0, 0x03, 0x80, 0x00, 0x00, 0x00, 0x00, 0xF0, 0x78, 0xF0, 0x78, 0xF0, 0x78, 0xF0, 0x78, 0xF0,
    0x78, 0xF0, 0x78, 0xF0, 0x78, 0xF0, 0x78, 0xF0, 0x78, 0xF0, 0x78, 0xF0, 0x78, 0xF0, 0x78, 0xF8,
    0xF8, 0x7F, 0xF8, 0x7F, 0xB8, 0x3F, 0x38, 0x07, 0x00, 0x0F, 0x80, 0x1D, 0xC0, 0x38, 0xE0, 0x00,
    0x00, 0x00, 0x00, 0xF0, 0x78, 0xF0, 0x78, 0xF0, 0x78, 0xF0, 0x78, 0xF0, 0x78, 0xF0, 0x78, 0xF0,
    0x78, 0xF0, 0x78, 0xF0, 0x78, 0xF0, 0x78, 0xF0, 0x78, 0xF0, 0x78, 0xF8, 0xF8, 0x7F, 0xF8, 0x7F,
    0xB8, 0x3F, 0x38, 0x18, 0xC0, 0x3C, 0xE0, 0x3C, 0xE0, 0x18, 0xC0, 0x00, 0x00, 0x00, 0x00, 0xF0,
    0x78, 0xF0, 0x78, 0xF0, 0x78, 0xF0, 0x78, 0xF0, 0x78, 0xF0, 0x78, 0xF0, 0x78, 0xF0, 0x78, 0xF0,
    0x78, 0xF0, 0x78, 0xF0, 0x78, 0xF0, 0x78, 0xF8, 0xF8, 0x7F, 0xF8, 0x7F, 0xB8, 0x3F, 0x38, 0x00,
    0xE0, 0x00, 0xE0, 0x01, 0xC0, 0x03, 0x80, 0x00, 0x00, 0x00, 0x00, 0xE0, 0x3C, 0xF0, 0x38, 0xF0,
    0x78, 0x70, 0x78, 0x78, 0x70, 0x78, 0xF0, 0x38, 0xF0, 0x3C, 0xE0, 0x1C, 0xE0, 0x1D, 0xE0, 0x1F,
    0xC0, 0x0F, 0xC0, 0x0F, 0xC0, 0x0F, 0x80, 0x07, 0x80, 0x07, 0x80, 0x07, 0x00, 0x0F, 0x00, 0x7E,
    0x00, 0x7E, 0x00, 0x7C, 0x00, 0xF0, 0x00, 0xF0, 0x00, 0xF0, 0x00, 0xF0, 0x00, 0xF0, 0x00, 0xF0,
    0x00, 0xF3, 0xE0, 0xFF, 0xF0, 0xFF, 0xF8, 0xF8, 0x7C, 0xF0, 0x3C, 0xF0, 0x1E, 0xF0, 0x1E, 0xF0,
    0x1E, 0xF0, 0x1E, 0xF0, 0x1E, 0xF0, 0x1E, 0xF0, 0x1E, 0xF8, 0x3C, 0xFF, 0xF8, 0xFF, 0xF8, 0xF3,
    0xE0, 0xF0, 0x00, 0xF0, 0x00, 0xF0, 0x00, 0xF0, 0x00, 0xF0, 0x00, 0x18, 0x60, 0x38, 0xF0, 0x38,
    0xF0, 0x18, 0x60, 0x00, 0x00, 0x00, 0x00, 0xE0, 0x3C, 0xF0, 0x38, 0xF0, 0x78, 0x70, 0x78, 0x78,
    0x70, 0x78, 0x70, 0x38, 0xF0, 0x3C, 0xE0, 0x3C, 0xE0, 0x1D, 0xE0, 0x1F, 0xC0, 0x1F, 0xC0, 0x0F,
    0xC0, 0x0F, 0x80, 0x07, 0x80, 0x07, 0x80, 0x07, 0x00, 0x0F, 0x00, 0x7E, 0x00, 0x7E, 0x00, 0x7C,
    0x00, 0x03, 0xF9, 0xFF, 0xFC, 0x0F, 0xFF, 0xFF, 0xFC, 0x1F, 0xFF, 0xFF, 0xFC, 0x3E, 0x0F, 0xE0,
    0x00, 0x7C, 0x07, 0xE0, 0x00, 0x78, 0x03, 0xE0, 0x00, 0xF0, 0x01, 0xE0, 0x00, 0xF0, 0x01, 0xE0,
    0x00, 0xF0, 0x01, 0xFF, 0xC0, 0xF0, 0x01, 0xFF, 0xC0, 0xF0, 0x01, 0xFF, 0xC0, 0xF0, 0x01, 0xE0,
    0x00, 0xF0, 0x01, 0xE0, 0x00, 0xF0, 0x01, 0xE0, 0x00, 0xF0, 0x01, 0xE0, 0x00, 0x78, 0x03, 0xE0,
    0x00, 0x7C, 0x07, 0xE0, 0x00, 0x3E, 0x0F, 0xE0, 0x00, 0x1F, 0xFF, 0xFF, 0xFC, 0x0F, 0xFF, 0xFF,
    0xFC, 0x03, 0xF9, 0xFF, 0xFC, 0x07, 0xE0, 0x7E, 0x00, 0x1F, 0xF1, 0xFF, 0x00, 0x3F, 0xFF, 0xFF,
    0x80, 0x7C, 0x3F, 0x83, 0xC0, 0x78, 0x1F, 0x01, 0xC0, 0xF0, 0x1F, 0x01, 0xE0, 0xF0, 0x0F, 0xFF,
    0xE0, 0xF0, 0x0F, 0xFF, 0xE0, 0xF0, 0x0F, 0xFF, 0xE0, 0xF0, 0x0F, 0x00, 0x00, 0xF0, 0x1F, 0x00,
    0x00, 0x78, 0x1F, 0x00, 0x00, 0x7C, 0x3F, 0xC3, 0x80, 0x3F, 0xFB, 0xFF, 0x80, 0x1F, 0xF1, 0xFF,
    0x00, 0x07, 0xE0, 0x7E, 0x00, 0x1C, 0x78, 0x0E, 0xF0, 0x07, 0xE0, 0x03, 0xC0, 0x01, 0x00, 0x00,
    0x00, 0x00, 0x00, 0x0F, 0xE0, 0x3F, 0xF8, 0x7F, 0xFE, 0x78, 0x3E, 0xF0, 0x0C, 0xF0, 0x00, 0xF0,
    0x00, 0xF8, 0x00, 0x7F, 0x80, 0x7F, 0xF0, 0x1F, 0xFC, 0x03, 0xFE, 0x00, 0x3F, 0x00, 0x0F, 0x00,
    0x0F, 0x60, 0x0F, 0xF0, 0x0F, 0xF8, 0x1E, 0x7F, 0xFE, 0x3F, 0xF8, 0x0F, 0xE0, 0x78, 0xE0, 0x1F,
    0xC0, 0x0F, 0x80, 0x07, 0x00, 0x00, 0x00, 0x00, 0x00, 0x1F, 0x80, 0x7F, 0xE0, 0xFF, 0xF0, 0xF0,
    0xF0, 0xF0, 0x00, 0xF0, 0x00, 0xFE, 0x00, 0x7F, 0xE0, 0x1F, 0xF0, 0x00, 0xF8, 0x00, 0x78, 0x60,
    0x78, 0xF0, 0x78, 0xFF, 0xF0, 0x7F, 0xE0, 0x1F, 0xC0, 0x06, 0x18, 0x00, 0x0F, 0x3C, 0x00, 0x0E,
    0x38, 0x00, 0x06, 0x18, 0x00, 0x00, 0x00, 0x00, 0x00, 0x00, 0x00, 0xF0, 0x03, 0xC0, 0xF0, 0x07,
    0x80, 0x78, 0x0F, 0x80, 0x7C, 0x0F, 0x00, 0x3C, 0x1E, 0x00, 0x1E, 0x1E, 0x00, 0x1E, 0x3C, 0x00,
    0x0F, 0x3C, 0x00, 0x0F, 0x78, 0x00, 0x07, 0xF8, 0x00, 0x07, 0xF0, 0x00, 0x03, 0xE0, 0x00, 0x01,
    0xE0, 0x00, 0x01, 0xE0, 0x00, 0x01, 0xE0, 0x00, 0x01, 0xE0, 0x00, 0x01, 0xE0, 0x00, 0x01, 0xE0,
    0x00, 0x01, 0xE0, 0x00, 0x01, 0xE0, 0x00, 0x01, 0xE0, 0x00, 0x1C, 0x38, 0x00, 0x1E, 0x78, 0x00,
    0x07, 0xE0, 0x00, 0x03, 0xC0, 0x00, 0x01, 0x80, 0x00, 0x00, 0x00, 0x00, 0x00, 0x00, 0x00, 0xFF,
    0xFF, 0x00, 0xFF, 0xFF, 0x00, 0xFF, 0xFF, 0x00, 0x00, 0x1E, 0x00, 0x00, 0x3E, 0x00, 0x00, 0x7C,
    0x00, 0x00, 0x78, 0x00, 0x00, 0xF0, 0x00, 0x01, 0xF0, 0x00, 0x03, 0xE0, 0x00, 0x03, 0xC0, 0x00,
    0x07, 0x80, 0x00, 0x0F, 0x80, 0x00, 0x1F, 0x00, 0x00, 0x1E, 0x00, 0x00, 0x3C, 0x00, 0x00, 0x7C,
    0x00, 0x00, 0x78, 0x00, 0x00, 0xFF, 0xFF, 0x80, 0xFF, 0xFF, 0x80, 0xFF, 0xFF, 0x80, 0x71, 0xE0,
    0x3F, 0xC0, 0x1F, 0x00, 0x06, 0x00, 0x00, 0x00, 0x00, 0x00, 0xFF, 0xF0, 0xFF, 0xF0, 0xFF, 0xF0,
    0x01, 0xF0, 0x01, 0xE0, 0x03, 0xC0, 0x07, 0x80, 0x0F, 0x00, 0x1F, 0x00, 0x1E, 0x00, 0x3C, 0x00,
    0x78, 0x00, 0xF0, 0x00, 0xFF, 0xF8, 0xFF, 0xF8, 0xFF, 0xF8, 0x0F, 0x80, 0x1F, 0x80, 0x1F, 0x80,
    0x3C, 0x00, 0x3C, 0x00, 0x3C, 0x00, 0xFF, 0x80, 0xFF, 0x80, 0xFF, 0x80, 0x3C, 0x00, 0x3C, 0x00,
    0x3C, 0x00, 0x3C, 0x00, 0x3C, 0x00, 0x3C, 0x00, 0x3C, 0x00, 0x3C, 0x00, 0x3C, 0x00, 0x3C, 0x00,
    0x3C, 0x00, 0x3C, 0x00, 0x3C, 0x00, 0x3C, 0x00, 0x3C, 0x00, 0xFC, 0x00, 0xF8, 0x00, 0xF0, 0x00,
    0x1C, 0x00, 0x3E, 0x00, 0x77, 0x00, 0xE3, 0xC0, 0x38, 0x60, 0x7E, 0xE0, 0x7F, 0xE0, 0xE7, 0xC0,
    0xFF, 0xF8, 0xFF, 0xF8, 0xFF, 0xF8, 0xFF, 0xFF, 0xFE, 0xFF, 0xFF, 0xFE, 0xFF, 0xFF, 0xFE, 0x38,
    0x30, 0x70, 0x60, 0xF0, 0xF8, 0xF8, 0xF8, 0x70, 0x70, 0xF8, 0xF8, 0xF8, 0x78, 0x30, 0x70, 0x60,
    0xE0, 0x70, 0xF8, 0xF8, 0xF8, 0x78, 0x30, 0x70, 0x60, 0xE0, 0x39, 0xC0, 0x31, 0x80, 0x73, 0x80,
    0x63, 0x00, 0xF7, 0x80, 0xFF, 0xC0, 0xFF, 0xC0, 0xFF, 0xC0, 0x73, 0x80, 0x73, 0x80, 0xFF, 0xC0,
    0xFF, 0xC0, 0xFF, 0xC0, 0x7B, 0xC0, 0x31, 0x80, 0x73, 0x80, 0x63, 0x00, 0xE7, 0x00, 0x73, 0x80,
    0xFF, 0xC0, 0xFF, 0xC0, 0xFF, 0xC0, 0x7B, 0xC0, 0x31, 0x80, 0x73, 0x80, 0x63, 0x00, 0xE7, 0x00,
    0x07, 0x80, 0x07, 0x80, 0x07, 0x80, 0x07, 0x80, 0x07, 0x80, 0xFF, 0xFE, 0xFF, 0xFE, 0xFF, 0xFE,
    0x07, 0x80, 0x07, 0x80, 0x07, 0x80, 0x07, 0x80, 0x07, 0x80, 0x07, 0x80, 0x07, 0x80, 0x07, 0x80,
    0x07, 0x80, 0x07, 0x80, 0x07, 0x80, 0x07, 0x80, 0x07, 0x80, 0x07, 0x80, 0x07, 0x80, 0x07, 0x80,
    0x07, 0x80, 0x07, 0x80, 0xFF, 0xFE, 0xFF, 0xFE, 0xFF, 0xFE, 0x07, 0x80, 0x07, 0x80, 0x07, 0x80,
    0x07, 0x80, 0x07, 0x80, 0xFF, 0xFE, 0xFF, 0xFE, 0xFF, 0xFE, 0x07, 0x80, 0x07, 0x80, 0x07, 0x80,
    0x07, 0x80, 0x07, 0x80, 0x1E, 0x00, 0x7F, 0x80, 0x7F, 0x80, 0xFF, 0xC0, 0xFF, 0xC0, 0xFF, 0xC0,
    0xFF, 0xC0, 0xFF, 0xC0, 0x7F, 0x80, 0x7F, 0x80, 0x1E, 0x00, 0x70, 0xE1, 0xC0, 0xF9, 0xF3, 0xE0,
    0xF9, 0xF3, 0xE0, 0xF9, 0xF3, 0xE0, 0x70, 0xE1, 0xC0, 0x1F, 0x80, 0x1C, 0x00, 0x00, 0x3F, 0xC0,
    0x38, 0x00, 0x00, 0x7F, 0xE0, 0x78, 0x00, 0x00, 0xF0, 0xF0, 0xF0, 0x00, 0x00, 0xE0, 0x70, 0xE0,
    0x00, 0x00, 0xE0, 0x71, 0xE0, 0x00, 0x00, 0xE0, 0x73, 0xC0, 0x00, 0x00, 0xF0, 0xF3, 0x80, 0x00,
    0x00, 0x7F, 0xE7, 0x80, 0x00, 0x00, 0x3F, 0xCF, 0x1E, 0x00, 0xF0, 0x1F, 0x8E, 0x7F, 0x83, 0xFC,
    0x00, 0x1C, 0xFF, 0xC7, 0xFE, 0x00, 0x3C, 0xF3, 0xC7, 0x9E, 0x00, 0x39, 0xE0, 0xEF, 0x07, 0x00,
    0x71, 0xC0, 0xEE, 0x07, 0x00, 0xF1, 0xC0, 0xEE, 0x07, 0x00, 0xE1, 0xC0, 0xEE, 0x07, 0x01, 0xC0,
    0xE1, 0xE7, 0x0F, 0x03, 0xC0, 0xFF, 0xC7, 0xFE, 0x03, 0x80, 0x7F, 0x83, 0xFC, 0x07, 0x00, 0x1F,
    0x00, 0xF8, 0x0F, 0x1E, 0x3C, 0x3C, 0x78, 0xF0, 0xF0, 0xF0, 0x78, 0x3C, 0x3C, 0x1E, 0x0F, 0xF0,
    0xF8, 0x78, 0x3C, 0x1E, 0x1E, 0x0F, 0x1E, 0x1E, 0x3C, 0x78, 0xF8, 0xF0, 0x00, 0x7E, 0x00, 0x01,
    0xFF, 0x80, 0x03, 0xFF, 0xC0, 0x07, 0xC1, 0xE0, 0x0F, 0x00, 0xE0, 0x0F, 0x00, 0x00, 0x1E, 0x00,
    0x00, 0x7F, 0xFC, 0x00, 0xFF, 0xF8, 0x00, 0x1E, 0x00, 0x00, 0x1E, 0x00, 0x00, 0x7F, 0xE0, 0x00,
    0xFF, 0xE0, 0x00, 0x1E, 0x00, 0x00, 0x0E, 0x00, 0x00, 0x0F, 0x00, 0xC0, 0x0F, 0x80, 0xF0, 0x07,
    0xC3, 0xE0, 0x03, 0xFF, 0xC0, 0x01, 0xFF, 0x80, 0x00, 0x7E, 0x00, 0xFF, 0xCF, 0x07, 0x80, 0xFF,
    0xCF, 0x0F, 0x80, 0x0E, 0x0F, 0x8F, 0x80, 0x0E, 0x0F, 0x8F, 0x80, 0x0E, 0x0F, 0x9F, 0x80, 0x0E,
    0x0D, 0xDF, 0x80, 0x0E, 0x0D, 0xDB, 0x80, 0x0E, 0x0C, 0xFB, 0x80, 0x0E, 0x0C, 0xFB, 0x80, 0x0E,
    0x0C, 0xF3, 0x80, 0x0E, 0x0C, 0x73, 0x80,
];
pub static ATKINSON_NEXT_XXLARGE: BitmapFont = BitmapFont {
    glyphs: &ATKINSON_NEXT_XXLARGE_GLYPHS,
    bitmap: &ATKINSON_NEXT_XXLARGE_BITMAP,
    extra: &ATKINSON_NEXT_XXLARGE_EXTRA,
    line_height: 38,
};

// ATKINSON_NEXT_XXXLARGE: Atkinson Hyperlegible Next Medium 35 px, line-height 44
const ATKINSON_NEXT_XXXLARGE_GLYPHS: [Glyph; 95] = [
    g(0, 0, 0, 10, 0, 0),
    g(0, 5, 24, 9, 2, -24),
    g(24, 8, 8, 12, 2, -24),
    g(32, 22, 24, 24, 1, -24),
    g(104, 18, 30, 21, 2, -27),
    g(194, 30, 24, 32, 1, -24),
    g(290, 23, 24, 26, 2, -24),
    g(362, 3, 8, 7, 2, -24),
    g(370, 8, 31, 12, 2, -25),
    g(401, 8, 31, 12, 2, -25),
    g(432, 12, 12, 16, 2, -24),
    g(456, 18, 18, 22, 2, -18),
    g(510, 5, 10, 7, 1, -5),
    g(520, 11, 3, 13, 1, -10),
    g(526, 5, 5, 7, 1, -5),
    g(531, 13, 29, 14, 1, -25),
    g(589, 19, 24, 23, 2, -24),
    g(661, 10, 24, 15, 1, -24),
    g(709, 17, 24, 19, 1, -24),
    g(781, 17, 24, 20, 1, -24),
    g(853, 19, 24, 21, 1, -24),
    g(925, 17, 24, 21, 2, -24),
    g(997, 17, 24, 21, 2, -24),
    g(1069, 17, 24, 19, 1, -24),
    g(1141, 18, 24, 22, 2, -24),
    g(1213, 17, 24, 21, 2, -24),
    g(1285, 5, 18, 7, 1, -18),
    g(1303, 5, 22, 7, 1, -18),
    g(1325, 17, 18, 19, 1, -18),
    g(1379, 18, 10, 22, 2, -14),
    g(1409, 17, 18, 19, 1, -18),
    g(1463, 16, 24, 18, 1, -24),
    g(1511, 24, 25, 27, 1, -22),
    g(1586, 22, 24, 23, 0, -24),
    g(1658, 18, 24, 21, 2, -24),
    g(1730, 20, 24, 22, 1, -24),
    g(1802, 20, 24, 23, 2, -24),
    g(1874, 17, 24, 20, 2, -24),
    g(1946, 16, 24, 19, 2, -24),
    g(1994, 21, 24, 24, 1, -24),
    g(2066, 19, 24, 23, 2, -24),
    g(2138, 11, 24, 15, 2, -24),
    g(2186, 16, 24, 18, 0, -24),
    g(2234, 19, 24, 22, 2, -24),
    g(2306, 16, 24, 19, 2, -24),
    g(2354, 24, 24, 28, 2, -24),
    g(2426, 20, 24, 24, 2, -24),
    g(2498, 23, 24, 25, 1, -24),
    g(2570, 18, 24, 21, 2, -24),
    g(2642, 25, 25, 26, 1, -24),
    g(2742, 19, 24, 21, 2, -24),
    g(2814, 18, 24, 21, 2, -24),
    g(2886, 19, 24, 21, 1, -24),
    g(2958, 19, 24, 23, 2, -24),
    g(3030, 21, 24, 21, 0, -24),
    g(3102, 29, 24, 30, 1, -24),
    g(3198, 21, 24, 23, 1, -24),
    g(3270, 20, 24, 21, 1, -24),
    g(3342, 19, 24, 21, 1, -24),
    g(3414, 8, 31, 11, 2, -25),
    g(3445, 12, 29, 14, 1, -25),
    g(3503, 9, 31, 12, 1, -25),
    g(3565, 16, 13, 20, 2, -24),
    g(3591, 14, 3, 14, 0, 0),
    g(3597, 6, 5, 9, 1, -25),
    g(3602, 17, 18, 19, 1, -18),
    g(3656, 17, 25, 20, 2, -25),
    g(3731, 15, 18, 17, 1, -18),
    g(3767, 17, 25, 20, 1, -25),
    g(3842, 17, 18, 19, 1, -18),
    g(3896, 10, 25, 12, 1, -25),
    g(3946, 17, 25, 20, 1, -18),
    g(4021, 15, 25, 19, 2, -25),
    g(4071, 7, 26, 9, 0, -26),
    g(4097, 10, 32, 9, -3, -26),
    g(4161, 16, 25, 18, 2, -25),
    g(4211, 7, 25, 10, 2, -25),
    g(4236, 26, 18, 30, 2, -18),
    g(4308, 15, 18, 19, 2, -18),
    g(4344, 17, 18, 19, 1, -18),
    g(4398, 17, 24, 20, 2, -18),
    g(4470, 22, 24, 21, 1, -18),
    g(4542, 10, 18, 13, 2, -18),
    g(4578, 15, 18, 17, 1, -18),
    g(4614, 10, 22, 12, 1, -22),
    g(4658, 15, 18, 19, 2, -18),
    g(4694, 17, 18, 17, 0, -18),
    g(4748, 23, 18, 25, 1, -18),
    g(4802, 16, 18, 18, 1, -18),
    g(4838, 16, 24, 17, 0, -18),
    g(4886, 15, 18, 17, 1, -18),
    g(4922, 11, 31, 13, 1, -25),
    g(4984, 4, 36, 8, 2, -30),
    g(5020, 11, 31, 13, 1, -25),
    g(5082, 17, 7, 19, 1, -12),
];
const ATKINSON_NEXT_XXXLARGE_EXTRA: [(char, Glyph); 123] = [
    ('\u{a0}', g(0, 0, 0, 10, 0, 0)),
    ('\u{a1}', g(5103, 5, 24, 9, 2, -18)),
    ('\u{a2}', g(5127, 15, 24, 17, 1, -21)),
    ('\u{a3}', g(5175, 18, 24, 23, 3, -24)),
    ('\u{a4}', g(5247, 17, 17, 21, 2, -20)),
    ('\u{a5}', g(5298, 20, 24, 22, 1, -24)),
    ('\u{a6}', g(5370, 4, 36, 8, 2, -30)),
    ('\u{a7}', g(5406, 17, 30, 19, 1, -24)),
    ('\u{a8}', g(5496, 11, 4, 13, 1, -25)),
    ('\u{a9}', g(5504, 24, 25, 28, 2, -25)),
    ('\u{aa}', g(5579, 9, 10, 13, 2, -24)),
    ('\u{ab}', g(5599, 17, 15, 21, 2, -16)),
    ('\u{ac}', g(5644, 18, 11, 22, 2, -14)),
    ('\u{ad}', g(0, 0, 0, 0, 0, 0)),
    ('\u{ae}', g(5677, 24, 25, 28, 2, -25)),
    ('\u{af}', g(5752, 10, 3, 12, 1, -24)),
    ('\u{b0}', g(5758, 10, 10, 12, 1, -24)),
    ('\u{b1}', g(5778, 17, 18, 21, 2, -18)),
    ('\u{b2}', g(5832, 10, 14, 14, 2, -28)),
    ('\u{b3}', g(5860, 10, 14, 14, 2, -28)),
    ('\u{b4}', g(5888, 6, 5, 9, 2, -25)),
    ('\u{b5}', g(5893, 17, 23, 20, 2, -17)),
    ('\u{b6}', g(5962, 16, 30, 18, 1, -24)),
    ('\u{b7}', g(6022, 5, 5, 9, 2, -11)),
    ('\u{b8}', g(6027, 6, 7, 10, 2, 0)),
    ('\u{b9}', g(6034, 6, 14, 10, 2, -28)),
    ('\u{ba}', g(6048, 10, 10, 14, 2, -24)),
    ('\u{bb}', g(6068, 17, 15, 21, 2, -16)),
    ('\u{bc}', g(6113, 25, 24, 29, 2, -24)),
    ('\u{bd}', g(6209, 25, 24, 29, 2, -24)),
    ('\u{be}', g(6305, 27, 24, 31, 2, -24)),
    ('\u{bf}', g(6401, 16, 24, 17, 1, -18)),
    ('\u{c0}', g(6449, 22, 31, 23, 0, -31)),
    ('\u{c1}', g(6542, 22, 31, 23, 0, -31)),
    ('\u{c2}', g(6635, 22, 31, 23, 0, -31)),
    ('\u{c3}', g(6728, 22, 30, 23, 0, -30)),
    ('\u{c4}', g(6818, 22, 30, 23, 0, -30)),
    ('\u{c5}', g(6908, 22, 30, 22, 0, -30)),
    ('\u{c6}', g(6998, 31, 24, 32, 0, -24)),
    ('\u{c7}', g(7094, 20, 30, 22, 1, -24)),
    ('\u{c8}', g(7184, 17, 31, 20, 2, -31)),
    ('\u{c9}', g(7277, 17, 31, 20, 2, -31)),
    ('\u{ca}', g(7370, 17, 31, 20, 2, -31)),
    ('\u{cb}', g(7463, 17, 30, 20, 2, -30)),
    ('\u{cc}', g(7553, 11, 31, 15, 2, -31)),
    ('\u{cd}', g(7615, 11, 31, 15, 2, -31)),
    ('\u{ce}', g(7677, 11, 31, 15, 2, -31)),
    ('\u{cf}', g(7739, 11, 30, 15, 2, -30)),
    ('\u{d0}', g(7799, 22, 24, 24, 1, -24)),
    ('\u{d1}', g(7871, 20, 30, 24, 2, -30)),
    ('\u{d2}', g(7961, 23, 32, 25, 1, -32)),
    ('\u{d3}', g(8057, 23, 32, 25, 1, -32)),
    ('\u{d4}', g(8153, 23, 32, 25, 1, -32)),
    ('\u{d5}', g(8249, 23, 30, 25, 1, -30)),
    ('\u{d6}', g(8339, 23, 31, 25, 1, -31)),
    ('\u{d7}', g(8432, 15, 15, 19, 2, -16)),
    ('\u{d8}', g(8462, 23, 24, 25, 1, -24)),
    ('\u{d9}', g(8534, 19, 32, 23, 2, -32)),
    ('\u{da}', g(8630, 19, 32, 23, 2, -32)),
    ('\u{db}', g(8726, 19, 32, 23, 2, -32)),
    ('\u{dc}', g(8822, 19, 31, 23, 2, -31)),
    ('\u{dd}', g(8915, 20, 31, 21, 1, -31)),
    ('\u{de}', g(9008, 18, 24, 21, 2, -24)),
    ('\u{df}', g(9080, 17, 24, 20, 2, -24)),
    ('\u{e0}', g(9152, 17, 25, 19, 1, -25)),
    ('\u{e1}', g(9227, 17, 25, 19, 1, -25)),
    ('\u{e2}', g(9302, 17, 25, 19, 1, -25)),
    ('\u{e3}', g(9377, 17, 24, 19, 1, -24)),
    ('\u{e4}', g(9449, 17, 25, 19, 1, -25)),
    ('\u{e5}', g(9524, 17, 28, 19, 1, -28)),
    ('\u{e6}', g(9608, 29, 18, 30, 1, -18)),
    ('\u{e7}', g(9680, 16, 25, 17, 1, -18)),
    ('\u{e8}', g(9730, 17, 25, 19, 1, -25)),
    ('\u{e9}', g(9805, 17, 25, 19, 1, -25)),
    ('\u{ea}', g(9880, 17, 25, 19, 1, -25)),
    ('\u{eb}', g(9955, 17, 25, 19, 1, -25)),
    ('\u{ec}', g(10030, 7, 25, 10, 1, -25)),
    ('\u{ed}', g(10055, 10, 25, 9, 0, -25)),
    ('\u{ee}', g(10105, 11, 25, 9, -1, -25)),
    ('\u{ef}', g(10155, 11, 25, 10, 0, -25)),
    ('\u{f0}', g(10205, 17, 25, 20, 1, -25)),
    ('\u{f1}', g(10280, 15, 24, 19, 2, -24)),
    ('\u{f2}', g(10328, 17, 25, 19, 1, -25)),
    ('\u{f3}', g(10403, 17, 25, 19, 1, -25)),
    ('\u{f4}', g(10478, 17, 25, 19, 1, -25)),
    ('\u{f5}', g(10553, 17, 24, 19, 1, -24)),
    ('\u{f6}', g(10625, 17, 25, 19, 1, -25)),
    ('\u{f7}', g(10700, 18, 18, 22, 2, -18)),
    ('\u{f8}', g(10754, 17, 18, 19, 1, -18)),
    ('\u{f9}', g(10808, 15, 25, 19, 2, -25)),
    ('\u{fa}', g(10858, 15, 25, 19, 2, -25)),
    ('\u{fb}', g(10908, 15, 25, 19, 2, -25)),
    ('\u{fc}', g(10958, 15, 25, 19, 2, -25)),
    ('\u{fd}', g(11008, 17, 31, 17, 0, -25)),
    ('\u{fe}', g(11101, 17, 31, 20, 2, -25)),
    ('\u{ff}', g(11194, 16, 31, 17, 0, -25)),
    ('\u{152}', g(11256, 32, 24, 34, 1, -24)),
    ('\u{153}', g(11352, 30, 18, 32, 1, -18)),
    ('\u{160}', g(11424, 18, 31, 21, 2, -31)),
    ('\u{161}', g(11517, 15, 25, 17, 1, -25)),
    ('\u{178}', g(11567, 21, 30, 21, 0, -30)),
    ('\u{17d}', g(11657, 19, 31, 21, 1, -31)),
    ('\u{17e}', g(11750, 15, 25, 17, 1, -25)),
    ('\u{192}', g(11800, 10, 31, 12, 1, -25)),
    ('\u{2c6}', g(11862, 11, 5, 15, 2, -25)),
    ('\u{2dc}', g(11872, 12, 4, 15, 1, -24)),
    ('\u{2013}', g(11880, 14, 3, 18, 2, -10)),
    ('\u{2014}', g(11886, 26, 3, 30, 2, -10)),
    ('\u{2018}', g(11898, 5, 10, 9, 2, -24)),
    ('\u{2019}', g(11908, 5, 10, 9, 2, -24)),
    ('\u{201a}', g(11918, 5, 10, 9, 2, -5)),
    ('\u{201c}', g(11928, 12, 10, 16, 2, -24)),
    ('\u{201d}', g(11948, 12, 10, 16, 2, -24)),
    ('\u{201e}', g(11968, 12, 10, 16, 2, -5)),
    ('\u{2020}', g(11988, 17, 24, 19, 1, -24)),
    ('\u{2021}', g(12060, 17, 24, 19, 1, -24)),
    ('\u{2022}', g(12132, 12, 12, 16, 2, -15)),
    ('\u{2026}', g(12156, 23, 5, 25, 1, -5)),
    ('\u{2030}', g(12171, 45, 24, 47, 1, -24)),
    ('\u{2039}', g(12315, 9, 15, 13, 2, -16)),
    ('\u{203a}', g(12345, 9, 15, 13, 2, -16)),
    ('\u{20ac}', g(12375, 22, 24, 23, 0, -24)),
    ('\u{2122}', g(12447, 28, 13, 32, 1, -23)),
];
const ATKINSON_NEXT_XXXLARGE_BITMAP: [u8; 12499] = [
    0x78, 0x78, 0x78, 0x78, 0x78, 0x78, 0x78, 0x78, 0x78, 0x78, 0x78, 0x78, 0x78, 0x70, 0x30, 0x30,
    0x00, 0x00, 0x00, 0x70, 0xF8, 0xF8, 0xF8, 0x70, 0xE7, 0xE7, 0xE7, 0xE7, 0xE7, 0xE7, 0xE7, 0xE7,
    0x01, 0xE1, 0xE0, 0x01, 0xE1, 0xE0, 0x01, 0xC1, 0xC0, 0x01, 0xC3, 0xC0, 0x03, 0xC3, 0xC0, 0x03,
    0xC3, 0xC0, 0x3F, 0xFF, 0xFC, 0x3F, 0xFF, 0xFC, 0x7F, 0xFF, 0xFC, 0x03, 0x83, 0xC0, 0x03, 0x83,
    0x80, 0x07, 0x87, 0x80, 0x07, 0x87, 0x80, 0x07, 0x87, 0x80, 0x07, 0x87, 0x80, 0xFF, 0xFF, 0xF8,
    0xFF, 0xFF, 0xF8, 0xFF, 0xFF, 0xF8, 0x0F, 0x0F, 0x00, 0x0F, 0x0F, 0x00, 0x0F, 0x0F, 0x00, 0x0F,
    0x0F, 0x00, 0x0F, 0x0F, 0x00, 0x0E, 0x0F, 0x00, 0x00, 0xC0, 0x00, 0x00, 0xC0, 0x00, 0x00, 0xC0,
    0x00, 0x07, 0xF8, 0x00, 0x1F, 0xFE, 0x00, 0x3F, 0xFF, 0x00, 0x7E, 0xDF, 0x80, 0xF8, 0xC7, 0x80,
    0xF0, 0xC6, 0x00, 0xF0, 0xC0, 0x00, 0xF0, 0xC0, 0x00, 0xF8, 0xC0, 0x00, 0x7F, 0xC0, 0x00, 0x7F,
    0xF0, 0x00, 0x1F, 0xFE, 0x00, 0x07, 0xFF, 0x00, 0x00, 0xFF, 0x80, 0x00, 0xCF, 0xC0, 0x00, 0xC7,
    0xC0, 0x00, 0xC3, 0xC0, 0x20, 0xC3, 0xC0, 0xF0, 0xC3, 0xC0, 0xF8, 0xC7, 0xC0, 0xFE, 0xCF, 0x80,
    0x7F, 0xFF, 0x00, 0x3F, 0xFE, 0x00, 0x0F, 0xF8, 0x00, 0x00, 0xC0, 0x00, 0x00, 0xC0, 0x00, 0x00,
    0xC0, 0x00, 0x0F, 0x80, 0x07, 0x80, 0x3F, 0xE0, 0x07, 0x00, 0x7F, 0xF0, 0x0E, 0x00, 0x78, 0xF0,
    0x1E, 0x00, 0xF0, 0x78, 0x1C, 0x00, 0xE0, 0x38, 0x38, 0x00, 0xE0, 0x38, 0x78, 0x00, 0xE0, 0x38,
    0x70, 0x00, 0xF0, 0x78, 0xE0, 0x00, 0x78, 0xF1, 0xE0, 0x00, 0x7F, 0xF1, 0xC0, 0x00, 0x3F, 0xE3,
    0x87, 0xE0, 0x0F, 0x87, 0x8F, 0xF0, 0x00, 0x0F, 0x1F, 0xF8, 0x00, 0x0E, 0x1E, 0x78, 0x00, 0x1E,
    0x3C, 0x3C, 0x00, 0x3C, 0x38, 0x1C, 0x00, 0x38, 0x38, 0x1C, 0x00, 0x78, 0x38, 0x1C, 0x00, 0xF0,
    0x3C, 0x3C, 0x00, 0xE0, 0x1E, 0x78, 0x01, 0xE0, 0x1F, 0xF8, 0x03, 0xC0, 0x0F, 0xF0, 0x07, 0x80,
    0x03, 0xC0, 0x01, 0xF8, 0x00, 0x07, 0xFE, 0x00, 0x0F, 0xFF, 0x00, 0x1F, 0x9F, 0x80, 0x1E, 0x0F,
    0x80, 0x1E, 0x07, 0x80, 0x1E, 0x07, 0x80, 0x0F, 0x0F, 0x00, 0x0F, 0x9F, 0x00, 0x07, 0xFC, 0x00,
    0x07, 0xF8, 0x00, 0x1F, 0xF0, 0x38, 0x3F, 0xF8, 0x78, 0x7C, 0x7C, 0x78, 0xF8, 0x3E, 0x78, 0xF0,
    0x1F, 0xF0, 0xF0, 0x0F, 0xF0, 0xF0, 0x07, 0xE0, 0xF0, 0x07, 0xE0, 0xF8, 0x0F, 0xF0, 0x7E, 0x3F,
    0xF8, 0x3F, 0xFF, 0x7C, 0x1F, 0xFC, 0x3E, 0x07, 0xF0, 0x3E, 0xE0, 0xE0, 0xE0, 0xE0, 0xE0, 0xE0,
    0xE0, 0xE0, 0x0F, 0x0F, 0x1E, 0x1E, 0x3C, 0x3C, 0x7C, 0x78, 0x78, 0x78, 0xF8, 0xF0, 0xF0, 0xF0,
    0xF0, 0xF0, 0xF0, 0xF0, 0xF0, 0xF0, 0xF8, 0x78, 0x78, 0x78, 0x7C, 0x3C, 0x3C, 0x1E, 0x1E, 0x0F,
    0x0F, 0xE0, 0xF0, 0x78, 0x78, 0x3C, 0x3C, 0x3C, 0x1E, 0x1E, 0x1E, 0x1F, 0x0F, 0x0F, 0x0F, 0x0F,
    0x0F, 0x0F, 0x0F, 0x0F, 0x0F, 0x1F, 0x1E, 0x1E, 0x1E, 0x3C, 0x3C, 0x3C, 0x78, 0x78, 0xF0, 0xE0,
    0x06, 0x00, 0x06, 0x00, 0x06, 0x00, 0x46, 0x30, 0xFF, 0xF0, 0xFF, 0xF0, 0x1F, 0x80, 0x0F, 0x00,
    0x1F, 0x80, 0x39, 0xC0, 0x39, 0xC0, 0x10, 0x80, 0x01, 0xE0, 0x00, 0x01, 0xE0, 0x00, 0x01, 0xE0,
    0x00, 0x01, 0xE0, 0x00, 0x01, 0xE0, 0x00, 0x01, 0xE0, 0x00, 0x01, 0xE0, 0x00, 0x01, 0xE0, 0x00,
    0xFF, 0xFF, 0xC0, 0xFF, 0xFF, 0xC0, 0xFF, 0xFF, 0xC0, 0x01, 0xE0, 0x00, 0x01, 0xE0, 0x00, 0x01,
    0xE0, 0x00, 0x01, 0xE0, 0x00, 0x01, 0xE0, 0x00, 0x01, 0xE0, 0x00, 0x01, 0xE0, 0x00, 0x70, 0xF8,
    0xF8, 0xF8, 0x78, 0x30, 0x30, 0x70, 0x60, 0xE0, 0xFF, 0xE0, 0xFF, 0xE0, 0xFF, 0xE0, 0x70, 0xF8,
    0xF8, 0xF8, 0x70, 0x00, 0x78, 0x00, 0xF0, 0x00, 0xF0, 0x00, 0xF0, 0x01, 0xE0, 0x01, 0xE0, 0x01,
    0xE0, 0x03, 0xC0, 0x03, 0xC0, 0x03, 0xC0, 0x07, 0x80, 0x07, 0x80, 0x07, 0x80, 0x0F, 0x00, 0x0F,
    0x00, 0x0F, 0x00, 0x1E, 0x00, 0x1E, 0x00, 0x1E, 0x00, 0x3C, 0x00, 0x3C, 0x00, 0x3C, 0x00, 0x38,
    0x00, 0x78, 0x00, 0x78, 0x00, 0x70, 0x00, 0xF0, 0x00, 0xF0, 0x00, 0xE0, 0x00, 0x03, 0xF8, 0x00,
    0x0F, 0xFE, 0x00, 0x1F, 0xFF, 0x00, 0x3F, 0x1F, 0x80, 0x7C, 0x07, 0xC0, 0x7E, 0x03, 0xC0, 0x7E,
    0x03, 0xC0, 0xFF, 0x03, 0xE0, 0xF7, 0x81, 0xE0, 0xF3, 0xC1, 0xE0, 0xF1, 0xC1, 0xE0, 0xF0, 0xE1,
    0xE0, 0xF0, 0xF1, 0xE0, 0xF0, 0x71, 0xE0, 0xF0, 0x39, 0xE0, 0xF0, 0x3D, 0xE0, 0xF8, 0x1F, 0xE0,
    0x78, 0x0F, 0xC0, 0x78, 0x07, 0xC0, 0x7C, 0x07, 0xC0, 0x3F, 0x1F, 0x80, 0x1F, 0xFF, 0x00, 0x0F,
    0xFE, 0x00, 0x03, 0xF8, 0x00, 0x01, 0xC0, 0x03, 0xC0, 0x07, 0xC0, 0x1F, 0xC0, 0xFF, 0xC0, 0xFF,
    0xC0, 0xFF, 0xC0, 0x03, 0xC0, 0x03, 0xC0, 0x03, 0xC0, 0x03, 0xC0, 0x03, 0xC0, 0x03, 0xC0, 0x03,
    0xC0, 0x03, 0xC0, 0x03, 0xC0, 0x03, 0xC0, 0x03, 0xC0, 0x03, 0xC0, 0x03, 0xC0, 0x03, 0xC0, 0x03,
    0xC0, 0x03, 0xC0, 0x03, 0xC0, 0x03, 0xF8, 0x00, 0x0F, 0xFE, 0x00, 0x1F, 0xFF, 0x00, 0x3F, 0x3F,
    0x00, 0x7C, 0x0F, 0x80, 0x78, 0x07, 0x80, 0x18, 0x07, 0x80, 0x00, 0x07, 0x80, 0x00, 0x07, 0x80,
    0x00, 0x0F, 0x80, 0x00, 0x0F, 0x00, 0x00, 0x1F, 0x00, 0x00, 0x3E, 0x00, 0x00, 0x7C, 0x00, 0x00,
    0xF8, 0x00, 0x01, 0xF0, 0x00, 0x03, 0xE0, 0x00, 0x0F, 0xC0, 0x00, 0x1F, 0x00, 0x00, 0x3E, 0x00,
    0x00, 0xFC, 0x00, 0x00, 0xFF, 0xFF, 0x80, 0xFF, 0xFF, 0x80, 0xFF, 0xFF, 0x80, 0x07, 0xF8, 0x00,
    0x1F, 0xFE, 0x00, 0x3F, 0xFF, 0x00, 0x7E, 0x3F, 0x00, 0x78, 0x0F, 0x80, 0x78, 0x07, 0x80, 0x00,
    0x07, 0x80, 0x00, 0x07, 0x80, 0x00, 0x0F, 0x00, 0x00, 0x3F, 0x00, 0x03, 0xFE, 0x00, 0x03, 0xFC,
    0x00, 0x03, 0xFE, 0x00, 0x00, 0x3F, 0x00, 0x00, 0x0F, 0x80, 0x00, 0x07, 0x80, 0x00, 0x07, 0x80,
    0x10, 0x07, 0x80, 0xF0, 0x07, 0x80, 0x78, 0x0F, 0x80, 0x7E, 0x3F, 0x00, 0x3F, 0xFE, 0x00, 0x1F,
    0xFC, 0x00, 0x07, 0xF0, 0x00, 0x00, 0x1E, 0x00, 0x00, 0x3E, 0x00, 0x00, 0x7E, 0x00, 0x00, 0xFE,
    0x00, 0x00, 0xFE, 0x00, 0x01, 0xFE, 0x00, 0x03, 0xDE, 0x00, 0x07, 0xDE, 0x00, 0x07, 0x9E, 0x00,
    0x0F, 0x1E, 0x00, 0x1E, 0x1E, 0x00, 0x1E, 0x1E, 0x00, 0x3C, 0x1E, 0x00, 0x78, 0x1E, 0x00, 0xF0,
    0x1E, 0x00, 0xFF, 0xFF, 0xE0, 0xFF, 0xFF, 0xE0, 0xFF, 0xFF, 0xE0, 0x00, 0x1E, 0x00, 0x00, 0x1E,
    0x00, 0x00, 0x1E, 0x00, 0x00, 0x1E, 0x00, 0x00, 0x1E, 0x00, 0x00, 0x1E, 0x00, 0x3F, 0xFF, 0x00,
    0x7F, 0xFF, 0x00, 0x7F, 0xFF, 0x00, 0x78, 0x00, 0x00, 0x78, 0x00, 0x00, 0x78, 0x00, 0x00, 0x78,
    0x00, 0x00, 0x70, 0x00, 0x00, 0x73, 0xF0, 0x00, 0x7F, 0xFC, 0x00, 0xFF, 0xFE, 0x00, 0xFC, 0x3F,
    0x00, 0x78, 0x0F, 0x00, 0x00, 0x0F, 0x80, 0x00, 0x07, 0x80, 0x00, 0x07, 0x80, 0x00, 0x07, 0x80,
    0x20, 0x07, 0x80, 0xF0, 0x0F, 0x80, 0xF8, 0x1F, 0x00, 0x7C, 0x3F, 0x00, 0x3F, 0xFE, 0x00, 0x1F,
    0xFC, 0x00, 0x07, 0xF0, 0x00, 0x03, 0xF8, 0x00, 0x0F, 0xFC, 0x00, 0x1F, 0xFE, 0x00, 0x3E, 0x3F,
    0x00, 0x3C, 0x0C, 0x00, 0x78, 0x00, 0x00, 0x78, 0x00, 0x00, 0x70, 0x00, 0x00, 0xF3, 0xF8, 0x00,
    0xF7, 0xFC, 0x00, 0xFF, 0xFE, 0x00, 0xFE, 0x3F, 0x00, 0xF8, 0x0F, 0x00, 0xF8, 0x0F, 0x80, 0xF0,
    0x07, 0x80, 0xF0, 0x07, 0x80, 0xF0, 0x07, 0x80, 0xF0, 0x07, 0x80, 0x78, 0x0F, 0x80, 0x78, 0x0F,
    0x00, 0x3E, 0x3F, 0x00, 0x3F, 0xFE, 0x00, 0x0F, 0xFC, 0x00, 0x07, 0xF0, 0x00, 0xFF, 0xFF, 0x80,
    0xFF, 0xFF, 0x80, 0xFF, 0xFF, 0x80, 0x00, 0x0F, 0x80, 0x00, 0x0F, 0x00, 0x00, 0x0F, 0x00, 0x00,
    0x1F, 0x00, 0x00, 0x1E, 0x00, 0x00, 0x3E, 0x00, 0x00, 0x3C, 0x00, 0x00, 0x7C, 0x00, 0x00, 0x78,
    0x00, 0x00, 0xF8, 0x00, 0x00, 0xF0, 0x00, 0x01, 0xF0, 0x00, 0x01, 0xE0, 0x00, 0x03, 0xE0, 0x00,
    0x03, 0xC0, 0x00, 0x07, 0xC0, 0x00, 0x07, 0x80, 0x00, 0x0F, 0x80, 0x00, 0x0F, 0x80, 0x00, 0x1F,
    0x00, 0x00, 0x1F, 0x00, 0x00, 0x03, 0xF0, 0x00, 0x07, 0xF8, 0x00, 0x0F, 0xFC, 0x00, 0x1F, 0x3E,
    0x00, 0x1E, 0x1E, 0x00, 0x1C, 0x0E, 0x00, 0x1C, 0x0E, 0x00, 0x1E, 0x1E, 0x00, 0x1F, 0x3E, 0x00,
    0x0F, 0xFC, 0x00, 0x1F, 0xFC, 0x00, 0x3F, 0xFF, 0x00, 0x7E, 0x1F, 0x80, 0x78, 0x07, 0x80, 0xF8,
    0x07, 0xC0, 0xF0, 0x03, 0xC0, 0xF0, 0x03, 0xC0, 0xF0, 0x03, 0xC0, 0xF8, 0x07, 0xC0, 0xF8, 0x07,
    0x80, 0x7E, 0x1F, 0x80, 0x3F, 0xFF, 0x00, 0x1F, 0xFE, 0x00, 0x07, 0xF8, 0x00, 0x07, 0xF0, 0x00,
    0x0F, 0xF8, 0x00, 0x3F, 0xFE, 0x00, 0x3E, 0x3E, 0x00, 0x78, 0x1F, 0x00, 0xF8, 0x0F, 0x80, 0xF0,
    0x07, 0x80, 0xF0, 0x07, 0x80, 0xF0, 0x07, 0x80, 0xF0, 0x07, 0x80, 0xF8, 0x0F, 0x80, 0x78, 0x0F,
    0x00, 0x7E, 0x3F, 0x00, 0x3F, 0xFF, 0x00, 0x1F, 0xFE, 0x00, 0x0F, 0xFE, 0x00, 0x03, 0xFC, 0x00,
    0x00, 0x78, 0x00, 0x00, 0xF8, 0x00, 0x00, 0xF0, 0x00, 0x01, 0xF0, 0x00, 0x01, 0xE0, 0x00, 0x03,
    0xC0, 0x00, 0x03, 0xC0, 0x00, 0x70, 0xF8, 0xF8, 0xF8, 0x70, 0x00, 0x00, 0x00, 0x00, 0x00, 0x00,
    0x00, 0x00, 0x70, 0xF8, 0xF8, 0xF8, 0x70, 0x70, 0xF8, 0xF8, 0xF8, 0x70, 0x00, 0x00, 0x00, 0x00,
    0x00, 0x00, 0x00, 0x70, 0xF8, 0xF8, 0xF8, 0x78, 0x30, 0x30, 0x70, 0x60, 0xE0, 0x00, 0x00, 0x80,
    0x00, 0x03, 0x80, 0x00, 0x1F, 0x80, 0x00, 0x7F, 0x80, 0x01, 0xFF, 0x00, 0x07, 0xFC, 0x00, 0x1F,
    0xE0, 0x00, 0xFF, 0x80, 0x00, 0xFC, 0x00, 0x00, 0xFC, 0x00, 0x00, 0xFF, 0x00, 0x00, 0x3F, 0xC0,
    0x00, 0x0F, 0xF8, 0x00, 0x03, 0xFE, 0x00, 0x00, 0x7F, 0x80, 0x00, 0x1F, 0x80, 0x00, 0x07, 0x80,
    0x00, 0x01, 0x80, 0xFF, 0xFF, 0xC0, 0xFF, 0xFF, 0xC0, 0xFF, 0xFF, 0xC0, 0x00, 0x00, 0x00, 0x00,
    0x00, 0x00, 0x00, 0x00, 0x00, 0x00, 0x00, 0x00, 0xFF, 0xFF, 0xC0, 0xFF, 0xFF, 0xC0, 0xFF, 0xFF,
    0xC0, 0x80, 0x00, 0x00, 0xE0, 0x00, 0x00, 0xFC, 0x00, 0x00, 0xFF, 0x00, 0x00, 0x7F, 0xC0, 0x00,
    0x1F, 0xF0, 0x00, 0x03, 0xFC, 0x00, 0x00, 0xFF, 0x80, 0x00, 0x1F, 0x80, 0x00, 0x1F, 0x80, 0x00,
    0x7F, 0x80, 0x01, 0xFE, 0x00, 0x0F, 0xF8, 0x00, 0x3F, 0xE0, 0x00, 0xFF, 0x00, 0x00, 0xFC, 0x00,
    0x00, 0xF0, 0x00, 0x00, 0xC0, 0x00, 0x00, 0x0F, 0xF0, 0x3F, 0xFC, 0x7F, 0xFE, 0xFC, 0x3F, 0xF0,
    0x1F, 0xF0, 0x0F, 0x00, 0x0F, 0x00, 0x0F, 0x00, 0x1E, 0x00, 0x7E, 0x00, 0xFC, 0x01, 0xF8, 0x03,
    0xE0, 0x07, 0xC0, 0x07, 0x80, 0x07, 0x80, 0x07, 0x80, 0x00, 0x00, 0x00, 0x00, 0x07, 0x00, 0x0F,
    0x80, 0x0F, 0x80, 0x0F, 0x80, 0x07, 0x00, 0x00, 0x7F, 0x00, 0x03, 0xFF, 0xC0, 0x07, 0xC3, 0xF0,
    0x0E, 0x00, 0x78, 0x1C, 0x00, 0x1C, 0x38, 0x00, 0x0E, 0x70, 0x3F, 0x0E, 0x70, 0xFF, 0x87, 0x61,
    0xFF, 0x87, 0xE1, 0xE3, 0x83, 0xC3, 0xC3, 0x83, 0xC3, 0x83, 0x83, 0xC3, 0x83, 0x83, 0xC3, 0x83,
    0x83, 0xC3, 0x83, 0x87, 0xE3, 0xC7, 0x87, 0x61, 0xEF, 0xCE, 0x61, 0xFF, 0xFC, 0x70, 0x7C, 0xF8,
    0x38, 0x00, 0x00, 0x1C, 0x00, 0x00, 0x0E, 0x00, 0x00, 0x07, 0xC3, 0x80, 0x03, 0xFF, 0x80, 0x00,
    0x7F, 0x00, 0x00, 0x7C, 0x00, 0x00, 0xFC, 0x00, 0x00, 0xFE, 0x00, 0x00, 0xFE, 0x00, 0x01, 0xFE,
    0x00, 0x01, 0xEF, 0x00, 0x01, 0xEF, 0x00, 0x03, 0xCF, 0x00, 0x03, 0xC7, 0x80, 0x07, 0xC7, 0x80,
    0x07, 0x87, 0xC0, 0x07, 0x83, 0xC0, 0x0F, 0x83, 0xC0, 0x0F, 0x03, 0xE0, 0x0F, 0x01, 0xE0, 0x1F,
    0x01, 0xE0, 0x1F, 0xFF, 0xF0, 0x1F, 0xFF, 0xF0, 0x3F, 0xFF, 0xF0, 0x3C, 0x00, 0xF8, 0x7C, 0x00,
    0x78, 0x7C, 0x00, 0x7C, 0x78, 0x00, 0x7C, 0xF8, 0x00, 0x3C, 0xFF, 0xF8, 0x00, 0xFF, 0xFE, 0x00,
    0xFF, 0xFF, 0x00, 0xF0, 0x1F, 0x00, 0xF0, 0x0F, 0x80, 0xF0, 0x07, 0x80, 0xF0, 0x07, 0x80, 0xF0,
    0x07, 0x80, 0xF0, 0x0F, 0x80, 0xF0, 0x1F, 0x00, 0xFF, 0xFE, 0x00, 0xFF, 0xFE, 0x00, 0xFF, 0xFF,
    0x00, 0xF0, 0x0F, 0x80, 0xF0, 0x07, 0xC0, 0xF0, 0x03, 0xC0, 0xF0, 0x03, 0xC0, 0xF0, 0x03, 0xC0,
    0xF0, 0x03, 0xC0, 0xF0, 0x07, 0xC0, 0xF0, 0x1F, 0x80, 0xFF, 0xFF, 0x00, 0xFF, 0xFE, 0x00, 0xFF,
    0xF8, 0x00, 0x01, 0xFE, 0x00, 0x07, 0xFF, 0x80, 0x0F, 0xFF, 0xC0, 0x1F, 0x87, 0xE0, 0x3E, 0x01,
    0xF0, 0x7C, 0x00, 0xE0, 0x78, 0x00, 0x00, 0x78, 0x00, 0x00, 0xF8, 0x00, 0x00, 0xF0, 0x00, 0x00,
    0xF0, 0x00, 0x00, 0xF0, 0x00, 0x00, 0xF0, 0x00, 0x00, 0xF0, 0x00, 0x00, 0xF0, 0x00, 0x00, 0xF8,
    0x00, 0x00, 0x78, 0x00, 0x00, 0x78, 0x00, 0x00, 0x7C, 0x00, 0xE0, 0x3E, 0x01, 0xF0, 0x1F, 0x87,
    0xE0, 0x0F, 0xFF, 0xC0, 0x07, 0xFF, 0x80, 0x01, 0xFE, 0x00, 0xFF, 0xF0, 0x00, 0xFF, 0xFE, 0x00,
    0xFF, 0xFF, 0x00, 0xF0, 0x3F, 0x80, 0xF0, 0x07, 0xC0, 0xF0, 0x03, 0xE0, 0xF0, 0x01, 0xE0, 0xF0,
    0x01, 0xE0, 0xF0, 0x01, 0xF0, 0xF0, 0x00, 0xF0, 0xF0, 0x00, 0xF0, 0xF0, 0x00, 0xF0, 0xF0, 0x00,
    0xF0, 0xF0, 0x00, 0xF0, 0xF0, 0x00, 0xF0, 0xF0, 0x01, 0xF0, 0xF0, 0x01, 0xE0, 0xF0, 0x01, 0xE0,
    0xF0, 0x03, 0xE0, 0xF0, 0x07, 0xC0, 0xF0, 0x3F, 0x80, 0xFF, 0xFF, 0x00, 0xFF, 0xFE, 0x00, 0xFF,
    0xF0, 0x00, 0xFF, 0xFF, 0x80, 0xFF, 0xFF, 0x80, 0xFF, 0xFF, 0x80, 0xF0, 0x00, 0x00, 0xF0, 0x00,
    0x00, 0xF0, 0x00, 0x00, 0xF0, 0x00, 0x00, 0xF0, 0x00, 0x00, 0xF0, 0x00, 0x00, 0xF0, 0x00, 0x00,
    0xFF, 0xF8, 0x00, 0xFF, 0xF8, 0x00, 0xFF, 0xF8, 0x00, 0xF0, 0x00, 0x00, 0xF0, 0x00, 0x00, 0xF0,
    0x00, 0x00, 0xF0, 0x00, 0x00, 0xF0, 0x00, 0x00, 0xF0, 0x00, 0x00, 0xF0, 0x00, 0x00, 0xF0, 0x00,
    0x00, 0xFF, 0xFF, 0x80, 0xFF, 0xFF, 0x80, 0xFF, 0xFF, 0x80, 0xFF, 0xFF, 0xFF, 0xFF, 0xFF, 0xFF,
    0xF0, 0x00, 0xF0, 0x00, 0xF0, 0x00, 0xF0, 0x00, 0xF0, 0x00, 0xF0, 0x00, 0xF0, 0x00, 0xF0, 0x00,
    0xFF, 0xFF, 0xFF, 0xFF, 0xFF, 0xFF, 0xF0, 0x00, 0xF0, 0x00, 0xF0, 0x00, 0xF0, 0x00, 0xF0, 0x00,
    0xF0, 0x00, 0xF0, 0x00, 0xF0, 0x00, 0xF0, 0x00, 0xF0, 0x00, 0x01, 0xFE, 0x00, 0x07, 0xFF, 0x80,
    0x0F, 0xFF, 0xC0, 0x1F, 0x87, 0xE0, 0x3E, 0x01, 0xF0, 0x7C, 0x00, 0xE0, 0x78, 0x00, 0x00, 0x78,
    0x00, 0x00, 0xF8, 0x00, 0x00, 0xF0, 0x00, 0x00, 0xF0, 0x00, 0x00, 0xF0, 0x1F, 0xF8, 0xF0, 0x1F,
    0xF8, 0xF0, 0x1F, 0xF8, 0xF0, 0x00, 0x78, 0xF8, 0x00, 0x78, 0xF8, 0x00, 0x78, 0x78, 0x00, 0xF8,
    0x7C, 0x00, 0xF8, 0x3E, 0x01, 0xF8, 0x1F, 0x87, 0xF8, 0x1F, 0xFF, 0xF8, 0x07, 0xFF, 0x38, 0x01,
    0xFC, 0x38, 0xF0, 0x01, 0xE0, 0xF0, 0x01, 0xE0, 0xF0, 0x01, 0xE0, 0xF0, 0x01, 0xE0, 0xF0, 0x01,
    0xE0, 0xF0, 0x01, 0xE0, 0xF0, 0x01, 0xE0, 0xF0, 0x01, 0xE0, 0xF0, 0x01, 0xE0, 0xF0, 0x01, 0xE0,
    0xFF, 0xFF, 0xE0, 0xFF, 0xFF, 0xE0, 0xFF, 0xFF, 0xE0, 0xF0, 0x01, 0xE0, 0xF0, 0x01, 0xE0, 0xF0,
    0x01, 0xE0, 0xF0, 0x01, 0xE0, 0xF0, 0x01, 0xE0, 0xF0, 0x01, 0xE0, 0xF0, 0x01, 0xE0, 0xF0, 0x01,
    0xE0, 0xF0, 0x01, 0xE0, 0xF0, 0x01, 0xE0, 0xF0, 0x01, 0xE0, 0xFF, 0xE0, 0xFF, 0xE0, 0xFF, 0xE0,
    0x1E, 0x00, 0x1E, 0x00, 0x1E, 0x00, 0x1E, 0x00, 0x1E, 0x00, 0x1E, 0x00, 0x1E, 0x00, 0x1E, 0x00,
    0x1E, 0x00, 0x1E, 0x00, 0x1E, 0x00, 0x1E, 0x00, 0x1E, 0x00, 0x1E, 0x00, 0x1E, 0x00, 0x1E, 0x00,
    0x1E, 0x00, 0x1E, 0x00, 0xFF, 0xE0, 0xFF, 0xE0, 0xFF, 0xE0, 0x00, 0x0F, 0x00, 0x0F, 0x00, 0x0F,
    0x00, 0x0F, 0x00, 0x0F, 0x00, 0x0F, 0x00, 0x0F, 0x00, 0x0F, 0x00, 0x0F, 0x00, 0x0F, 0x00, 0x0F,
    0x00, 0x0F, 0x00, 0x0F, 0x00, 0x0F, 0x00, 0x0F, 0x00, 0x0F, 0x30, 0x0F, 0xF0, 0x0F, 0xF8, 0x1F,
    0x78, 0x1E, 0x7E, 0x7E, 0x3F, 0xFC, 0x1F, 0xF8, 0x07, 0xE0, 0xF0, 0x07, 0xC0, 0xF0, 0x0F, 0xC0,
    0xF0, 0x1F, 0x80, 0xF0, 0x1F, 0x00, 0xF0, 0x3E, 0x00, 0xF0, 0x7C, 0x00, 0xF0, 0xF8, 0x00, 0xF1,
    0xF0, 0x00, 0xF3, 0xE0, 0x00, 0xF7, 0xC0, 0x00, 0xFF, 0xC0, 0x00, 0xFF, 0xE0, 0x00, 0xFF, 0xF0,
    0x00, 0xFF, 0xF0, 0x00, 0xFC, 0xF8, 0x00, 0xF8, 0x7C, 0x00, 0xF0, 0x7C, 0x00, 0xF0, 0x3E, 0x00,
    0xF0, 0x1F, 0x00, 0xF0, 0x1F, 0x00, 0xF0, 0x0F, 0x80, 0xF0, 0x07, 0xC0, 0xF0, 0x03, 0xE0, 0xF0,
    0x03, 0xE0, 0xF0, 0x00, 0xF0, 0x00, 0xF0, 0x00, 0xF0, 0x00, 0xF0, 0x00, 0xF0, 0x00, 0xF0, 0x00,
    0xF0, 0x00, 0xF0, 0x00, 0xF0, 0x00, 0xF0, 0x00, 0xF0, 0x00, 0xF0, 0x00, 0xF0, 0x00, 0xF0, 0x00,
    0xF0, 0x00, 0xF0, 0x00, 0xF0, 0x00, 0xF0, 0x00, 0xF0, 0x00, 0xF0, 0x00, 0xFF, 0xFF, 0xFF, 0xFF,
    0xFF, 0xFF, 0xFE, 0x00, 0x7F, 0xFE, 0x00, 0x7F, 0xFE, 0x00, 0x7F, 0xFF, 0x00, 0x7F, 0xFF, 0x00,
    0xFF, 0xFF, 0x00, 0xFF, 0xF7, 0x00, 0xEF, 0xF7, 0x81, 0xEF, 0xF7, 0x81, 0xEF, 0xF3, 0x81, 0xCF,
    0xF3, 0xC3, 0xCF, 0xF3, 0xC3, 0xCF, 0xF3, 0xC3, 0xCF, 0xF1, 0xE3, 0x8F, 0xF1, 0xE7, 0x8F, 0xF1,
    0xE7, 0x8F, 0xF0, 0xE7, 0x0F, 0xF0, 0xFF, 0x0F, 0xF0, 0xFF, 0x0F, 0xF0, 0x7E, 0x0F, 0xF0, 0x7E,
    0x0F, 0xF0, 0x7E, 0x0F, 0xF0, 0x3C, 0x0F, 0xF0, 0x3C, 0x0F, 0xFC, 0x00, 0xF0, 0xFE, 0x00, 0xF0,
    0xFE, 0x00, 0xF0, 0xFF, 0x00, 0xF0, 0xFF, 0x00, 0xF0, 0xFF, 0x80, 0xF0, 0xF7, 0x80, 0xF0, 0xF7,
    0xC0, 0xF0, 0xF3, 0xC0, 0xF0, 0xF3, 0xE0, 0xF0, 0xF1, 0xE0, 0xF0, 0xF0, 0xF0, 0xF0, 0xF0, 0xF0,
    0xF0, 0xF0, 0x78, 0xF0, 0xF0, 0x7C, 0xF0, 0xF0, 0x3C, 0xF0, 0xF0, 0x3E, 0xF0, 0xF0, 0x1E, 0xF0,
    0xF0, 0x1F, 0xF0, 0xF0, 0x0F, 0xF0, 0xF0, 0x0F, 0xF0, 0xF0, 0x07, 0xF0, 0xF0, 0x07, 0xF0, 0xF0,
    0x03, 0xF0, 0x00, 0xFE, 0x00, 0x07, 0xFF, 0xC0, 0x0F, 0xFF, 0xE0, 0x1F, 0xC7, 0xF0, 0x3E, 0x00,
    0xF8, 0x7C, 0x00, 0x78, 0x78, 0x00, 0x7C, 0x78, 0x00, 0x3C, 0xF8, 0x00, 0x3E, 0xF0, 0x00, 0x1E,
    0xF0, 0x00, 0x1E, 0xF0, 0x00, 0x1E, 0xF0, 0x00, 0x1E, 0xF0, 0x00, 0x1E, 0xF0, 0x00, 0x1E, 0xF8,
    0x00, 0x3E, 0x78, 0x00, 0x3C, 0x78, 0x00, 0x7C, 0x7C, 0x00, 0x78, 0x3E, 0x00, 0xF8, 0x1F, 0xC7,
    0xF0, 0x0F, 0xFF, 0xE0, 0x07, 0xFF, 0xC0, 0x01, 0xFE, 0x00, 0xFF, 0xF8, 0x00, 0xFF, 0xFE, 0x00,
    0xFF, 0xFF, 0x00, 0xF0, 0x1F, 0x80, 0xF0, 0x07, 0xC0, 0xF0, 0x03, 0xC0, 0xF0, 0x03, 0xC0, 0xF0,
    0x03, 0xC0, 0xF0, 0x03, 0xC0, 0xF0, 0x03, 0xC0, 0xF0, 0x07, 0xC0, 0xF0, 0x1F, 0x80, 0xFF, 0xFF,
    0x00, 0xFF, 0xFE, 0x00, 0xFF, 0xF8, 0x00, 0xF0, 0x00, 0x00, 0xF0, 0x00, 0x00, 0xF0, 0x00, 0x00,
    0xF0, 0x00, 0x00, 0xF0, 0x00, 0x00, 0xF0, 0x00, 0x00, 0xF0, 0x00, 0x00, 0xF0, 0x00, 0x00, 0xF0,
    0x00, 0x00, 0x00, 0xFE, 0x00, 0x00, 0x07, 0xFF, 0xC0, 0x00, 0x0F, 0xFF, 0xE0, 0x00, 0x1F, 0xC7,
    0xF0, 0x00, 0x3E, 0x00, 0xF8, 0x00, 0x7C, 0x00, 0x78, 0x00, 0x78, 0x00, 0x7C, 0x00, 0x78, 0x00,
    0x3C, 0x00, 0xF8, 0x00, 0x3E, 0x00, 0xF0, 0x00, 0x1E, 0x00, 0xF0, 0x00, 0x1E, 0x00, 0xF0, 0x08,
    0x1E, 0x00, 0xF0, 0x1E, 0x1E, 0x00, 0xF0, 0x3F, 0x1E, 0x00, 0xF0, 0x1F, 0x9E, 0x00, 0xF8, 0x0F,
    0xFE, 0x00, 0x78, 0x07, 0xFC, 0x00, 0x78, 0x03, 0xFC, 0x00, 0x7C, 0x01, 0xFC, 0x00, 0x3E, 0x00,
    0xFC, 0x00, 0x1F, 0xC7, 0xFE, 0x00, 0x0F, 0xFF, 0xFF, 0x00, 0x07, 0xFF, 0xCF, 0x80, 0x00, 0xFF,
    0x07, 0x80, 0x00, 0x00, 0x03, 0x00, 0xFF, 0xF8, 0x00, 0xFF, 0xFE, 0x00, 0xFF, 0xFF, 0x00, 0xF0,
    0x1F, 0x80, 0xF0, 0x07, 0xC0, 0xF0, 0x03, 0xC0, 0xF0, 0x03, 0xC0, 0xF0, 0x03, 0xC0, 0xF0, 0x03,
    0xC0, 0xF0, 0x07, 0xC0, 0xF0, 0x0F, 0x80, 0xFF, 0xFF, 0x80, 0xFF, 0xFE, 0x00, 0xFF, 0xFC, 0x00,
    0xF1, 0xF8, 0x00, 0xF0, 0xF8, 0x00, 0xF0, 0x7C, 0x00, 0xF0, 0x3E, 0x00, 0xF0, 0x3E, 0x00, 0xF0,
    0x1F, 0x00, 0xF0, 0x0F, 0x80, 0xF0, 0x0F, 0x80, 0xF0, 0x07, 0xC0, 0xF0, 0x03, 0xE0, 0x07, 0xF8,
    0x00, 0x1F, 0xFE, 0x00, 0x3F, 0xFF, 0x00, 0x7E, 0x1F, 0x80, 0xF8, 0x07, 0x80, 0xF0, 0x06, 0x00,
    0xF0, 0x00, 0x00, 0xF0, 0x00, 0x00, 0xF8, 0x00, 0x00, 0x7F, 0x80, 0x00, 0x7F, 0xF8, 0x00, 0x3F,
    0xFE, 0x00, 0x0F, 0xFF, 0x00, 0x00, 0xFF, 0x80, 0x00, 0x0F, 0xC0, 0x00, 0x07, 0xC0, 0x00, 0x03,
    0xC0, 0x20, 0x03, 0xC0, 0xF0, 0x03, 0xC0, 0xF8, 0x07, 0xC0, 0xFE, 0x1F, 0x80, 0x7F, 0xFF, 0x00,
    0x1F, 0xFE, 0x00, 0x07, 0xF8, 0x00, 0xFF, 0xFF, 0xE0, 0xFF, 0xFF, 0xE0, 0xFF, 0xFF, 0xE0, 0x00,
    0xF0, 0x00, 0x00, 0xF0, 0x00, 0x00, 0xF0, 0x00, 0x00, 0xF0, 0x00, 0x00, 0xF0, 0x00, 0x00, 0xF0,
    0x00, 0x00, 0xF0, 0x00, 0x00, 0xF0, 0x00, 0x00, 0xF0, 0x00, 0x00, 0xF0, 0x00, 0x00, 0xF0, 0x00,
    0x00, 0xF0, 0x00, 0x00, 0xF0, 0x00, 0x00, 0xF0, 0x00, 0x00, 0xF0, 0x00, 0x00, 0xF0, 0x00, 0x00,
    0xF0, 0x00, 0x00, 0xF0, 0x00, 0x00, 0xF0, 0x00, 0x00, 0xF0, 0x00, 0x00, 0xF0, 0x00, 0xF0, 0x01,
    0xE0, 0xF0, 0x01, 0xE0, 0xF0, 0x01, 0xE0, 0xF0, 0x01, 0xE0, 0xF0, 0x01, 0xE0, 0xF0, 0x01, 0xE0,
    0xF0, 0x01, 0xE0, 0xF0, 0x01, 0xE0, 0xF0, 0x01, 0xE0, 0xF0, 0x01, 0xE0, 0xF0, 0x01, 0xE0, 0xF0,
    0x01, 0xE0, 0xF0, 0x01, 0xE0, 0xF0, 0x01, 0xE0, 0xF0, 0x01, 0xE0, 0xF0, 0x01, 0xE0, 0xF0, 0x01,
    0xE0, 0xF0, 0x01, 0xE0, 0x78, 0x03, 0xC0, 0x7C, 0x07, 0xC0, 0x7F, 0x0F, 0xC0, 0x3F, 0xFF, 0x80,
    0x1F, 0xFF, 0x00, 0x07, 0xFC, 0x00, 0xF8, 0x00, 0xF8, 0x78, 0x00, 0xF8, 0x7C, 0x00, 0xF0, 0x7C,
    0x00, 0xF0, 0x3C, 0x01, 0xF0, 0x3E, 0x01, 0xE0, 0x3E, 0x01, 0xE0, 0x1E, 0x03, 0xE0, 0x1E, 0x03,
    0xC0, 0x1F, 0x03, 0xC0, 0x0F, 0x07, 0xC0, 0x0F, 0x07, 0x80, 0x0F, 0x87, 0x80, 0x07, 0x8F, 0x80,
    0x07, 0x8F, 0x00, 0x07, 0xCF, 0x00, 0x03, 0xDF, 0x00, 0x03, 0xDE, 0x00, 0x03, 0xFE, 0x00, 0x01,
    0xFE, 0x00, 0x01, 0xFC, 0x00, 0x01, 0xFC, 0x00, 0x00, 0xFC, 0x00, 0x00, 0xF8, 0x00, 0xF0, 0x0F,
    0x80, 0xF8, 0xF0, 0x0F, 0x80, 0xF8, 0xF8, 0x1F, 0x80, 0xF0, 0xF8, 0x1F, 0x80, 0xF0, 0x78, 0x1F,
    0xC1, 0xF0, 0x78, 0x1F, 0xC1, 0xF0, 0x78, 0x3F, 0xC1, 0xE0, 0x7C, 0x3D, 0xC1, 0xE0, 0x3C, 0x3D,
    0xC1, 0xE0, 0x3C, 0x39, 0xE3, 0xE0, 0x3C, 0x39, 0xE3, 0xC0, 0x3C, 0x79, 0xE3, 0xC0, 0x3E, 0x78,
    0xE3, 0xC0, 0x1E, 0x70, 0xE7, 0xC0, 0x1E, 0x70, 0xF7, 0x80, 0x1E, 0x70, 0xF7, 0x80, 0x1F, 0xF0,
    0x77, 0x80, 0x0F, 0xF0, 0x7F, 0x80, 0x0F, 0xE0, 0x7F, 0x00, 0x0F, 0xE0, 0x7F, 0x00, 0x0F, 0xE0,
    0x7F, 0x00, 0x07, 0xE0, 0x3F, 0x00, 0x07, 0xC0, 0x3E, 0x00, 0x07, 0xC0, 0x3E, 0x00, 0xF8, 0x00,
    0xF8, 0x7C, 0x01, 0xF0, 0x7C, 0x03, 0xE0, 0x3E, 0x07, 0xE0, 0x1F, 0x07, 0xC0, 0x0F, 0x8F, 0x80,
    0x0F, 0x9F, 0x00, 0x07, 0xDF, 0x00, 0x03, 0xFE, 0x00, 0x03, 0xFC, 0x00, 0x01, 0xFC, 0x00, 0x00,
    0xF8, 0x00, 0x01, 0xF8, 0x00, 0x01, 0xFC, 0x00, 0x03, 0xFE, 0x00, 0x07, 0xFF, 0x00, 0x0F, 0x9F,
    0x00, 0x0F, 0x8F, 0x80, 0x1F, 0x07, 0xC0, 0x3E, 0x07, 0xC0, 0x3E, 0x03, 0xE0, 0x7C, 0x01, 0xF0,
    0xF8, 0x01, 0xF0, 0xF8, 0x00, 0xF8, 0xF0, 0x00, 0xF0, 0xF8, 0x01, 0xF0, 0x78, 0x03, 0xE0, 0x7C,
    0x03, 0xE0, 0x3E, 0x07, 0xC0, 0x3E, 0x07, 0x80, 0x1F, 0x0F, 0x80, 0x0F, 0x0F, 0x00, 0x0F, 0x9F,
    0x00, 0x07, 0x9E, 0x00, 0x07, 0xFC, 0x00, 0x03, 0xFC, 0x00, 0x01, 0xF8, 0x00, 0x01, 0xF8, 0x00,
    0x00, 0xF0, 0x00, 0x00, 0xF0, 0x00, 0x00, 0xF0, 0x00, 0x00, 0xF0, 0x00, 0x00, 0xF0, 0x00, 0x00,
    0xF0, 0x00, 0x00, 0xF0, 0x00, 0x00, 0xF0, 0x00, 0x00, 0xF0, 0x00, 0x00, 0xF0, 0x00, 0xFF, 0xFF,
    0xC0, 0xFF, 0xFF, 0xC0, 0xFF, 0xFF, 0xC0, 0x00, 0x0F, 0xC0, 0x00, 0x0F, 0x80, 0x00, 0x1F, 0x00,
    0x00, 0x3E, 0x00, 0x00, 0x3E, 0x00, 0x00, 0x7C, 0x00, 0x00, 0xF8, 0x00, 0x01, 0xF0, 0x00, 0x01,
    0xF0, 0x00, 0x03, 0xE0, 0x00, 0x07, 0xC0, 0x00, 0x07, 0xC0, 0x00, 0x0F, 0x80, 0x00, 0x1F, 0x00,
    0x00, 0x3E, 0x00, 0x00, 0x3E, 0x00, 0x00, 0x7C, 0x00, 0x00, 0xF8, 0x00, 0x00, 0xFF, 0xFF, 0xE0,
    0xFF, 0xFF, 0xE0, 0xFF, 0xFF, 0xE0, 0xFF, 0xFF, 0xFF, 0xF0, 0xF0, 0xF0, 0xF0, 0xF0, 0xF0, 0xF0,
    0xF0, 0xF0, 0xF0, 0xF0, 0xF0, 0xF0, 0xF0, 0xF0, 0xF0, 0xF0, 0xF0, 0xF0, 0xF0, 0xF0, 0xF0, 0xF0,
    0xF0, 0xF0, 0xFF, 0xFF, 0xFF, 0xF0, 0x00, 0xF0, 0x00, 0xF0, 0x00, 0x78, 0x00, 0x78, 0x00, 0x78,
    0x00, 0x3C, 0x00, 0x3C, 0x00, 0x3C, 0x00, 0x1E, 0x00, 0x1E, 0x00, 0x1E, 0x00, 0x0F, 0x00, 0x0F,
    0x00, 0x0F, 0x00, 0x07, 0x00, 0x07, 0x80, 0x07, 0x80, 0x03, 0x80, 0x03, 0xC0, 0x03, 0xC0, 0x01,
    0xC0, 0x01, 0xE0, 0x01, 0xE0, 0x00, 0xE0, 0x00, 0xF0, 0x00, 0xF0, 0x00, 0xF0, 0x00, 0x70, 0xFF,
    0x80, 0xFF, 0x80, 0xFF, 0x80, 0x07, 0x80, 0x07, 0x80, 0x07, 0x80, 0x07, 0x80, 0x07, 0x80, 0x07,
    0x80, 0x07, 0x80, 0x07, 0x80, 0x07, 0x80, 0x07, 0x80, 0x07, 0x80, 0x07, 0x80, 0x07, 0x80, 0x07,
    0x80, 0x07, 0x80, 0x07, 0x80, 0x07, 0x80, 0x07, 0x80, 0x07, 0x80, 0x07, 0x80, 0x07, 0x80, 0x07,
    0x80, 0x07, 0x80, 0x07, 0x80, 0x07, 0x80, 0xFF, 0x80, 0xFF, 0x80, 0xFF, 0x80, 0x03, 0x80, 0x03,
    0xC0, 0x07, 0xE0, 0x07, 0xE0, 0x0F, 0xF0, 0x0F, 0xF0, 0x1E, 0x78, 0x1E, 0x78, 0x3C, 0x3C, 0x3C,
    0x3C, 0x78, 0x1E, 0x70, 0x1E, 0xF0, 0x0F, 0xFF, 0xFC, 0xFF, 0xFC, 0xFF, 0xFC, 0xE0, 0xF0, 0xF0,
    0x78, 0x1C, 0x07, 0xF0, 0x00, 0x1F, 0xFC, 0x00, 0x3F, 0xFE, 0x00, 0x3E, 0x3E, 0x00, 0x78, 0x1F,
    0x00, 0x00, 0x0F, 0x00, 0x00, 0x0F, 0x00, 0x01, 0xFF, 0x00, 0x0F, 0xFF, 0x00, 0x3F, 0xFF, 0x00,
    0x7C, 0x0F, 0x00, 0xF0, 0x0F, 0x00, 0xF0, 0x1F, 0x00, 0xF0, 0x1F, 0x00, 0xFC, 0x7F, 0x00, 0x7F,
    0xFF, 0x00, 0x7F, 0xEF, 0x00, 0x1F, 0x87, 0x80, 0xF0, 0x00, 0x00, 0xF0, 0x00, 0x00, 0xF0, 0x00,
    0x00, 0xF0, 0x00, 0x00, 0xF0, 0x00, 0x00, 0xF0, 0x00, 0x00, 0xF0, 0x00, 0x00, 0xF1, 0xF0, 0x00,
    0xF7, 0xFC, 0x00, 0xFF, 0xFE, 0x00, 0xFE, 0x3F, 0x00, 0xF8, 0x1F, 0x00, 0xF8, 0x0F, 0x80, 0xF0,
    0x07, 0x80, 0xF0, 0x07, 0x80, 0xF0, 0x07, 0x80, 0xF0, 0x07, 0x80, 0xF0, 0x07, 0x80, 0xF0, 0x07,
    0x80, 0xF8, 0x0F, 0x80, 0xF8, 0x1F, 0x00, 0xFE, 0x3F, 0x00, 0xFF, 0xFE, 0x00, 0xF7, 0xFC, 0x00,
    0xE1, 0xF0, 0x00, 0x07, 0xF0, 0x1F, 0xF8, 0x3F, 0xFE, 0x3E, 0x3E, 0x7C, 0x0E, 0xF8, 0x00, 0xF0,
    0x00, 0xF0, 0x00, 0xF0, 0x00, 0xF0, 0x00, 0xF0, 0x00, 0xF0, 0x00, 0xF8, 0x00, 0x7C, 0x0E, 0x7E,
    0x3E, 0x3F, 0xFE, 0x1F, 0xF8, 0x07, 0xF0, 0x00, 0x07, 0x80, 0x00, 0x07, 0x80, 0x00, 0x07, 0x80,
    0x00, 0x07, 0x80, 0x00, 0x07, 0x80, 0x00, 0x07, 0x80, 0x00, 0x07, 0x80, 0x07, 0xC7, 0x80, 0x1F,
    0xF7, 0x80, 0x3F, 0xFF, 0x80, 0x7E, 0x3F, 0x80, 0x78, 0x1F, 0x80, 0xF8, 0x0F, 0x80, 0xF0, 0x07,
    0x80, 0xF0, 0x07, 0x80, 0xF0, 0x07, 0x80, 0xF0, 0x07, 0x80, 0xF0, 0x07, 0x80, 0xF0, 0x07, 0x80,
    0xF8, 0x0F, 0x80, 0x7C, 0x1F, 0x80, 0x7E, 0x3F, 0x80, 0x3F, 0xFF, 0x80, 0x1F, 0xF7, 0x80, 0x07,
    0xC3, 0x80, 0x07, 0xF0, 0x00, 0x0F, 0xFC, 0x00, 0x3F, 0xFE, 0x00, 0x3E, 0x3E, 0x00, 0x78, 0x0F,
    0x00, 0xF0, 0x07, 0x00, 0xF0, 0x07, 0x80, 0xFF, 0xFF, 0x80, 0xFF, 0xFF, 0x80, 0xFF, 0xFF, 0x80,
    0xF0, 0x00, 0x00, 0xF0, 0x00, 0x00, 0xF8, 0x00, 0x00, 0x78, 0x08, 0x00, 0x3E, 0x3F, 0x00, 0x3F,
    0xFE, 0x00, 0x1F, 0xFC, 0x00, 0x07, 0xF0, 0x00, 0x07, 0xC0, 0x0F, 0xC0, 0x1F, 0xC0, 0x1E, 0x00,
    0x1E, 0x00, 0x1E, 0x00, 0x1E, 0x00, 0xFF, 0xC0, 0xFF, 0xC0, 0xFF, 0xC0, 0x1E, 0x00, 0x1E, 0x00,
    0x1E, 0x00, 0x1E, 0x00, 0x1E, 0x00, 0x1E, 0x00, 0x1E, 0x00, 0x1E, 0x00, 0x1E, 0x00, 0x1E, 0x00,
    0x1E, 0x00, 0x1E, 0x00, 0x1E, 0x00, 0x1E, 0x00, 0x1E, 0x00, 0x07, 0xC3, 0x80, 0x1F, 0xF7, 0x80,
    0x3F, 0xFF, 0x80, 0x7E, 0x3F, 0x80, 0x7C, 0x1F, 0x80, 0xF8, 0x0F, 0x80, 0xF0, 0x07, 0x80, 0xF0,
    0x07, 0x80, 0xF0, 0x07, 0x80, 0xF0, 0x07, 0x80, 0xF0, 0x07, 0x80, 0xF0, 0x07, 0x80, 0xF8, 0x0F,
    0x80, 0x7C, 0x0F, 0x80, 0x7E, 0x3F, 0x80, 0x3F, 0xFF, 0x80, 0x1F, 0xF7, 0x80, 0x07, 0xC7, 0x80,
    0x00, 0x07, 0x80, 0x00, 0x07, 0x80, 0x18, 0x0F, 0x80, 0x3E, 0x1F, 0x00, 0x3F, 0xFE, 0x00, 0x1F,
    0xFC, 0x00, 0x07, 0xF8, 0x00, 0xF0, 0x00, 0xF0, 0x00, 0xF0, 0x00, 0xF0, 0x00, 0xF0, 0x00, 0xF0,
    0x00, 0xF0, 0x00, 0xF3, 0xF0, 0xF7, 0xF8, 0xFF, 0xFC, 0xFE, 0x7E, 0xF8, 0x3E, 0xF8, 0x1E, 0xF0,
    0x1E, 0xF0, 0x1E, 0xF0, 0x1E, 0xF0, 0x1E, 0xF0, 0x1E, 0xF0, 0x1E, 0xF0, 0x1E, 0xF0, 0x1E, 0xF0,
    0x1E, 0xF0, 0x1E, 0xF0, 0x1E, 0xF0, 0x1E, 0x08, 0x3E, 0x3E, 0x3E, 0x3E, 0x08, 0x00, 0x00, 0xFE,
    0xFE, 0xFE, 0x1E, 0x1E, 0x1E, 0x1E, 0x1E, 0x1E, 0x1E, 0x1E, 0x1E, 0x1E, 0x1E, 0x1E, 0x1E, 0x1E,
    0x1E, 0x01, 0x00, 0x07, 0xC0, 0x07, 0xC0, 0x07, 0xC0, 0x07, 0xC0, 0x01, 0x00, 0x00, 0x00, 0x00,
    0x00, 0x07, 0x80, 0x07, 0x80, 0x07, 0x80, 0x07, 0x80, 0x07, 0x80, 0x07, 0x80, 0x07, 0x80, 0x07,
    0x80, 0x07, 0x80, 0x07, 0x80, 0x07, 0x80, 0x07, 0x80, 0x07, 0x80, 0x07, 0x80, 0x07, 0x80, 0x07,
    0x80, 0x07, 0x80, 0x07, 0x80, 0x07, 0x80, 0x07, 0x80, 0x0F, 0x80, 0xFF, 0x80, 0xFF, 0x00, 0xFE,
    0x00, 0xF0, 0x00, 0xF0, 0x00, 0xF0, 0x00, 0xF0, 0x00, 0xF0, 0x00, 0xF0, 0x00, 0xF0, 0x00, 0xF0,
    0x3E, 0xF0, 0x7C, 0xF0, 0xF8, 0xF1, 0xF0, 0xF1, 0xE0, 0xF3, 0xC0, 0xF7, 0x80, 0xFF, 0x80, 0xFF,
    0x80, 0xFF, 0xC0, 0xFF, 0xE0, 0xF9, 0xE0, 0xF1, 0xF0, 0xF0, 0xF8, 0xF0, 0x78, 0xF0, 0x7C, 0xF0,
    0x3E, 0xF0, 0x1F, 0xF0, 0xF0, 0xF0, 0xF0, 0xF0, 0xF0, 0xF0, 0xF0, 0xF0, 0xF0, 0xF0, 0xF0, 0xF0,
    0xF0, 0xF0, 0xF0, 0xF0, 0xF0, 0xF0, 0xF0, 0xF0, 0xF8, 0xFE, 0xFE, 0x7E, 0xE3, 0xF0, 0x7E, 0x00,
    0xF7, 0xF8, 0xFF, 0x00, 0xFF, 0xFD, 0xFF, 0x80, 0xFC, 0x7F, 0x8F, 0xC0, 0xF8, 0x3F, 0x07, 0xC0,
    0xF8, 0x1F, 0x03, 0xC0, 0xF0, 0x1E, 0x03, 0xC0, 0xF0, 0x1E, 0x03, 0xC0, 0xF0, 0x1E, 0x03, 0xC0,
    0xF0, 0x1E, 0x03, 0xC0, 0xF0, 0x1E, 0x03, 0xC0, 0xF0, 0x1E, 0x03, 0xC0, 0xF0, 0x1E, 0x03, 0xC0,
    0xF0, 0x1E, 0x03, 0xC0, 0xF0, 0x1E, 0x03, 0xC0, 0xF0, 0x1E, 0x03, 0xC0, 0xF0, 0x1E, 0x03, 0xC0,
    0xF0, 0x1E, 0x03, 0xC0, 0xE3, 0xF0, 0xF7, 0xF8, 0xFF, 0xFC, 0xFE, 0x7E, 0xF8, 0x3E, 0xF8, 0x1E,
    0xF0, 0x1E, 0xF0, 0x1E, 0xF0, 0x1E, 0xF0, 0x1E, 0xF0, 0x1E, 0xF0, 0x1E, 0xF0, 0x1E, 0xF0, 0x1E,
    0xF0, 0x1E, 0xF0, 0x1E, 0xF0, 0x1E, 0xF0, 0x1E, 0x07, 0xF0, 0x00, 0x1F, 0xFC, 0x00, 0x3F, 0xFE,
    0x00, 0x7E, 0x3F, 0x00, 0x7C, 0x1F, 0x00, 0xF8, 0x0F, 0x80, 0xF0, 0x07, 0x80, 0xF0, 0x07, 0x80,
    0xF0, 0x07, 0x80, 0xF0, 0x07, 0x80, 0xF0, 0x07, 0x80, 0xF0, 0x07, 0x80, 0xF8, 0x0F, 0x80, 0x7C,
    0x1F, 0x00, 0x7E, 0x3F, 0x00, 0x3F, 0xFE, 0x00, 0x1F, 0xFC, 0x00, 0x07, 0xF0, 0x00, 0xE1, 0xF0,
    0x00, 0xF7, 0xFC, 0x00, 0xFF, 0xFE, 0x00, 0xFE, 0x3F, 0x00, 0xF8, 0x1F, 0x00, 0xF8, 0x0F, 0x80,
    0xF0, 0x07, 0x80, 0xF0, 0x07, 0x80, 0xF0, 0x07, 0x80, 0xF0, 0x07, 0x80, 0xF0, 0x07, 0x80, 0xF0,
    0x07, 0x80, 0xF8, 0x0F, 0x80, 0xF8, 0x1F, 0x00, 0xFE, 0x3F, 0x00, 0xFF, 0xFE, 0x00, 0xF7, 0xFC,
    0x00, 0xF1, 0xF0, 0x00, 0xF0, 0x00, 0x00, 0xF0, 0x00, 0x00, 0xF0, 0x00, 0x00, 0xF0, 0x00, 0x00,
    0xF0, 0x00, 0x00, 0xF0, 0x00, 0x00, 0x07, 0xC3, 0x80, 0x1F, 0xF7, 0x80, 0x3F, 0xFF, 0x80, 0x7E,
    0x3F, 0x80, 0x7C, 0x1F, 0x80, 0xF8, 0x0F, 0x80, 0xF0, 0x07, 0x80, 0xF0, 0x07, 0x80, 0xF0, 0x07,
    0x80, 0xF0, 0x07, 0x80, 0xF0, 0x07, 0x80, 0xF0, 0x07, 0x80, 0xF8, 0x0F, 0x80, 0x78, 0x1F, 0x80,
    0x7E, 0x3F, 0x80, 0x3F, 0xFF, 0x80, 0x1F, 0xF7, 0x80, 0x07, 0xC7, 0x80, 0x00, 0x07, 0x80, 0x00,
    0x07, 0x80, 0x00, 0x07, 0xC0, 0x00, 0x07, 0xFC, 0x00, 0x03, 0xFC, 0x00, 0x00, 0xF8, 0xE1, 0xC0,
    0xE3, 0xC0, 0xF7, 0xC0, 0xFF, 0xC0, 0xFE, 0x00, 0xFC, 0x00, 0xF8, 0x00, 0xF0, 0x00, 0xF0, 0x00,
    0xF0, 0x00, 0xF0, 0x00, 0xF0, 0x00, 0xF0, 0x00, 0xF0, 0x00, 0xF0, 0x00, 0xF0, 0x00, 0xF0, 0x00,
    0xF0, 0x00, 0x0F, 0xE0, 0x3F, 0xF8, 0x7F, 0xFC, 0xFC, 0x7C, 0xF0, 0x38, 0xF0, 0x00, 0xF8, 0x00,
    0x7F, 0x80, 0x3F, 0xF0, 0x0F, 0xFC, 0x00, 0xFE, 0x00, 0x3E, 0x20, 0x1E, 0xF0, 0x1E, 0xFC, 0x7E,
    0x7F, 0xFC, 0x3F, 0xF8, 0x0F, 0xE0, 0x1E, 0x00, 0x1E, 0x00, 0x1E, 0x00, 0x1E, 0x00, 0xFF, 0xC0,
    0xFF, 0xC0, 0xFF, 0xC0, 0x1E, 0x00, 0x1E, 0x00, 0x1E, 0x00, 0x1E, 0x00, 0x1E, 0x00, 0x1E, 0x00,
    0x1E, 0x00, 0x1E, 0x00, 0x1E, 0x00, 0x1E, 0x00, 0x1E, 0x00, 0x1F, 0x00, 0x1F, 0xC0, 0x1F, 0xC0,
    0x0F, 0xC0, 0xF0, 0x1E, 0xF0, 0x1E, 0xF0, 0x1E, 0xF0, 0x1E, 0xF0, 0x1E, 0xF0, 0x1E, 0xF0, 0x1E,
    0xF0, 0x1E, 0xF0, 0x1E, 0xF0, 0x1E, 0xF0, 0x1E, 0xF0, 0x1E, 0xF0, 0x3E, 0xF8, 0x3E, 0xFC, 0x7E,
    0x7F, 0xFE, 0x3F, 0xDE, 0x1F, 0x8E, 0xF8, 0x07, 0x80, 0x78, 0x0F, 0x00, 0x78, 0x0F, 0x00, 0x7C,
    0x0F, 0x00, 0x3C, 0x1E, 0x00, 0x3C, 0x1E, 0x00, 0x3E, 0x1E, 0x00, 0x1E, 0x3C, 0x00, 0x1E, 0x3C,
    0x00, 0x1E, 0x3C, 0x00, 0x0F, 0x78, 0x00, 0x0F, 0x78, 0x00, 0x07, 0xF8, 0x00, 0x07, 0xF0, 0x00,
    0x07, 0xF0, 0x00, 0x03, 0xF0, 0x00, 0x03, 0xE0, 0x00, 0x03, 0xE0, 0x00, 0xF0, 0x78, 0x1E, 0xF0,
    0x7C, 0x1E, 0xF0, 0x7C, 0x1E, 0xF0, 0x7C, 0x3C, 0x78, 0xFC, 0x3C, 0x78, 0xEE, 0x3C, 0x78, 0xEE,
    0x3C, 0x78, 0xEE, 0x78, 0x3D, 0xCE, 0x78, 0x3D, 0xC7, 0x78, 0x3D, 0xC7, 0x78, 0x3D, 0xC7, 0xF0,
    0x1F, 0x87, 0xF0, 0x1F, 0x83, 0xF0, 0x1F, 0x83, 0xF0, 0x0F, 0x83, 0xE0, 0x0F, 0x03, 0xE0, 0x0F,
    0x03, 0xE0, 0xF0, 0x1F, 0x78, 0x1E, 0x7C, 0x3C, 0x3C, 0x7C, 0x1E, 0xF8, 0x1F, 0xF0, 0x0F, 0xF0,
    0x07, 0xE0, 0x07, 0xC0, 0x07, 0xE0, 0x0F, 0xE0, 0x0F, 0xF0, 0x1E, 0xF8, 0x3E, 0x78, 0x3C, 0x3C,
    0x78, 0x3E, 0xF8, 0x1E, 0xF0, 0x0F, 0xF8, 0x0F, 0x78, 0x0F, 0x78, 0x0F, 0x3C, 0x1E, 0x3C, 0x1E,
    0x3C, 0x1E, 0x1E, 0x3C, 0x1E, 0x3C, 0x1E, 0x3C, 0x0F, 0x78, 0x0F, 0x78, 0x0F, 0x78, 0x07, 0xF0,
    0x07, 0xF0, 0x07, 0xF0, 0x03, 0xE0, 0x03, 0xE0, 0x03, 0xE0, 0x01, 0xC0, 0x03, 0xC0, 0x07, 0xC0,
    0x3F, 0x80, 0x3F, 0x00, 0x3E, 0x00, 0xFF, 0xFC, 0xFF, 0xFC, 0xFF, 0xFC, 0x00, 0x7C, 0x00, 0xF8,
    0x01, 0xF0, 0x01, 0xE0, 0x03, 0xE0, 0x07, 0xC0, 0x0F, 0x80, 0x1F, 0x00, 0x1E, 0x00, 0x3C, 0x00,
    0x7C, 0x00, 0xF8, 0x00, 0xFF, 0xFE, 0xFF, 0xFE, 0xFF, 0xFE, 0x03, 0xE0, 0x07, 0xE0, 0x0F, 0xE0,
    0x0F, 0x80, 0x0F, 0x00, 0x0F, 0x00, 0x0F, 0x00, 0x0F, 0x00, 0x0F, 0x00, 0x0F, 0x00, 0x0F, 0x00,
    0x0F, 0x00, 0x0F, 0x00, 0x1F, 0x00, 0xFE, 0x00, 0xF8, 0x00, 0xFE, 0x00, 0x3F, 0x00, 0x0F, 0x00,
    0x0F, 0x00, 0x0F, 0x00, 0x0F, 0x00, 0x0F, 0x00, 0x0F, 0x00, 0x0F, 0x00, 0x0F, 0x00, 0x0F, 0x00,
    0x0F, 0x80, 0x0F, 0xE0, 0x07, 0xE0, 0x03, 0xE0, 0xF0, 0xF0, 0xF0, 0xF0, 0xF0, 0xF0, 0xF0, 0xF0,
    0xF0, 0xF0, 0xF0, 0xF0, 0xF0, 0xF0, 0xF0, 0xF0, 0xF0, 0xF0, 0xF0, 0xF0, 0xF0, 0xF0, 0xF0, 0xF0,
    0xF0, 0xF0, 0xF0, 0xF0, 0xF0, 0xF0, 0xF0, 0xF0, 0xF0, 0xF0, 0xF0, 0xF0, 0xFC, 0x00, 0xFE, 0x00,
    0xFF, 0x00, 0x1F, 0x00, 0x0F, 0x00, 0x0F, 0x00, 0x0F, 0x00, 0x0F, 0x00, 0x0F, 0x00, 0x0F, 0x00,
    0x0F, 0x00, 0x0F, 0x00, 0x0F, 0x00, 0x0F, 0x80, 0x07, 0xE0, 0x01, 0xE0, 0x07, 0xE0, 0x0F, 0x80,
    0x0F, 0x00, 0x0F, 0x00, 0x0F, 0x00, 0x0F, 0x00, 0x0F, 0x00, 0x0F, 0x00, 0x0F, 0x00, 0x0F, 0x00,
    0x0F, 0x00, 0x1F, 0x00, 0xFF, 0x00, 0xFE, 0x00, 0xFC, 0x00, 0x00, 0x02, 0x00, 0x3F, 0x03, 0x80,
    0x7F, 0xE7, 0x80, 0x7F, 0xFF, 0x00, 0xF1, 0xFF, 0x00, 0xE0, 0x7E, 0x00, 0x20, 0x00, 0x00, 0x70,
    0xF8, 0xF8, 0xF8, 0x70, 0x00, 0x00, 0x00, 0x30, 0x30, 0x70, 0x78, 0x78, 0x78, 0x78, 0x78, 0x78,
    0x78, 0x78, 0x78, 0x78, 0x78, 0x78, 0x78, 0x01, 0x80, 0x01, 0x80, 0x01, 0x80, 0x07, 0xF0, 0x1F,
    0xF8, 0x3F, 0xFC, 0x7F, 0xBE, 0x79, 0x9E, 0xF9, 0x80, 0xF1, 0x80, 0xF1, 0x80, 0xF1, 0x80, 0xF1,
    0x80, 0xF1, 0x80, 0xF1, 0x80, 0xF9, 0x80, 0x79, 0x8C, 0x7D, 0xBE, 0x3F, 0xFE, 0x1F, 0xF8, 0x0F,
    0xF0, 0x01, 0x80, 0x01, 0x80, 0x01, 0x80, 0x07, 0xF8, 0x00, 0x1F, 0xFE, 0x00, 0x3F, 0xFF, 0x00,
    0x7F, 0x1F, 0x80, 0x7C, 0x07, 0xC0, 0x78, 0x03, 0x00, 0x78, 0x00, 0x00, 0x78, 0x00, 0x00, 0x3C,
    0x00, 0x00, 0x3C, 0x00, 0x00, 0xFF, 0xFC, 0x00, 0xFF, 0xFC, 0x00, 0x1F, 0x00, 0x00, 0x0F, 0x00,
    0x00, 0x0F, 0x00, 0x00, 0x0F, 0x00, 0x00, 0x0F, 0x00, 0x00, 0x1E, 0x00, 0x00, 0x1E, 0x00, 0x00,
    0x3C, 0x00, 0x00, 0x7F, 0xE1, 0x80, 0xFF, 0xFF, 0xC0, 0xFF, 0xFF, 0xC0, 0x70, 0x7F, 0x80, 0x40,
    0x01, 0x00, 0xE7, 0xF3, 0x80, 0x7F, 0xFF, 0x00, 0x3F, 0xFE, 0x00, 0x3E, 0x3E, 0x00, 0x78, 0x0F,
    0x00, 0x78, 0x0F, 0x00, 0x70, 0x07, 0x00, 0x70, 0x07, 0x00, 0x70, 0x07, 0x00, 0x78, 0x0F, 0x00,
    0x38, 0x0E, 0x00, 0x3E, 0x3E, 0x00, 0x3F, 0xFE, 0x00, 0x7F, 0xFF, 0x00, 0xE3, 0xE3, 0x80, 0x40,
    0x01, 0x00, 0xF0, 0x00, 0xF0, 0xF8, 0x01, 0xF0, 0x7C, 0x01, 0xE0, 0x7C, 0x03, 0xE0, 0x3E, 0x07,
    0xC0, 0x1E, 0x07, 0x80, 0x1F, 0x0F, 0x80, 0x0F, 0x0F, 0x00, 0x0F, 0x9F, 0x00, 0x07, 0x9E, 0x00,
    0x07, 0xFE, 0x00, 0x03, 0xFC, 0x00, 0x01, 0xF8, 0x00, 0x01, 0xF8, 0x00, 0x1F, 0xFF, 0x80, 0x1F,
    0xFF, 0x80, 0x00, 0xF0, 0x00, 0x00, 0xF0, 0x00, 0x00, 0xF0, 0x00, 0x1F, 0xFF, 0x80, 0x1F, 0xFF,
    0x80, 0x00, 0xF0, 0x00, 0x00, 0xF0, 0x00, 0x00, 0xF0, 0x00, 0xF0, 0xF0, 0xF0, 0xF0, 0xF0, 0xF0,
    0xF0, 0xF0, 0xF0, 0xF0, 0xF0, 0xF0, 0xF0, 0xF0, 0x00, 0x00, 0x00, 0x00, 0x00, 0x00, 0x00, 0x00,
    0xF0, 0xF0, 0xF0, 0xF0, 0xF0, 0xF0, 0xF0, 0xF0, 0xF0, 0xF0, 0xF0, 0xF0, 0xF0, 0xF0, 0x03, 0xF0,
    0x00, 0x0F, 0xFC, 0x00, 0x1F, 0xFE, 0x00, 0x3F, 0x3F, 0x00, 0x3C, 0x0F, 0x00, 0x3C, 0x0C, 0x00,
    0x3C, 0x00, 0x00, 0x3F, 0x00, 0x00, 0x1F, 0x80, 0x00, 0x1F, 0xE0, 0x00, 0x3F, 0xF8, 0x00, 0x7D,
    0xFE, 0x00, 0xF8, 0x7F, 0x00, 0xF0, 0x1F, 0x00, 0xF0, 0x0F, 0x80, 0xF8, 0x07, 0x80, 0x7C, 0x07,
    0x80, 0x7F, 0x07, 0x80, 0x1F, 0xCF, 0x00, 0x0F, 0xFE, 0x00, 0x03, 0xFC, 0x00, 0x00, 0xFC, 0x00,
    0x00, 0x3E, 0x00, 0x00, 0x1F, 0x00, 0x08, 0x0F, 0x00, 0x3C, 0x0F, 0x00, 0x3E, 0x3F, 0x00, 0x1F,
    0xFE, 0x00, 0x0F, 0xFC, 0x00, 0x07, 0xF0, 0x00, 0x60, 0xC0, 0xF1, 0xE0, 0xF1, 0xE0, 0x60, 0xC0,
    0x00, 0xFF, 0x00, 0x03, 0xFF, 0xC0, 0x07, 0xC3, 0xE0, 0x0F, 0x00, 0x78, 0x1C, 0x00, 0x38, 0x38,
    0x00, 0x1C, 0x70, 0x7E, 0x0E, 0x70, 0xFF, 0x86, 0x61, 0xE7, 0x87, 0xE1, 0xC1, 0x07, 0xC3, 0x80,
    0x03, 0xC3, 0x80, 0x03, 0xC3, 0x80, 0x03, 0xC3, 0x80, 0x03, 0xC3, 0x80, 0x03, 0xE3, 0xC0, 0x07,
    0x61, 0xE3, 0x87, 0x70, 0xFF, 0x86, 0x70, 0x7F, 0x0E, 0x38, 0x00, 0x1C, 0x1C, 0x00, 0x38, 0x0E,
    0x00, 0x78, 0x07, 0xC3, 0xE0, 0x03, 0xFF, 0xC0, 0x00, 0xFF, 0x00, 0x3E, 0x00, 0x7F, 0x00, 0x63,
    0x80, 0x03, 0x80, 0x3F, 0x80, 0xFF, 0x80, 0xE3, 0x80, 0xE7, 0x80, 0xFF, 0x80, 0x7D, 0x80, 0x07,
    0x8F, 0x80, 0x0F, 0x0F, 0x00, 0x1F, 0x1E, 0x00, 0x3E, 0x3E, 0x00, 0x3C, 0x7C, 0x00, 0x7C, 0x78,
    0x00, 0xF8, 0xF8, 0x00, 0xF0, 0xF0, 0x00, 0xF8, 0xF8, 0x00, 0x7C, 0x78, 0x00, 0x3C, 0x7C, 0x00,
    0x3E, 0x3E, 0x00, 0x1F, 0x1E, 0x00, 0x0F, 0x0F, 0x00, 0x07, 0x8F, 0x80, 0xFF, 0xFF, 0xC0, 0xFF,
    0xFF, 0xC0, 0xFF, 0xFF, 0xC0, 0x00, 0x03, 0xC0, 0x00, 0x03, 0xC0, 0x00, 0x03, 0xC0, 0x00, 0x03,
    0xC0, 0x00, 0x03, 0xC0, 0x00, 0x03, 0xC0, 0x00, 0x03, 0xC0, 0x00, 0x03, 0xC0, 0x00, 0xFF, 0x00,
    0x03, 0xFF, 0xC0, 0x07, 0xC3, 0xE0, 0x0F, 0x00, 0x78, 0x1C, 0x00, 0x38, 0x38, 0x00, 0x1C, 0x71,
    0xFF, 0x0E, 0x71, 0xFF, 0x86, 0x61, 0xC3, 0xC7, 0xE1, 0xC1, 0xC7, 0xC1, 0xC1, 0xC3, 0xC1, 0xC3,
    0xC3, 0xC1, 0xFF, 0x83, 0xC1, 0xFF, 0x03, 0xC1, 0xCF, 0x03, 0xE1, 0xC7, 0x07, 0x61, 0xC7, 0x87,
    0x71, 0xC3, 0xC6, 0x71, 0xC1, 0xCE, 0x38, 0x00, 0x1C, 0x1C, 0x00, 0x38, 0x0E, 0x00, 0x78, 0x07,
    0xC3, 0xE0, 0x03, 0xFF, 0xC0, 0x00, 0xFF, 0x00, 0xFF, 0xC0, 0xFF, 0xC0, 0xFF, 0xC0, 0x1E, 0x00,
    0x7F, 0x80, 0x7F, 0x80, 0xF1, 0xC0, 0xE0, 0xC0, 0xE0, 0xC0, 0xF1, 0xC0, 0x7F, 0x80, 0x7F, 0x80,
    0x1E, 0x00, 0x01, 0xE0, 0x00, 0x01, 0xE0, 0x00, 0x01, 0xE0, 0x00, 0x01, 0xE0, 0x00, 0x01, 0xE0,
    0x00, 0xFF, 0xFF, 0x80, 0xFF, 0xFF, 0x80, 0xFF, 0xFF, 0x80, 0x01, 0xE0, 0x00, 0x01, 0xE0, 0x00,
    0x01, 0xE0, 0x00, 0x01, 0xE0, 0x00, 0x01, 0xE0, 0x00, 0x00, 0x00, 0x00, 0x00, 0x00, 0x00, 0xFF,
    0xFF, 0x80, 0xFF, 0xFF, 0x80, 0xFF, 0xFF, 0x80, 0x1F, 0x00, 0x7F, 0x80, 0x73, 0xC0, 0x61, 0xC0,
    0x01, 0xC0, 0x03, 0xC0, 0x03, 0x80, 0x07, 0x00, 0x0F, 0x00, 0x1E, 0x00, 0x78, 0x00, 0xFF, 0x80,
    0xFF, 0xC0, 0xFF, 0xC0, 0x3F, 0x00, 0x7F, 0x80, 0xF3, 0xC0, 0x61, 0xC0, 0x01, 0xC0, 0x07, 0x80,
    0x1F, 0x80, 0x1F, 0x80, 0x03, 0xC0, 0x01, 0xC0, 0x61, 0xC0, 0xF3, 0xC0, 0x7F, 0x80, 0x3F, 0x00,
    0x1C, 0x3C, 0x3C, 0x78, 0xE0, 0xF0, 0x1E, 0x00, 0xF0, 0x1E, 0x00, 0xF0, 0x1E, 0x00, 0xF0, 0x1E,
    0x00, 0xF0, 0x1E, 0x00, 0xF0, 0x1E, 0x00, 0xF0, 0x1E, 0x00, 0xF0, 0x1E, 0x00, 0xF0, 0x1E, 0x00,
    0xF0, 0x1E, 0x00, 0xF0, 0x1E, 0x00, 0xF0, 0x1E, 0x00, 0xF0, 0x3E, 0x00, 0xF8, 0x7E, 0x00, 0xFF,
    0xFF, 0x80, 0xFF, 0xCF, 0x80, 0xF7, 0x87, 0x80, 0xF0, 0x00, 0x00, 0xF0, 0x00, 0x00, 0xF0, 0x00,
    0x00, 0xF0, 0x00, 0x00, 0xF0, 0x00, 0x00, 0xF0, 0x00, 0x00, 0x0F, 0xFF, 0x3F, 0xFF, 0x7F, 0x1C,
    0x7F, 0x1C, 0xFF, 0x1C, 0xFF, 0x1C, 0xFF, 0x1C, 0xFF, 0x1C, 0xFF, 0x1C, 0xFF, 0x1C, 0x7F, 0x1C,
    0x3F, 0x1C, 0x1F, 0x1C, 0x07, 0x1C, 0x07, 0x1C, 0x07, 0x1C, 0x07, 0x1C, 0x07, 0x1C, 0x07, 0x1C,
    0x07, 0x1C, 0x07, 0x1C, 0x07, 0x1C, 0x07, 0x1C, 0x07, 0x1C, 0x07, 0x1C, 0x07, 0x1C, 0x07, 0x1C,
    0x07, 0x1C, 0x07, 0x1C, 0x07, 0x1C, 0x70, 0xF8, 0xF8, 0xF8, 0x70, 0x30, 0x60, 0x78, 0x7C, 0x0C,
    0xFC, 0xF8, 0x1C, 0x1C, 0x3C, 0xFC, 0xFC, 0x1C, 0x1C, 0x1C, 0x1C, 0x1C, 0x1C, 0x1C, 0x1C, 0x1C,
    0x3F, 0x00, 0x7F, 0x80, 0xF3, 0xC0, 0xE1, 0xC0, 0xE1, 0xC0, 0xE1, 0xC0, 0xE1, 0xC0, 0xF3, 0xC0,
    0x7F, 0x80, 0x3F, 0x00, 0xF8, 0xF0, 0x00, 0x78, 0xF8, 0x00, 0x7C, 0x7C, 0x00, 0x3E, 0x3C, 0x00,
    0x1E, 0x1E, 0x00, 0x0F, 0x1F, 0x00, 0x0F, 0x8F, 0x00, 0x07, 0x8F, 0x80, 0x0F, 0x8F, 0x00, 0x0F,
    0x1F, 0x00, 0x1E, 0x1E, 0x00, 0x3E, 0x3C, 0x00, 0x7C, 0x7C, 0x00, 0x78, 0xF8, 0x00, 0xF8, 0xF0,
    0x00, 0x1C, 0x00, 0x3C, 0x00, 0x3C, 0x00, 0x78, 0x00, 0xFC, 0x00, 0x70, 0x00, 0xFC, 0x00, 0xF0,
    0x00, 0x1C, 0x01, 0xE0, 0x00, 0x1C, 0x01, 0xC0, 0x00, 0x1C, 0x03, 0xC0, 0x00, 0x1C, 0x07, 0x80,
    0x00, 0x1C, 0x07, 0x00, 0x00, 0x1C, 0x0F, 0x00, 0x00, 0x1C, 0x1E, 0x00, 0x00, 0x1C, 0x3C, 0x0E,
    0x00, 0x1C, 0x3C, 0x1E, 0x00, 0x00, 0x78, 0x3E, 0x00, 0x00, 0xF0, 0x7E, 0x00, 0x00, 0xF0, 0xEE,
    0x00, 0x01, 0xE0, 0xCE, 0x00, 0x03, 0xC1, 0xCE, 0x00, 0x03, 0xC3, 0xFF, 0x80, 0x07, 0x83, 0xFF,
    0x80, 0x0F, 0x03, 0xFF, 0x80, 0x0F, 0x00, 0x0E, 0x00, 0x1E, 0x00, 0x0E, 0x00, 0x3C, 0x00, 0x0E,
    0x00, 0x1C, 0x00, 0x3C, 0x00, 0x3C, 0x00, 0x78, 0x00, 0xFC, 0x00, 0xF0, 0x00, 0xFC, 0x00, 0xF0,
    0x00, 0x1C, 0x01, 0xE0, 0x00, 0x1C, 0x03, 0xC0, 0x00, 0x1C, 0x03, 0xC0, 0x00, 0x1C, 0x07, 0x80,
    0x00, 0x1C, 0x0F, 0x00, 0x00, 0x1C, 0x0F, 0x00, 0x00, 0x1C, 0x1E, 0x3E, 0x00, 0x1C, 0x3C, 0xFF,
    0x00, 0x1C, 0x3D, 0xE7, 0x80, 0x00, 0x78, 0x43, 0x80, 0x00, 0xF0, 0x03, 0x80, 0x00, 0xF0, 0x03,
    0x80, 0x01, 0xE0, 0x07, 0x00, 0x03, 0xC0, 0x0F, 0x00, 0x03, 0xC0, 0x1E, 0x00, 0x07, 0x80, 0x3C,
    0x00, 0x0F, 0x00, 0x78, 0x00, 0x0F, 0x01, 0xF0, 0x00, 0x1E, 0x01, 0xFF, 0x80, 0x3C, 0x01, 0xFF,
    0x80, 0x3F, 0x00, 0x0F, 0x00, 0x7F, 0x80, 0x1E, 0x00, 0xF3, 0xC0, 0x1E, 0x00, 0x61, 0xC0, 0x3C,
    0x00, 0x01, 0xC0, 0x78, 0x00, 0x07, 0x80, 0x70, 0x00, 0x1F, 0x80, 0xF0, 0x00, 0x1F, 0x81, 0xE0,
    0x00, 0x03, 0xC1, 0xC0, 0x00, 0x01, 0xC3, 0xC0, 0x00, 0x61, 0xC7, 0x80, 0x00, 0xF3, 0xC7, 0x03,
    0x80, 0x7F, 0x8F, 0x07, 0x80, 0x3F, 0x1E, 0x0F, 0x80, 0x00, 0x1C, 0x1F, 0x80, 0x00, 0x3C, 0x3B,
    0x80, 0x00, 0x78, 0x3B, 0x80, 0x00, 0x70, 0x73, 0x80, 0x00, 0xF0, 0xFF, 0xE0, 0x01, 0xE0, 0xFF,
    0xE0, 0x03, 0xC0, 0xFF, 0xE0, 0x03, 0xC0, 0x03, 0x80, 0x07, 0x80, 0x03, 0x80, 0x0F, 0x00, 0x03,
    0x80, 0x00, 0xE0, 0x01, 0xF0, 0x01, 0xF0, 0x01, 0xF0, 0x00, 0xE0, 0x00, 0x00, 0x00, 0x00, 0x01,
    0xE0, 0x01, 0xE0, 0x01, 0xE0, 0x03, 0xE0, 0x07, 0xC0, 0x1F, 0x80, 0x3F, 0x00, 0x7E, 0x00, 0xF8,
    0x00, 0xF0, 0x00, 0xF0, 0x00, 0xF0, 0x0F, 0xF8, 0x0F, 0xFC, 0x3F, 0x7F, 0xFE, 0x3F, 0xFC, 0x0F,
    0xF0, 0x03, 0x80, 0x00, 0x03, 0xC0, 0x00, 0x03, 0xE0, 0x00, 0x00, 0xF0, 0x00, 0x00, 0x70, 0x00,
    0x00, 0x00, 0x00, 0x00, 0x00, 0x00, 0x00, 0x7C, 0x00, 0x00, 0xFC, 0x00, 0x00, 0xFC, 0x00, 0x01,
    0xFE, 0x00, 0x01, 0xFE, 0x00, 0x01, 0xFE, 0x00, 0x03, 0xCF, 0x00, 0x03, 0xCF, 0x00, 0x03, 0xCF,
    0x80, 0x07, 0x87, 0x80, 0x07, 0x87, 0x80, 0x0F, 0x87, 0xC0, 0x0F, 0x03, 0xC0, 0x0F, 0x03, 0xC0,
    0x1F, 0x03, 0xE0, 0x1F, 0x01, 0xE0, 0x1F, 0xFF, 0xE0, 0x3F, 0xFF, 0xF0, 0x3F, 0xFF, 0xF0, 0x3C,
    0x00, 0xF8, 0x7C, 0x00, 0xF8, 0x78, 0x00, 0x78, 0xF8, 0x00, 0x7C, 0xF8, 0x00, 0x7C, 0x00, 0x07,
    0x00, 0x00, 0x0F, 0x00, 0x00, 0x1F, 0x00, 0x00, 0x3C, 0x00, 0x00, 0x38, 0x00, 0x00, 0x00, 0x00,
    0x00, 0x00, 0x00, 0x00, 0xFC, 0x00, 0x00, 0xFC, 0x00, 0x00, 0xFC, 0x00, 0x01, 0xFE, 0x00, 0x01,
    0xFE, 0x00, 0x01, 0xFE, 0x00, 0x03, 0xCF, 0x00, 0x03, 0xCF, 0x00, 0x07, 0xCF, 0x00, 0x07, 0x87,
    0x80, 0x07, 0x87, 0x80, 0x0F, 0x87, 0xC0, 0x0F, 0x03, 0xC0, 0x0F, 0x03, 0xC0, 0x1F, 0x03, 0xE0,
    0x1E, 0x03, 0xE0, 0x1F, 0xFF, 0xE0, 0x3F, 0xFF, 0xF0, 0x3F, 0xFF, 0xF0, 0x7C, 0x00, 0xF0, 0x7C,
    0x00, 0xF8, 0x78, 0x00, 0x78, 0xF8, 0x00, 0x7C, 0xF8, 0x00, 0x7C, 0x00, 0x38, 0x00, 0x00, 0xFC,
    0x00, 0x01, 0xFE, 0x00, 0x03, 0xCF, 0x00, 0x03, 0x83, 0x80, 0x00, 0x00, 0x00, 0x00, 0x00, 0x00,
    0x00, 0x7C, 0x00, 0x00, 0xFC, 0x00, 0x00, 0xFE, 0x00, 0x00, 0xFE, 0x00, 0x01, 0xFE, 0x00, 0x01,
    0xEF, 0x00, 0x01, 0xEF, 0x00, 0x03, 0xCF, 0x00, 0x03, 0xC7, 0x80, 0x07, 0xC7, 0x80, 0x07, 0x87,
    0xC0, 0x07, 0x83, 0xC0, 0x0F, 0x83, 0xC0, 0x0F, 0x03, 0xE0, 0x0F, 0x01, 0xE0, 0x1F, 0x01, 0xE0,
    0x1F, 0xFF, 0xF0, 0x1F, 0xFF, 0xF0, 0x3F, 0xFF, 0xF0, 0x3C, 0x00, 0xF8, 0x7C, 0x00, 0x78, 0x7C,
    0x00, 0x7C, 0x78, 0x00, 0x7C, 0xF8, 0x00, 0x3C, 0x01, 0xE1, 0x80, 0x03, 0xFF, 0x80, 0x07, 0xFF,
    0x80, 0x07, 0x1E, 0x00, 0x00, 0x00, 0x00, 0x00, 0x00, 0x00, 0x00, 0xFC, 0x00, 0x00, 0xFC, 0x00,
    0x00, 0xFC, 0x00, 0x01, 0xFE, 0x00, 0x01, 0xFE, 0x00, 0x01, 0xFE, 0x00, 0x03, 0xCF, 0x00, 0x03,
    0xCF, 0x00, 0x03, 0xCF, 0x80, 0x07, 0x87, 0x80, 0x07, 0x87, 0x80, 0x0F, 0x87, 0xC0, 0x0F, 0x03,
    0xC0, 0x0F, 0x03, 0xC0, 0x1F, 0x03, 0xE0, 0x1F, 0x01, 0xE0, 0x1F, 0xFF, 0xE0, 0x3F, 0xFF, 0xF0,
    0x3F, 0xFF, 0xF0, 0x3C, 0x00, 0xF8, 0x7C, 0x00, 0xF8, 0x78, 0x00, 0x78, 0xF8, 0x00, 0x7C, 0xF8,
    0x00, 0x7C, 0x01, 0x83, 0x00, 0x03, 0xC7, 0x80, 0x03, 0xC7, 0x80, 0x01, 0x83, 0x00, 0x00, 0x00,
    0x00, 0x00, 0x00, 0x00, 0x00, 0x7C, 0x00, 0x00, 0xFE, 0x00, 0x00, 0xFE, 0x00, 0x00, 0xFE, 0x00,
    0x01, 0xFF, 0x00, 0x01, 0xEF, 0x00, 0x01, 0xEF, 0x00, 0x03, 0xEF, 0x80, 0x03, 0xC7, 0x80, 0x07,
    0xC7, 0xC0, 0x07, 0x87, 0xC0, 0x07, 0x83, 0xC0, 0x0F, 0x83, 0xE0, 0x0F, 0x01, 0xE0, 0x0F, 0x01,
    0xE0, 0x1F, 0x01, 0xF0, 0x1F, 0xFF, 0xF0, 0x1F, 0xFF, 0xF0, 0x3F, 0xFF, 0xF8, 0x3C, 0x00, 0x78,
    0x3C, 0x00, 0x78, 0x7C, 0x00, 0x7C, 0x78, 0x00, 0x3C, 0xF8, 0x00, 0x3C, 0x00, 0x78, 0x00, 0x00,
    0xFC, 0x00, 0x01, 0xCE, 0x00, 0x01, 0x86, 0x00, 0x01, 0x86, 0x00, 0x01, 0xCE, 0x00, 0x00, 0xFC,
    0x00, 0x00, 0xFC, 0x00, 0x00, 0xFC, 0x00, 0x00, 0xFC, 0x00, 0x01, 0xFE, 0x00, 0x01, 0xFE, 0x00,
    0x03, 0xDF, 0x00, 0x03, 0xCF, 0x00, 0x03, 0xCF, 0x00, 0x07, 0x87, 0x80, 0x07, 0x87, 0x80, 0x07,
    0x87, 0x80, 0x0F, 0x03, 0xC0, 0x0F, 0x03, 0xC0, 0x1F, 0x03, 0xE0, 0x1F, 0x03, 0xE0, 0x1F, 0xFF,
    0xE0, 0x3F, 0xFF, 0xF0, 0x3F, 0xFF, 0xF0, 0x3C, 0x00, 0xF0, 0x7C, 0x00, 0xF8, 0x78, 0x00, 0x78,
    0xF8, 0x00, 0x7C, 0xF8, 0x00, 0x7C, 0x00, 0x0F, 0xFF, 0xFE, 0x00, 0x0F, 0xFF, 0xFE, 0x00, 0x1F,
    0xFF, 0xFE, 0x00, 0x1F, 0xE0, 0x00, 0x00, 0x3D, 0xE0, 0x00, 0x00, 0x3D, 0xE0, 0x00, 0x00, 0x79,
    0xE0, 0x00, 0x00, 0xF9, 0xE0, 0x00, 0x00, 0xF1, 0xE0, 0x00, 0x01, 0xF1, 0xE0, 0x00, 0x01, 0xE1,
    0xFF, 0xE0, 0x03, 0xE1, 0xFF, 0xE0, 0x03, 0xC1, 0xFF, 0xE0, 0x07, 0xC1, 0xE0, 0x00, 0x07, 0x81,
    0xE0, 0x00, 0x0F, 0x81, 0xE0, 0x00, 0x0F, 0xFF, 0xE0, 0x00, 0x1F, 0xFF, 0xE0, 0x00, 0x3F, 0xFF,
    0xE0, 0x00, 0x3C, 0x01, 0xE0, 0x00, 0x7C, 0x01, 0xE0, 0x00, 0x78, 0x01, 0xFF, 0xFE, 0xF8, 0x01,
    0xFF, 0xFE, 0xF0, 0x01, 0xFF, 0xFE, 0x01, 0xFE, 0x00, 0x07, 0xFF, 0x80, 0x0F, 0xFF, 0xC0, 0x1F,
    0x87, 0xE0, 0x3E, 0x01, 0xF0, 0x7C, 0x00, 0xE0, 0x78, 0x00, 0x00, 0x78, 0x00, 0x00, 0xF8, 0x00,
    0x00, 0xF0, 0x00, 0x00, 0xF0, 0x00, 0x00, 0xF0, 0x00, 0x00, 0xF0, 0x00, 0x00, 0xF0, 0x00, 0x00,
    0xF0, 0x00, 0x00, 0xF8, 0x00, 0x00, 0xF8, 0x00, 0x00, 0x78, 0x00, 0x00, 0x7C, 0x00, 0xE0, 0x3E,
    0x01, 0xF0, 0x1F, 0x87, 0xE0, 0x0F, 0xFF, 0xC0, 0x07, 0xFF, 0x80, 0x01, 0xFE, 0x00, 0x00, 0x60,
    0x00, 0x00, 0x78, 0x00, 0x00, 0x7C, 0x00, 0x00, 0x0C, 0x00, 0x00, 0xFC, 0x00, 0x00, 0xF8, 0x00,
    0x1C, 0x00, 0x00, 0x1E, 0x00, 0x00, 0x0F, 0x00, 0x00, 0x07, 0x80, 0x00, 0x03, 0x80, 0x00, 0x00,
    0x00, 0x00, 0x00, 0x00, 0x00, 0xFF, 0xFF, 0x80, 0xFF, 0xFF, 0x80, 0xFF, 0xFF, 0x80, 0xF0, 0x00,
    0x00, 0xF0, 0x00, 0x00, 0xF0, 0x00, 0x00, 0xF0, 0x00, 0x00, 0xF0, 0x00, 0x00, 0xF0, 0x00, 0x00,
    0xF0, 0x00, 0x00, 0xFF, 0xF8, 0x00, 0xFF, 0xF8, 0x00, 0xFF, 0xF8, 0x00, 0xF0, 0x00, 0x00, 0xF0,
    0x00, 0x00, 0xF0, 0x00, 0x00, 0xF0, 0x00, 0x00, 0xF0, 0x00, 0x00, 0xF0, 0x00, 0x00, 0xF0, 0x00,
    0x00, 0xF0, 0x00, 0x00, 0xFF, 0xFF, 0x80, 0xFF, 0xFF, 0x80, 0xFF, 0xFF, 0x80, 0x00, 0x18, 0x00,
    0x00, 0x7C, 0x00, 0x00, 0xF8, 0x00, 0x01, 0xF0, 0x00, 0x01, 0xC0, 0x00, 0x00, 0x00, 0x00, 0x00,
    0x00, 0x00, 0xFF, 0xFF, 0x80, 0xFF, 0xFF, 0x80, 0xFF, 0xFF, 0x80, 0xF0, 0x00, 0x00, 0xF0, 0x00,
    0x00, 0xF0, 0x00, 0x00, 0xF0, 0x00, 0x00, 0xF0, 0x00, 0x00, 0xF0, 0x00, 0x00, 0xF0, 0x00, 0x00,
    0xFF, 0xF8, 0x00, 0xFF, 0xF8, 0x00, 0xFF, 0xF8, 0x00, 0xF0, 0x00, 0x00, 0xF0, 0x00, 0x00, 0xF0,
    0x00, 0x00, 0xF0, 0x00, 0x00, 0xF0, 0x00, 0x00, 0xF0, 0x00, 0x00, 0xF0, 0x00, 0x00, 0xF0, 0x00,
    0x00, 0xFF, 0xFF, 0x80, 0xFF, 0xFF, 0x80, 0xFF, 0xFF, 0x80, 0x01, 0xC0, 0x00, 0x07, 0xE0, 0x00,
    0x0F, 0xF0, 0x00, 0x1E, 0x78, 0x00, 0x1C, 0x3C, 0x00, 0x00, 0x00, 0x00, 0x00, 0x00, 0x00, 0xFF,
    0xFF, 0x80, 0xFF, 0xFF, 0x80, 0xFF, 0xFF, 0x80, 0xF0, 0x00, 0x00, 0xF0, 0x00, 0x00, 0xF0, 0x00,
    0x00, 0xF0, 0x00, 0x00, 0xF0, 0x00, 0x00, 0xF0, 0x00, 0x00, 0xF0, 0x00, 0x00, 0xFF, 0xF8, 0x00,
    0xFF, 0xF8, 0x00, 0xFF, 0xF8, 0x00, 0xF0, 0x00, 0x00, 0xF0, 0x00, 0x00, 0xF0, 0x00, 0x00, 0xF0,
    0x00, 0x00, 0xF0, 0x00, 0x00, 0xF0, 0x00, 0x00, 0xF0, 0x00, 0x00, 0xF0, 0x00, 0x00, 0xFF, 0xFF,
    0x80, 0xFF, 0xFF, 0x80, 0xFF, 0xFF, 0x80, 0x0C, 0x18, 0x00, 0x1E, 0x3C, 0x00, 0x1E, 0x3C, 0x00,
    0x0C, 0x18, 0x00, 0x00, 0x00, 0x00, 0x00, 0x00, 0x00, 0xFF, 0xFF, 0x80, 0xFF, 0xFF, 0x80, 0xFF,
    0xFF, 0x80, 0xF0, 0x00, 0x00, 0xF0, 0x00, 0x00, 0xF0, 0x00, 0x00, 0xF0, 0x00, 0x00, 0xF0, 0x00,
    0x00, 0xF0, 0x00, 0x00, 0xF0, 0x00, 0x00, 0xFF, 0xF8, 0x00, 0xFF, 0xF8, 0x00, 0xFF, 0xF8, 0x00,
    0xF0, 0x00, 0x00, 0xF0, 0x00, 0x00, 0xF0, 0x00, 0x00, 0xF0, 0x00, 0x00, 0xF0, 0x00, 0x00, 0xF0,
    0x00, 0x00, 0xF0, 0x00, 0x00, 0xF0, 0x00, 0x00, 0xFF, 0xFF, 0x80, 0xFF, 0xFF, 0x80, 0xFF, 0xFF,
    0x80, 0x60, 0x00, 0xF0, 0x00, 0x78, 0x00, 0x3C, 0x00, 0x1C, 0x00, 0x00, 0x00, 0x00, 0x00, 0xFF,
    0xE0, 0xFF, 0xE0, 0xFF, 0xE0, 0x1E, 0x00, 0x1E, 0x00, 0x1E, 0x00, 0x1E, 0x00, 0x1E, 0x00, 0x1E,
    0x00, 0x1E, 0x00, 0x1E, 0x00, 0x1E, 0x00, 0x1E, 0x00, 0x1E, 0x00, 0x1E, 0x00, 0x1E, 0x00, 0x1E,
    0x00, 0x1E, 0x00, 0x1E, 0x00, 0x1E, 0x00, 0x1E, 0x00, 0xFF, 0xE0, 0xFF, 0xE0, 0xFF, 0xE0, 0x00,
    0xC0, 0x01, 0xE0, 0x07, 0xC0, 0x0F, 0x80, 0x0E, 0x00, 0x00, 0x00, 0x00, 0x00, 0xFF, 0xE0, 0xFF,
    0xE0, 0xFF, 0xE0, 0x1E, 0x00, 0x1E, 0x00, 0x1E, 0x00, 0x1E, 0x00, 0x1E, 0x00, 0x1E, 0x00, 0x1E,
    0x00, 0x1E, 0x00, 0x1E, 0x00, 0x1E, 0x00, 0x1E, 0x00, 0x1E, 0x00, 0x1E, 0x00, 0x1E, 0x00, 0x1E,
    0x00, 0x1E, 0x00, 0x1E, 0x00, 0x1E, 0x00, 0xFF, 0xE0, 0xFF, 0xE0, 0xFF, 0xE0, 0x0E, 0x00, 0x1F,
    0x00, 0x7F, 0xC0, 0xF3, 0xE0, 0xE1, 0xE0, 0x00, 0x00, 0x00, 0x00, 0xFF, 0xE0, 0xFF, 0xE0, 0xFF,
    0xE0, 0x1E, 0x00, 0x1E, 0x00, 0x1E, 0x00, 0x1E, 0x00, 0x1E, 0x00, 0x1E, 0x00, 0x1E, 0x00, 0x1E,
    0x00, 0x1E, 0x00, 0x1E, 0x00, 0x1E, 0x00, 0x1E, 0x00, 0x1E, 0x00, 0x1E, 0x00, 0x1E, 0x00, 0x1E,
    0x00, 0x1E, 0x00, 0x1E, 0x00, 0xFF, 0xE0, 0xFF, 0xE0, 0xFF, 0xE0, 0x60, 0xC0, 0xF1, 0xE0, 0xF1,
    0xE0, 0x60, 0xC0, 0x00, 0x00, 0x00, 0x00, 0xFF, 0xE0, 0xFF, 0xE0, 0xFF, 0xE0, 0x1E, 0x00, 0x1E,
    0x00, 0x1E, 0x00, 0x1E, 0x00, 0x1E, 0x00, 0x1E, 0x00, 0x1E, 0x00, 0x1E, 0x00, 0x1E, 0x00, 0x1E,
    0x00, 0x1E, 0x00, 0x1E, 0x00, 0x1E, 0x00, 0x1E, 0x00, 0x1E, 0x00, 0x1E, 0x00, 0x1E, 0x00, 0x1E,
    0x00, 0xFF, 0xE0, 0xFF, 0xE0, 0xFF, 0xE0, 0x3F, 0xFC, 0x00, 0x3F, 0xFF, 0x80, 0x3F, 0xFF, 0xC0,
    0x3C, 0x0F, 0xE0, 0x3C, 0x01, 0xF0, 0x3C, 0x00, 0xF8, 0x3C, 0x00, 0x78, 0x3C, 0x00, 0x7C, 0x3C,
    0x00, 0x3C, 0x3C, 0x00, 0x3C, 0xFF, 0xF0, 0x3C, 0xFF, 0xF0, 0x3C, 0xFF, 0xF0, 0x3C, 0x3C, 0x00,
    0x3C, 0x3C, 0x00, 0x3C, 0x3C, 0x00, 0x3C, 0x3C, 0x00, 0x7C, 0x3C, 0x00, 0x78, 0x3C, 0x00, 0xF8,
    0x3C, 0x01, 0xF0, 0x3C, 0x0F, 0xE0, 0x3F, 0xFF, 0xC0, 0x3F, 0xFF, 0x80, 0x3F, 0xFC, 0x00, 0x03,
    0xC3, 0x00, 0x07, 0xFF, 0x00, 0x0F, 0xFF, 0x00, 0x0E, 0x3E, 0x00, 0x00, 0x00, 0x00, 0x00, 0x00,
    0x00, 0xFC, 0x00, 0xF0, 0xFE, 0x00, 0xF0, 0xFE, 0x00, 0xF0, 0xFF, 0x00, 0xF0, 0xFF, 0x00, 0xF0,
    0xFF, 0x80, 0xF0, 0xF7, 0x80, 0xF0, 0xF7, 0xC0, 0xF0, 0xF3, 0xC0, 0xF0, 0xF3, 0xE0, 0xF0, 0xF1,
    0xE0, 0xF0, 0xF0, 0xF0, 0xF0, 0xF0, 0xF0, 0xF0, 0xF0, 0x78, 0xF0, 0xF0, 0x7C, 0xF0, 0xF0, 0x3C,
    0xF0, 0xF0, 0x3E, 0xF0, 0xF0, 0x1E, 0xF0, 0xF0, 0x1F, 0xF0, 0xF0, 0x0F, 0xF0, 0xF0, 0x0F, 0xF0,
    0xF0, 0x07, 0xF0, 0xF0, 0x07, 0xF0, 0xF0, 0x03, 0xF0, 0x01, 0x00, 0x00, 0x03, 0xC0, 0x00, 0x03,
    0xE0, 0x00, 0x01, 0xF0, 0x00, 0x00, 0x78, 0x00, 0x00, 0x00, 0x00, 0x00, 0x00, 0x00, 0x00, 0x00,
    0x00, 0x00, 0xFE, 0x00, 0x07, 0xFF, 0xC0, 0x0F, 0xFF, 0xE0, 0x1F, 0xC7, 0xF0, 0x3E, 0x00, 0xF8,
    0x7C, 0x00, 0x78, 0x78, 0x00, 0x7C, 0x78, 0x00, 0x3C, 0xF8, 0x00, 0x3E, 0xF0, 0x00, 0x1E, 0xF0,
    0x00, 0x1E, 0xF0, 0x00, 0x1E, 0xF0, 0x00, 0x1E, 0xF0, 0x00, 0x1E, 0xF0, 0x00, 0x1E, 0xF8, 0x00,
    0x3E, 0x78, 0x00, 0x3C, 0x78, 0x00, 0x7C, 0x7C, 0x00, 0x78, 0x3E, 0x00, 0xF8, 0x1F, 0xC7, 0xF0,
    0x0F, 0xFF, 0xE0, 0x07, 0xFF, 0xC0, 0x01, 0xFE, 0x00, 0x00, 0x01, 0x00, 0x00, 0x07, 0x80, 0x00,
    0x0F, 0x80, 0x00, 0x1F, 0x00, 0x00, 0x3C, 0x00, 0x00, 0x00, 0x00, 0x00, 0x00, 0x00, 0x00, 0x00,
    0x00, 0x00, 0xFE, 0x00, 0x07, 0xFF, 0xC0, 0x0F, 0xFF, 0xE0, 0x1F, 0xC7, 0xF0, 0x3E, 0x00, 0xF8,
    0x7C, 0x00, 0x78, 0x78, 0x00, 0x7C, 0x78, 0x00, 0x3C, 0xF8, 0x00, 0x3E, 0xF0, 0x00, 0x1E, 0xF0,
    0x00, 0x1E, 0xF0, 0x00, 0x1E, 0xF0, 0x00, 0x1E, 0xF0, 0x00, 0x1E, 0xF0, 0x00, 0x1E, 0xF8, 0x00,
    0x3E, 0x78, 0x00, 0x3C, 0x78, 0x00, 0x7C, 0x7C, 0x00, 0x78, 0x3E, 0x00, 0xF8, 0x1F, 0xC7, 0xF0,
    0x0F, 0xFF, 0xE0, 0x07, 0xFF, 0xC0, 0x01, 0xFE, 0x00, 0x00, 0x10, 0x00, 0x00, 0x7C, 0x00, 0x00,
    0xFE, 0x00, 0x01, 0xEF, 0x00, 0x03, 0xC7, 0x80, 0x00, 0x00, 0x00, 0x00, 0x00, 0x00, 0x00, 0x00,
    0x00, 0x00, 0xFE, 0x00, 0x07, 0xFF, 0xC0, 0x0F, 0xFF, 0xE0, 0x1F, 0xC7, 0xF0, 0x3E, 0x00, 0xF8,
    0x7C, 0x00, 0x78, 0x78, 0x00, 0x7C, 0x78, 0x00, 0x3C, 0xF8, 0x00, 0x3E, 0xF0, 0x00, 0x1E, 0xF0,
    0x00, 0x1E, 0xF0, 0x00, 0x1E, 0xF0, 0x00, 0x1E, 0xF0, 0x00, 0x1E, 0xF0, 0x00, 0x1E, 0xF8, 0x00,
    0x3E, 0x78, 0x00, 0x3C, 0x78, 0x00, 0x7C, 0x7C, 0x00, 0x78, 0x3E, 0x00, 0xF8, 0x1F, 0xC7, 0xF0,
    0x0F, 0xFF, 0xE0, 0x07, 0xFF, 0xC0, 0x01, 0xFE, 0x00, 0x01, 0xE0, 0xC0, 0x03, 0xFF, 0xC0, 0x07,
    0xFF, 0x80, 0x07, 0x0F, 0x00, 0x00, 0x00, 0x00, 0x00, 0x00, 0x00, 0x00, 0xFE, 0x00, 0x07, 0xFF,
    0xC0, 0x0F, 0xFF, 0xE0, 0x1F, 0xC7, 0xF0, 0x3E, 0x00, 0xF8, 0x7C, 0x00, 0x78, 0x78, 0x00, 0x7C,
    0x78, 0x00, 0x3C, 0xF8, 0x00, 0x3E, 0xF0, 0x00, 0x1E, 0xF0, 0x00, 0x1E, 0xF0, 0x00, 0x1E, 0xF0,
    0x00, 0x1E, 0xF0, 0x00, 0x1E, 0xF0, 0x00, 0x1E, 0xF8, 0x00, 0x3E, 0x78, 0x00, 0x3C, 0x78, 0x00,
    0x7C, 0x7C, 0x00, 0x78, 0x3E, 0x00, 0xF8, 0x1F, 0xC7, 0xF0, 0x0F, 0xFF, 0xE0, 0x07, 0xFF, 0xC0,
    0x01, 0xFE, 0x00, 0x01, 0x83, 0x00, 0x03, 0xC7, 0x80, 0x03, 0xC7, 0x80, 0x01, 0x83, 0x00, 0x00,
    0x00, 0x00, 0x00, 0x00, 0x00, 0x00, 0x00, 0x00, 0x00, 0xFE, 0x00, 0x07, 0xFF, 0xC0, 0x0F, 0xFF,
    0xE0, 0x1F, 0xC7, 0xF0, 0x3E, 0x00, 0xF8, 0x7C, 0x00, 0x78, 0x78, 0x00, 0x7C, 0x78, 0x00, 0x3C,
    0xF8, 0x00, 0x3E, 0xF0, 0x00, 0x1E, 0xF0, 0x00, 0x1E, 0xF0, 0x00, 0x1E, 0xF0, 0x00, 0x1E, 0xF0,
    0x00, 0x1E, 0xF0, 0x00, 0x1E, 0xF8, 0x00, 0x3E, 0x78, 0x00, 0x3C, 0x78, 0x00, 0x7C, 0x7C, 0x00,
    0x78, 0x3E, 0x00, 0xF8, 0x1F, 0xC7, 0xF0, 0x0F, 0xFF, 0xE0, 0x07, 0xFF, 0xC0, 0x01, 0xFE, 0x00,
    0x60, 0x1C, 0xF0, 0x3E, 0xF8, 0x7C, 0x7C, 0xF8, 0x3F, 0xF0, 0x1F, 0xE0, 0x0F, 0xC0, 0x0F, 0xC0,
    0x1F, 0xE0, 0x3F, 0xF0, 0x3E, 0xF8, 0x7C, 0x7C, 0xF8, 0x3E, 0x70, 0x1C, 0x20, 0x08, 0x00, 0xFF,
    0x08, 0x07, 0xFF, 0xDC, 0x0F, 0xFF, 0xF8, 0x1F, 0xC7, 0xF8, 0x3E, 0x00, 0xF8, 0x3C, 0x00, 0xFC,
    0x78, 0x01, 0xFC, 0x78, 0x03, 0xBC, 0xF8, 0x07, 0x3E, 0xF0, 0x0E, 0x1E, 0xF0, 0x1C, 0x1E, 0xF0,
    0x38, 0x1E, 0xF0, 0x38, 0x1E, 0xF0, 0x70, 0x1E, 0xF0, 0xE0, 0x1E, 0xF9, 0xC0, 0x3E, 0xFB, 0x80,
    0x3C, 0x7F, 0x00, 0x7C, 0x7E, 0x00, 0x78, 0x3E, 0x00, 0xF8, 0x3F, 0xC7, 0xF0, 0x3F, 0xFF, 0xE0,
    0x77, 0xFF, 0xC0, 0x21, 0xFE, 0x00, 0x04, 0x00, 0x00, 0x0F, 0x00, 0x00, 0x07, 0x80, 0x00, 0x07,
    0xC0, 0x00, 0x01, 0xE0, 0x00, 0x00, 0x00, 0x00, 0x00, 0x00, 0x00, 0x00, 0x00, 0x00, 0xF0, 0x01,
    0xE0, 0xF0, 0x01, 0xE0, 0xF0, 0x01, 0xE0, 0xF0, 0x01, 0xE0, 0xF0, 0x01, 0xE0, 0xF0, 0x01, 0xE0,
    0xF0, 0x01, 0xE0, 0xF0, 0x01, 0xE0, 0xF0, 0x01, 0xE0, 0xF0, 0x01, 0xE0, 0xF0, 0x01, 0xE0, 0xF0,
    0x01, 0xE0, 0xF0, 0x01, 0xE0, 0xF0, 0x01, 0xE0, 0xF0, 0x01, 0xE0, 0xF0, 0x01, 0xE0, 0xF0, 0x01,
    0xE0, 0xF0, 0x01, 0xE0, 0x78, 0x03, 0xC0, 0x7C, 0x07, 0xC0, 0x7F, 0x0F, 0xC0, 0x3F, 0xFF, 0x80,
    0x1F, 0xFF, 0x00, 0x07, 0xFC, 0x00, 0x00, 0x04, 0x00, 0x00, 0x1E, 0x00, 0x00, 0x3E, 0x00, 0x00,
    0x7C, 0x00, 0x00, 0xF0, 0x00, 0x00, 0x00, 0x00, 0x00, 0x00, 0x00, 0x00, 0x00, 0x00, 0xF0, 0x01,
    0xE0, 0xF0, 0x01, 0xE0, 0xF0, 0x01, 0xE0, 0xF0, 0x01, 0xE0, 0xF0, 0x01, 0xE0, 0xF0, 0x01, 0xE0,
    0xF0, 0x01, 0xE0, 0xF0, 0x01, 0xE0, 0xF0, 0x01, 0xE0, 0xF0, 0x01, 0xE0, 0xF0, 0x01, 0xE0, 0xF0,
    0x01, 0xE0, 0xF0, 0x01, 0xE0, 0xF0, 0x01, 0xE0, 0xF0, 0x01, 0xE0, 0xF0, 0x01, 0xE0, 0xF0, 0x01,
    0xE0, 0xF0, 0x01, 0xE0, 0x78, 0x03, 0xC0, 0x7C, 0x07, 0xC0, 0x7F, 0x0F, 0xC0, 0x3F, 0xFF, 0x80,
    0x1F, 0xFF, 0x00, 0x07, 0xFC, 0x00, 0x00, 0x40, 0x00, 0x01, 0xF0, 0x00, 0x03, 0xF8, 0x00, 0x07,
    0xBC, 0x00, 0x0F, 0x1E, 0x00, 0x00, 0x00, 0x00, 0x00, 0x00, 0x00, 0x00, 0x00, 0x00, 0xF0, 0x01,
    0xE0, 0xF0, 0x01, 0xE0, 0xF0, 0x01, 0xE0, 0xF0, 0x01, 0xE0, 0xF0, 0x01, 0xE0, 0xF0, 0x01, 0xE0,
    0xF0, 0x01, 0xE0, 0xF0, 0x01, 0xE0, 0xF0, 0x01, 0xE0, 0xF0, 0x01, 0xE0, 0xF0, 0x01, 0xE0, 0xF0,
    0x01, 0xE0, 0xF0, 0x01, 0xE0, 0xF0, 0x01, 0xE0, 0xF0, 0x01, 0xE0, 0xF0, 0x01, 0xE0, 0xF0, 0x01,
    0xE0, 0xF0, 0x01, 0xE0, 0x78, 0x03, 0xC0, 0x7C, 0x07, 0xC0, 0x7F, 0x0F, 0xC0, 0x3F, 0xFF, 0x80,
    0x1F, 0xFF, 0x00, 0x07, 0xFC, 0x00, 0x06, 0x0C, 0x00, 0x0F, 0x1E, 0x00, 0x0F, 0x1E, 0x00, 0x06,
    0x0C, 0x00, 0x00, 0x00, 0x00, 0x00, 0x00, 0x00, 0x00, 0x00, 0x00, 0xF0, 0x01, 0xE0, 0xF0, 0x01,
    0xE0, 0xF0, 0x01, 0xE0, 0xF0, 0x01, 0xE0, 0xF0, 0x01, 0xE0, 0xF0, 0x01, 0xE0, 0xF0, 0x01, 0xE0,
    0xF0, 0x01, 0xE0, 0xF0, 0x01, 0xE0, 0xF0, 0x01, 0xE0, 0xF0, 0x01, 0xE0, 0xF0, 0x01, 0xE0, 0xF0,
    0x01, 0xE0, 0xF0, 0x01, 0xE0, 0xF0, 0x01, 0xE0, 0xF0, 0x01, 0xE0, 0xF0, 0x01, 0xE0, 0xF0, 0x01,
    0xE0, 0x78, 0x03, 0xC0, 0x7C, 0x07, 0xC0, 0x7F, 0x0F, 0xC0, 0x3F, 0xFF, 0x80, 0x1F, 0xFF, 0x00,
    0x07, 0xFC, 0x00, 0x00, 0x0E, 0x00, 0x00, 0x1E, 0x00, 0x00, 0x3E, 0x00, 0x00, 0x78, 0x00, 0x00,
    0x70, 0x00, 0x00, 0x00, 0x00, 0x00, 0x00, 0x00, 0xF0, 0x00, 0xF0, 0xF8, 0x01, 0xF0, 0x78, 0x03,
    0xE0, 0x7C, 0x03, 0xE0, 0x3E, 0x07, 0xC0, 0x3E, 0x07, 0x80, 0x1F, 0x0F, 0x80, 0x0F, 0x0F, 0x00,
    0x0F, 0x9F, 0x00, 0x07, 0x9E, 0x00, 0x07, 0xFC, 0x00, 0x03, 0xFC, 0x00, 0x01, 0xF8, 0x00, 0x01,
    0xF8, 0x00, 0x00, 0xF0, 0x00, 0x00, 0xF0, 0x00, 0x00, 0xF0, 0x00, 0x00, 0xF0, 0x00, 0x00, 0xF0,
    0x00, 0x00, 0xF0, 0x00, 0x00, 0xF0, 0x00, 0x00, 0xF0, 0x00, 0x00, 0xF0, 0x00, 0x00, 0xF0, 0x00,
    0xF0, 0x00, 0x00, 0xF0, 0x00, 0x00, 0xF0, 0x00, 0x00, 0xF0, 0x00, 0x00, 0xF0, 0x00, 0x00, 0xFF,
    0xFC, 0x00, 0xFF, 0xFE, 0x00, 0xFF, 0xFF, 0x00, 0xF0, 0x1F, 0x80, 0xF0, 0x07, 0xC0, 0xF0, 0x03,
    0xC0, 0xF0, 0x03, 0xC0, 0xF0, 0x03, 0xC0, 0xF0, 0x03, 0xC0, 0xF0, 0x07, 0xC0, 0xF0, 0x1F, 0x80,
    0xFF, 0xFF, 0x00, 0xFF, 0xFE, 0x00, 0xFF, 0xFC, 0x00, 0xF0, 0x00, 0x00, 0xF0, 0x00, 0x00, 0xF0,
    0x00, 0x00, 0xF0, 0x00, 0x00, 0xF0, 0x00, 0x00, 0x0F, 0xE0, 0x00, 0x3F, 0xF8, 0x00, 0x7F, 0xFC,
    0x00, 0x7C, 0x7E, 0x00, 0xF8, 0x1E, 0x00, 0xF0, 0x1E, 0x00, 0xF0, 0x3E, 0x00, 0xF0, 0x7C, 0x00,
    0xF1, 0xF8, 0x00, 0xF1, 0xF8, 0x00, 0xF1, 0xFE, 0x00, 0xF0, 0x7F, 0x00, 0xF0, 0x1F, 0x00, 0xF0,
    0x0F, 0x80, 0xF0, 0x07, 0x80, 0xF0, 0x07, 0x80, 0xF0, 0x07, 0x80, 0xF0, 0x07, 0x80, 0xF0, 0x0F,
    0x80, 0xF0, 0x0F, 0x80, 0xF0, 0x3F, 0x00, 0xF1, 0xFE, 0x00, 0xF1, 0xFC, 0x00, 0xF1, 0xF0, 0x00,
    0x0C, 0x00, 0x00, 0x1E, 0x00, 0x00, 0x0F, 0x00, 0x00, 0x07, 0x80, 0x00, 0x03, 0x80, 0x00, 0x00,
    0x00, 0x00, 0x00, 0x00, 0x00, 0x07, 0xF0, 0x00, 0x1F, 0xFC, 0x00, 0x3F, 0xFE, 0x00, 0x3E, 0x3E,
    0x00, 0x78, 0x1F, 0x00, 0x00, 0x0F, 0x00, 0x00, 0x0F, 0x00, 0x00, 0xFF, 0x00, 0x0F, 0xFF, 0x00,
    0x3F, 0xFF, 0x00, 0x7E, 0x0F, 0x00, 0xF8, 0x0F, 0x00, 0xF0, 0x0F, 0x00, 0xF0, 0x1F, 0x00, 0xF8,
    0x3F, 0x00, 0x7F, 0xFF, 0x00, 0x7F, 0xEF, 0x00, 0x1F, 0x87, 0x80, 0x00, 0x18, 0x00, 0x00, 0x38,
    0x00, 0x00, 0x78, 0x00, 0x00, 0xF0, 0x00, 0x01, 0xC0, 0x00, 0x00, 0x00, 0x00, 0x00, 0x00, 0x00,
    0x07, 0xF0, 0x00, 0x1F, 0xFC, 0x00, 0x3F, 0xFE, 0x00, 0x3E, 0x3E, 0x00, 0x78, 0x1F, 0x00, 0x00,
    0x0F, 0x00, 0x00, 0x0F, 0x00, 0x01, 0xFF, 0x00, 0x0F, 0xFF, 0x00, 0x3F, 0xFF, 0x00, 0x7C, 0x0F,
    0x00, 0xF0, 0x0F, 0x00, 0xF0, 0x1F, 0x00, 0xF0, 0x1F, 0x00, 0xFC, 0x7F, 0x00, 0x7F, 0xFF, 0x00,
    0x7F, 0xEF, 0x00, 0x1F, 0x87, 0x80, 0x01, 0xC0, 0x00, 0x03, 0xE0, 0x00, 0x0F, 0xF0, 0x00, 0x1E,
    0x7C, 0x00, 0x1C, 0x1C, 0x00, 0x00, 0x00, 0x00, 0x00, 0x00, 0x00, 0x07, 0xF0, 0x00, 0x1F, 0xFC,
    0x00, 0x3F, 0xFE, 0x00, 0x3E, 0x3E, 0x00, 0x78, 0x1F, 0x00, 0x00, 0x0F, 0x00, 0x00, 0x0F, 0x00,
    0x01, 0xFF, 0x00, 0x0F, 0xFF, 0x00, 0x3F, 0xFF, 0x00, 0x7C, 0x0F, 0x00, 0xF0, 0x0F, 0x00, 0xF0,
    0x1F, 0x00, 0xF0, 0x1F, 0x00, 0xFC, 0x7F, 0x00, 0x7F, 0xFF, 0x00, 0x7F, 0xEF, 0x00, 0x1F, 0x87,
    0x80, 0x0F, 0x0C, 0x00, 0x1F, 0xFE, 0x00, 0x1F, 0xFC, 0x00, 0x38, 0x78, 0x00, 0x00, 0x00, 0x00,
    0x00, 0x00, 0x00, 0x07, 0xF0, 0x00, 0x1F, 0xFC, 0x00, 0x3F, 0xFE, 0x00, 0x3E, 0x3E, 0x00, 0x78,
    0x1F, 0x00, 0x00, 0x0F, 0x00, 0x00, 0x0F, 0x00, 0x01, 0xFF, 0x00, 0x0F, 0xFF, 0x00, 0x3F, 0xFF,
    0x00, 0x7C, 0x0F, 0x00, 0xF0, 0x0F, 0x00, 0xF0, 0x1F, 0x00, 0xF0, 0x1F, 0x00, 0xFC, 0x7F, 0x00,
    0x7F, 0xFF, 0x00, 0x7F, 0xEF, 0x00, 0x1F, 0x87, 0x80, 0x0C, 0x18, 0x00, 0x1E, 0x3C, 0x00, 0x1E,
    0x3C, 0x00, 0x0C, 0x18, 0x00, 0x00, 0x00, 0x00, 0x00, 0x00, 0x00, 0x00, 0x00, 0x00, 0x07, 0xF0,
    0x00, 0x1F, 0xFC, 0x00, 0x3F, 0xFE, 0x00, 0x3E, 0x3E, 0x00, 0x38, 0x1F, 0x00, 0x00, 0x0F, 0x00,
    0x00, 0x0F, 0x00, 0x01, 0xFF, 0x00, 0x0F, 0xFF, 0x00, 0x3F, 0xFF, 0x00, 0x7C, 0x0F, 0x00, 0xF0,
    0x0F, 0x00, 0xF0, 0x1F, 0x00, 0xF0, 0x1F, 0x00, 0xFC, 0x7F, 0x00, 0x7F, 0xFF, 0x00, 0x7F, 0xEF,
    0x00, 0x1F, 0x87, 0x80, 0x03, 0xC0, 0x00, 0x07, 0xE0, 0x00, 0x0E, 0x70, 0x00, 0x0C, 0x30, 0x00,
    0x0C, 0x30, 0x00, 0x0E, 0x70, 0x00, 0x07, 0xE0, 0x00, 0x03, 0xC0, 0x00, 0x00, 0x00, 0x00, 0x00,
    0x00, 0x00, 0x07, 0xF0, 0x00, 0x1F, 0xFC, 0x00, 0x3F, 0xFE, 0x00, 0x3E, 0x3E, 0x00, 0x78, 0x1F,
    0x00, 0x00, 0x0F, 0x00, 0x00, 0x0F, 0x00, 0x01, 0xFF, 0x00, 0x0F, 0xFF, 0x00, 0x3F, 0xFF, 0x00,
    0x7C, 0x0F, 0x00, 0xF0, 0x0F, 0x00, 0xF0, 0x1F, 0x00, 0xF0, 0x1F, 0x00, 0xFC, 0x7F, 0x00, 0x7F,
    0xFF, 0x00, 0x7F, 0xEF, 0x00, 0x1F, 0x8F, 0x80, 0x07, 0xF0, 0x7E, 0x00, 0x1F, 0xF8, 0xFF, 0x80,
    0x3F, 0xFD, 0xFF, 0xC0, 0x7E, 0x3F, 0xE3, 0xE0, 0x38, 0x1F, 0x80, 0xE0, 0x00, 0x0F, 0x00, 0x70,
    0x00, 0x0F, 0x00, 0x70, 0x07, 0xFF, 0xFF, 0xF0, 0x1F, 0xFF, 0xFF, 0xF8, 0x7F, 0xFF, 0xFF, 0xF8,
    0xFE, 0x0F, 0x00, 0x00, 0xF8, 0x0F, 0x00, 0x00, 0xF0, 0x1F, 0x00, 0x00, 0xF0, 0x1F, 0x80, 0x80,
    0xFC, 0x7F, 0xE3, 0xE0, 0x7F, 0xFB, 0xFF, 0xE0, 0x3F, 0xF1, 0xFF, 0x80, 0x1F, 0xC0, 0x7F, 0x00,
    0x07, 0xF0, 0x0F, 0xFC, 0x3F, 0xFE, 0x3E, 0x3E, 0x7C, 0x0E, 0xF8, 0x00, 0xF0, 0x00, 0xF0, 0x00,
    0xF0, 0x00, 0xF0, 0x00, 0xF0, 0x00, 0xF0, 0x00, 0xF8, 0x00, 0x78, 0x0C, 0x7E, 0x3F, 0x3F, 0xFE,
    0x1F, 0xFC, 0x07, 0xF8, 0x01, 0xC0, 0x01, 0xC0, 0x03, 0xF0, 0x00, 0x70, 0x00, 0x70, 0x07, 0xE0,
    0x01, 0xC0, 0x0E, 0x00, 0x00, 0x0F, 0x00, 0x00, 0x0F, 0x00, 0x00, 0x07, 0x80, 0x00, 0x01, 0xC0,
    0x00, 0x00, 0x00, 0x00, 0x00, 0x00, 0x00, 0x07, 0xF0, 0x00, 0x0F, 0xFC, 0x00, 0x3F, 0xFE, 0x00,
    0x3E, 0x3E, 0x00, 0x78, 0x0F, 0x00, 0xF0, 0x07, 0x00, 0xF0, 0x07, 0x80, 0xFF, 0xFF, 0x80, 0xFF,
    0xFF, 0x80, 0xFF, 0xFF, 0x80, 0xF0, 0x00, 0x00, 0xF0, 0x00, 0x00, 0xF8, 0x00, 0x00, 0x7C, 0x0C,
    0x00, 0x3E, 0x3F, 0x00, 0x3F, 0xFE, 0x00, 0x1F, 0xFC, 0x00, 0x07, 0xF0, 0x00, 0x00, 0x18, 0x00,
    0x00, 0x3C, 0x00, 0x00, 0x78, 0x00, 0x00, 0xF0, 0x00, 0x00, 0xE0, 0x00, 0x00, 0x00, 0x00, 0x00,
    0x00, 0x00, 0x07, 0xF0, 0x00, 0x0F, 0xFC, 0x00, 0x3F, 0xFE, 0x00, 0x3E, 0x3E, 0x00, 0x78, 0x0F,
    0x00, 0xF0, 0x07, 0x00, 0xF0, 0x07, 0x80, 0xFF, 0xFF, 0x80, 0xFF, 0xFF, 0x80, 0xFF, 0xFF, 0x80,
    0xF0, 0x00, 0x00, 0xF0, 0x00, 0x00, 0xF8, 0x00, 0x00, 0x7C, 0x0C, 0x00, 0x3E, 0x3F, 0x00, 0x3F,
    0xFE, 0x00, 0x1F, 0xFC, 0x00, 0x07, 0xF0, 0x00, 0x01, 0xC0, 0x00, 0x03, 0xF0, 0x00, 0x07, 0xF8,
    0x00, 0x0F, 0x3C, 0x00, 0x1E, 0x1C, 0x00, 0x00, 0x00, 0x00, 0x00, 0x00, 0x00, 0x07, 0xF0, 0x00,
    0x0F, 0xFC, 0x00, 0x3F, 0xFE, 0x00, 0x3E, 0x3E, 0x00, 0x78, 0x0F, 0x00, 0xF0, 0x07, 0x00, 0xF0,
    0x07, 0x80, 0xFF, 0xFF, 0x80, 0xFF, 0xFF, 0x80, 0xFF, 0xFF, 0x80, 0xF0, 0x00, 0x00, 0xF0, 0x00,
    0x00, 0xF8, 0x00, 0x00, 0x78, 0x08, 0x00, 0x3E, 0x3F, 0x00, 0x3F, 0xFE, 0x00, 0x1F, 0xFC, 0x00,
    0x07, 0xF0, 0x00, 0x06, 0x18, 0x00, 0x0F, 0x3C, 0x00, 0x0F, 0x3C, 0x00, 0x06, 0x18, 0x00, 0x00,
    0x00, 0x00, 0x00, 0x00, 0x00, 0x00, 0x00, 0x00, 0x07, 0xF0, 0x00, 0x0F, 0xFC, 0x00, 0x3F, 0xFE,
    0x00, 0x3E, 0x3E, 0x00, 0x7C, 0x0F, 0x00, 0xF8, 0x07, 0x00, 0xF8, 0x07, 0x80, 0xFF, 0xFF, 0x80,
    0xFF, 0xFF, 0x80, 0xFF, 0xFF, 0x80, 0xF8, 0x00, 0x00, 0xF8, 0x00, 0x00, 0xF8, 0x00, 0x00, 0x7C,
    0x08, 0x00, 0x3F, 0x1F, 0x00, 0x3F, 0xFE, 0x00, 0x1F, 0xFC, 0x00, 0x07, 0xF0, 0x00, 0xE0, 0xF0,
    0xF0, 0x38, 0x1C, 0x00, 0x00, 0xFE, 0xFE, 0xFE, 0x1E, 0x1E, 0x1E, 0x1E, 0x1E, 0x1E, 0x1E, 0x1E,
    0x1E, 0x1E, 0x1E, 0x1E, 0x1E, 0x1E, 0x1E, 0x01, 0x80, 0x03, 0xC0, 0x07, 0x80, 0x0F, 0x00, 0x0C,
    0x00, 0x00, 0x00, 0x00, 0x00, 0xFE, 0x00, 0xFE, 0x00, 0xFE, 0x00, 0x1E, 0x00, 0x1E, 0x00, 0x1E,
    0x00, 0x1E, 0x00, 0x1E, 0x00, 0x1E, 0x00, 0x1E, 0x00, 0x1E, 0x00, 0x1E, 0x00, 0x1E, 0x00, 0x1E,
    0x00, 0x1E, 0x00, 0x1E, 0x00, 0x1E, 0x00, 0x1E, 0x00, 0x0E, 0x00, 0x1F, 0x80, 0x3F, 0xC0, 0xF1,
    0xE0, 0x00, 0x00, 0x00, 0x00, 0x00, 0x00, 0x7F, 0x00, 0x7F, 0x00, 0x7F, 0x00, 0x0F, 0x00, 0x0F,
    0x00, 0x0F, 0x00, 0x0F, 0x00, 0x0F, 0x00, 0x0F, 0x00, 0x0F, 0x00, 0x0F, 0x00, 0x0F, 0x00, 0x0F,
    0x00, 0x0F, 0x00, 0x0F, 0x00, 0x0F, 0x00, 0x0F, 0x00, 0x0F, 0x00, 0x60, 0xC0, 0xF1, 0xE0, 0xF1,
    0xE0, 0x60, 0xC0, 0x00, 0x00, 0x00, 0x00, 0x00, 0x00, 0x7F, 0x00, 0x7F, 0x00, 0x7F, 0x00, 0x0F,
    0x00, 0x0F, 0x00, 0x0F, 0x00, 0x0F, 0x00, 0x0F, 0x00, 0x0F, 0x00, 0x0F, 0x00, 0x0F, 0x00, 0x0F,
    0x00, 0x0F, 0x00, 0x0F, 0x00, 0x0F, 0x00, 0x0F, 0x00, 0x0F, 0x00, 0x0F, 0x00, 0x07, 0x8C, 0x00,
    0x07, 0xFC, 0x00, 0x07, 0xF8, 0x00, 0x01, 0xFC, 0x00, 0x00, 0xFE, 0x00, 0x01, 0xDE, 0x00, 0x00,
    0x8F, 0x00, 0x00, 0x0F, 0x00, 0x00, 0x07, 0x80, 0x0F, 0xE7, 0x80, 0x1F, 0xF7, 0x80, 0x3F, 0xFF,
    0x80, 0x7E, 0x3F, 0x80, 0x78, 0x0F, 0x80, 0xF8, 0x0F, 0x80, 0xF0, 0x07, 0x80, 0xF0, 0x07, 0x80,
    0xF0, 0x07, 0x80, 0xF0, 0x07, 0x80, 0xF8, 0x0F, 0x00, 0x78, 0x0F, 0x00, 0x7E, 0x3E, 0x00, 0x3F,
    0xFE, 0x00, 0x1F, 0xFC, 0x00, 0x07, 0xF0, 0x00, 0x1E, 0x18, 0x3F, 0xF8, 0x3F, 0xF8, 0x30, 0xF0,
    0x00, 0x00, 0x00, 0x00, 0xE3, 0xF0, 0xF7, 0xF8, 0xFF, 0xFC, 0xFE, 0x7E, 0xF8, 0x3E, 0xF8, 0x1E,
    0xF0, 0x1E, 0xF0, 0x1E, 0xF0, 0x1E, 0xF0, 0x1E, 0xF0, 0x1E, 0xF0, 0x1E, 0xF0, 0x1E, 0xF0, 0x1E,
    0xF0, 0x1E, 0xF0, 0x1E, 0xF0, 0x1E, 0xF0, 0x1E, 0x0C, 0x00, 0x00, 0x0E, 0x00, 0x00, 0x0F, 0x00,
    0x00, 0x07, 0x80, 0x00, 0x01, 0xC0, 0x00, 0x00, 0x00, 0x00, 0x00, 0x00, 0x00, 0x07, 0xF0, 0x00,
    0x1F, 0xFC, 0x00, 0x3F, 0xFE, 0x00, 0x7E, 0x3F, 0x00, 0x7C, 0x1F, 0x00, 0xF8, 0x0F, 0x80, 0xF0,
    0x07, 0x80, 0xF0, 0x07, 0x80, 0xF0, 0x07, 0x80, 0xF0, 0x07, 0x80, 0xF0, 0x07, 0x80, 0xF0, 0x07,
    0x80, 0xF8, 0x0F, 0x80, 0x7C, 0x1F, 0x00, 0x7E, 0x3F, 0x00, 0x3F, 0xFE, 0x00, 0x1F, 0xFC, 0x00,
    0x07, 0xF0, 0x00, 0x00, 0x18, 0x00, 0x00, 0x38, 0x00, 0x00, 0x78, 0x00, 0x00, 0xF0, 0x00, 0x01,
    0xE0, 0x00, 0x00, 0x00, 0x00, 0x00, 0x00, 0x00, 0x07, 0xF0, 0x00, 0x1F, 0xFC, 0x00, 0x3F, 0xFE,
    0x00, 0x7E, 0x3F, 0x00, 0x7C, 0x1F, 0x00, 0xF8, 0x0F, 0x80, 0xF0, 0x07, 0x80, 0xF0, 0x07, 0x80,
    0xF0, 0x07, 0x80, 0xF0, 0x07, 0x80, 0xF0, 0x07, 0x80, 0xF0, 0x07, 0x80, 0xF8, 0x0F, 0x80, 0x7C,
    0x1F, 0x00, 0x7E, 0x3F, 0x00, 0x3F, 0xFE, 0x00, 0x1F, 0xFC, 0x00, 0x07, 0xF0, 0x00, 0x01, 0xC0,
    0x00, 0x03, 0xE0, 0x00, 0x07, 0xF0, 0x00, 0x0E, 0x78, 0x00, 0x1C, 0x1C, 0x00, 0x00, 0x00, 0x00,
    0x00, 0x00, 0x00, 0x07, 0xF0, 0x00, 0x1F, 0xFC, 0x00, 0x3F, 0xFE, 0x00, 0x7E, 0x3F, 0x00, 0x7C,
    0x1F, 0x00, 0xF8, 0x0F, 0x80, 0xF0, 0x07, 0x80, 0xF0, 0x07, 0x80, 0xF0, 0x07, 0x80, 0xF0, 0x07,
    0x80, 0xF0, 0x07, 0x80, 0xF0, 0x07, 0x80, 0xF8, 0x0F, 0x80, 0x7C, 0x1F, 0x00, 0x7E, 0x3F, 0x00,
    0x3F, 0xFE, 0x00, 0x1F, 0xFC, 0x00, 0x07, 0xF0, 0x00, 0x07, 0x0C, 0x00, 0x1F, 0xFC, 0x00, 0x1F,
    0xFC, 0x00, 0x18, 0x78, 0x00, 0x00, 0x00, 0x00, 0x00, 0x00, 0x00, 0x07, 0xF0, 0x00, 0x1F, 0xFC,
    0x00, 0x3F, 0xFE, 0x00, 0x7E, 0x3F, 0x00, 0x7C, 0x1F, 0x00, 0xF8, 0x0F, 0x80, 0xF0, 0x07, 0x80,
    0xF0, 0x07, 0x80, 0xF0, 0x07, 0x80, 0xF0, 0x07, 0x80, 0xF0, 0x07, 0x80, 0xF0, 0x07, 0x80, 0xF8,
    0x0F, 0x80, 0x7C, 0x1F, 0x00, 0x7E, 0x3F, 0x00, 0x3F, 0xFE, 0x00, 0x1F, 0xFC, 0x00, 0x07, 0xF0,
    0x00, 0x0C, 0x18, 0x00, 0x1E, 0x3C, 0x00, 0x1E, 0x3C, 0x00, 0x0C, 0x18, 0x00, 0x00, 0x00, 0x00,
    0x00, 0x00, 0x00, 0x00, 0x00, 0x00, 0x07, 0xF0, 0x00, 0x1F, 0xFC, 0x00, 0x3F, 0xFE, 0x00, 0x7E,
    0x3F, 0x00, 0x7C, 0x1F, 0x00, 0xF8, 0x0F, 0x80, 0xF0, 0x07, 0x80, 0xF0, 0x07, 0x80, 0xF0, 0x07,
    0x80, 0xF0, 0x07, 0x80, 0xF0, 0x07, 0x80, 0xF0, 0x07, 0x80, 0xF8, 0x0F, 0x80, 0x7C, 0x1F, 0x00,
    0x7E, 0x3F, 0x00, 0x3F, 0xFE, 0x00, 0x1F, 0xFC, 0x00, 0x07, 0xF0, 0x00, 0x01, 0xC0, 0x00, 0x03,
    0xE0, 0x00, 0x03, 0xE0, 0x00, 0x03, 0xE0, 0x00, 0x01, 0xC0, 0x00, 0x00, 0x00, 0x00, 0x00, 0x00,
    0x00, 0x00, 0x00, 0x00, 0xFF, 0xFF, 0xC0, 0xFF, 0xFF, 0xC0, 0xFF, 0xFF, 0xC0, 0x00, 0x00, 0x00,
    0x00, 0x00, 0x00, 0x01, 0xC0, 0x00, 0x03, 0xE0, 0x00, 0x03, 0xE0, 0x00, 0x03, 0xE0, 0x00, 0x01,
    0xC0, 0x00, 0x07, 0xF3, 0x00, 0x1F, 0xFF, 0x00, 0x3F, 0xFE, 0x00, 0x7E, 0x3F, 0x00, 0x7C, 0x1F,
    0x00, 0xF8, 0x3F, 0x80, 0xF0, 0x77, 0x80, 0xF0, 0xE7, 0x80, 0xF1, 0xC7, 0x80, 0xF1, 0x87, 0x80,
    0xF3, 0x87, 0x80, 0xF7, 0x07, 0x80, 0xFE, 0x0F, 0x80, 0x7C, 0x1F, 0x00, 0x7E, 0x3F, 0x00, 0x7F,
    0xFE, 0x00, 0x7F, 0xFC, 0x00, 0x67, 0xF0, 0x00, 0x18, 0x00, 0x1C, 0x00, 0x1E, 0x00, 0x0F, 0x00,
    0x03, 0x00, 0x00, 0x00, 0x00, 0x00, 0xF0, 0x1E, 0xF0, 0x1E, 0xF0, 0x1E, 0xF0, 0x1E, 0xF0, 0x1E,
    0xF0, 0x1E, 0xF0, 0x1E, 0xF0, 0x1E, 0xF0, 0x1E, 0xF0, 0x1E, 0xF0, 0x1E, 0xF0, 0x1E, 0xF0, 0x3E,
    0xF8, 0x3E, 0xFC, 0x7E, 0x7F, 0xFE, 0x3F, 0xDE, 0x1F, 0x8E, 0x00, 0x30, 0x00, 0x70, 0x00, 0xF0,
    0x01, 0xE0, 0x01, 0x80, 0x00, 0x00, 0x00, 0x00, 0xF0, 0x1E, 0xF0, 0x1E, 0xF0, 0x1E, 0xF0, 0x1E,
    0xF0, 0x1E, 0xF0, 0x1E, 0xF0, 0x1E, 0xF0, 0x1E, 0xF0, 0x1E, 0xF0, 0x1E, 0xF0, 0x1E, 0xF0, 0x1E,
    0xF0, 0x3E, 0xF8, 0x3E, 0xFC, 0x7E, 0x7F, 0xFE, 0x3F, 0xDE, 0x1F, 0x8E, 0x03, 0x80, 0x07, 0xC0,
    0x1F, 0xF0, 0x3C, 0x78, 0x00, 0x00, 0x00, 0x00, 0x00, 0x00, 0xF0, 0x1E, 0xF0, 0x1E, 0xF0, 0x1E,
    0xF0, 0x1E, 0xF0, 0x1E, 0xF0, 0x1E, 0xF0, 0x1E, 0xF0, 0x1E, 0xF0, 0x1E, 0xF0, 0x1E, 0xF0, 0x1E,
    0xF0, 0x1E, 0xF0, 0x3E, 0xF8, 0x3E, 0xFC, 0x7E, 0x7F, 0xFE, 0x3F, 0xDE, 0x1F, 0x8E, 0x18, 0x30,
    0x3C, 0x78, 0x3C, 0x78, 0x18, 0x30, 0x00, 0x00, 0x00, 0x00, 0x00, 0x00, 0xF0, 0x1E, 0xF0, 0x1E,
    0xF0, 0x1E, 0xF0, 0x1E, 0xF0, 0x1E, 0xF0, 0x1E, 0xF0, 0x1E, 0xF0, 0x1E, 0xF0, 0x1E, 0xF0, 0x1E,
    0xF0, 0x1E, 0xF0, 0x1E, 0xF0, 0x3E, 0xF8, 0x3E, 0xFC, 0x7E, 0x7F, 0xFE, 0x3F, 0xDE, 0x1F, 0x8E,
    0x00, 0x18, 0x00, 0x00, 0x3C, 0x00, 0x00, 0x78, 0x00, 0x00, 0xF0, 0x00, 0x00, 0xC0, 0x00, 0x00,
    0x00, 0x00, 0x00, 0x00, 0x00, 0xF8, 0x0F, 0x80, 0x78, 0x0F, 0x00, 0x78, 0x0F, 0x00, 0x3C, 0x1F,
    0x00, 0x3C, 0x1E, 0x00, 0x3C, 0x1E, 0x00, 0x1E, 0x1E, 0x00, 0x1E, 0x3C, 0x00, 0x1E, 0x3C, 0x00,
    0x0F, 0x3C, 0x00, 0x0F, 0x78, 0x00, 0x0F, 0x78, 0x00, 0x07, 0xF8, 0x00, 0x07, 0xF0, 0x00, 0x07,
    0xF0, 0x00, 0x03, 0xE0, 0x00, 0x03, 0xE0, 0x00, 0x01, 0xE0, 0x00, 0x01, 0xC0, 0x00, 0x03, 0xC0,
    0x00, 0x07, 0xC0, 0x00, 0x3F, 0x80, 0x00, 0x3F, 0x00, 0x00, 0x3E, 0x00, 0x00, 0xF0, 0x00, 0x00,
    0xF0, 0x00, 0x00, 0xF0, 0x00, 0x00, 0xF0, 0x00, 0x00, 0xF0, 0x00, 0x00, 0xF0, 0x00, 0x00, 0xF0,
    0x00, 0x00, 0xF1, 0xF0, 0x00, 0xF7, 0xFC, 0x00, 0xFF, 0xFE, 0x00, 0xFE, 0x3F, 0x00, 0xF8, 0x1F,
    0x00, 0xF8, 0x0F, 0x80, 0xF0, 0x07, 0x80, 0xF0, 0x07, 0x80, 0xF0, 0x07, 0x80, 0xF0, 0x07, 0x80,
    0xF0, 0x07, 0x80, 0xF0, 0x07, 0x80, 0xF8, 0x0F, 0x80, 0xF8, 0x1F, 0x00, 0xFE, 0x3F, 0x00, 0xFF,
    0xFE, 0x00, 0xF7, 0xFC, 0x00, 0xF1, 0xF0, 0x00, 0xF0, 0x00, 0x00, 0xF0, 0x00, 0x00, 0xF0, 0x00,
    0x00, 0xF0, 0x00, 0x00, 0xF0, 0x00, 0x00, 0xF0, 0x00, 0x00, 0x0C, 0x18, 0x1E, 0x3C, 0x1E, 0x3C,
    0x0C, 0x18, 0x00, 0x00, 0x00, 0x00, 0x00, 0x00, 0xF8, 0x0F, 0x78, 0x0F, 0x78, 0x0F, 0x7C, 0x1E,
    0x3C, 0x1E, 0x3C, 0x1E, 0x3E, 0x3C, 0x1E, 0x3C, 0x1E, 0x3C, 0x0F, 0x38, 0x0F, 0x78, 0x0F, 0x78,
    0x07, 0xF0, 0x07, 0xF0, 0x07, 0xF0, 0x03, 0xE0, 0x03, 0xE0, 0x03, 0xE0, 0x03, 0xC0, 0x03, 0xC0,
    0x07, 0xC0, 0x3F, 0x80, 0x3F, 0x00, 0x3E, 0x00, 0x01, 0xFC, 0x7F, 0xFF, 0x07, 0xFF, 0x7F, 0xFF,
    0x0F, 0xFF, 0xFF, 0xFF, 0x1F, 0x8F, 0xF8, 0x00, 0x3E, 0x03, 0xF8, 0x00, 0x7C, 0x01, 0xF8, 0x00,
    0x78, 0x00, 0xF8, 0x00, 0x78, 0x00, 0xF8, 0x00, 0xF0, 0x00, 0x78, 0x00, 0xF0, 0x00, 0x78, 0x00,
    0xF0, 0x00, 0x7F, 0xF8, 0xF0, 0x00, 0x7F, 0xF8, 0xF0, 0x00, 0x7F, 0xF8, 0xF0, 0x00, 0x78, 0x00,
    0xF0, 0x00, 0x78, 0x00, 0xF0, 0x00, 0x78, 0x00, 0x78, 0x00, 0xF8, 0x00, 0x78, 0x00, 0xF8, 0x00,
    0x7C, 0x01, 0xF8, 0x00, 0x3E, 0x03, 0xF8, 0x00, 0x1F, 0x8F, 0xF8, 0x00, 0x0F, 0xFF, 0xFF, 0xFF,
    0x07, 0xFF, 0x7F, 0xFF, 0x01, 0xFC, 0x7F, 0xFF, 0x07, 0xF0, 0x1F, 0x80, 0x1F, 0xF8, 0x7F, 0xE0,
    0x3F, 0xFC, 0xFF, 0xF0, 0x7E, 0x3F, 0xF1, 0xF0, 0x7C, 0x1F, 0xC0, 0x78, 0xF8, 0x0F, 0x80, 0x38,
    0xF0, 0x07, 0x80, 0x3C, 0xF0, 0x07, 0xFF, 0xFC, 0xF0, 0x07, 0xFF, 0xFC, 0xF0, 0x07, 0xFF, 0xFC,
    0xF0, 0x07, 0x80, 0x00, 0xF0, 0x07, 0x80, 0x00, 0xF8, 0x0F, 0xC0, 0x00, 0x7C, 0x1F, 0xC0, 0x40,
    0x7E, 0x3F, 0xF1, 0xF8, 0x3F, 0xFC, 0xFF, 0xF0, 0x1F, 0xF8, 0x7F, 0xE0, 0x07, 0xF0, 0x3F, 0x80,
    0x1E, 0x3C, 0x00, 0x0F, 0x78, 0x00, 0x07, 0xF0, 0x00, 0x03, 0xE0, 0x00, 0x00, 0x80, 0x00, 0x00,
    0x00, 0x00, 0x00, 0x00, 0x00, 0x07, 0xF8, 0x00, 0x1F, 0xFE, 0x00, 0x3F, 0xFF, 0x00, 0x7E, 0x1F,
    0x80, 0xF8, 0x07, 0x80, 0xF0, 0x06, 0x00, 0xF0, 0x00, 0x00, 0xF0, 0x00, 0x00, 0xF8, 0x00, 0x00,
    0x7F, 0x80, 0x00, 0x7F, 0xF8, 0x00, 0x3F, 0xFE, 0x00, 0x0F, 0xFF, 0x00, 0x00, 0xFF, 0x80, 0x00,
    0x0F, 0xC0, 0x00, 0x07, 0xC0, 0x00, 0x03, 0xC0, 0x20, 0x03, 0xC0, 0xF0, 0x03, 0xC0, 0xF8, 0x07,
    0xC0, 0xFE, 0x1F, 0x80, 0x7F, 0xFF, 0x00, 0x1F, 0xFE, 0x00, 0x07, 0xF8, 0x00, 0x3C, 0x78, 0x1E,
    0xF0, 0x0F, 0xE0, 0x07, 0xC0, 0x03, 0x00, 0x00, 0x00, 0x00, 0x00, 0x0F, 0xE0, 0x3F, 0xF8, 0x7F,
    0xFC, 0xFC, 0x7C, 0xF0, 0x38, 0xF0, 0x00, 0xF8, 0x00, 0x7F, 0x80, 0x3F, 0xF0, 0x0F, 0xFC, 0x00,
    0xFE, 0x00, 0x3E, 0x20, 0x1E, 0xF0, 0x1E, 0xFC, 0x7E, 0x7F, 0xFC, 0x3F, 0xF8, 0x0F, 0xE0, 0x03,
    0x06, 0x00, 0x07, 0x8F, 0x00, 0x07, 0x8F, 0x00, 0x03, 0x06, 0x00, 0x00, 0x00, 0x00, 0x00, 0x00,
    0x00, 0xF8, 0x00, 0xF8, 0x78, 0x00, 0xF0, 0x7C, 0x01, 0xF0, 0x3C, 0x03, 0xE0, 0x3E, 0x03, 0xC0,
    0x1F, 0x07, 0xC0, 0x1F, 0x07, 0x80, 0x0F, 0x8F, 0x80, 0x0F, 0x8F, 0x00, 0x07, 0xDE, 0x00, 0x03,
    0xFE, 0x00, 0x03, 0xFC, 0x00, 0x01, 0xF8, 0x00, 0x01, 0xF8, 0x00, 0x00, 0xF0, 0x00, 0x00, 0xF0,
    0x00, 0x00, 0xF0, 0x00, 0x00, 0xF0, 0x00, 0x00, 0xF0, 0x00, 0x00, 0xF0, 0x00, 0x00, 0xF0, 0x00,
    0x00, 0xF0, 0x00, 0x00, 0xF0, 0x00, 0x00, 0xF0, 0x00, 0x1E, 0x1E, 0x00, 0x0F, 0x3C, 0x00, 0x07,
    0xF8, 0x00, 0x03, 0xF0, 0x00, 0x01, 0xE0, 0x00, 0x00, 0x00, 0x00, 0x00, 0x00, 0x00, 0xFF, 0xFF,
    0xC0, 0xFF, 0xFF, 0xC0, 0xFF, 0xFF, 0xC0, 0x00, 0x0F, 0xC0, 0x00, 0x0F, 0x80, 0x00, 0x1F, 0x00,
    0x00, 0x3E, 0x00, 0x00, 0x3E, 0x00, 0x00, 0x7C, 0x00, 0x00, 0xF8, 0x00, 0x01, 0xF0, 0x00, 0x01,
    0xF0, 0x00, 0x03, 0xE0, 0x00, 0x07, 0xC0, 0x00, 0x07, 0xC0, 0x00, 0x0F, 0x80, 0x00, 0x1F, 0x00,
    0x00, 0x3E, 0x00, 0x00, 0x3E, 0x00, 0x00, 0x7C, 0x00, 0x00, 0xF8, 0x00, 0x00, 0xFF, 0xFF, 0xE0,
    0xFF, 0xFF, 0xE0, 0xFF, 0xFF, 0xE0, 0x78, 0xF8, 0x3D, 0xE0, 0x1F, 0xC0, 0x07, 0x80, 0x02, 0x00,
    0x00, 0x00, 0x00, 0x00, 0xFF, 0xFC, 0xFF, 0xFC, 0xFF, 0xFC, 0x00, 0x7C, 0x00, 0xF8, 0x01, 0xF0,
    0x01, 0xE0, 0x03, 0xE0, 0x07, 0xC0, 0x0F, 0x80, 0x1F, 0x00, 0x1E, 0x00, 0x3C, 0x00, 0x7C, 0x00,
    0xF8, 0x00, 0xFF, 0xFE, 0xFF, 0xFE, 0xFF, 0xFE, 0x07, 0xC0, 0x0F, 0xC0, 0x1F, 0xC0, 0x1F, 0x00,
    0x1E, 0x00, 0x1E, 0x00, 0x1E, 0x00, 0xFF, 0xC0, 0xFF, 0xC0, 0xFF, 0xC0, 0x1E, 0x00, 0x1E, 0x00,
    0x1E, 0x00, 0x1E, 0x00, 0x1E, 0x00, 0x1E, 0x00, 0x1E, 0x00, 0x1E, 0x00, 0x1E, 0x00, 0x1E, 0x00,
    0x1E, 0x00, 0x1E, 0x00, 0x1E, 0x00, 0x1E, 0x00, 0x1E, 0x00, 0x1E, 0x00, 0x1E, 0x00, 0x3E, 0x00,
    0xFE, 0x00, 0xFC, 0x00, 0xF8, 0x00, 0x04, 0x00, 0x1F, 0x00, 0x3F, 0x80, 0x7B, 0xC0, 0xF1, 0xE0,
    0x3C, 0x30, 0x7E, 0x70, 0xFF, 0xF0, 0xE3, 0xC0, 0xFF, 0xFC, 0xFF, 0xFC, 0xFF, 0xFC, 0xFF, 0xFF,
    0xFF, 0xC0, 0xFF, 0xFF, 0xFF, 0xC0, 0xFF, 0xFF, 0xFF, 0xC0, 0x38, 0x30, 0x70, 0x60, 0x60, 0xF0,
    0xF8, 0xF8, 0xF8, 0x70, 0x70, 0xF8, 0xF8, 0xF8, 0x78, 0x30, 0x30, 0x70, 0x60, 0xE0, 0x70, 0xF8,
    0xF8, 0xF8, 0x78, 0x30, 0x30, 0x70, 0x60, 0xE0, 0x38, 0x70, 0x30, 0x60, 0x70, 0xE0, 0x60, 0xE0,
    0x60, 0xC0, 0xF1, 0xE0, 0xF9, 0xF0, 0xF9, 0xF0, 0xF9, 0xF0, 0x70, 0xE0, 0x70, 0xE0, 0xF9, 0xF0,
    0xF9, 0xF0, 0xF9, 0xF0, 0x78, 0xF0, 0x30, 0x60, 0x30, 0x60, 0x70, 0xE0, 0x60, 0xC0, 0xE1, 0xC0,
    0x70, 0xE0, 0xF9, 0xF0, 0xF9, 0xF0, 0xF9, 0xF0, 0x78, 0xF0, 0x30, 0x60, 0x30, 0x60, 0x70, 0xE0,
    0x60, 0xC0, 0xE1, 0xC0, 0x03, 0xC0, 0x00, 0x03, 0xC0, 0x00, 0x03, 0xC0, 0x00, 0x03, 0xC0, 0x00,
    0x03, 0xC0, 0x00, 0x03, 0xC0, 0x00, 0xFF, 0xFF, 0x80, 0xFF, 0xFF, 0x80, 0xFF, 0xFF, 0x80, 0x03,
    0xC0, 0x00, 0x03, 0xC0, 0x00, 0x03, 0xC0, 0x00, 0x03, 0xC0, 0x00, 0x03, 0xC0, 0x00, 0x03, 0xC0,
    0x00, 0x03, 0xC0, 0x00, 0x03, 0xC0, 0x00, 0x03, 0xC0, 0x00, 0x03, 0xC0, 0x00, 0x03, 0xC0, 0x00,
    0x03, 0xC0, 0x00, 0x03, 0xC0, 0x00, 0x03, 0xC0, 0x00, 0x03, 0xC0, 0x00, 0x03, 0xC0, 0x00, 0x03,
    0xC0, 0x00, 0x03, 0xC0, 0x00, 0x03, 0xC0, 0x00, 0x03, 0xC0, 0x00, 0x03, 0xC0, 0x00, 0xFF, 0xFF,
    0x80, 0xFF, 0xFF, 0x80, 0xFF, 0xFF, 0x80, 0x03, 0xC0, 0x00, 0x03, 0xC0, 0x00, 0x03, 0xC0, 0x00,
    0x03, 0xC0, 0x00, 0x03, 0xC0, 0x00, 0x03, 0xC0, 0x00, 0xFF, 0xFF, 0x80, 0xFF, 0xFF, 0x80, 0xFF,
    0xFF, 0x80, 0x03, 0xC0, 0x00, 0x03, 0xC0, 0x00, 0x03, 0xC0, 0x00, 0x03, 0xC0, 0x00, 0x03, 0xC0,
    0x00, 0x03, 0xC0, 0x00, 0x1F, 0x80, 0x3F, 0xC0, 0x7F, 0xE0, 0xFF, 0xF0, 0xFF, 0xF0, 0xFF, 0xF0,
    0xFF, 0xF0, 0xFF, 0xF0, 0xFF, 0xF0, 0x7F, 0xE0, 0x3F, 0xC0, 0x1F, 0x80, 0x70, 0x38, 0x1C, 0xF8,
    0x7C, 0x3E, 0xF8, 0x7C, 0x3E, 0xF8, 0x7C, 0x3E, 0x70, 0x38, 0x1C, 0x0F, 0x80, 0x07, 0x80, 0x00,
    0x00, 0x3F, 0xE0, 0x07, 0x00, 0x00, 0x00, 0x7F, 0xF0, 0x0E, 0x00, 0x00, 0x00, 0x78, 0xF0, 0x1E,
    0x00, 0x00, 0x00, 0xF0, 0x78, 0x1C, 0x00, 0x00, 0x00, 0xE0, 0x38, 0x38, 0x00, 0x00, 0x00, 0xE0,
    0x38, 0x78, 0x00, 0x00, 0x00, 0xE0, 0x38, 0x70, 0x00, 0x00, 0x00, 0xF0, 0x78, 0xE0, 0x00, 0x00,
    0x00, 0x78, 0xF1, 0xE0, 0x00, 0x00, 0x00, 0x7F, 0xF1, 0xC0, 0x00, 0x00, 0x00, 0x3F, 0xE3, 0x87,
    0xE0, 0x0F, 0x80, 0x0F, 0x87, 0x8F, 0xF0, 0x3F, 0xE0, 0x00, 0x0F, 0x1F, 0xF8, 0x7F, 0xF0, 0x00,
    0x0E, 0x1E, 0x78, 0x78, 0xF0, 0x00, 0x1E, 0x3C, 0x3C, 0xF0, 0x78, 0x00, 0x3C, 0x38, 0x1C, 0xE0,
    0x38, 0x00, 0x38, 0x38, 0x1C, 0xE0, 0x38, 0x00, 0x78, 0x38, 0x1C, 0xE0, 0x38, 0x00, 0xF0, 0x3C,
    0x3C, 0xF0, 0x78, 0x00, 0xE0, 0x1E, 0x78, 0x78, 0xF0, 0x01, 0xE0, 0x1F, 0xF8, 0x7F, 0xF0, 0x03,
    0xC0, 0x0F, 0xF0, 0x3F, 0xE0, 0x07, 0x80, 0x03, 0xC0, 0x0F, 0x80, 0x0F, 0x80, 0x0F, 0x00, 0x1F,
    0x00, 0x3E, 0x00, 0x3C, 0x00, 0x7C, 0x00, 0xF8, 0x00, 0xF0, 0x00, 0xF8, 0x00, 0x7C, 0x00, 0x3C,
    0x00, 0x3E, 0x00, 0x1F, 0x00, 0x0F, 0x00, 0x0F, 0x80, 0xF8, 0x00, 0x78, 0x00, 0x7C, 0x00, 0x3E,
    0x00, 0x1E, 0x00, 0x1F, 0x00, 0x0F, 0x80, 0x07, 0x80, 0x0F, 0x80, 0x1F, 0x00, 0x1E, 0x00, 0x3E,
    0x00, 0x7C, 0x00, 0x78, 0x00, 0xF8, 0x00, 0x00, 0x3F, 0x80, 0x00, 0xFF, 0xE0, 0x03, 0xFF, 0xF0,
    0x07, 0xE1, 0xF8, 0x07, 0xC0, 0x7C, 0x0F, 0x80, 0x30, 0x0F, 0x00, 0x00, 0x1F, 0x00, 0x00, 0x7F,
    0xFE, 0x00, 0xFF, 0xFE, 0x00, 0x1E, 0x00, 0x00, 0x1E, 0x00, 0x00, 0x1E, 0x00, 0x00, 0x7F, 0xF8,
    0x00, 0xFF, 0xF0, 0x00, 0x1F, 0x00, 0x00, 0x0F, 0x00, 0x00, 0x0F, 0x00, 0x00, 0x0F, 0x80, 0x38,
    0x07, 0xC0, 0x7C, 0x03, 0xF1, 0xF8, 0x03, 0xFF, 0xF0, 0x00, 0xFF, 0xE0, 0x00, 0x7F, 0x80, 0xFF,
    0xE7, 0xC1, 0xF0, 0xFF, 0xE7, 0xC1, 0xF0, 0xFF, 0xE7, 0xC3, 0xF0, 0x0E, 0x07, 0xE3, 0xF0, 0x0E,
    0x07, 0xE3, 0xF0, 0x0E, 0x07, 0xE7, 0x70, 0x0E, 0x07, 0x77, 0x70, 0x0E, 0x07, 0x77, 0x70, 0x0E,
    0x07, 0x7E, 0x70, 0x0E, 0x07, 0x3E, 0x70, 0x0E, 0x07, 0x3E, 0x70, 0x0E, 0x07, 0x3C, 0x70, 0x0E,
    0x07, 0x1C, 0x70,
];
pub static ATKINSON_NEXT_XXXLARGE: BitmapFont = BitmapFont {
    glyphs: &ATKINSON_NEXT_XXXLARGE_GLYPHS,
    bitmap: &ATKINSON_NEXT_XXXLARGE_BITMAP,
    extra: &ATKINSON_NEXT_XXXLARGE_EXTRA,
    line_height: 44,
};
